cntry,pplhlp,ppltrst,lawobey,lrscale,stfgov,trstep,trstlgl,trstplc,trstplt,trstprl,trstprt,trstun,trstsci,happy
HU,2.0,9.0,2.0,8.0,6.0,6.0,5.0,8.0,5.0,4.0,3.0,7.0,8.0,8.0
HU,0.0,0.0,1.0,4.0,0.0,3.0,5.0,5.0,0.0,1.0,2.0,3.0,5.0,0.0
HU,7.0,6.0,2.0,8.0,4.0,6.0,7.0,5.0,4.0,4.0,4.0,7.0,8.0,7.0
HU,4.0,3.0,2.0,3.0,2.0,3.0,10.0,9.0,2.0,2.0,2.0,3.0,8.0,9.0
HU,7.0,7.0,1.0,5.0,3.0,6.0,6.0,7.0,8.0,7.0,7.0,6.0,7.0,7.0
HU,10.0,2.0,1.0,5.0,5.0,5.0,5.0,8.0,5.0,5.0,5.0,5.0,7.0,5.0
HU,8.0,6.0,2.0,3.0,3.0,8.0,7.0,6.0,7.0,8.0,7.0,7.0,5.0,6.0
HU,0.0,5.0,2.0,4.0,1.0,5.0,2.0,2.0,1.0,3.0,1.0,8.0,8.0,2.0
HU,6.0,6.0,1.0,5.0,3.0,4.0,4.0,4.0,4.0,4.0,4.0,4.0,7.0,6.0
HU,2.0,6.0,2.0,10.0,0.0,3.0,7.0,8.0,0.0,8.0,0.0,4.0,9.0,4.0
HU,6.0,4.0,2.0,6.0,6.0,6.0,6.0,4.0,4.0,4.0,6.0,6.0,8.0,8.0
HU,0.0,2.0,1.0,5.0,0.0,1.0,1.0,1.0,1.0,1.0,1.0,1.0,9.0,0.0
HU,5.0,6.0,1.0,6.0,2.0,5.0,3.0,3.0,3.0,3.0,0.0,5.0,10.0,7.0
HU,9.0,8.0,1.0,8.0,2.0,9.0,7.0,8.0,3.0,3.0,8.0,8.0,6.0,2.0
HU,6.0,4.0,1.0,7.0,5.0,6.0,6.0,2.0,4.0,5.0,0.0,10.0,8.0,9.0
HU,5.0,5.0,1.0,5.0,0.0,8.0,5.0,10.0,5.0,3.0,4.0,9.0,6.0,10.0
HU,7.0,7.0,1.0,6.0,8.0,5.0,7.0,5.0,8.0,7.0,7.0,7.0,7.0,4.0
HU,8.0,2.0,1.0,8.0,3.0,4.0,1.0,8.0,2.0,2.0,1.0,5.0,6.0,8.0
HU,4.0,7.0,2.0,6.0,5.0,2.0,6.0,8.0,3.0,6.0,2.0,5.0,7.0,6.0
HU,5.0,7.0,1.0,10.0,8.0,2.0,6.0,8.0,3.0,6.0,6.0,2.0,7.0,8.0
HU,7.0,8.0,3.0,6.0,5.0,1.0,6.0,7.0,6.0,7.0,7.0,3.0,5.0,8.0
HU,2.0,1.0,1.0,7.0,7.0,2.0,8.0,8.0,6.0,5.0,4.0,3.0,8.0,7.0
HU,3.0,3.0,1.0,5.0,8.0,5.0,5.0,2.0,5.0,3.0,0.0,5.0,7.0,7.0
HU,2.0,3.0,2.0,1.0,2.0,7.0,4.0,7.0,3.0,1.0,3.0,8.0,5.0,8.0
HU,0.0,4.0,1.0,6.0,0.0,0.0,0.0,0.0,0.0,0.0,0.0,0.0,5.0,8.0
HU,0.0,1.0,2.0,5.0,0.0,0.0,0.0,0.0,0.0,0.0,0.0,0.0,10.0,0.0
HU,8.0,6.0,2.0,7.0,5.0,8.0,8.0,7.0,2.0,6.0,2.0,7.0,7.0,7.0
HU,0.0,0.0,2.0,5.0,0.0,0.0,1.0,2.0,0.0,0.0,0.0,0.0,7.0,2.0
HU,5.0,8.0,1.0,7.0,2.0,2.0,2.0,2.0,1.0,1.0,1.0,3.0,10.0,2.0
HU,9.0,9.0,1.0,8.0,4.0,4.0,5.0,5.0,3.0,3.0,4.0,4.0,8.0,7.0
HU,3.0,1.0,1.0,2.0,1.0,7.0,8.0,9.0,3.0,4.0,2.0,5.0,7.0,5.0
HU,5.0,5.0,1.0,5.0,5.0,5.0,5.0,5.0,5.0,5.0,5.0,5.0,6.0,8.0
HU,0.0,3.0,1.0,10.0,7.0,0.0,5.0,5.0,5.0,10.0,5.0,5.0,4.0,0.0
HU,3.0,3.0,2.0,7.0,4.0,0.0,3.0,0.0,2.0,3.0,3.0,0.0,3.0,0.0
HU,7.0,5.0,1.0,8.0,8.0,5.0,8.0,8.0,5.0,7.0,4.0,5.0,8.0,8.0
HU,3.0,0.0,1.0,0.0,5.0,8.0,7.0,7.0,7.0,6.0,5.0,8.0,9.0,7.0
HU,3.0,2.0,2.0,7.0,3.0,7.0,5.0,5.0,4.0,4.0,5.0,7.0,5.0,5.0
HU,4.0,3.0,2.0,5.0,5.0,5.0,5.0,5.0,6.0,6.0,6.0,4.0,7.0,6.0
HU,5.0,8.0,1.0,7.0,2.0,4.0,5.0,5.0,2.0,8.0,2.0,4.0,8.0,7.0
HU,3.0,1.0,1.0,6.0,6.0,4.0,5.0,6.0,5.0,7.0,5.0,7.0,5.0,7.0
HU,3.0,6.0,2.0,6.0,6.0,6.0,6.0,7.0,6.0,7.0,6.0,7.0,10.0,7.0
HU,6.0,5.0,1.0,5.0,5.0,6.0,6.0,6.0,6.0,6.0,6.0,6.0,9.0,9.0
HU,6.0,6.0,1.0,5.0,6.0,6.0,5.0,4.0,5.0,4.0,3.0,5.0,5.0,7.0
HU,4.0,3.0,1.0,5.0,4.0,5.0,5.0,5.0,5.0,5.0,5.0,5.0,10.0,9.0
HU,1.0,2.0,1.0,5.0,4.0,7.0,5.0,4.0,5.0,4.0,3.0,7.0,2.0,5.0
HU,7.0,5.0,1.0,3.0,6.0,8.0,3.0,3.0,3.0,5.0,0.0,8.0,8.0,5.0
HU,8.0,7.0,2.0,4.0,5.0,8.0,8.0,8.0,8.0,7.0,9.0,8.0,8.0,5.0
HU,3.0,2.0,1.0,4.0,0.0,6.0,1.0,3.0,0.0,1.0,0.0,6.0,9.0,1.0
HU,8.0,8.0,1.0,5.0,4.0,6.0,7.0,8.0,5.0,7.0,3.0,6.0,5.0,8.0
HU,4.0,2.0,1.0,10.0,1.0,2.0,1.0,1.0,3.0,0.0,2.0,1.0,8.0,3.0
HU,5.0,0.0,1.0,5.0,5.0,5.0,5.0,10.0,5.0,5.0,3.0,5.0,5.0,10.0
HU,8.0,8.0,2.0,4.0,3.0,2.0,4.0,9.0,2.0,2.0,2.0,2.0,8.0,9.0
HU,2.0,2.0,1.0,8.0,7.0,3.0,8.0,8.0,7.0,6.0,7.0,3.0,7.0,9.0
HU,8.0,7.0,1.0,7.0,8.0,6.0,8.0,9.0,9.0,7.0,7.0,6.0,8.0,7.0
HU,4.0,5.0,2.0,6.0,2.0,2.0,4.0,5.0,4.0,6.0,0.0,2.0,9.0,6.0
HU,2.0,5.0,1.0,0.0,8.0,5.0,3.0,3.0,5.0,8.0,0.0,4.0,6.0,5.0
HU,5.0,8.0,1.0,7.0,7.0,6.0,7.0,8.0,7.0,6.0,5.0,7.0,6.0,7.0
HU,5.0,7.0,1.0,8.0,6.0,6.0,6.0,6.0,6.0,8.0,6.0,6.0,2.0,8.0
HU,4.0,4.0,1.0,2.0,0.0,3.0,3.0,1.0,3.0,2.0,3.0,3.0,5.0,6.0
HU,5.0,5.0,2.0,5.0,6.0,3.0,2.0,6.0,1.0,6.0,0.0,5.0,6.0,4.0
HU,3.0,4.0,1.0,5.0,5.0,2.0,3.0,3.0,2.0,5.0,2.0,2.0,6.0,7.0
HU,2.0,3.0,1.0,1.0,0.0,2.0,1.0,6.0,1.0,1.0,1.0,4.0,3.0,10.0
HU,5.0,4.0,2.0,5.0,3.0,10.0,9.0,6.0,6.0,9.0,5.0,9.0,5.0,7.0
HU,6.0,4.0,1.0,5.0,5.0,6.0,5.0,8.0,4.0,9.0,1.0,7.0,6.0,9.0
HU,8.0,8.0,1.0,6.0,5.0,7.0,7.0,9.0,7.0,8.0,8.0,8.0,8.0,10.0
HU,5.0,5.0,3.0,5.0,4.0,5.0,5.0,7.0,4.0,5.0,5.0,3.0,10.0,5.0
HU,6.0,5.0,3.0,10.0,4.0,5.0,3.0,5.0,3.0,3.0,4.0,5.0,8.0,4.0
HU,2.0,2.0,2.0,8.0,7.0,8.0,9.0,8.0,6.0,7.0,6.0,6.0,6.0,8.0
HU,6.0,6.0,1.0,5.0,5.0,6.0,5.0,4.0,6.0,6.0,6.0,6.0,8.0,5.0
HU,5.0,5.0,1.0,5.0,0.0,3.0,0.0,2.0,0.0,0.0,0.0,3.0,10.0,5.0
HU,7.0,8.0,1.0,8.0,4.0,4.0,8.0,9.0,3.0,6.0,3.0,5.0,0.0,7.0
HU,7.0,5.0,2.0,7.0,6.0,0.0,5.0,5.0,2.0,1.0,2.0,0.0,8.0,6.0
HU,5.0,5.0,2.0,5.0,2.0,0.0,2.0,2.0,0.0,0.0,0.0,0.0,7.0,3.0
HU,7.0,6.0,1.0,9.0,2.0,9.0,3.0,9.0,8.0,6.0,9.0,8.0,5.0,7.0
HU,3.0,2.0,2.0,5.0,3.0,6.0,3.0,5.0,3.0,3.0,4.0,6.0,9.0,4.0
HU,3.0,6.0,1.0,9.0,2.0,6.0,5.0,9.0,4.0,5.0,4.0,8.0,8.0,5.0
HU,5.0,0.0,3.0,5.0,2.0,5.0,0.0,3.0,3.0,3.0,0.0,5.0,9.0,3.0
HU,4.0,5.0,1.0,5.0,6.0,5.0,7.0,9.0,6.0,7.0,4.0,8.0,5.0,7.0
HU,2.0,4.0,1.0,5.0,1.0,1.0,2.0,2.0,2.0,2.0,2.0,1.0,3.0,7.0
HU,4.0,3.0,2.0,3.0,3.0,6.0,5.0,8.0,5.0,5.0,5.0,6.0,9.0,7.0
HU,5.0,0.0,1.0,10.0,1.0,0.0,3.0,0.0,0.0,0.0,0.0,1.0,6.0,9.0
HU,4.0,7.0,2.0,8.0,9.0,4.0,6.0,7.0,6.0,8.0,6.0,2.0,7.0,8.0
HU,1.0,3.0,1.0,0.0,0.0,0.0,0.0,10.0,0.0,0.0,1.0,0.0,4.0,7.0
HU,7.0,6.0,1.0,9.0,2.0,8.0,4.0,1.0,1.0,2.0,5.0,10.0,7.0,7.0
HU,7.0,7.0,1.0,2.0,0.0,5.0,7.0,7.0,3.0,5.0,3.0,5.0,5.0,8.0
HU,1.0,5.0,2.0,9.0,1.0,7.0,9.0,3.0,6.0,7.0,0.0,9.0,8.0,10.0
HU,0.0,1.0,3.0,10.0,10.0,10.0,10.0,10.0,10.0,10.0,10.0,10.0,7.0,10.0
HU,7.0,7.0,1.0,5.0,5.0,9.0,9.0,9.0,7.0,9.0,7.0,9.0,8.0,6.0
HU,7.0,7.0,4.0,2.0,2.0,8.0,5.0,8.0,6.0,5.0,6.0,8.0,10.0,5.0
HU,3.0,4.0,2.0,1.0,2.0,2.0,3.0,1.0,2.0,1.0,3.0,2.0,2.0,9.0
HU,7.0,7.0,2.0,2.0,6.0,6.0,6.0,6.0,6.0,6.0,6.0,6.0,9.0,8.0
HU,6.0,5.0,2.0,9.0,8.0,4.0,7.0,8.0,6.0,6.0,6.0,6.0,7.0,9.0
HU,5.0,6.0,1.0,7.0,7.0,3.0,6.0,8.0,6.0,6.0,5.0,3.0,1.0,1.0
HU,7.0,6.0,1.0,10.0,8.0,7.0,8.0,8.0,8.0,8.0,8.0,7.0,8.0,8.0
HU,6.0,5.0,1.0,5.0,6.0,6.0,7.0,5.0,4.0,5.0,5.0,7.0,5.0,8.0
HU,5.0,4.0,1.0,5.0,6.0,7.0,7.0,7.0,7.0,7.0,5.0,8.0,3.0,8.0
HU,6.0,7.0,1.0,5.0,7.0,4.0,7.0,8.0,3.0,5.0,2.0,4.0,7.0,10.0
HU,6.0,6.0,2.0,5.0,3.0,5.0,2.0,3.0,1.0,2.0,1.0,7.0,6.0,3.0
HU,3.0,4.0,3.0,2.0,2.0,3.0,2.0,4.0,4.0,2.0,2.0,4.0,9.0,4.0
HU,1.0,4.0,3.0,5.0,4.0,1.0,2.0,3.0,1.0,1.0,1.0,2.0,6.0,5.0
HU,3.0,3.0,1.0,7.0,2.0,7.0,6.0,5.0,2.0,5.0,2.0,8.0,7.0,5.0
HU,7.0,8.0,1.0,9.0,5.0,1.0,5.0,7.0,5.0,5.0,5.0,1.0,5.0,9.0
HU,0.0,0.0,2.0,5.0,0.0,1.0,1.0,1.0,0.0,0.0,0.0,1.0,10.0,10.0
HU,1.0,1.0,3.0,5.0,3.0,0.0,10.0,10.0,8.0,0.0,5.0,1.0,9.0,3.0
HU,8.0,2.0,2.0,4.0,2.0,7.0,2.0,2.0,2.0,2.0,2.0,8.0,5.0,5.0
HU,7.0,8.0,2.0,9.0,9.0,7.0,7.0,7.0,6.0,9.0,7.0,8.0,9.0,8.0
HU,4.0,2.0,2.0,8.0,3.0,6.0,5.0,4.0,2.0,3.0,2.0,5.0,8.0,5.0
HU,5.0,6.0,1.0,7.0,6.0,6.0,8.0,5.0,6.0,4.0,3.0,4.0,4.0,7.0
HU,3.0,3.0,2.0,5.0,5.0,6.0,5.0,6.0,6.0,6.0,2.0,5.0,9.0,4.0
HU,2.0,0.0,2.0,5.0,3.0,5.0,5.0,5.0,5.0,2.0,0.0,8.0,9.0,5.0
HU,0.0,1.0,3.0,6.0,0.0,1.0,1.0,0.0,0.0,0.0,0.0,0.0,6.0,4.0
HU,7.0,6.0,1.0,0.0,3.0,4.0,5.0,4.0,0.0,0.0,0.0,7.0,4.0,9.0
HU,9.0,9.0,1.0,0.0,3.0,9.0,4.0,4.0,4.0,3.0,4.0,9.0,9.0,5.0
HU,5.0,4.0,1.0,7.0,6.0,4.0,6.0,8.0,2.0,0.0,2.0,4.0,9.0,8.0
HU,4.0,7.0,1.0,6.0,8.0,7.0,8.0,7.0,7.0,7.0,6.0,7.0,8.0,5.0
HU,5.0,5.0,2.0,8.0,9.0,5.0,6.0,6.0,7.0,6.0,6.0,8.0,6.0,8.0
HU,7.0,7.0,2.0,10.0,5.0,5.0,5.0,5.0,5.0,5.0,5.0,4.0,0.0,9.0
HU,8.0,8.0,1.0,0.0,5.0,8.0,5.0,5.0,5.0,8.0,5.0,8.0,7.0,5.0
HU,6.0,6.0,1.0,6.0,6.0,6.0,5.0,5.0,5.0,3.0,0.0,7.0,0.0,7.0
HU,7.0,5.0,1.0,9.0,1.0,4.0,3.0,3.0,2.0,3.0,2.0,7.0,8.0,9.0
HU,6.0,0.0,1.0,0.0,1.0,9.0,7.0,8.0,3.0,0.0,4.0,10.0,7.0,9.0
HU,3.0,6.0,1.0,7.0,10.0,7.0,8.0,10.0,5.0,7.0,9.0,5.0,7.0,8.0
HU,3.0,3.0,2.0,6.0,4.0,6.0,6.0,3.0,3.0,5.0,3.0,6.0,7.0,8.0
HU,7.0,9.0,2.0,5.0,4.0,5.0,6.0,7.0,6.0,6.0,6.0,6.0,8.0,6.0
HU,2.0,8.0,1.0,5.0,2.0,1.0,1.0,1.0,1.0,1.0,1.0,2.0,6.0,3.0
HU,4.0,6.0,1.0,4.0,1.0,3.0,1.0,1.0,0.0,2.0,0.0,5.0,8.0,5.0
HU,5.0,6.0,1.0,5.0,4.0,9.0,8.0,7.0,6.0,7.0,6.0,9.0,6.0,8.0
HU,3.0,5.0,2.0,5.0,3.0,3.0,5.0,5.0,5.0,5.0,0.0,5.0,9.0,6.0
HU,6.0,8.0,1.0,6.0,7.0,7.0,7.0,7.0,6.0,7.0,5.0,7.0,9.0,3.0
HU,5.0,0.0,1.0,5.0,1.0,3.0,1.0,1.0,0.0,1.0,0.0,2.0,5.0,0.0
HU,8.0,8.0,2.0,6.0,8.0,9.0,9.0,10.0,9.0,9.0,9.0,9.0,3.0,8.0
HU,1.0,4.0,2.0,2.0,2.0,4.0,2.0,0.0,1.0,0.0,2.0,2.0,8.0,5.0
HU,3.0,5.0,1.0,9.0,5.0,8.0,9.0,8.0,5.0,7.0,5.0,9.0,5.0,7.0
HU,5.0,6.0,2.0,7.0,2.0,0.0,0.0,0.0,0.0,0.0,0.0,0.0,2.0,5.0
HU,5.0,4.0,2.0,5.0,2.0,3.0,2.0,4.0,3.0,2.0,3.0,3.0,8.0,7.0
HU,1.0,1.0,2.0,10.0,8.0,3.0,7.0,7.0,5.0,7.0,5.0,3.0,6.0,8.0
HU,9.0,3.0,1.0,10.0,0.0,0.0,2.0,8.0,0.0,1.0,0.0,0.0,8.0,5.0
HU,6.0,7.0,1.0,8.0,6.0,4.0,5.0,6.0,4.0,5.0,4.0,4.0,4.0,7.0
HU,6.0,4.0,2.0,10.0,7.0,3.0,6.0,4.0,4.0,8.0,4.0,3.0,9.0,5.0
HU,2.0,0.0,2.0,8.0,5.0,1.0,5.0,2.0,1.0,2.0,1.0,1.0,5.0,7.0
HU,1.0,3.0,1.0,10.0,2.0,1.0,7.0,7.0,1.0,0.0,1.0,1.0,10.0,8.0
HU,3.0,1.0,2.0,5.0,2.0,2.0,2.0,2.0,2.0,2.0,2.0,2.0,8.0,3.0
HU,2.0,5.0,1.0,7.0,5.0,7.0,6.0,7.0,6.0,5.0,6.0,7.0,8.0,6.0
HU,7.0,5.0,1.0,5.0,5.0,5.0,1.0,5.0,5.0,5.0,5.0,5.0,8.0,8.0
HU,0.0,10.0,1.0,9.0,7.0,2.0,7.0,7.0,6.0,7.0,7.0,2.0,2.0,5.0
HU,4.0,4.0,2.0,7.0,4.0,9.0,9.0,9.0,5.0,5.0,5.0,9.0,7.0,4.0
HU,3.0,2.0,3.0,7.0,5.0,8.0,8.0,7.0,6.0,8.0,7.0,8.0,10.0,9.0
HU,5.0,1.0,1.0,0.0,1.0,0.0,0.0,3.0,0.0,0.0,0.0,0.0,5.0,10.0
HU,4.0,1.0,2.0,4.0,2.0,2.0,4.0,5.0,2.0,2.0,2.0,4.0,2.0,6.0
HU,7.0,7.0,1.0,7.0,9.0,4.0,8.0,8.0,6.0,8.0,6.0,9.0,2.0,7.0
HU,4.0,4.0,1.0,10.0,9.0,2.0,3.0,6.0,2.0,5.0,2.0,6.0,6.0,8.0
HU,5.0,5.0,1.0,7.0,7.0,6.0,7.0,7.0,7.0,6.0,7.0,7.0,7.0,8.0
HU,0.0,2.0,2.0,5.0,0.0,8.0,5.0,8.0,0.0,0.0,0.0,8.0,5.0,8.0
HU,5.0,6.0,1.0,7.0,10.0,10.0,9.0,10.0,9.0,9.0,7.0,10.0,9.0,8.0
HU,3.0,0.0,1.0,8.0,0.0,0.0,2.0,3.0,0.0,0.0,0.0,0.0,5.0,3.0
HU,5.0,7.0,2.0,7.0,8.0,6.0,8.0,8.0,7.0,8.0,7.0,6.0,5.0,10.0
HU,5.0,5.0,2.0,7.0,1.0,3.0,3.0,1.0,0.0,3.0,0.0,3.0,8.0,3.0
HU,7.0,4.0,2.0,5.0,1.0,2.0,0.0,5.0,3.0,6.0,2.0,1.0,5.0,6.0
HU,7.0,8.0,2.0,10.0,7.0,7.0,8.0,9.0,7.0,8.0,7.0,8.0,8.0,8.0
HU,2.0,2.0,1.0,0.0,10.0,7.0,8.0,10.0,10.0,10.0,0.0,7.0,10.0,8.0
HU,8.0,9.0,2.0,8.0,7.0,8.0,9.0,9.0,5.0,8.0,6.0,8.0,3.0,8.0
HU,5.0,5.0,1.0,8.0,0.0,6.0,5.0,5.0,5.0,3.0,5.0,6.0,9.0,8.0
HU,5.0,2.0,2.0,5.0,5.0,4.0,3.0,4.0,2.0,4.0,2.0,5.0,6.0,3.0
HU,5.0,7.0,1.0,7.0,8.0,4.0,5.0,8.0,7.0,6.0,7.0,3.0,6.0,6.0
HU,5.0,6.0,1.0,7.0,7.0,6.0,7.0,7.0,5.0,6.0,6.0,4.0,9.0,8.0
HU,7.0,7.0,1.0,10.0,2.0,8.0,9.0,8.0,5.0,9.0,4.0,10.0,9.0,3.0
HU,7.0,7.0,2.0,5.0,5.0,2.0,2.0,4.0,2.0,2.0,2.0,2.0,10.0,8.0
HU,5.0,2.0,2.0,1.0,5.0,8.0,5.0,8.0,4.0,2.0,6.0,5.0,7.0,4.0
HU,3.0,0.0,1.0,5.0,4.0,5.0,2.0,4.0,2.0,5.0,2.0,5.0,7.0,4.0
HU,2.0,2.0,1.0,10.0,9.0,3.0,5.0,5.0,5.0,5.0,4.0,4.0,8.0,8.0
HU,9.0,7.0,1.0,5.0,4.0,6.0,7.0,8.0,5.0,7.0,4.0,5.0,9.0,7.0
HU,0.0,0.0,1.0,10.0,2.0,3.0,3.0,0.0,0.0,4.0,0.0,4.0,7.0,3.0
HU,5.0,3.0,1.0,6.0,6.0,5.0,7.0,8.0,5.0,6.0,5.0,4.0,6.0,7.0
HU,7.0,7.0,2.0,5.0,2.0,0.0,3.0,5.0,0.0,0.0,0.0,3.0,9.0,7.0
HU,4.0,2.0,2.0,3.0,3.0,7.0,9.0,8.0,4.0,5.0,4.0,8.0,7.0,7.0
HU,4.0,0.0,1.0,10.0,10.0,6.0,6.0,5.0,5.0,6.0,2.0,7.0,7.0,10.0
HU,0.0,3.0,1.0,5.0,5.0,0.0,0.0,1.0,0.0,0.0,0.0,0.0,8.0,3.0
HU,2.0,2.0,1.0,6.0,4.0,3.0,3.0,5.0,2.0,4.0,2.0,4.0,8.0,10.0
HU,2.0,4.0,1.0,6.0,4.0,5.0,2.0,3.0,4.0,2.0,3.0,5.0,8.0,6.0
HU,6.0,7.0,1.0,8.0,6.0,7.0,6.0,7.0,8.0,5.0,7.0,7.0,6.0,6.0
HU,8.0,9.0,1.0,5.0,1.0,2.0,2.0,2.0,2.0,2.0,2.0,2.0,4.0,10.0
HU,7.0,8.0,1.0,8.0,8.0,5.0,9.0,10.0,4.0,8.0,3.0,6.0,2.0,9.0
HU,4.0,4.0,1.0,2.0,4.0,4.0,7.0,7.0,5.0,3.0,5.0,9.0,7.0,4.0
HU,8.0,7.0,2.0,7.0,3.0,2.0,5.0,5.0,2.0,4.0,2.0,4.0,6.0,3.0
HU,1.0,7.0,2.0,8.0,0.0,0.0,0.0,5.0,0.0,0.0,0.0,7.0,3.0,7.0
HU,7.0,5.0,2.0,5.0,5.0,7.0,5.0,3.0,3.0,5.0,0.0,9.0,6.0,7.0
HU,8.0,7.0,1.0,10.0,9.0,3.0,10.0,10.0,10.0,10.0,10.0,5.0,8.0,10.0
HU,2.0,4.0,2.0,5.0,0.0,0.0,5.0,0.0,0.0,3.0,0.0,0.0,7.0,10.0
HU,2.0,2.0,1.0,5.0,1.0,1.0,0.0,0.0,0.0,2.0,1.0,1.0,6.0,5.0
HU,6.0,1.0,2.0,1.0,2.0,2.0,1.0,2.0,2.0,2.0,2.0,2.0,2.0,6.0
HU,4.0,6.0,1.0,7.0,7.0,5.0,6.0,7.0,7.0,8.0,7.0,3.0,7.0,7.0
HU,6.0,8.0,3.0,4.0,2.0,9.0,5.0,8.0,0.0,5.0,0.0,9.0,9.0,8.0
HU,2.0,3.0,1.0,9.0,3.0,4.0,3.0,3.0,4.0,5.0,3.0,5.0,4.0,8.0
HU,5.0,7.0,1.0,5.0,0.0,1.0,1.0,5.0,1.0,1.0,2.0,2.0,5.0,8.0
HU,5.0,4.0,2.0,8.0,4.0,3.0,6.0,6.0,2.0,5.0,2.0,4.0,6.0,7.0
HU,5.0,7.0,2.0,0.0,0.0,5.0,10.0,9.0,5.0,8.0,5.0,5.0,9.0,10.0
HU,3.0,6.0,4.0,10.0,2.0,5.0,5.0,8.0,1.0,1.0,1.0,7.0,4.0,9.0
HU,2.0,10.0,4.0,0.0,9.0,10.0,10.0,10.0,5.0,5.0,5.0,10.0,7.0,5.0
HU,5.0,5.0,1.0,6.0,6.0,8.0,10.0,10.0,5.0,8.0,5.0,10.0,8.0,8.0
HU,3.0,3.0,2.0,6.0,1.0,6.0,4.0,5.0,2.0,2.0,1.0,6.0,5.0,5.0
HU,4.0,5.0,2.0,5.0,4.0,5.0,8.0,8.0,5.0,8.0,5.0,5.0,8.0,9.0
HU,9.0,9.0,2.0,6.0,8.0,8.0,8.0,8.0,6.0,7.0,5.0,8.0,5.0,10.0
HU,4.0,1.0,2.0,7.0,5.0,5.0,7.0,6.0,0.0,5.0,0.0,7.0,4.0,2.0
HU,2.0,0.0,2.0,4.0,4.0,2.0,5.0,5.0,5.0,5.0,4.0,2.0,8.0,3.0
HU,5.0,3.0,2.0,9.0,7.0,4.0,7.0,8.0,5.0,5.0,5.0,4.0,5.0,8.0
HU,10.0,10.0,1.0,0.0,3.0,5.0,2.0,7.0,4.0,5.0,4.0,8.0,4.0,7.0
HU,0.0,0.0,2.0,1.0,1.0,8.0,2.0,10.0,8.0,1.0,7.0,9.0,8.0,10.0
HU,3.0,7.0,1.0,3.0,2.0,3.0,2.0,3.0,2.0,3.0,1.0,7.0,8.0,3.0
HU,2.0,4.0,1.0,5.0,1.0,7.0,2.0,3.0,0.0,3.0,0.0,7.0,6.0,6.0
HU,5.0,3.0,1.0,5.0,0.0,10.0,5.0,5.0,0.0,0.0,0.0,5.0,10.0,10.0
HU,2.0,5.0,1.0,2.0,0.0,3.0,2.0,3.0,0.0,0.0,1.0,3.0,8.0,2.0
HU,4.0,4.0,1.0,8.0,8.0,0.0,8.0,8.0,3.0,8.0,7.0,0.0,5.0,8.0
HU,3.0,2.0,2.0,4.0,1.0,5.0,3.0,5.0,1.0,4.0,2.0,5.0,4.0,7.0
HU,3.0,5.0,2.0,5.0,5.0,4.0,6.0,10.0,4.0,6.0,4.0,4.0,5.0,10.0
HU,8.0,8.0,1.0,7.0,7.0,6.0,8.0,9.0,8.0,8.0,7.0,6.0,5.0,9.0
HU,4.0,2.0,1.0,5.0,1.0,1.0,0.0,7.0,1.0,0.0,0.0,1.0,5.0,8.0
HU,4.0,3.0,1.0,5.0,5.0,4.0,3.0,2.0,1.0,2.0,0.0,4.0,7.0,0.0
HU,5.0,0.0,3.0,5.0,3.0,4.0,6.0,5.0,2.0,4.0,3.0,6.0,8.0,5.0
HU,1.0,0.0,1.0,5.0,3.0,0.0,2.0,2.0,0.0,1.0,0.0,0.0,5.0,6.0
HU,3.0,7.0,1.0,6.0,5.0,8.0,9.0,7.0,7.0,9.0,8.0,9.0,6.0,10.0
HU,6.0,6.0,2.0,7.0,3.0,5.0,6.0,6.0,5.0,5.0,5.0,6.0,2.0,4.0
HU,6.0,5.0,1.0,7.0,3.0,3.0,1.0,3.0,2.0,2.0,2.0,3.0,3.0,7.0
HU,4.0,4.0,2.0,5.0,3.0,5.0,4.0,7.0,4.0,4.0,3.0,5.0,7.0,7.0
HU,8.0,7.0,1.0,5.0,0.0,7.0,5.0,7.0,0.0,0.0,0.0,8.0,8.0,0.0
HU,6.0,5.0,4.0,5.0,6.0,6.0,8.0,8.0,2.0,6.0,2.0,4.0,3.0,8.0
HU,2.0,3.0,4.0,5.0,3.0,8.0,7.0,6.0,2.0,3.0,2.0,8.0,9.0,6.0
HU,1.0,5.0,3.0,3.0,5.0,7.0,8.0,10.0,4.0,6.0,3.0,8.0,2.0,1.0
HU,1.0,4.0,1.0,6.0,5.0,5.0,6.0,9.0,0.0,5.0,0.0,5.0,8.0,8.0
HU,8.0,8.0,2.0,8.0,7.0,5.0,8.0,9.0,4.0,5.0,3.0,6.0,8.0,9.0
HU,0.0,0.0,1.0,8.0,8.0,8.0,8.0,8.0,8.0,8.0,8.0,8.0,10.0,8.0
HU,3.0,3.0,2.0,5.0,3.0,8.0,3.0,5.0,0.0,3.0,0.0,9.0,10.0,5.0
HU,6.0,6.0,3.0,8.0,7.0,8.0,8.0,9.0,10.0,7.0,9.0,8.0,7.0,8.0
HU,10.0,10.0,1.0,9.0,10.0,5.0,8.0,10.0,5.0,8.0,4.0,2.0,8.0,9.0
HU,4.0,4.0,2.0,7.0,5.0,5.0,5.0,5.0,5.0,5.0,5.0,5.0,4.0,7.0
HU,8.0,5.0,1.0,5.0,1.0,3.0,0.0,6.0,1.0,1.0,1.0,3.0,4.0,5.0
HU,4.0,4.0,1.0,3.0,6.0,4.0,1.0,1.0,2.0,4.0,0.0,4.0,2.0,4.0
HU,10.0,8.0,2.0,6.0,0.0,2.0,0.0,0.0,0.0,0.0,0.0,8.0,9.0,0.0
HU,7.0,10.0,2.0,7.0,8.0,5.0,5.0,6.0,6.0,6.0,7.0,6.0,10.0,9.0
HU,7.0,7.0,3.0,1.0,0.0,0.0,2.0,4.0,0.0,1.0,0.0,3.0,7.0,7.0
HU,7.0,7.0,2.0,8.0,8.0,0.0,5.0,7.0,5.0,5.0,5.0,0.0,5.0,10.0
HU,3.0,3.0,2.0,8.0,1.0,5.0,2.0,6.0,2.0,2.0,2.0,5.0,5.0,9.0
HU,6.0,4.0,2.0,5.0,3.0,3.0,4.0,5.0,1.0,3.0,1.0,4.0,6.0,8.0
HU,3.0,4.0,1.0,2.0,2.0,4.0,4.0,2.0,0.0,1.0,0.0,4.0,7.0,5.0
HU,0.0,1.0,1.0,5.0,0.0,2.0,2.0,3.0,0.0,0.0,0.0,5.0,5.0,1.0
HU,3.0,3.0,1.0,9.0,8.0,10.0,10.0,10.0,10.0,10.0,10.0,8.0,10.0,10.0
HU,3.0,6.0,1.0,1.0,0.0,8.0,0.0,5.0,6.0,0.0,5.0,8.0,8.0,0.0
HU,3.0,7.0,1.0,5.0,3.0,3.0,4.0,4.0,1.0,3.0,1.0,3.0,9.0,8.0
HU,2.0,6.0,1.0,5.0,5.0,4.0,6.0,6.0,2.0,3.0,2.0,4.0,7.0,5.0
HU,3.0,1.0,2.0,3.0,5.0,5.0,7.0,4.0,6.0,7.0,0.0,7.0,7.0,6.0
HU,4.0,8.0,1.0,5.0,5.0,8.0,7.0,8.0,6.0,7.0,6.0,7.0,7.0,9.0
HU,4.0,4.0,2.0,5.0,2.0,5.0,2.0,2.0,1.0,2.0,1.0,5.0,6.0,6.0
HU,5.0,2.0,1.0,7.0,0.0,5.0,8.0,9.0,3.0,0.0,2.0,5.0,9.0,9.0
HU,5.0,5.0,2.0,5.0,1.0,6.0,5.0,6.0,4.0,4.0,4.0,6.0,9.0,7.0
HU,2.0,3.0,2.0,2.0,0.0,8.0,2.0,1.0,2.0,3.0,2.0,9.0,4.0,4.0
HU,8.0,7.0,1.0,2.0,2.0,9.0,5.0,7.0,4.0,3.0,3.0,9.0,5.0,10.0
HU,6.0,5.0,2.0,5.0,4.0,3.0,0.0,5.0,5.0,6.0,2.0,4.0,8.0,8.0
HU,9.0,6.0,1.0,5.0,5.0,8.0,6.0,5.0,5.0,5.0,5.0,8.0,0.0,9.0
HU,3.0,3.0,1.0,5.0,0.0,4.0,2.0,4.0,0.0,3.0,1.0,5.0,3.0,7.0
HU,6.0,7.0,1.0,8.0,3.0,4.0,5.0,5.0,5.0,5.0,0.0,4.0,8.0,7.0
HU,8.0,8.0,1.0,0.0,2.0,1.0,1.0,6.0,1.0,1.0,1.0,1.0,8.0,5.0
HU,8.0,7.0,1.0,10.0,8.0,10.0,10.0,10.0,10.0,10.0,10.0,10.0,10.0,10.0
HU,6.0,6.0,2.0,6.0,7.0,4.0,7.0,7.0,5.0,6.0,5.0,4.0,10.0,9.0
HU,10.0,0.0,2.0,2.0,3.0,5.0,4.0,3.0,3.0,3.0,3.0,4.0,8.0,9.0
HU,4.0,2.0,2.0,5.0,1.0,5.0,3.0,4.0,2.0,2.0,2.0,5.0,5.0,7.0
HU,5.0,4.0,2.0,3.0,5.0,6.0,3.0,2.0,2.0,3.0,2.0,6.0,4.0,6.0
HU,7.0,7.0,1.0,5.0,2.0,5.0,5.0,6.0,6.0,6.0,5.0,6.0,7.0,7.0
HU,2.0,1.0,1.0,9.0,0.0,6.0,0.0,6.0,0.0,0.0,0.0,6.0,8.0,0.0
HU,3.0,4.0,2.0,4.0,2.0,8.0,6.0,6.0,6.0,4.0,8.0,8.0,7.0,6.0
HU,2.0,2.0,1.0,2.0,1.0,2.0,2.0,1.0,3.0,3.0,2.0,2.0,1.0,7.0
HU,6.0,6.0,2.0,4.0,4.0,5.0,6.0,6.0,8.0,8.0,7.0,9.0,7.0,5.0
HU,8.0,8.0,3.0,1.0,5.0,8.0,8.0,8.0,8.0,9.0,8.0,8.0,10.0,8.0
HU,7.0,5.0,2.0,8.0,1.0,6.0,4.0,5.0,4.0,4.0,4.0,6.0,7.0,9.0
HU,1.0,3.0,2.0,8.0,5.0,5.0,8.0,8.0,2.0,8.0,0.0,5.0,8.0,5.0
HU,5.0,7.0,1.0,6.0,5.0,6.0,5.0,6.0,3.0,4.0,4.0,5.0,5.0,8.0
HU,5.0,3.0,1.0,2.0,0.0,1.0,4.0,5.0,1.0,1.0,1.0,1.0,6.0,5.0
HU,3.0,3.0,3.0,5.0,0.0,7.0,3.0,4.0,4.0,4.0,3.0,5.0,7.0,8.0
HU,2.0,3.0,3.0,0.0,2.0,4.0,0.0,0.0,3.0,5.0,0.0,4.0,8.0,1.0
HU,6.0,5.0,1.0,5.0,3.0,4.0,4.0,4.0,2.0,3.0,2.0,4.0,6.0,7.0
HU,7.0,8.0,1.0,8.0,5.0,8.0,4.0,7.0,5.0,5.0,5.0,6.0,4.0,7.0
HU,5.0,0.0,2.0,10.0,7.0,7.0,5.0,5.0,5.0,5.0,5.0,5.0,8.0,9.0
HU,1.0,1.0,2.0,5.0,1.0,1.0,1.0,2.0,1.0,1.0,1.0,1.0,6.0,5.0
HU,5.0,5.0,2.0,3.0,4.0,0.0,7.0,6.0,0.0,3.0,0.0,3.0,10.0,8.0
HU,7.0,5.0,1.0,6.0,1.0,10.0,5.0,5.0,0.0,0.0,0.0,8.0,7.0,8.0
HU,2.0,3.0,3.0,8.0,9.0,9.0,8.0,8.0,3.0,8.0,3.0,8.0,9.0,8.0
HU,5.0,1.0,1.0,1.0,1.0,9.0,2.0,4.0,2.0,1.0,3.0,10.0,8.0,7.0
HU,7.0,7.0,2.0,4.0,4.0,6.0,4.0,6.0,7.0,5.0,7.0,6.0,7.0,4.0
HU,8.0,5.0,1.0,6.0,10.0,6.0,8.0,8.0,7.0,7.0,7.0,6.0,8.0,7.0
HU,4.0,5.0,1.0,10.0,1.0,2.0,2.0,6.0,1.0,2.0,1.0,1.0,9.0,8.0
HU,5.0,4.0,2.0,7.0,4.0,4.0,4.0,3.0,5.0,4.0,4.0,5.0,8.0,7.0
HU,6.0,4.0,1.0,3.0,5.0,8.0,7.0,6.0,6.0,5.0,6.0,8.0,5.0,5.0
HU,5.0,3.0,2.0,7.0,8.0,6.0,7.0,9.0,7.0,5.0,6.0,7.0,7.0,8.0
HU,7.0,1.0,1.0,10.0,0.0,2.0,3.0,5.0,2.0,4.0,4.0,2.0,7.0,3.0
HU,4.0,5.0,2.0,3.0,3.0,3.0,4.0,5.0,6.0,3.0,3.0,6.0,9.0,9.0
HU,9.0,5.0,1.0,1.0,5.0,8.0,10.0,10.0,8.0,10.0,8.0,10.0,5.0,6.0
HU,4.0,3.0,1.0,8.0,7.0,3.0,7.0,6.0,6.0,7.0,6.0,3.0,10.0,9.0
HU,4.0,6.0,1.0,10.0,0.0,6.0,5.0,4.0,0.0,3.0,6.0,4.0,6.0,5.0
HU,6.0,7.0,1.0,2.0,6.0,6.0,9.0,9.0,6.0,9.0,5.0,9.0,9.0,8.0
HU,5.0,5.0,1.0,6.0,5.0,5.0,6.0,6.0,3.0,5.0,3.0,5.0,7.0,4.0
HU,6.0,6.0,2.0,5.0,1.0,5.0,5.0,6.0,3.0,4.0,3.0,6.0,6.0,7.0
HU,6.0,7.0,1.0,7.0,5.0,6.0,6.0,8.0,4.0,7.0,4.0,6.0,5.0,6.0
HU,1.0,0.0,2.0,10.0,0.0,0.0,4.0,0.0,1.0,0.0,0.0,0.0,8.0,5.0
HU,6.0,7.0,1.0,6.0,5.0,6.0,5.0,5.0,6.0,6.0,6.0,6.0,10.0,7.0
HU,4.0,4.0,3.0,5.0,4.0,4.0,5.0,4.0,2.0,4.0,0.0,5.0,9.0,2.0
HU,6.0,7.0,2.0,5.0,5.0,5.0,8.0,8.0,0.0,5.0,0.0,2.0,9.0,8.0
HU,8.0,1.0,2.0,10.0,8.0,1.0,5.0,8.0,7.0,5.0,5.0,5.0,8.0,0.0
HU,2.0,3.0,1.0,3.0,5.0,5.0,4.0,5.0,5.0,3.0,5.0,5.0,4.0,3.0
HU,0.0,3.0,4.0,5.0,0.0,6.0,2.0,5.0,0.0,2.0,0.0,7.0,8.0,7.0
HU,6.0,7.0,3.0,6.0,5.0,3.0,5.0,5.0,4.0,5.0,6.0,4.0,5.0,10.0
HU,7.0,7.0,1.0,5.0,4.0,8.0,7.0,4.0,4.0,6.0,5.0,9.0,2.0,9.0
HU,5.0,5.0,1.0,5.0,5.0,5.0,5.0,5.0,5.0,5.0,5.0,5.0,9.0,4.0
HU,5.0,5.0,1.0,8.0,7.0,8.0,10.0,10.0,3.0,3.0,0.0,8.0,8.0,8.0
HU,6.0,5.0,1.0,5.0,5.0,6.0,6.0,7.0,4.0,6.0,4.0,4.0,9.0,6.0
HU,3.0,2.0,1.0,6.0,2.0,5.0,2.0,2.0,2.0,2.0,2.0,8.0,10.0,4.0
HU,3.0,5.0,2.0,5.0,4.0,5.0,0.0,2.0,3.0,3.0,1.0,10.0,6.0,8.0
HU,0.0,0.0,2.0,7.0,2.0,0.0,3.0,2.0,1.0,1.0,0.0,0.0,8.0,9.0
HU,0.0,0.0,1.0,5.0,1.0,0.0,0.0,0.0,0.0,0.0,0.0,0.0,10.0,3.0
HU,5.0,5.0,3.0,5.0,4.0,4.0,5.0,6.0,4.0,4.0,4.0,5.0,9.0,8.0
HU,2.0,1.0,2.0,0.0,0.0,0.0,0.0,6.0,0.0,0.0,0.0,1.0,10.0,8.0
HU,3.0,6.0,1.0,7.0,6.0,5.0,5.0,7.0,6.0,2.0,5.0,5.0,7.0,6.0
HU,4.0,6.0,1.0,5.0,5.0,9.0,9.0,8.0,5.0,5.0,2.0,9.0,9.0,8.0
HU,4.0,5.0,3.0,4.0,3.0,5.0,6.0,6.0,4.0,3.0,3.0,5.0,8.0,8.0
HU,4.0,6.0,2.0,8.0,2.0,3.0,5.0,6.0,3.0,4.0,3.0,6.0,8.0,10.0
HU,8.0,3.0,1.0,2.0,0.0,1.0,2.0,2.0,0.0,2.0,0.0,1.0,2.0,6.0
HU,5.0,4.0,2.0,8.0,7.0,5.0,4.0,6.0,5.0,5.0,6.0,5.0,5.0,7.0
HU,7.0,3.0,1.0,8.0,8.0,7.0,8.0,8.0,8.0,6.0,7.0,8.0,8.0,9.0
HU,7.0,5.0,1.0,0.0,2.0,0.0,0.0,2.0,0.0,0.0,0.0,0.0,4.0,4.0
HU,7.0,7.0,1.0,5.0,3.0,3.0,3.0,4.0,3.0,3.0,3.0,4.0,10.0,9.0
HU,9.0,9.0,1.0,3.0,5.0,5.0,5.0,8.0,2.0,3.0,2.0,6.0,8.0,5.0
HU,6.0,7.0,1.0,5.0,7.0,7.0,6.0,7.0,6.0,7.0,5.0,8.0,8.0,8.0
HU,5.0,5.0,1.0,7.0,2.0,6.0,7.0,8.0,7.0,7.0,7.0,8.0,7.0,3.0
HU,5.0,5.0,1.0,10.0,0.0,6.0,7.0,7.0,2.0,5.0,2.0,6.0,7.0,9.0
HU,7.0,6.0,2.0,5.0,0.0,4.0,1.0,0.0,0.0,0.0,0.0,5.0,6.0,10.0
HU,8.0,3.0,1.0,2.0,8.0,8.0,6.0,4.0,6.0,4.0,0.0,8.0,8.0,6.0
HU,4.0,1.0,1.0,0.0,0.0,3.0,0.0,2.0,0.0,0.0,1.0,5.0,6.0,5.0
HU,1.0,6.0,2.0,5.0,3.0,5.0,5.0,6.0,4.0,5.0,4.0,7.0,5.0,8.0
HU,7.0,2.0,1.0,8.0,7.0,3.0,8.0,10.0,5.0,6.0,5.0,3.0,8.0,3.0
HU,4.0,3.0,1.0,2.0,0.0,6.0,6.0,4.0,1.0,5.0,0.0,7.0,6.0,5.0
HU,2.0,2.0,2.0,5.0,3.0,0.0,5.0,6.0,1.0,3.0,1.0,0.0,6.0,3.0
HU,2.0,1.0,1.0,9.0,7.0,7.0,7.0,6.0,7.0,5.0,5.0,8.0,5.0,8.0
HU,4.0,6.0,1.0,7.0,6.0,3.0,6.0,7.0,4.0,6.0,3.0,3.0,3.0,9.0
HU,7.0,6.0,1.0,6.0,8.0,8.0,4.0,8.0,8.0,4.0,8.0,7.0,9.0,6.0
HU,5.0,7.0,2.0,5.0,4.0,5.0,5.0,7.0,4.0,5.0,4.0,6.0,7.0,4.0
HU,7.0,8.0,2.0,6.0,7.0,7.0,7.0,9.0,4.0,5.0,4.0,7.0,6.0,10.0
HU,5.0,8.0,1.0,5.0,0.0,0.0,8.0,6.0,3.0,5.0,3.0,5.0,6.0,10.0
HU,1.0,2.0,2.0,6.0,0.0,8.0,0.0,5.0,0.0,0.0,0.0,8.0,7.0,5.0
HU,6.0,8.0,1.0,7.0,6.0,8.0,7.0,8.0,6.0,7.0,6.0,6.0,10.0,8.0
HU,8.0,8.0,1.0,10.0,8.0,6.0,10.0,10.0,9.0,9.0,9.0,8.0,6.0,9.0
HU,4.0,0.0,1.0,5.0,4.0,5.0,2.0,1.0,5.0,3.0,0.0,5.0,6.0,9.0
HU,8.0,7.0,1.0,4.0,4.0,6.0,4.0,6.0,4.0,3.0,4.0,7.0,8.0,8.0
HU,2.0,4.0,1.0,5.0,2.0,5.0,2.0,2.0,1.0,2.0,0.0,5.0,4.0,1.0
HU,6.0,5.0,3.0,5.0,5.0,7.0,5.0,7.0,5.0,6.0,5.0,8.0,6.0,10.0
HU,4.0,3.0,1.0,6.0,8.0,7.0,7.0,7.0,6.0,5.0,7.0,7.0,5.0,6.0
HU,6.0,4.0,2.0,0.0,0.0,7.0,0.0,6.0,0.0,0.0,2.0,7.0,5.0,8.0
HU,7.0,4.0,3.0,5.0,5.0,3.0,5.0,8.0,5.0,5.0,3.0,5.0,7.0,10.0
HU,2.0,1.0,2.0,5.0,3.0,0.0,0.0,0.0,0.0,0.0,0.0,4.0,5.0,3.0
HU,8.0,6.0,1.0,9.0,5.0,7.0,3.0,3.0,5.0,5.0,7.0,9.0,10.0,8.0
HU,7.0,7.0,1.0,10.0,3.0,6.0,5.0,7.0,5.0,5.0,5.0,7.0,8.0,10.0
HU,4.0,5.0,1.0,5.0,3.0,5.0,7.0,6.0,4.0,7.0,4.0,7.0,10.0,5.0
HU,6.0,6.0,1.0,7.0,6.0,3.0,5.0,4.0,4.0,2.0,3.0,2.0,8.0,6.0
HU,0.0,2.0,1.0,6.0,6.0,2.0,4.0,2.0,4.0,3.0,4.0,1.0,7.0,3.0
HU,6.0,7.0,1.0,7.0,7.0,5.0,8.0,8.0,3.0,8.0,3.0,7.0,6.0,10.0
HU,5.0,4.0,1.0,8.0,7.0,2.0,7.0,8.0,8.0,7.0,8.0,2.0,8.0,7.0
HU,5.0,4.0,1.0,7.0,7.0,9.0,7.0,8.0,7.0,7.0,0.0,10.0,7.0,8.0
HU,8.0,1.0,1.0,7.0,5.0,4.0,7.0,7.0,7.0,6.0,5.0,7.0,8.0,8.0
HU,7.0,6.0,2.0,5.0,6.0,8.0,8.0,6.0,6.0,8.0,6.0,9.0,7.0,8.0
HU,5.0,5.0,4.0,5.0,3.0,5.0,5.0,7.0,2.0,5.0,2.0,7.0,8.0,4.0
HU,5.0,7.0,2.0,7.0,1.0,8.0,6.0,8.0,0.0,0.0,0.0,8.0,8.0,8.0
HU,5.0,6.0,1.0,5.0,4.0,4.0,8.0,6.0,3.0,8.0,9.0,7.0,9.0,6.0
HU,6.0,7.0,1.0,5.0,5.0,3.0,4.0,5.0,3.0,3.0,3.0,3.0,10.0,9.0
HU,3.0,5.0,2.0,5.0,5.0,7.0,3.0,5.0,2.0,3.0,2.0,7.0,7.0,8.0
HU,6.0,6.0,1.0,8.0,1.0,4.0,7.0,4.0,0.0,2.0,0.0,7.0,5.0,7.0
HU,5.0,4.0,1.0,10.0,5.0,5.0,5.0,10.0,5.0,5.0,5.0,5.0,8.0,10.0
HU,3.0,4.0,1.0,5.0,1.0,7.0,1.0,4.0,2.0,0.0,2.0,8.0,9.0,8.0
HU,6.0,4.0,1.0,5.0,7.0,5.0,8.0,7.0,7.0,7.0,6.0,4.0,5.0,6.0
HU,5.0,5.0,2.0,3.0,7.0,7.0,4.0,3.0,4.0,5.0,0.0,9.0,3.0,7.0
HU,7.0,5.0,1.0,5.0,6.0,7.0,5.0,6.0,5.0,6.0,5.0,6.0,5.0,7.0
HU,0.0,3.0,1.0,6.0,4.0,5.0,5.0,6.0,6.0,4.0,5.0,6.0,5.0,7.0
HU,6.0,8.0,1.0,5.0,3.0,2.0,5.0,5.0,2.0,4.0,2.0,2.0,5.0,8.0
HU,6.0,6.0,2.0,8.0,7.0,2.0,6.0,7.0,4.0,6.0,5.0,3.0,6.0,8.0
HU,4.0,6.0,1.0,5.0,4.0,6.0,7.0,7.0,4.0,5.0,2.0,8.0,5.0,7.0
HU,2.0,5.0,2.0,4.0,8.0,9.0,8.0,6.0,7.0,5.0,0.0,8.0,8.0,3.0
HU,4.0,4.0,2.0,4.0,3.0,8.0,8.0,6.0,4.0,8.0,0.0,8.0,5.0,8.0
HU,8.0,7.0,2.0,5.0,5.0,8.0,7.0,6.0,6.0,8.0,0.0,8.0,4.0,7.0
HU,0.0,0.0,1.0,8.0,6.0,0.0,0.0,8.0,0.0,5.0,0.0,0.0,9.0,4.0
HU,5.0,4.0,1.0,10.0,5.0,4.0,10.0,10.0,10.0,10.0,10.0,5.0,6.0,10.0
HU,4.0,5.0,1.0,5.0,1.0,1.0,2.0,4.0,2.0,1.0,3.0,2.0,4.0,5.0
HU,7.0,6.0,1.0,5.0,0.0,2.0,0.0,0.0,0.0,0.0,0.0,6.0,6.0,7.0
HU,0.0,5.0,1.0,8.0,7.0,5.0,5.0,5.0,5.0,5.0,5.0,5.0,7.0,10.0
HU,5.0,5.0,3.0,7.0,2.0,5.0,5.0,5.0,2.0,5.0,2.0,5.0,7.0,9.0
HU,9.0,5.0,3.0,10.0,9.0,8.0,9.0,9.0,8.0,9.0,6.0,8.0,10.0,9.0
HU,10.0,8.0,1.0,9.0,8.0,5.0,9.0,9.0,7.0,9.0,7.0,5.0,7.0,8.0
HU,3.0,5.0,2.0,7.0,2.0,4.0,6.0,6.0,0.0,5.0,0.0,5.0,7.0,7.0
HU,5.0,5.0,1.0,10.0,7.0,8.0,7.0,8.0,6.0,6.0,7.0,8.0,6.0,8.0
HU,5.0,4.0,1.0,5.0,2.0,6.0,5.0,5.0,5.0,5.0,0.0,5.0,2.0,6.0
HU,8.0,8.0,1.0,2.0,2.0,6.0,3.0,7.0,2.0,3.0,2.0,6.0,8.0,6.0
HU,2.0,4.0,1.0,5.0,5.0,5.0,6.0,6.0,4.0,4.0,4.0,5.0,7.0,6.0
HU,1.0,0.0,2.0,5.0,5.0,1.0,5.0,4.0,2.0,5.0,2.0,4.0,5.0,6.0
HU,8.0,8.0,2.0,7.0,0.0,5.0,0.0,5.0,5.0,0.0,5.0,5.0,7.0,7.0
HU,5.0,6.0,1.0,10.0,0.0,0.0,4.0,4.0,0.0,0.0,0.0,0.0,10.0,10.0
HU,4.0,3.0,1.0,4.0,3.0,8.0,7.0,7.0,5.0,7.0,5.0,8.0,8.0,7.0
HU,1.0,1.0,2.0,5.0,2.0,5.0,5.0,5.0,5.0,5.0,5.0,5.0,5.0,5.0
HU,3.0,7.0,1.0,4.0,2.0,7.0,7.0,4.0,3.0,5.0,3.0,7.0,8.0,7.0
HU,3.0,3.0,2.0,5.0,3.0,3.0,3.0,7.0,0.0,3.0,0.0,3.0,9.0,4.0
HU,6.0,4.0,2.0,7.0,6.0,6.0,7.0,7.0,5.0,5.0,6.0,6.0,9.0,5.0
HU,3.0,5.0,1.0,7.0,7.0,4.0,7.0,7.0,5.0,7.0,6.0,4.0,2.0,7.0
HU,3.0,3.0,1.0,5.0,3.0,6.0,4.0,2.0,3.0,4.0,4.0,7.0,8.0,7.0
HU,6.0,6.0,2.0,1.0,3.0,6.0,8.0,8.0,5.0,3.0,3.0,7.0,7.0,6.0
HU,5.0,4.0,3.0,5.0,5.0,3.0,4.0,5.0,3.0,4.0,3.0,3.0,6.0,5.0
HU,5.0,5.0,1.0,5.0,3.0,5.0,3.0,7.0,2.0,5.0,2.0,5.0,8.0,4.0
HU,6.0,6.0,1.0,10.0,0.0,2.0,0.0,0.0,0.0,0.0,0.0,2.0,5.0,7.0
HU,1.0,5.0,1.0,5.0,0.0,2.0,6.0,5.0,0.0,1.0,0.0,2.0,8.0,1.0
HU,3.0,4.0,1.0,7.0,0.0,3.0,5.0,9.0,0.0,0.0,6.0,8.0,6.0,10.0
HU,5.0,5.0,1.0,5.0,6.0,7.0,6.0,10.0,2.0,4.0,2.0,8.0,5.0,8.0
HU,4.0,3.0,3.0,2.0,2.0,6.0,7.0,6.0,3.0,3.0,3.0,6.0,6.0,7.0
HU,3.0,2.0,1.0,6.0,1.0,3.0,4.0,4.0,2.0,3.0,2.0,3.0,7.0,7.0
HU,7.0,7.0,2.0,3.0,6.0,6.0,5.0,5.0,3.0,5.0,3.0,6.0,6.0,6.0
HU,3.0,0.0,2.0,0.0,1.0,9.0,9.0,6.0,3.0,0.0,4.0,9.0,7.0,10.0
HU,5.0,5.0,1.0,7.0,8.0,0.0,3.0,3.0,3.0,6.0,3.0,2.0,7.0,5.0
HU,5.0,6.0,3.0,5.0,6.0,4.0,3.0,5.0,3.0,4.0,4.0,5.0,6.0,6.0
HU,8.0,8.0,1.0,1.0,1.0,6.0,6.0,7.0,6.0,5.0,6.0,6.0,9.0,4.0
HU,3.0,1.0,1.0,3.0,3.0,5.0,5.0,8.0,3.0,5.0,3.0,7.0,10.0,8.0
HU,3.0,4.0,1.0,2.0,6.0,6.0,3.0,5.0,3.0,5.0,0.0,6.0,10.0,6.0
HU,5.0,2.0,1.0,8.0,0.0,5.0,4.0,3.0,4.0,4.0,4.0,5.0,6.0,5.0
HU,5.0,6.0,1.0,5.0,5.0,4.0,5.0,4.0,1.0,4.0,2.0,4.0,7.0,6.0
HU,7.0,5.0,1.0,10.0,8.0,5.0,10.0,10.0,8.0,8.0,9.0,5.0,9.0,4.0
HU,5.0,8.0,1.0,5.0,8.0,8.0,8.0,8.0,8.0,8.0,8.0,8.0,5.0,10.0
HU,8.0,2.0,2.0,9.0,1.0,0.0,0.0,5.0,0.0,0.0,0.0,0.0,8.0,10.0
HU,6.0,4.0,2.0,8.0,7.0,8.0,8.0,8.0,7.0,7.0,7.0,8.0,8.0,6.0
HU,3.0,3.0,1.0,0.0,5.0,10.0,3.0,5.0,0.0,3.0,9.0,10.0,8.0,10.0
HU,6.0,7.0,2.0,7.0,7.0,0.0,9.0,8.0,8.0,7.0,5.0,2.0,0.0,6.0
HU,7.0,7.0,1.0,3.0,5.0,6.0,5.0,5.0,5.0,5.0,5.0,5.0,6.0,6.0
HU,5.0,0.0,3.0,10.0,4.0,10.0,7.0,2.0,0.0,4.0,0.0,10.0,8.0,10.0
HU,8.0,2.0,3.0,5.0,0.0,5.0,0.0,10.0,5.0,0.0,5.0,2.0,9.0,6.0
HU,1.0,1.0,1.0,10.0,8.0,8.0,8.0,8.0,8.0,9.0,8.0,6.0,7.0,9.0
HU,0.0,0.0,1.0,0.0,7.0,2.0,3.0,6.0,4.0,6.0,0.0,0.0,2.0,3.0
HU,4.0,3.0,1.0,10.0,9.0,10.0,10.0,10.0,10.0,10.0,10.0,10.0,5.0,10.0
HU,4.0,4.0,1.0,6.0,6.0,3.0,2.0,5.0,5.0,4.0,3.0,3.0,9.0,5.0
HU,7.0,0.0,2.0,5.0,0.0,10.0,0.0,8.0,0.0,0.0,8.0,7.0,5.0,8.0
HU,4.0,4.0,1.0,5.0,5.0,6.0,6.0,5.0,4.0,4.0,3.0,6.0,8.0,6.0
HU,2.0,5.0,1.0,5.0,5.0,4.0,3.0,6.0,3.0,5.0,3.0,5.0,2.0,4.0
HU,1.0,2.0,2.0,3.0,3.0,4.0,3.0,2.0,1.0,3.0,0.0,4.0,6.0,7.0
HU,3.0,6.0,1.0,5.0,0.0,2.0,5.0,5.0,0.0,2.0,0.0,5.0,6.0,7.0
HU,5.0,5.0,1.0,7.0,0.0,1.0,0.0,2.0,1.0,2.0,2.0,4.0,6.0,8.0
HU,4.0,4.0,1.0,5.0,5.0,7.0,7.0,5.0,4.0,5.0,4.0,8.0,3.0,7.0
HU,4.0,4.0,1.0,5.0,3.0,4.0,4.0,3.0,4.0,5.0,3.0,5.0,8.0,3.0
HU,7.0,7.0,1.0,3.0,7.0,4.0,4.0,3.0,0.0,1.0,0.0,5.0,7.0,8.0
HU,2.0,1.0,3.0,3.0,1.0,1.0,1.0,1.0,1.0,1.0,1.0,1.0,9.0,3.0
HU,5.0,5.0,2.0,5.0,10.0,8.0,8.0,8.0,8.0,8.0,0.0,8.0,8.0,8.0
HU,8.0,3.0,1.0,8.0,6.0,8.0,8.0,8.0,6.0,6.0,6.0,8.0,7.0,8.0
HU,2.0,3.0,2.0,8.0,0.0,6.0,1.0,4.0,0.0,0.0,0.0,7.0,7.0,8.0
HU,4.0,4.0,1.0,6.0,5.0,3.0,1.0,3.0,3.0,2.0,3.0,3.0,2.0,6.0
HU,3.0,7.0,2.0,7.0,2.0,8.0,8.0,8.0,5.0,6.0,5.0,7.0,5.0,9.0
HU,6.0,5.0,1.0,8.0,8.0,8.0,9.0,10.0,7.0,8.0,7.0,9.0,8.0,7.0
HU,3.0,2.0,3.0,3.0,0.0,6.0,4.0,7.0,0.0,0.0,0.0,9.0,6.0,8.0
HU,6.0,5.0,2.0,5.0,6.0,8.0,6.0,8.0,8.0,6.0,0.0,8.0,9.0,5.0
HU,7.0,7.0,1.0,7.0,7.0,7.0,7.0,7.0,7.0,7.0,7.0,7.0,8.0,7.0
HU,6.0,7.0,2.0,6.0,6.0,8.0,6.0,8.0,6.0,6.0,6.0,7.0,7.0,5.0
HU,5.0,6.0,1.0,4.0,1.0,7.0,6.0,3.0,2.0,3.0,2.0,7.0,5.0,7.0
HU,5.0,5.0,3.0,5.0,4.0,5.0,5.0,8.0,2.0,5.0,2.0,5.0,7.0,9.0
HU,7.0,8.0,2.0,7.0,5.0,6.0,7.0,7.0,5.0,6.0,5.0,7.0,5.0,7.0
HU,5.0,5.0,2.0,10.0,0.0,3.0,0.0,0.0,0.0,0.0,0.0,4.0,5.0,7.0
HU,7.0,7.0,1.0,10.0,6.0,7.0,7.0,6.0,6.0,6.0,6.0,8.0,5.0,3.0
HU,6.0,6.0,1.0,3.0,4.0,8.0,8.0,5.0,3.0,5.0,5.0,9.0,7.0,8.0
HU,7.0,6.0,3.0,8.0,3.0,6.0,7.0,6.0,6.0,3.0,5.0,6.0,10.0,5.0
HU,5.0,6.0,2.0,2.0,6.0,2.0,4.0,6.0,4.0,8.0,4.0,3.0,8.0,9.0
HU,5.0,5.0,2.0,5.0,6.0,5.0,7.0,7.0,7.0,5.0,7.0,5.0,9.0,8.0
HU,4.0,2.0,1.0,9.0,2.0,3.0,3.0,3.0,3.0,3.0,3.0,3.0,8.0,8.0
HU,2.0,8.0,1.0,6.0,7.0,3.0,5.0,8.0,5.0,4.0,3.0,2.0,6.0,7.0
HU,3.0,4.0,2.0,6.0,7.0,3.0,6.0,5.0,6.0,6.0,6.0,7.0,7.0,6.0
HU,3.0,6.0,1.0,6.0,4.0,9.0,7.0,7.0,3.0,5.0,5.0,8.0,6.0,8.0
HU,4.0,6.0,1.0,5.0,3.0,7.0,1.0,2.0,1.0,2.0,2.0,7.0,7.0,9.0
HU,4.0,4.0,1.0,4.0,2.0,4.0,4.0,5.0,4.0,6.0,4.0,4.0,2.0,9.0
HU,4.0,6.0,1.0,8.0,4.0,4.0,7.0,7.0,6.0,6.0,7.0,6.0,4.0,2.0
HU,4.0,0.0,2.0,0.0,0.0,0.0,2.0,5.0,0.0,2.0,0.0,3.0,10.0,8.0
HU,5.0,6.0,1.0,4.0,2.0,3.0,3.0,5.0,0.0,1.0,0.0,3.0,9.0,5.0
HU,7.0,7.0,2.0,6.0,2.0,9.0,6.0,9.0,4.0,2.0,5.0,9.0,5.0,2.0
HU,4.0,5.0,1.0,5.0,5.0,5.0,8.0,9.0,5.0,7.0,5.0,6.0,9.0,6.0
HU,0.0,0.0,1.0,0.0,2.0,5.0,5.0,5.0,0.0,3.0,2.0,6.0,7.0,8.0
HU,4.0,3.0,2.0,5.0,2.0,4.0,4.0,4.0,3.0,3.0,3.0,4.0,5.0,5.0
HU,5.0,4.0,2.0,5.0,1.0,5.0,0.0,5.0,0.0,0.0,0.0,5.0,9.0,5.0
HU,3.0,5.0,1.0,2.0,2.0,5.0,3.0,6.0,2.0,3.0,2.0,4.0,5.0,7.0
HU,4.0,6.0,1.0,0.0,2.0,4.0,3.0,4.0,3.0,0.0,3.0,6.0,6.0,6.0
HU,4.0,6.0,3.0,6.0,2.0,2.0,4.0,5.0,1.0,4.0,1.0,1.0,9.0,7.0
HU,5.0,5.0,1.0,5.0,0.0,6.0,0.0,6.0,0.0,0.0,0.0,7.0,4.0,10.0
HU,5.0,5.0,1.0,5.0,5.0,5.0,8.0,10.0,7.0,8.0,7.0,6.0,8.0,5.0
HU,5.0,6.0,2.0,7.0,2.0,7.0,4.0,4.0,4.0,3.0,4.0,8.0,5.0,8.0
HU,7.0,4.0,1.0,3.0,7.0,5.0,10.0,5.0,0.0,0.0,0.0,5.0,7.0,7.0
HU,7.0,7.0,2.0,1.0,4.0,7.0,4.0,7.0,4.0,5.0,4.0,7.0,8.0,7.0
HU,6.0,9.0,4.0,8.0,6.0,3.0,5.0,3.0,0.0,5.0,0.0,5.0,9.0,8.0
HU,1.0,2.0,2.0,1.0,2.0,6.0,1.0,3.0,1.0,0.0,2.0,8.0,7.0,5.0
HU,7.0,9.0,1.0,0.0,2.0,7.0,10.0,10.0,6.0,6.0,6.0,9.0,9.0,8.0
HU,5.0,5.0,2.0,5.0,7.0,0.0,3.0,3.0,2.0,0.0,0.0,0.0,8.0,5.0
HU,7.0,7.0,2.0,2.0,6.0,8.0,8.0,8.0,5.0,4.0,4.0,9.0,7.0,8.0
HU,4.0,5.0,2.0,3.0,3.0,0.0,3.0,1.0,2.0,5.0,0.0,0.0,7.0,5.0
HU,5.0,6.0,2.0,10.0,0.0,2.0,1.0,4.0,0.0,1.0,0.0,2.0,6.0,0.0
HU,3.0,5.0,2.0,9.0,7.0,8.0,8.0,8.0,9.0,8.0,9.0,8.0,10.0,8.0
HU,5.0,3.0,2.0,7.0,5.0,6.0,5.0,6.0,5.0,4.0,0.0,6.0,6.0,5.0
HU,5.0,4.0,1.0,4.0,6.0,4.0,5.0,5.0,6.0,2.0,3.0,4.0,8.0,5.0
HU,0.0,0.0,1.0,10.0,2.0,5.0,5.0,4.0,3.0,5.0,5.0,5.0,9.0,5.0
HU,0.0,5.0,4.0,5.0,3.0,5.0,5.0,10.0,5.0,0.0,3.0,5.0,6.0,6.0
HU,4.0,7.0,2.0,5.0,4.0,8.0,8.0,8.0,6.0,6.0,5.0,8.0,8.0,6.0
HU,7.0,7.0,1.0,3.0,4.0,5.0,3.0,5.0,1.0,4.0,0.0,6.0,6.0,8.0
HU,7.0,8.0,1.0,7.0,8.0,6.0,6.0,7.0,7.0,7.0,6.0,6.0,6.0,6.0
HU,8.0,6.0,2.0,8.0,3.0,9.0,6.0,9.0,6.0,4.0,8.0,10.0,5.0,10.0
HU,8.0,7.0,2.0,7.0,6.0,8.0,7.0,8.0,7.0,7.0,6.0,9.0,5.0,9.0
HU,3.0,5.0,1.0,5.0,3.0,4.0,2.0,4.0,2.0,3.0,3.0,2.0,5.0,7.0
HU,4.0,6.0,1.0,7.0,8.0,7.0,10.0,9.0,8.0,10.0,7.0,7.0,5.0,8.0
HU,4.0,6.0,1.0,5.0,7.0,6.0,7.0,6.0,4.0,6.0,5.0,5.0,7.0,7.0
HU,1.0,2.0,1.0,10.0,0.0,1.0,4.0,5.0,0.0,1.0,0.0,2.0,8.0,7.0
HU,4.0,3.0,2.0,9.0,0.0,8.0,7.0,5.0,3.0,5.0,3.0,8.0,5.0,8.0
HU,5.0,5.0,2.0,10.0,7.0,5.0,8.0,9.0,5.0,8.0,5.0,8.0,8.0,10.0
HU,4.0,5.0,2.0,7.0,4.0,6.0,7.0,7.0,3.0,5.0,5.0,4.0,7.0,4.0
HU,7.0,7.0,1.0,8.0,7.0,5.0,4.0,5.0,2.0,3.0,4.0,5.0,8.0,8.0
HU,4.0,3.0,2.0,5.0,3.0,7.0,5.0,6.0,3.0,4.0,3.0,7.0,7.0,7.0
HU,7.0,8.0,1.0,10.0,9.0,7.0,7.0,6.0,8.0,9.0,8.0,9.0,8.0,7.0
HU,7.0,7.0,1.0,7.0,7.0,3.0,6.0,6.0,5.0,6.0,5.0,5.0,3.0,6.0
HU,3.0,8.0,1.0,5.0,2.0,6.0,2.0,5.0,0.0,0.0,0.0,6.0,10.0,8.0
HU,8.0,5.0,1.0,5.0,3.0,4.0,2.0,5.0,4.0,2.0,3.0,4.0,9.0,3.0
HU,0.0,0.0,3.0,8.0,5.0,0.0,1.0,10.0,0.0,0.0,5.0,0.0,8.0,5.0
HU,6.0,6.0,1.0,4.0,0.0,4.0,6.0,6.0,4.0,4.0,3.0,6.0,4.0,6.0
HU,6.0,8.0,1.0,5.0,1.0,8.0,1.0,7.0,1.0,1.0,1.0,8.0,7.0,8.0
HU,2.0,3.0,1.0,10.0,5.0,1.0,5.0,3.0,2.0,5.0,0.0,5.0,6.0,8.0
HU,7.0,5.0,1.0,3.0,4.0,7.0,4.0,5.0,0.0,3.0,0.0,6.0,9.0,7.0
HU,7.0,7.0,1.0,2.0,5.0,6.0,8.0,8.0,2.0,5.0,2.0,8.0,7.0,6.0
HU,4.0,3.0,1.0,10.0,2.0,2.0,3.0,3.0,3.0,3.0,3.0,4.0,8.0,8.0
HU,0.0,3.0,1.0,9.0,9.0,3.0,5.0,1.0,3.0,10.0,5.0,2.0,10.0,7.0
HU,3.0,6.0,1.0,5.0,7.0,7.0,0.0,0.0,0.0,4.0,0.0,10.0,5.0,4.0
HU,3.0,0.0,1.0,7.0,0.0,8.0,8.0,8.0,0.0,0.0,0.0,8.0,10.0,5.0
HU,7.0,5.0,2.0,1.0,7.0,4.0,7.0,2.0,4.0,7.0,0.0,7.0,10.0,7.0
HU,8.0,10.0,1.0,0.0,6.0,6.0,6.0,6.0,5.0,6.0,6.0,7.0,7.0,7.0
HU,7.0,7.0,1.0,5.0,3.0,2.0,3.0,2.0,1.0,3.0,1.0,2.0,5.0,4.0
HU,2.0,2.0,1.0,7.0,2.0,5.0,6.0,5.0,6.0,5.0,5.0,5.0,10.0,8.0
HU,7.0,5.0,1.0,3.0,2.0,3.0,2.0,5.0,1.0,2.0,1.0,3.0,9.0,5.0
HU,5.0,5.0,1.0,4.0,4.0,6.0,2.0,0.0,0.0,1.0,1.0,4.0,10.0,6.0
HU,7.0,6.0,1.0,10.0,10.0,2.0,6.0,5.0,5.0,7.0,6.0,3.0,9.0,7.0
HU,4.0,7.0,3.0,6.0,2.0,6.0,2.0,4.0,5.0,6.0,5.0,5.0,8.0,8.0
HU,0.0,1.0,2.0,5.0,3.0,2.0,2.0,2.0,3.0,3.0,3.0,4.0,10.0,5.0
HU,5.0,5.0,1.0,5.0,3.0,5.0,8.0,9.0,3.0,5.0,2.0,5.0,10.0,9.0
HU,7.0,8.0,1.0,5.0,2.0,7.0,6.0,7.0,5.0,6.0,6.0,8.0,6.0,5.0
HU,9.0,8.0,1.0,3.0,4.0,5.0,5.0,6.0,4.0,6.0,3.0,5.0,9.0,4.0
HU,3.0,4.0,1.0,6.0,6.0,4.0,6.0,8.0,5.0,5.0,4.0,3.0,9.0,6.0
HU,6.0,7.0,3.0,7.0,9.0,8.0,8.0,6.0,7.0,9.0,7.0,8.0,7.0,4.0
HU,6.0,8.0,3.0,8.0,7.0,8.0,7.0,8.0,6.0,6.0,7.0,8.0,5.0,7.0
HU,6.0,4.0,1.0,8.0,7.0,9.0,8.0,9.0,6.0,8.0,7.0,9.0,6.0,6.0
HU,9.0,5.0,1.0,7.0,10.0,0.0,3.0,6.0,6.0,6.0,6.0,0.0,9.0,10.0
HU,2.0,8.0,2.0,0.0,0.0,10.0,0.0,0.0,5.0,0.0,5.0,10.0,6.0,10.0
HU,4.0,2.0,1.0,7.0,6.0,3.0,5.0,5.0,5.0,5.0,5.0,2.0,6.0,4.0
HU,8.0,8.0,1.0,10.0,10.0,3.0,10.0,10.0,8.0,10.0,5.0,8.0,10.0,10.0
HU,8.0,9.0,2.0,5.0,1.0,1.0,2.0,2.0,1.0,3.0,1.0,2.0,7.0,5.0
HU,0.0,0.0,1.0,10.0,0.0,3.0,3.0,0.0,0.0,0.0,0.0,3.0,8.0,5.0
HU,2.0,0.0,2.0,5.0,0.0,0.0,4.0,2.0,0.0,0.0,0.0,0.0,7.0,8.0
HU,7.0,8.0,1.0,2.0,0.0,3.0,0.0,0.0,0.0,0.0,0.0,3.0,7.0,6.0
HU,5.0,5.0,2.0,3.0,2.0,6.0,3.0,4.0,1.0,2.0,4.0,5.0,4.0,7.0
HU,3.0,3.0,1.0,8.0,7.0,4.0,8.0,9.0,8.0,7.0,7.0,3.0,6.0,9.0
HU,3.0,3.0,1.0,7.0,7.0,6.0,5.0,4.0,5.0,7.0,5.0,6.0,7.0,6.0
HU,4.0,4.0,1.0,7.0,2.0,8.0,3.0,3.0,1.0,2.0,1.0,7.0,8.0,7.0
HU,6.0,3.0,2.0,7.0,6.0,3.0,4.0,7.0,2.0,6.0,1.0,9.0,9.0,10.0
HU,8.0,7.0,1.0,10.0,7.0,7.0,4.0,6.0,5.0,5.0,5.0,7.0,7.0,9.0
HU,1.0,1.0,1.0,1.0,2.0,8.0,1.0,3.0,1.0,1.0,1.0,8.0,7.0,5.0
HU,3.0,3.0,1.0,5.0,3.0,0.0,2.0,6.0,0.0,1.0,0.0,3.0,2.0,7.0
HU,7.0,7.0,2.0,4.0,7.0,7.0,7.0,4.0,4.0,8.0,0.0,7.0,10.0,9.0
HU,6.0,9.0,1.0,8.0,8.0,2.0,9.0,8.0,2.0,8.0,1.0,4.0,2.0,5.0
HU,7.0,5.0,1.0,4.0,4.0,5.0,4.0,8.0,2.0,4.0,2.0,5.0,5.0,7.0
HU,10.0,5.0,1.0,10.0,5.0,5.0,8.0,8.0,4.0,0.0,5.0,0.0,8.0,9.0
HU,5.0,8.0,1.0,0.0,1.0,5.0,6.0,7.0,3.0,3.0,3.0,5.0,5.0,8.0
HU,4.0,6.0,1.0,5.0,1.0,4.0,7.0,8.0,0.0,1.0,0.0,6.0,5.0,5.0
HU,3.0,3.0,2.0,5.0,0.0,5.0,5.0,5.0,0.0,0.0,0.0,5.0,5.0,8.0
HU,2.0,4.0,1.0,5.0,0.0,3.0,3.0,5.0,0.0,0.0,0.0,3.0,8.0,8.0
HU,7.0,7.0,1.0,2.0,4.0,7.0,6.0,6.0,7.0,7.0,7.0,6.0,8.0,4.0
HU,5.0,6.0,1.0,4.0,3.0,7.0,6.0,6.0,2.0,3.0,2.0,8.0,5.0,5.0
HU,7.0,7.0,1.0,10.0,5.0,4.0,5.0,9.0,4.0,4.0,4.0,4.0,5.0,10.0
HU,2.0,3.0,1.0,5.0,1.0,1.0,2.0,3.0,0.0,2.0,0.0,1.0,5.0,5.0
HU,2.0,7.0,2.0,8.0,8.0,8.0,8.0,8.0,5.0,7.0,7.0,7.0,5.0,6.0
HU,4.0,3.0,1.0,3.0,1.0,3.0,4.0,5.0,0.0,2.0,0.0,3.0,9.0,5.0
HU,1.0,2.0,2.0,5.0,1.0,3.0,2.0,3.0,1.0,0.0,1.0,3.0,9.0,5.0
HU,6.0,3.0,2.0,4.0,2.0,6.0,4.0,4.0,5.0,5.0,5.0,6.0,8.0,2.0
HU,5.0,5.0,3.0,7.0,5.0,1.0,0.0,4.0,0.0,0.0,0.0,1.0,8.0,9.0
HU,5.0,5.0,1.0,7.0,2.0,7.0,6.0,5.0,6.0,5.0,5.0,5.0,1.0,5.0
HU,2.0,1.0,2.0,5.0,1.0,5.0,2.0,9.0,0.0,1.0,0.0,7.0,8.0,7.0
HU,5.0,3.0,1.0,0.0,6.0,7.0,4.0,6.0,7.0,4.0,7.0,7.0,9.0,8.0
HU,4.0,2.0,4.0,1.0,3.0,4.0,8.0,9.0,5.0,6.0,7.0,3.0,7.0,3.0
HU,4.0,5.0,1.0,7.0,5.0,9.0,8.0,5.0,4.0,6.0,0.0,9.0,8.0,5.0
HU,6.0,5.0,1.0,5.0,2.0,5.0,2.0,4.0,1.0,2.0,1.0,5.0,8.0,8.0
HU,7.0,8.0,3.0,10.0,4.0,7.0,9.0,9.0,2.0,6.0,3.0,8.0,7.0,8.0
HU,5.0,6.0,1.0,5.0,5.0,5.0,8.0,5.0,3.0,2.0,7.0,7.0,4.0,2.0
HU,6.0,4.0,2.0,4.0,6.0,10.0,10.0,7.0,4.0,10.0,0.0,10.0,7.0,7.0
HU,5.0,6.0,1.0,6.0,2.0,7.0,5.0,8.0,1.0,1.0,1.0,7.0,8.0,10.0
HU,5.0,7.0,1.0,4.0,4.0,5.0,3.0,3.0,3.0,3.0,2.0,4.0,3.0,5.0
HU,5.0,7.0,1.0,1.0,6.0,6.0,10.0,8.0,7.0,8.0,0.0,6.0,9.0,9.0
HU,0.0,2.0,1.0,8.0,1.0,8.0,0.0,5.0,0.0,0.0,4.0,10.0,8.0,9.0
HU,2.0,0.0,1.0,10.0,0.0,2.0,3.0,2.0,3.0,2.0,2.0,2.0,8.0,1.0
HU,2.0,3.0,2.0,7.0,0.0,6.0,5.0,5.0,4.0,3.0,4.0,6.0,5.0,6.0
HU,3.0,4.0,1.0,6.0,7.0,4.0,8.0,7.0,6.0,6.0,6.0,3.0,7.0,6.0
HU,5.0,3.0,1.0,4.0,2.0,8.0,1.0,5.0,0.0,0.0,0.0,2.0,7.0,5.0
HU,7.0,5.0,1.0,4.0,4.0,4.0,4.0,4.0,4.0,4.0,4.0,4.0,6.0,2.0
HU,5.0,7.0,1.0,5.0,4.0,7.0,7.0,7.0,5.0,3.0,5.0,4.0,1.0,6.0
HU,5.0,8.0,1.0,3.0,4.0,5.0,5.0,5.0,5.0,6.0,0.0,7.0,8.0,5.0
HU,6.0,6.0,1.0,5.0,7.0,8.0,8.0,8.0,8.0,8.0,8.0,8.0,6.0,7.0
HU,5.0,5.0,1.0,8.0,0.0,0.0,0.0,3.0,2.0,1.0,2.0,0.0,2.0,8.0
HU,3.0,3.0,1.0,3.0,2.0,1.0,3.0,3.0,0.0,5.0,0.0,1.0,10.0,7.0
HU,7.0,8.0,1.0,10.0,2.0,1.0,0.0,8.0,0.0,0.0,0.0,1.0,10.0,8.0
HU,5.0,7.0,1.0,3.0,1.0,9.0,5.0,6.0,5.0,2.0,6.0,9.0,6.0,8.0
HU,5.0,7.0,1.0,8.0,5.0,3.0,3.0,3.0,3.0,5.0,4.0,3.0,5.0,7.0
HU,8.0,6.0,2.0,9.0,9.0,5.0,9.0,10.0,6.0,7.0,6.0,7.0,3.0,8.0
HU,10.0,10.0,1.0,10.0,0.0,7.0,3.0,7.0,0.0,5.0,10.0,10.0,7.0,6.0
HU,4.0,7.0,2.0,5.0,0.0,3.0,3.0,4.0,0.0,0.0,0.0,4.0,7.0,8.0
HU,1.0,3.0,1.0,8.0,4.0,2.0,4.0,4.0,3.0,5.0,3.0,2.0,7.0,4.0
HU,4.0,6.0,1.0,8.0,5.0,5.0,7.0,8.0,4.0,6.0,4.0,7.0,5.0,8.0
HU,5.0,4.0,1.0,5.0,2.0,7.0,2.0,8.0,0.0,5.0,0.0,7.0,10.0,9.0
HU,4.0,3.0,1.0,8.0,7.0,7.0,7.0,6.0,7.0,8.0,7.0,7.0,8.0,8.0
HU,7.0,8.0,2.0,6.0,6.0,6.0,7.0,9.0,5.0,5.0,5.0,7.0,7.0,8.0
HU,0.0,2.0,1.0,7.0,5.0,0.0,5.0,5.0,0.0,0.0,5.0,5.0,9.0,5.0
HU,0.0,0.0,3.0,8.0,5.0,0.0,4.0,10.0,5.0,3.0,5.0,0.0,7.0,8.0
HU,6.0,6.0,2.0,5.0,6.0,7.0,6.0,6.0,7.0,5.0,7.0,8.0,5.0,5.0
HU,5.0,2.0,1.0,5.0,3.0,2.0,1.0,3.0,1.0,1.0,1.0,2.0,6.0,10.0
HU,5.0,7.0,2.0,10.0,0.0,0.0,0.0,0.0,0.0,0.0,0.0,0.0,7.0,1.0
HU,2.0,3.0,1.0,5.0,1.0,3.0,2.0,3.0,3.0,3.0,3.0,3.0,5.0,5.0
HU,9.0,6.0,1.0,0.0,8.0,10.0,9.0,10.0,5.0,7.0,5.0,10.0,9.0,10.0
HU,3.0,3.0,3.0,6.0,3.0,6.0,5.0,5.0,4.0,4.0,0.0,6.0,6.0,7.0
HU,1.0,2.0,2.0,3.0,3.0,7.0,3.0,3.0,2.0,3.0,2.0,9.0,9.0,3.0
HU,2.0,1.0,2.0,9.0,3.0,6.0,4.0,7.0,5.0,4.0,5.0,5.0,10.0,7.0
HU,7.0,7.0,1.0,9.0,7.0,7.0,7.0,5.0,6.0,8.0,7.0,6.0,6.0,8.0
HU,6.0,7.0,1.0,5.0,1.0,3.0,3.0,2.0,3.0,3.0,3.0,3.0,10.0,9.0
HU,7.0,9.0,1.0,5.0,6.0,5.0,5.0,6.0,5.0,8.0,5.0,7.0,7.0,6.0
HU,1.0,0.0,2.0,6.0,4.0,5.0,7.0,6.0,4.0,3.0,1.0,6.0,10.0,3.0
HU,5.0,3.0,1.0,5.0,3.0,10.0,5.0,8.0,4.0,5.0,4.0,10.0,8.0,9.0
HU,1.0,2.0,2.0,1.0,2.0,7.0,8.0,8.0,5.0,6.0,5.0,8.0,4.0,3.0
HU,0.0,0.0,3.0,8.0,7.0,2.0,3.0,4.0,2.0,1.0,1.0,2.0,7.0,5.0
HU,4.0,0.0,1.0,10.0,5.0,5.0,5.0,5.0,2.0,5.0,2.0,7.0,3.0,8.0
HU,4.0,1.0,1.0,4.0,0.0,3.0,3.0,3.0,0.0,1.0,0.0,3.0,2.0,3.0
HU,3.0,4.0,1.0,10.0,8.0,0.0,10.0,10.0,6.0,10.0,6.0,2.0,4.0,7.0
HU,5.0,0.0,1.0,10.0,10.0,5.0,10.0,10.0,10.0,10.0,8.0,3.0,8.0,10.0
HU,3.0,7.0,2.0,2.0,3.0,0.0,7.0,8.0,2.0,5.0,2.0,9.0,6.0,8.0
HU,1.0,3.0,2.0,8.0,9.0,10.0,9.0,8.0,8.0,8.0,7.0,10.0,10.0,10.0
HU,5.0,8.0,1.0,7.0,6.0,8.0,8.0,6.0,7.0,6.0,6.0,7.0,5.0,6.0
HU,4.0,7.0,2.0,5.0,3.0,7.0,5.0,5.0,4.0,4.0,0.0,8.0,9.0,3.0
HU,9.0,5.0,2.0,5.0,5.0,6.0,8.0,8.0,6.0,8.0,5.0,6.0,5.0,8.0
HU,5.0,4.0,2.0,3.0,5.0,3.0,4.0,5.0,2.0,3.0,3.0,5.0,6.0,6.0
HU,6.0,7.0,2.0,5.0,7.0,7.0,7.0,7.0,7.0,7.0,7.0,7.0,9.0,8.0
HU,2.0,1.0,1.0,2.0,3.0,0.0,0.0,1.0,0.0,2.0,0.0,0.0,3.0,8.0
HU,0.0,5.0,1.0,5.0,5.0,6.0,5.0,8.0,2.0,4.0,4.0,8.0,9.0,10.0
HU,6.0,6.0,2.0,6.0,7.0,9.0,5.0,5.0,5.0,6.0,6.0,5.0,6.0,6.0
HU,7.0,7.0,2.0,5.0,6.0,5.0,6.0,7.0,6.0,3.0,6.0,8.0,4.0,6.0
HU,4.0,5.0,1.0,5.0,5.0,6.0,7.0,8.0,3.0,4.0,5.0,8.0,6.0,10.0
HU,3.0,3.0,3.0,1.0,2.0,0.0,0.0,1.0,0.0,0.0,0.0,0.0,5.0,0.0
HU,7.0,7.0,1.0,4.0,5.0,4.0,4.0,4.0,4.0,4.0,4.0,4.0,4.0,8.0
HU,5.0,6.0,4.0,6.0,6.0,6.0,6.0,6.0,5.0,4.0,4.0,3.0,2.0,8.0
HU,7.0,7.0,2.0,5.0,2.0,7.0,2.0,6.0,1.0,3.0,4.0,7.0,6.0,9.0
HU,8.0,8.0,2.0,2.0,9.0,7.0,6.0,8.0,7.0,8.0,0.0,7.0,7.0,10.0
HU,3.0,4.0,2.0,3.0,5.0,5.0,3.0,3.0,5.0,8.0,5.0,8.0,7.0,5.0
HU,6.0,6.0,1.0,6.0,4.0,4.0,4.0,4.0,4.0,4.0,4.0,4.0,10.0,7.0
HU,5.0,5.0,2.0,0.0,2.0,5.0,7.0,9.0,7.0,7.0,7.0,4.0,9.0,10.0
HU,3.0,6.0,1.0,4.0,1.0,1.0,2.0,4.0,0.0,0.0,0.0,2.0,9.0,3.0
HU,8.0,9.0,1.0,10.0,9.0,7.0,7.0,9.0,8.0,8.0,8.0,9.0,7.0,7.0
HU,3.0,1.0,1.0,7.0,4.0,0.0,5.0,4.0,0.0,6.0,0.0,0.0,9.0,7.0
HU,3.0,5.0,2.0,6.0,3.0,8.0,4.0,5.0,1.0,1.0,1.0,5.0,7.0,5.0
HU,4.0,5.0,2.0,5.0,2.0,3.0,3.0,3.0,2.0,3.0,2.0,3.0,4.0,4.0
HU,3.0,3.0,1.0,5.0,1.0,3.0,3.0,3.0,1.0,1.0,1.0,2.0,8.0,6.0
HU,5.0,5.0,1.0,10.0,6.0,3.0,10.0,10.0,10.0,10.0,10.0,3.0,8.0,10.0
HU,9.0,8.0,2.0,7.0,5.0,8.0,8.0,8.0,6.0,8.0,8.0,6.0,8.0,9.0
HU,5.0,5.0,2.0,5.0,5.0,5.0,5.0,5.0,5.0,5.0,5.0,5.0,5.0,6.0
HU,2.0,4.0,1.0,5.0,5.0,4.0,5.0,7.0,0.0,0.0,0.0,5.0,7.0,5.0
HU,6.0,7.0,1.0,5.0,2.0,3.0,4.0,4.0,1.0,3.0,1.0,3.0,3.0,3.0
HU,3.0,4.0,1.0,5.0,0.0,1.0,5.0,3.0,0.0,0.0,0.0,1.0,8.0,5.0
HU,5.0,4.0,2.0,2.0,2.0,6.0,5.0,5.0,4.0,5.0,3.0,6.0,6.0,5.0
HU,7.0,7.0,1.0,7.0,4.0,4.0,6.0,5.0,5.0,5.0,5.0,4.0,7.0,6.0
HU,2.0,3.0,1.0,7.0,7.0,7.0,6.0,7.0,7.0,7.0,7.0,6.0,4.0,7.0
HU,2.0,5.0,2.0,10.0,6.0,7.0,6.0,7.0,7.0,6.0,7.0,7.0,5.0,7.0
HU,8.0,8.0,1.0,2.0,0.0,8.0,4.0,6.0,3.0,3.0,2.0,8.0,5.0,7.0
HU,5.0,5.0,1.0,7.0,2.0,9.0,3.0,9.0,2.0,5.0,2.0,9.0,5.0,7.0
HU,6.0,7.0,2.0,6.0,6.0,5.0,7.0,8.0,5.0,7.0,5.0,7.0,8.0,8.0
HU,6.0,5.0,1.0,5.0,1.0,5.0,3.0,0.0,3.0,2.0,3.0,3.0,6.0,6.0
HU,1.0,1.0,1.0,0.0,0.0,6.0,1.0,0.0,0.0,0.0,0.0,6.0,5.0,5.0
HU,9.0,9.0,1.0,7.0,2.0,7.0,7.0,7.0,5.0,6.0,5.0,7.0,9.0,9.0
HU,3.0,7.0,1.0,10.0,8.0,10.0,8.0,9.0,8.0,9.0,8.0,8.0,6.0,5.0
HU,7.0,7.0,1.0,4.0,2.0,1.0,2.0,6.0,1.0,1.0,1.0,1.0,7.0,8.0
HU,5.0,9.0,1.0,8.0,0.0,6.0,4.0,4.0,2.0,3.0,2.0,7.0,9.0,7.0
HU,6.0,7.0,1.0,5.0,4.0,8.0,8.0,8.0,6.0,7.0,5.0,8.0,7.0,7.0
HU,5.0,7.0,2.0,6.0,7.0,7.0,5.0,5.0,5.0,3.0,0.0,8.0,3.0,9.0
HU,1.0,1.0,2.0,3.0,7.0,6.0,5.0,7.0,5.0,1.0,0.0,6.0,2.0,5.0
HU,8.0,5.0,1.0,8.0,5.0,3.0,5.0,6.0,2.0,6.0,4.0,3.0,5.0,9.0
HU,8.0,8.0,2.0,2.0,3.0,3.0,7.0,8.0,3.0,4.0,3.0,6.0,10.0,8.0
HU,0.0,0.0,3.0,10.0,3.0,0.0,10.0,10.0,0.0,2.0,0.0,0.0,6.0,10.0
HU,6.0,4.0,1.0,5.0,3.0,6.0,6.0,5.0,5.0,6.0,5.0,6.0,7.0,7.0
HU,4.0,2.0,1.0,7.0,6.0,5.0,5.0,6.0,4.0,3.0,4.0,5.0,10.0,6.0
HU,0.0,5.0,1.0,6.0,3.0,0.0,4.0,5.0,0.0,0.0,0.0,0.0,4.0,8.0
HU,2.0,5.0,2.0,6.0,1.0,1.0,2.0,7.0,1.0,1.0,0.0,2.0,8.0,8.0
HU,8.0,7.0,1.0,8.0,8.0,8.0,5.0,7.0,6.0,5.0,6.0,8.0,9.0,9.0
HU,8.0,3.0,3.0,5.0,5.0,7.0,7.0,7.0,7.0,8.0,8.0,8.0,9.0,8.0
HU,6.0,5.0,2.0,5.0,3.0,6.0,6.0,3.0,3.0,4.0,4.0,8.0,3.0,4.0
HU,7.0,6.0,1.0,1.0,6.0,8.0,7.0,8.0,7.0,8.0,7.0,9.0,6.0,8.0
HU,8.0,5.0,2.0,8.0,3.0,2.0,2.0,0.0,1.0,2.0,1.0,2.0,7.0,5.0
HU,4.0,0.0,1.0,5.0,6.0,8.0,5.0,5.0,4.0,5.0,4.0,5.0,10.0,8.0
HU,7.0,5.0,2.0,7.0,5.0,5.0,7.0,8.0,6.0,6.0,6.0,1.0,7.0,8.0
HU,8.0,9.0,1.0,2.0,2.0,7.0,6.0,4.0,7.0,6.0,6.0,8.0,6.0,4.0
HU,5.0,7.0,3.0,10.0,10.0,2.0,10.0,10.0,10.0,10.0,10.0,2.0,7.0,9.0
HU,1.0,2.0,1.0,1.0,8.0,6.0,6.0,0.0,5.0,5.0,5.0,6.0,5.0,3.0
HU,7.0,6.0,1.0,7.0,4.0,6.0,6.0,6.0,4.0,5.0,3.0,6.0,6.0,8.0
HU,5.0,5.0,2.0,4.0,8.0,8.0,6.0,8.0,5.0,8.0,0.0,9.0,9.0,5.0
HU,4.0,3.0,2.0,2.0,1.0,1.0,1.0,2.0,0.0,1.0,0.0,1.0,9.0,3.0
HU,1.0,2.0,2.0,6.0,1.0,4.0,1.0,4.0,0.0,1.0,1.0,5.0,6.0,5.0
HU,10.0,9.0,2.0,7.0,8.0,9.0,9.0,9.0,9.0,9.0,8.0,10.0,9.0,9.0
HU,8.0,6.0,1.0,7.0,7.0,5.0,7.0,7.0,1.0,4.0,3.0,6.0,4.0,8.0
HU,0.0,0.0,2.0,1.0,2.0,0.0,0.0,0.0,0.0,0.0,0.0,0.0,8.0,4.0
HU,2.0,7.0,1.0,5.0,5.0,4.0,4.0,6.0,4.0,5.0,3.0,6.0,5.0,8.0
HU,7.0,8.0,1.0,2.0,6.0,10.0,7.0,8.0,7.0,7.0,7.0,9.0,8.0,7.0
HU,5.0,3.0,1.0,6.0,4.0,5.0,5.0,7.0,4.0,4.0,7.0,6.0,8.0,8.0
HU,5.0,6.0,1.0,10.0,5.0,0.0,10.0,10.0,10.0,10.0,10.0,0.0,5.0,9.0
HU,4.0,5.0,1.0,6.0,6.0,6.0,6.0,4.0,5.0,5.0,4.0,6.0,10.0,7.0
HU,4.0,2.0,1.0,10.0,8.0,5.0,8.0,8.0,6.0,9.0,6.0,6.0,8.0,7.0
HU,4.0,2.0,2.0,5.0,2.0,8.0,3.0,4.0,4.0,2.0,5.0,3.0,8.0,10.0
HU,8.0,9.0,2.0,5.0,9.0,10.0,8.0,8.0,9.0,8.0,8.0,9.0,10.0,10.0
HU,6.0,7.0,1.0,3.0,9.0,9.0,9.0,7.0,5.0,10.0,0.0,10.0,3.0,9.0
HU,1.0,1.0,1.0,10.0,7.0,3.0,5.0,5.0,2.0,5.0,7.0,8.0,10.0,7.0
HU,4.0,5.0,2.0,5.0,4.0,5.0,7.0,5.0,4.0,6.0,4.0,6.0,6.0,7.0
HU,7.0,7.0,1.0,5.0,4.0,3.0,4.0,5.0,2.0,4.0,2.0,3.0,6.0,8.0
HU,6.0,5.0,2.0,3.0,2.0,7.0,7.0,5.0,5.0,7.0,5.0,5.0,6.0,8.0
HU,6.0,6.0,1.0,4.0,0.0,5.0,4.0,4.0,3.0,2.0,3.0,7.0,10.0,8.0
HU,3.0,0.0,2.0,5.0,3.0,5.0,6.0,6.0,2.0,3.0,3.0,5.0,9.0,3.0
HU,8.0,4.0,2.0,6.0,6.0,5.0,7.0,7.0,6.0,7.0,6.0,3.0,8.0,5.0
HU,5.0,3.0,1.0,7.0,6.0,6.0,7.0,7.0,7.0,6.0,5.0,5.0,7.0,6.0
HU,10.0,9.0,2.0,10.0,2.0,1.0,3.0,1.0,0.0,1.0,1.0,1.0,1.0,9.0
HU,4.0,4.0,1.0,4.0,8.0,6.0,9.0,9.0,6.0,8.0,0.0,8.0,9.0,8.0
HU,5.0,5.0,1.0,3.0,2.0,0.0,3.0,5.0,0.0,3.0,0.0,3.0,7.0,6.0
HU,5.0,6.0,2.0,8.0,8.0,8.0,9.0,7.0,5.0,4.0,7.0,8.0,7.0,6.0
HU,5.0,7.0,1.0,7.0,7.0,7.0,6.0,7.0,5.0,6.0,7.0,5.0,7.0,6.0
HU,6.0,7.0,1.0,3.0,5.0,7.0,8.0,8.0,5.0,5.0,3.0,8.0,8.0,7.0
HU,7.0,7.0,2.0,5.0,6.0,8.0,7.0,6.0,4.0,4.0,3.0,7.0,9.0,8.0
HU,6.0,4.0,2.0,7.0,0.0,4.0,3.0,7.0,1.0,1.0,2.0,3.0,8.0,8.0
HU,5.0,3.0,1.0,5.0,6.0,5.0,3.0,6.0,2.0,4.0,2.0,5.0,9.0,7.0
HU,2.0,3.0,1.0,9.0,7.0,5.0,8.0,9.0,4.0,7.0,4.0,4.0,8.0,5.0
HU,9.0,6.0,2.0,9.0,8.0,7.0,2.0,4.0,3.0,4.0,2.0,6.0,6.0,6.0
HU,3.0,4.0,3.0,6.0,2.0,5.0,3.0,3.0,1.0,2.0,0.0,6.0,7.0,5.0
HU,6.0,6.0,1.0,8.0,0.0,5.0,3.0,0.0,1.0,3.0,1.0,5.0,1.0,4.0
HU,4.0,3.0,1.0,5.0,3.0,4.0,3.0,4.0,4.0,4.0,3.0,4.0,5.0,4.0
HU,8.0,3.0,1.0,10.0,6.0,3.0,3.0,4.0,5.0,6.0,4.0,6.0,7.0,9.0
HU,3.0,3.0,1.0,7.0,5.0,8.0,7.0,7.0,8.0,6.0,7.0,6.0,8.0,8.0
HU,2.0,1.0,1.0,5.0,2.0,2.0,2.0,2.0,2.0,1.0,2.0,2.0,9.0,8.0
HU,6.0,6.0,1.0,10.0,6.0,4.0,4.0,4.0,4.0,4.0,4.0,4.0,5.0,7.0
HU,0.0,0.0,2.0,0.0,6.0,1.0,0.0,5.0,0.0,4.0,0.0,1.0,7.0,8.0
HU,4.0,6.0,3.0,4.0,6.0,5.0,2.0,0.0,3.0,6.0,0.0,7.0,5.0,8.0
HU,7.0,7.0,3.0,5.0,2.0,5.0,6.0,6.0,3.0,5.0,4.0,7.0,9.0,7.0
HU,4.0,4.0,3.0,3.0,2.0,6.0,7.0,6.0,7.0,6.0,6.0,8.0,4.0,4.0
HU,4.0,6.0,1.0,6.0,2.0,5.0,7.0,8.0,5.0,5.0,5.0,5.0,10.0,4.0
HU,3.0,5.0,1.0,6.0,4.0,3.0,3.0,5.0,3.0,3.0,3.0,5.0,8.0,6.0
HU,2.0,2.0,2.0,5.0,5.0,7.0,5.0,5.0,2.0,5.0,2.0,7.0,5.0,6.0
HU,8.0,7.0,1.0,3.0,0.0,6.0,3.0,6.0,1.0,4.0,0.0,7.0,10.0,9.0
HU,7.0,5.0,2.0,5.0,2.0,7.0,5.0,5.0,5.0,5.0,5.0,8.0,5.0,6.0
HU,3.0,7.0,1.0,5.0,7.0,5.0,7.0,5.0,5.0,5.0,5.0,5.0,10.0,6.0
HU,5.0,3.0,2.0,5.0,1.0,5.0,3.0,7.0,1.0,4.0,1.0,5.0,9.0,4.0
HU,5.0,6.0,1.0,5.0,5.0,1.0,2.0,2.0,2.0,2.0,2.0,1.0,6.0,8.0
HU,2.0,4.0,2.0,10.0,0.0,2.0,1.0,1.0,1.0,2.0,1.0,2.0,7.0,5.0
HU,8.0,8.0,1.0,8.0,7.0,7.0,7.0,7.0,5.0,7.0,5.0,7.0,4.0,8.0
HU,3.0,3.0,1.0,6.0,7.0,8.0,9.0,8.0,5.0,8.0,0.0,7.0,7.0,6.0
HU,5.0,5.0,1.0,4.0,4.0,6.0,4.0,6.0,6.0,6.0,5.0,6.0,5.0,6.0
HU,8.0,7.0,1.0,5.0,4.0,6.0,4.0,6.0,5.0,5.0,5.0,7.0,8.0,7.0
HU,5.0,5.0,2.0,5.0,3.0,5.0,5.0,4.0,3.0,4.0,3.0,5.0,8.0,6.0
HU,8.0,8.0,1.0,4.0,1.0,2.0,5.0,8.0,2.0,3.0,2.0,5.0,6.0,7.0
HU,6.0,6.0,2.0,5.0,6.0,8.0,8.0,8.0,5.0,7.0,5.0,8.0,9.0,8.0
HU,3.0,5.0,1.0,3.0,6.0,7.0,8.0,8.0,7.0,7.0,3.0,8.0,9.0,7.0
HU,3.0,5.0,1.0,6.0,4.0,6.0,7.0,4.0,3.0,3.0,2.0,5.0,7.0,6.0
HU,2.0,2.0,2.0,3.0,3.0,3.0,3.0,3.0,2.0,2.0,0.0,3.0,7.0,5.0
HU,2.0,3.0,1.0,6.0,5.0,8.0,8.0,10.0,5.0,10.0,7.0,9.0,7.0,7.0
HU,5.0,3.0,2.0,3.0,5.0,5.0,7.0,7.0,2.0,3.0,2.0,5.0,8.0,7.0
HU,4.0,2.0,2.0,5.0,6.0,5.0,9.0,7.0,5.0,8.0,5.0,5.0,7.0,10.0
HU,0.0,2.0,1.0,7.0,2.0,7.0,7.0,8.0,5.0,5.0,5.0,7.0,7.0,5.0
HU,5.0,4.0,1.0,10.0,5.0,5.0,4.0,4.0,4.0,4.0,4.0,5.0,6.0,4.0
HU,4.0,5.0,1.0,6.0,3.0,6.0,4.0,4.0,2.0,3.0,2.0,5.0,9.0,5.0
HU,6.0,6.0,2.0,5.0,6.0,5.0,4.0,5.0,5.0,4.0,0.0,6.0,10.0,7.0
HU,7.0,6.0,2.0,8.0,5.0,5.0,6.0,7.0,6.0,5.0,6.0,8.0,4.0,9.0
HU,7.0,0.0,1.0,5.0,3.0,6.0,4.0,5.0,2.0,3.0,2.0,8.0,7.0,7.0
HU,4.0,4.0,1.0,5.0,0.0,4.0,5.0,4.0,4.0,4.0,4.0,4.0,9.0,6.0
HU,5.0,6.0,1.0,6.0,7.0,6.0,8.0,4.0,6.0,6.0,5.0,6.0,5.0,9.0
HU,7.0,7.0,1.0,4.0,5.0,3.0,3.0,10.0,3.0,2.0,4.0,4.0,8.0,7.0
HU,3.0,2.0,2.0,4.0,7.0,7.0,7.0,8.0,6.0,8.0,5.0,7.0,6.0,7.0
HU,5.0,6.0,1.0,8.0,6.0,1.0,6.0,5.0,7.0,7.0,7.0,7.0,2.0,7.0
HU,5.0,4.0,1.0,7.0,4.0,3.0,5.0,5.0,5.0,4.0,0.0,7.0,10.0,8.0
HU,3.0,2.0,1.0,5.0,10.0,5.0,5.0,5.0,5.0,5.0,5.0,5.0,5.0,7.0
HU,7.0,4.0,8.0,4.0,2.0,2.0,2.0,7.0,4.0,5.0,0.0,2.0,8.0,4.0
HU,6.0,7.0,2.0,6.0,5.0,3.0,4.0,3.0,2.0,3.0,3.0,4.0,6.0,6.0
HU,8.0,8.0,1.0,6.0,6.0,7.0,8.0,10.0,6.0,6.0,6.0,9.0,7.0,6.0
HU,3.0,6.0,1.0,5.0,0.0,0.0,7.0,6.0,0.0,0.0,2.0,2.0,8.0,5.0
HU,4.0,5.0,2.0,5.0,2.0,5.0,4.0,5.0,4.0,4.0,5.0,4.0,5.0,5.0
HU,5.0,7.0,2.0,5.0,3.0,4.0,7.0,7.0,2.0,0.0,2.0,4.0,8.0,7.0
HU,4.0,3.0,1.0,8.0,9.0,7.0,8.0,9.0,7.0,8.0,8.0,8.0,10.0,9.0
HU,1.0,2.0,2.0,2.0,0.0,1.0,0.0,1.0,0.0,0.0,0.0,2.0,5.0,9.0
HU,8.0,8.0,1.0,8.0,5.0,8.0,8.0,8.0,8.0,8.0,7.0,7.0,7.0,8.0
HU,2.0,2.0,1.0,7.0,2.0,4.0,5.0,4.0,4.0,4.0,4.0,5.0,9.0,2.0
HU,5.0,5.0,1.0,8.0,2.0,9.0,2.0,4.0,0.0,5.0,0.0,9.0,5.0,10.0
HU,4.0,2.0,2.0,0.0,2.0,4.0,2.0,2.0,3.0,2.0,3.0,3.0,4.0,8.0
HU,3.0,2.0,2.0,5.0,3.0,3.0,4.0,5.0,2.0,2.0,1.0,3.0,5.0,3.0
HU,6.0,7.0,2.0,4.0,5.0,7.0,8.0,6.0,6.0,5.0,5.0,7.0,8.0,9.0
HU,7.0,5.0,2.0,8.0,1.0,0.0,5.0,5.0,0.0,0.0,0.0,5.0,6.0,8.0
HU,6.0,3.0,2.0,5.0,1.0,5.0,2.0,5.0,1.0,2.0,2.0,5.0,7.0,9.0
HU,8.0,5.0,1.0,2.0,2.0,5.0,7.0,9.0,3.0,4.0,2.0,4.0,7.0,7.0
HU,5.0,7.0,1.0,5.0,5.0,6.0,6.0,5.0,3.0,5.0,2.0,6.0,4.0,6.0
HU,5.0,7.0,2.0,10.0,8.0,3.0,10.0,10.0,10.0,10.0,10.0,4.0,3.0,10.0
HU,3.0,5.0,3.0,6.0,5.0,5.0,8.0,7.0,8.0,9.0,7.0,6.0,10.0,6.0
HU,5.0,3.0,1.0,5.0,4.0,8.0,5.0,6.0,2.0,2.0,3.0,8.0,6.0,5.0
HU,4.0,5.0,1.0,5.0,0.0,5.0,3.0,5.0,1.0,3.0,1.0,7.0,4.0,7.0
HU,2.0,3.0,1.0,5.0,3.0,3.0,7.0,8.0,1.0,6.0,1.0,7.0,9.0,8.0
HU,7.0,8.0,1.0,5.0,3.0,5.0,3.0,3.0,3.0,6.0,3.0,5.0,2.0,5.0
HU,7.0,8.0,1.0,2.0,8.0,5.0,5.0,5.0,7.0,7.0,5.0,6.0,8.0,5.0
HU,8.0,8.0,3.0,5.0,2.0,8.0,6.0,6.0,2.0,2.0,2.0,8.0,10.0,8.0
HU,3.0,2.0,2.0,5.0,0.0,3.0,1.0,0.0,1.0,1.0,1.0,3.0,9.0,2.0
HU,3.0,6.0,2.0,7.0,6.0,6.0,7.0,8.0,6.0,6.0,6.0,6.0,8.0,6.0
HU,5.0,4.0,2.0,4.0,4.0,3.0,7.0,7.0,6.0,5.0,5.0,3.0,7.0,7.0
HU,0.0,5.0,1.0,5.0,0.0,6.0,0.0,0.0,0.0,0.0,0.0,6.0,8.0,5.0
HU,7.0,5.0,2.0,5.0,8.0,6.0,7.0,5.0,6.0,7.0,0.0,6.0,8.0,0.0
HU,5.0,3.0,1.0,5.0,8.0,5.0,5.0,7.0,3.0,3.0,3.0,5.0,10.0,5.0
HU,6.0,6.0,1.0,5.0,1.0,0.0,9.0,9.0,0.0,6.0,0.0,2.0,9.0,2.0
HU,6.0,8.0,2.0,10.0,0.0,1.0,2.0,2.0,0.0,2.0,0.0,2.0,6.0,4.0
HU,5.0,5.0,1.0,5.0,3.0,4.0,4.0,9.0,1.0,2.0,1.0,4.0,3.0,5.0
HU,0.0,5.0,1.0,3.0,6.0,5.0,9.0,7.0,3.0,5.0,3.0,9.0,8.0,7.0
HU,0.0,0.0,1.0,5.0,0.0,8.0,5.0,8.0,0.0,0.0,0.0,8.0,7.0,7.0
HU,1.0,2.0,1.0,4.0,8.0,5.0,8.0,9.0,1.0,3.0,1.0,5.0,8.0,3.0
HU,0.0,3.0,1.0,0.0,0.0,0.0,0.0,3.0,0.0,0.0,0.0,0.0,7.0,8.0
HU,2.0,3.0,1.0,8.0,2.0,6.0,2.0,3.0,2.0,2.0,2.0,5.0,5.0,6.0
HU,6.0,7.0,1.0,8.0,8.0,7.0,7.0,8.0,7.0,6.0,6.0,7.0,7.0,7.0
HU,2.0,3.0,1.0,8.0,0.0,3.0,7.0,5.0,0.0,0.0,0.0,5.0,8.0,7.0
HU,9.0,8.0,1.0,2.0,7.0,6.0,8.0,6.0,4.0,3.0,6.0,6.0,7.0,9.0
HU,2.0,3.0,2.0,3.0,8.0,6.0,7.0,4.0,8.0,6.0,6.0,8.0,7.0,2.0
HU,7.0,9.0,1.0,8.0,10.0,9.0,10.0,10.0,10.0,10.0,10.0,9.0,9.0,10.0
HU,4.0,4.0,1.0,6.0,3.0,4.0,4.0,3.0,2.0,4.0,2.0,4.0,8.0,6.0
HU,7.0,7.0,1.0,10.0,3.0,6.0,8.0,8.0,4.0,6.0,4.0,7.0,7.0,6.0
HU,5.0,6.0,2.0,4.0,3.0,7.0,7.0,4.0,4.0,5.0,3.0,7.0,9.0,8.0
HU,3.0,3.0,1.0,0.0,3.0,3.0,2.0,2.0,2.0,2.0,2.0,2.0,7.0,8.0
HU,7.0,8.0,1.0,2.0,7.0,5.0,6.0,9.0,6.0,6.0,4.0,8.0,5.0,7.0
HU,4.0,2.0,2.0,4.0,6.0,3.0,6.0,3.0,5.0,7.0,0.0,7.0,5.0,5.0
HU,6.0,6.0,2.0,0.0,7.0,6.0,9.0,8.0,1.0,6.0,2.0,8.0,8.0,9.0
HU,8.0,9.0,1.0,4.0,7.0,8.0,7.0,5.0,6.0,7.0,6.0,8.0,8.0,8.0
HU,3.0,3.0,1.0,8.0,5.0,5.0,0.0,2.0,0.0,0.0,0.0,6.0,5.0,5.0
HU,0.0,0.0,1.0,2.0,4.0,5.0,6.0,6.0,5.0,1.0,6.0,6.0,8.0,10.0
HU,3.0,5.0,1.0,5.0,5.0,6.0,6.0,7.0,5.0,5.0,5.0,7.0,5.0,9.0
HU,8.0,8.0,1.0,8.0,8.0,8.0,8.0,7.0,9.0,7.0,7.0,7.0,9.0,8.0
HU,3.0,5.0,1.0,5.0,0.0,4.0,0.0,8.0,5.0,5.0,5.0,2.0,7.0,7.0
HU,5.0,6.0,2.0,5.0,5.0,2.0,3.0,3.0,3.0,2.0,3.0,2.0,6.0,7.0
HU,5.0,4.0,2.0,6.0,2.0,6.0,4.0,5.0,1.0,3.0,5.0,7.0,9.0,7.0
HU,6.0,7.0,3.0,9.0,4.0,7.0,6.0,8.0,7.0,8.0,8.0,6.0,8.0,7.0
HU,2.0,6.0,1.0,8.0,7.0,4.0,8.0,5.0,6.0,6.0,7.0,4.0,7.0,7.0
HU,3.0,3.0,1.0,0.0,0.0,3.0,3.0,3.0,3.0,3.0,3.0,3.0,8.0,3.0
HU,0.0,6.0,1.0,6.0,5.0,2.0,5.0,7.0,3.0,4.0,4.0,1.0,5.0,7.0
HU,3.0,6.0,1.0,5.0,7.0,10.0,7.0,7.0,5.0,10.0,0.0,10.0,2.0,8.0
HU,5.0,0.0,1.0,5.0,0.0,2.0,0.0,0.0,0.0,0.0,0.0,0.0,8.0,10.0
HU,4.0,4.0,2.0,9.0,7.0,7.0,7.0,6.0,9.0,9.0,10.0,7.0,5.0,7.0
HU,8.0,8.0,2.0,4.0,4.0,4.0,6.0,7.0,2.0,2.0,2.0,7.0,7.0,7.0
HU,5.0,1.0,2.0,9.0,0.0,4.0,0.0,5.0,0.0,0.0,0.0,5.0,8.0,8.0
HU,6.0,5.0,1.0,10.0,7.0,7.0,6.0,6.0,7.0,5.0,6.0,7.0,8.0,7.0
HU,8.0,8.0,1.0,8.0,8.0,8.0,8.0,7.0,7.0,8.0,8.0,8.0,6.0,8.0
HU,5.0,5.0,1.0,10.0,3.0,2.0,2.0,4.0,0.0,0.0,2.0,2.0,9.0,8.0
HU,7.0,5.0,1.0,5.0,1.0,5.0,0.0,4.0,0.0,0.0,0.0,6.0,2.0,8.0
HU,6.0,6.0,1.0,5.0,5.0,0.0,2.0,3.0,0.0,2.0,0.0,0.0,6.0,8.0
HU,5.0,4.0,1.0,5.0,5.0,5.0,5.0,7.0,2.0,5.0,2.0,6.0,8.0,7.0
HU,4.0,3.0,1.0,7.0,7.0,8.0,9.0,8.0,5.0,6.0,6.0,10.0,7.0,7.0
HU,4.0,3.0,1.0,5.0,3.0,2.0,7.0,5.0,5.0,4.0,4.0,5.0,7.0,8.0
HU,5.0,7.0,2.0,1.0,4.0,5.0,7.0,8.0,4.0,6.0,5.0,7.0,6.0,7.0
HU,5.0,7.0,3.0,5.0,1.0,5.0,6.0,4.0,4.0,5.0,3.0,7.0,8.0,3.0
HU,3.0,2.0,2.0,5.0,2.0,2.0,2.0,2.0,1.0,2.0,1.0,2.0,7.0,6.0
HU,3.0,3.0,1.0,5.0,2.0,0.0,0.0,0.0,0.0,0.0,0.0,0.0,8.0,8.0
HU,7.0,6.0,4.0,1.0,3.0,6.0,8.0,8.0,4.0,6.0,5.0,7.0,8.0,7.0
HU,0.0,2.0,2.0,9.0,2.0,4.0,1.0,2.0,1.0,1.0,1.0,2.0,10.0,10.0
HU,7.0,3.0,2.0,4.0,2.0,4.0,2.0,7.0,1.0,3.0,1.0,5.0,5.0,6.0
HU,7.0,6.0,1.0,6.0,5.0,6.0,6.0,7.0,7.0,4.0,7.0,7.0,10.0,5.0
HU,4.0,2.0,2.0,0.0,0.0,0.0,2.0,8.0,2.0,0.0,2.0,5.0,8.0,2.0
HU,5.0,5.0,2.0,6.0,0.0,4.0,4.0,3.0,0.0,2.0,0.0,3.0,10.0,5.0
HU,5.0,5.0,1.0,6.0,3.0,8.0,4.0,5.0,3.0,5.0,0.0,8.0,6.0,5.0
HU,3.0,3.0,2.0,9.0,7.0,4.0,7.0,9.0,8.0,7.0,8.0,4.0,6.0,7.0
HU,5.0,3.0,2.0,5.0,5.0,4.0,4.0,4.0,4.0,4.0,4.0,4.0,10.0,5.0
HU,8.0,8.0,1.0,5.0,8.0,8.0,9.0,9.0,8.0,9.0,8.0,8.0,7.0,8.0
HU,1.0,6.0,2.0,7.0,0.0,6.0,7.0,8.0,1.0,2.0,1.0,6.0,7.0,10.0
HU,4.0,4.0,2.0,6.0,1.0,3.0,4.0,6.0,1.0,5.0,5.0,2.0,5.0,6.0
HU,4.0,5.0,1.0,10.0,10.0,6.0,7.0,8.0,3.0,5.0,4.0,6.0,7.0,10.0
HU,5.0,5.0,2.0,10.0,5.0,5.0,5.0,5.0,5.0,5.0,5.0,5.0,2.0,5.0
HU,6.0,5.0,1.0,6.0,4.0,5.0,5.0,5.0,3.0,2.0,3.0,4.0,6.0,8.0
HU,4.0,0.0,1.0,10.0,0.0,10.0,2.0,3.0,4.0,0.0,4.0,10.0,5.0,10.0
HU,3.0,3.0,1.0,3.0,8.0,9.0,8.0,8.0,5.0,5.0,0.0,9.0,5.0,6.0
HU,4.0,2.0,1.0,7.0,6.0,7.0,7.0,6.0,7.0,6.0,6.0,6.0,6.0,7.0
HU,6.0,6.0,2.0,5.0,4.0,7.0,3.0,3.0,1.0,1.0,0.0,7.0,6.0,7.0
HU,6.0,2.0,2.0,8.0,5.0,6.0,8.0,9.0,5.0,4.0,4.0,6.0,9.0,8.0
HU,8.0,5.0,1.0,5.0,0.0,1.0,0.0,5.0,0.0,0.0,0.0,2.0,6.0,5.0
HU,5.0,5.0,1.0,3.0,4.0,4.0,5.0,5.0,4.0,5.0,4.0,4.0,2.0,9.0
HU,2.0,1.0,2.0,2.0,1.0,5.0,3.0,2.0,3.0,2.0,3.0,5.0,2.0,9.0
HU,6.0,5.0,1.0,5.0,7.0,4.0,3.0,4.0,3.0,7.0,3.0,4.0,3.0,7.0
HU,5.0,10.0,2.0,5.0,0.0,1.0,5.0,7.0,0.0,0.0,0.0,5.0,2.0,8.0
HU,3.0,4.0,1.0,5.0,2.0,6.0,7.0,5.0,4.0,3.0,5.0,7.0,5.0,7.0
HU,6.0,2.0,2.0,5.0,1.0,0.0,0.0,3.0,3.0,0.0,3.0,0.0,7.0,5.0
HU,3.0,1.0,1.0,5.0,5.0,3.0,3.0,3.0,3.0,3.0,3.0,3.0,3.0,7.0
HU,5.0,5.0,2.0,5.0,8.0,10.0,10.0,10.0,6.0,6.0,0.0,10.0,10.0,10.0
HU,5.0,6.0,1.0,10.0,7.0,4.0,5.0,5.0,5.0,8.0,5.0,5.0,5.0,7.0
HU,5.0,4.0,1.0,8.0,8.0,5.0,6.0,7.0,6.0,8.0,6.0,7.0,6.0,6.0
HU,1.0,0.0,2.0,3.0,2.0,3.0,3.0,3.0,2.0,2.0,3.0,3.0,6.0,4.0
HU,8.0,8.0,1.0,5.0,5.0,4.0,8.0,9.0,2.0,3.0,3.0,5.0,8.0,7.0
HU,5.0,3.0,1.0,5.0,3.0,0.0,0.0,8.0,0.0,0.0,0.0,0.0,5.0,10.0
HU,8.0,7.0,1.0,5.0,5.0,6.0,1.0,2.0,2.0,2.0,2.0,10.0,8.0,6.0
HU,5.0,5.0,2.0,3.0,0.0,6.0,0.0,4.0,0.0,0.0,0.0,6.0,9.0,5.0
HU,5.0,3.0,1.0,4.0,4.0,6.0,5.0,6.0,6.0,3.0,5.0,6.0,5.0,5.0
HU,4.0,4.0,2.0,8.0,2.0,6.0,4.0,6.0,7.0,6.0,5.0,3.0,5.0,7.0
HU,8.0,7.0,2.0,8.0,8.0,5.0,7.0,8.0,7.0,7.0,7.0,6.0,7.0,7.0
HU,4.0,4.0,1.0,2.0,4.0,3.0,6.0,4.0,4.0,2.0,3.0,2.0,5.0,3.0
HU,10.0,5.0,2.0,9.0,4.0,7.0,3.0,9.0,1.0,3.0,6.0,6.0,8.0,7.0
HU,7.0,6.0,2.0,7.0,3.0,3.0,4.0,3.0,3.0,4.0,4.0,4.0,7.0,3.0
HU,7.0,5.0,1.0,6.0,7.0,5.0,7.0,7.0,5.0,5.0,4.0,5.0,5.0,7.0
HU,5.0,0.0,1.0,10.0,3.0,4.0,10.0,10.0,10.0,10.0,9.0,5.0,8.0,7.0
HU,4.0,2.0,2.0,6.0,1.0,4.0,4.0,3.0,0.0,1.0,0.0,6.0,4.0,3.0
HU,3.0,2.0,1.0,5.0,2.0,2.0,5.0,6.0,1.0,2.0,1.0,4.0,5.0,6.0
HU,6.0,2.0,1.0,7.0,7.0,6.0,6.0,7.0,6.0,6.0,7.0,8.0,8.0,3.0
HU,0.0,0.0,2.0,5.0,6.0,5.0,4.0,5.0,4.0,4.0,6.0,8.0,5.0,6.0
HU,5.0,6.0,1.0,5.0,0.0,6.0,2.0,5.0,0.0,2.0,1.0,6.0,10.0,6.0
HU,8.0,8.0,2.0,5.0,5.0,7.0,5.0,5.0,3.0,4.0,3.0,7.0,10.0,9.0
HU,5.0,3.0,3.0,3.0,2.0,3.0,3.0,4.0,3.0,3.0,3.0,3.0,3.0,7.0
HU,4.0,4.0,2.0,5.0,2.0,3.0,5.0,3.0,1.0,3.0,0.0,5.0,8.0,7.0
HU,5.0,4.0,1.0,2.0,3.0,3.0,5.0,5.0,5.0,4.0,4.0,5.0,10.0,8.0
HU,5.0,5.0,3.0,5.0,6.0,5.0,6.0,6.0,6.0,6.0,5.0,5.0,5.0,7.0
HU,3.0,3.0,1.0,7.0,4.0,3.0,3.0,3.0,3.0,4.0,3.0,2.0,5.0,3.0
HU,7.0,6.0,1.0,6.0,4.0,6.0,6.0,5.0,3.0,5.0,3.0,5.0,10.0,8.0
HU,9.0,5.0,1.0,5.0,1.0,5.0,3.0,2.0,1.0,3.0,1.0,5.0,7.0,9.0
HU,4.0,6.0,1.0,9.0,4.0,6.0,6.0,6.0,7.0,6.0,6.0,4.0,8.0,7.0
HU,5.0,5.0,1.0,3.0,0.0,7.0,3.0,10.0,2.0,2.0,2.0,8.0,7.0,5.0
HU,3.0,3.0,3.0,5.0,2.0,9.0,4.0,9.0,3.0,2.0,1.0,8.0,10.0,8.0
HU,3.0,3.0,1.0,7.0,7.0,2.0,3.0,2.0,2.0,3.0,2.0,1.0,2.0,3.0
HU,1.0,5.0,2.0,2.0,5.0,10.0,10.0,10.0,0.0,5.0,0.0,10.0,9.0,10.0
HU,8.0,7.0,1.0,7.0,7.0,6.0,6.0,6.0,4.0,6.0,4.0,6.0,8.0,7.0
HU,7.0,7.0,1.0,4.0,1.0,5.0,4.0,7.0,2.0,2.0,1.0,5.0,2.0,8.0
HU,5.0,0.0,1.0,7.0,2.0,3.0,5.0,6.0,1.0,2.0,1.0,5.0,4.0,0.0
HU,5.0,6.0,3.0,5.0,6.0,6.0,6.0,8.0,4.0,5.0,4.0,7.0,7.0,8.0
HU,5.0,0.0,1.0,3.0,3.0,5.0,4.0,5.0,0.0,5.0,0.0,5.0,10.0,5.0
HU,5.0,4.0,1.0,4.0,2.0,4.0,3.0,8.0,2.0,5.0,1.0,5.0,6.0,6.0
HU,2.0,2.0,1.0,2.0,0.0,1.0,3.0,4.0,1.0,0.0,1.0,1.0,8.0,8.0
HU,5.0,1.0,1.0,5.0,3.0,7.0,5.0,7.0,1.0,1.0,5.0,7.0,7.0,5.0
HU,7.0,7.0,1.0,8.0,7.0,8.0,8.0,7.0,6.0,5.0,5.0,8.0,4.0,6.0
HU,1.0,1.0,1.0,0.0,3.0,3.0,5.0,5.0,5.0,5.0,5.0,3.0,7.0,6.0
HU,7.0,6.0,3.0,4.0,7.0,8.0,5.0,6.0,4.0,7.0,0.0,8.0,7.0,7.0
HU,3.0,5.0,1.0,3.0,1.0,3.0,5.0,7.0,3.0,5.0,3.0,5.0,9.0,3.0
HU,0.0,10.0,2.0,5.0,0.0,2.0,2.0,5.0,0.0,6.0,0.0,5.0,0.0,6.0
HU,3.0,5.0,1.0,8.0,1.0,4.0,2.0,0.0,0.0,0.0,3.0,7.0,9.0,5.0
HU,2.0,8.0,1.0,7.0,0.0,6.0,2.0,3.0,0.0,2.0,0.0,7.0,10.0,5.0
HU,3.0,0.0,1.0,3.0,0.0,8.0,4.0,5.0,2.0,5.0,0.0,6.0,10.0,2.0
HU,1.0,1.0,1.0,5.0,2.0,4.0,5.0,6.0,3.0,3.0,3.0,4.0,7.0,3.0
HU,3.0,6.0,1.0,5.0,1.0,8.0,5.0,7.0,2.0,3.0,2.0,8.0,8.0,9.0
HU,4.0,4.0,1.0,7.0,6.0,7.0,6.0,7.0,7.0,7.0,6.0,6.0,6.0,9.0
HU,2.0,4.0,2.0,5.0,2.0,3.0,0.0,0.0,2.0,2.0,0.0,3.0,3.0,7.0
HU,5.0,3.0,1.0,5.0,0.0,0.0,0.0,5.0,0.0,0.0,0.0,5.0,7.0,4.0
HU,3.0,7.0,2.0,5.0,4.0,2.0,3.0,4.0,2.0,1.0,2.0,2.0,5.0,5.0
HU,6.0,5.0,3.0,4.0,2.0,5.0,5.0,4.0,0.0,2.0,0.0,6.0,4.0,8.0
HU,7.0,8.0,1.0,3.0,4.0,8.0,8.0,8.0,5.0,8.0,5.0,8.0,5.0,6.0
HU,3.0,3.0,2.0,2.0,3.0,8.0,3.0,3.0,2.0,3.0,3.0,8.0,8.0,8.0
HU,7.0,7.0,2.0,4.0,7.0,9.0,8.0,7.0,6.0,8.0,0.0,9.0,8.0,8.0
HU,1.0,2.0,2.0,8.0,8.0,1.0,1.0,1.0,0.0,1.0,0.0,1.0,7.0,6.0
HU,5.0,7.0,1.0,5.0,3.0,3.0,1.0,5.0,1.0,5.0,1.0,7.0,7.0,6.0
HU,1.0,2.0,1.0,3.0,0.0,2.0,0.0,3.0,1.0,1.0,1.0,3.0,6.0,5.0
HU,3.0,2.0,2.0,2.0,1.0,9.0,2.0,2.0,1.0,1.0,1.0,9.0,4.0,3.0
HU,5.0,7.0,1.0,5.0,4.0,4.0,5.0,3.0,1.0,4.0,2.0,6.0,5.0,2.0
HU,6.0,8.0,1.0,6.0,8.0,6.0,7.0,6.0,7.0,6.0,6.0,4.0,6.0,8.0
HU,3.0,4.0,1.0,6.0,0.0,2.0,5.0,5.0,1.0,1.0,0.0,4.0,8.0,5.0
HU,1.0,10.0,1.0,9.0,0.0,1.0,3.0,3.0,0.0,2.0,0.0,0.0,10.0,5.0
HU,5.0,7.0,2.0,3.0,0.0,5.0,0.0,3.0,5.0,3.0,0.0,5.0,5.0,9.0
HU,5.0,7.0,1.0,5.0,5.0,4.0,1.0,2.0,3.0,2.0,2.0,6.0,8.0,6.0
HU,7.0,6.0,2.0,6.0,4.0,4.0,2.0,4.0,3.0,3.0,3.0,4.0,10.0,5.0
HU,3.0,2.0,1.0,5.0,1.0,3.0,4.0,6.0,1.0,2.0,1.0,3.0,5.0,10.0
HU,6.0,8.0,1.0,8.0,7.0,0.0,6.0,6.0,8.0,8.0,7.0,0.0,8.0,8.0
HU,5.0,5.0,1.0,3.0,10.0,10.0,10.0,10.0,10.0,10.0,0.0,10.0,7.0,4.0
HU,7.0,7.0,2.0,5.0,3.0,3.0,7.0,8.0,4.0,6.0,2.0,6.0,3.0,6.0
HU,9.0,8.0,1.0,8.0,1.0,5.0,2.0,3.0,1.0,3.0,5.0,8.0,5.0,5.0
HU,2.0,5.0,1.0,7.0,5.0,0.0,0.0,5.0,0.0,0.0,0.0,0.0,5.0,5.0
HU,8.0,8.0,2.0,7.0,5.0,7.0,7.0,9.0,8.0,9.0,8.0,6.0,7.0,9.0
HU,5.0,5.0,1.0,9.0,0.0,4.0,0.0,1.0,1.0,0.0,1.0,0.0,5.0,7.0
HU,6.0,1.0,2.0,10.0,1.0,3.0,1.0,2.0,1.0,5.0,2.0,2.0,10.0,5.0
HU,5.0,0.0,1.0,5.0,0.0,4.0,9.0,10.0,0.0,0.0,0.0,6.0,4.0,8.0
HU,5.0,7.0,2.0,5.0,2.0,8.0,7.0,7.0,5.0,8.0,6.0,8.0,7.0,9.0
HU,7.0,5.0,1.0,5.0,5.0,8.0,8.0,8.0,6.0,6.0,0.0,8.0,2.0,10.0
HU,0.0,0.0,2.0,4.0,0.0,10.0,0.0,5.0,0.0,0.0,0.0,10.0,5.0,7.0
HU,3.0,3.0,2.0,5.0,3.0,8.0,5.0,6.0,2.0,3.0,2.0,8.0,2.0,10.0
HU,7.0,8.0,2.0,7.0,7.0,2.0,5.0,8.0,5.0,5.0,3.0,3.0,8.0,8.0
HU,5.0,5.0,2.0,5.0,0.0,5.0,0.0,5.0,5.0,0.0,0.0,5.0,7.0,5.0
HU,8.0,5.0,1.0,5.0,2.0,4.0,1.0,1.0,0.0,2.0,0.0,0.0,7.0,5.0
HU,6.0,4.0,1.0,7.0,3.0,5.0,8.0,7.0,3.0,8.0,2.0,5.0,9.0,8.0
HU,3.0,2.0,1.0,5.0,1.0,0.0,3.0,4.0,0.0,1.0,0.0,2.0,4.0,10.0
HU,5.0,2.0,1.0,5.0,6.0,7.0,5.0,8.0,5.0,5.0,6.0,6.0,10.0,10.0
HU,3.0,4.0,1.0,7.0,1.0,6.0,6.0,6.0,2.0,2.0,2.0,6.0,4.0,9.0
HU,4.0,3.0,1.0,9.0,0.0,2.0,1.0,1.0,1.0,1.0,2.0,2.0,0.0,3.0
HU,8.0,7.0,2.0,7.0,6.0,10.0,9.0,3.0,5.0,7.0,7.0,10.0,8.0,6.0
HU,3.0,3.0,1.0,10.0,7.0,8.0,10.0,10.0,10.0,10.0,8.0,6.0,3.0,10.0
HU,7.0,8.0,1.0,3.0,3.0,9.0,8.0,6.0,6.0,8.0,0.0,10.0,8.0,9.0
HU,5.0,7.0,2.0,5.0,5.0,3.0,1.0,5.0,1.0,1.0,1.0,5.0,6.0,8.0
HU,3.0,3.0,1.0,5.0,1.0,7.0,3.0,4.0,1.0,2.0,0.0,9.0,9.0,5.0
HU,2.0,3.0,1.0,8.0,5.0,7.0,6.0,7.0,3.0,5.0,4.0,8.0,5.0,8.0
HU,0.0,3.0,1.0,7.0,8.0,10.0,10.0,6.0,8.0,10.0,10.0,10.0,6.0,10.0
HU,4.0,1.0,2.0,4.0,8.0,5.0,4.0,2.0,0.0,2.0,0.0,5.0,7.0,5.0
HU,6.0,4.0,1.0,3.0,3.0,1.0,2.0,2.0,2.0,2.0,1.0,1.0,9.0,1.0
HU,4.0,8.0,1.0,5.0,5.0,5.0,4.0,6.0,2.0,7.0,0.0,3.0,7.0,8.0
HU,2.0,3.0,1.0,5.0,7.0,5.0,7.0,8.0,6.0,6.0,6.0,6.0,8.0,5.0
HU,0.0,2.0,1.0,5.0,5.0,5.0,3.0,3.0,2.0,5.0,0.0,5.0,7.0,10.0
HU,2.0,3.0,1.0,8.0,4.0,5.0,4.0,5.0,5.0,4.0,4.0,5.0,10.0,10.0
HU,5.0,4.0,2.0,9.0,8.0,7.0,8.0,8.0,7.0,7.0,7.0,7.0,9.0,7.0
HU,3.0,6.0,4.0,1.0,1.0,6.0,6.0,6.0,4.0,6.0,3.0,6.0,9.0,8.0
HU,6.0,1.0,2.0,5.0,2.0,2.0,4.0,9.0,1.0,6.0,1.0,4.0,9.0,4.0
HU,6.0,6.0,2.0,6.0,5.0,3.0,6.0,5.0,3.0,6.0,3.0,4.0,10.0,7.0
HU,3.0,7.0,2.0,3.0,3.0,4.0,7.0,5.0,5.0,8.0,6.0,6.0,5.0,6.0
HU,1.0,1.0,1.0,5.0,5.0,8.0,8.0,8.0,8.0,10.0,8.0,8.0,5.0,10.0
HU,2.0,2.0,1.0,5.0,3.0,5.0,5.0,5.0,3.0,5.0,3.0,5.0,6.0,5.0
HU,7.0,6.0,2.0,2.0,6.0,8.0,7.0,7.0,5.0,5.0,6.0,8.0,6.0,5.0
HU,3.0,4.0,1.0,2.0,0.0,5.0,8.0,7.0,0.0,5.0,3.0,6.0,3.0,5.0
HU,4.0,3.0,2.0,8.0,10.0,4.0,10.0,10.0,8.0,8.0,8.0,6.0,7.0,8.0
HU,2.0,2.0,2.0,1.0,0.0,6.0,5.0,5.0,6.0,2.0,5.0,5.0,8.0,6.0
HU,7.0,6.0,1.0,6.0,5.0,4.0,5.0,5.0,4.0,5.0,4.0,5.0,5.0,5.0
HU,5.0,7.0,1.0,4.0,1.0,8.0,1.0,5.0,2.0,1.0,1.0,8.0,4.0,9.0
HU,4.0,5.0,1.0,6.0,3.0,0.0,2.0,2.0,2.0,5.0,2.0,0.0,8.0,6.0
HU,8.0,5.0,4.0,5.0,7.0,8.0,9.0,3.0,3.0,8.0,5.0,8.0,8.0,8.0
HU,5.0,5.0,1.0,8.0,2.0,8.0,5.0,4.0,5.0,5.0,5.0,8.0,7.0,2.0
HU,5.0,9.0,1.0,5.0,6.0,5.0,4.0,5.0,2.0,2.0,2.0,5.0,10.0,6.0
HU,8.0,9.0,2.0,1.0,2.0,7.0,3.0,5.0,3.0,2.0,2.0,7.0,5.0,9.0
HU,6.0,5.0,2.0,10.0,3.0,2.0,3.0,10.0,2.0,4.0,3.0,3.0,8.0,6.0
HU,5.0,0.0,2.0,10.0,7.0,3.0,3.0,5.0,5.0,7.0,5.0,3.0,7.0,7.0
HU,5.0,5.0,1.0,5.0,3.0,5.0,5.0,5.0,5.0,5.0,5.0,5.0,6.0,8.0
HU,6.0,6.0,2.0,5.0,5.0,4.0,6.0,7.0,4.0,6.0,3.0,4.0,7.0,8.0
HU,5.0,4.0,1.0,1.0,2.0,7.0,3.0,4.0,3.0,2.0,4.0,8.0,5.0,6.0
HU,7.0,8.0,1.0,10.0,8.0,8.0,9.0,10.0,8.0,8.0,7.0,7.0,6.0,9.0
HU,7.0,6.0,1.0,4.0,7.0,9.0,7.0,9.0,9.0,7.0,8.0,10.0,4.0,8.0
HU,5.0,1.0,1.0,8.0,6.0,3.0,2.0,7.0,3.0,1.0,3.0,4.0,6.0,8.0
HU,3.0,4.0,1.0,5.0,4.0,5.0,4.0,7.0,4.0,5.0,4.0,6.0,8.0,8.0
HU,6.0,4.0,2.0,8.0,2.0,6.0,4.0,5.0,2.0,3.0,2.0,7.0,7.0,9.0
HU,6.0,7.0,2.0,1.0,2.0,8.0,5.0,7.0,2.0,3.0,1.0,8.0,6.0,8.0
HU,7.0,8.0,1.0,3.0,0.0,5.0,3.0,5.0,0.0,3.0,0.0,6.0,7.0,9.0
HU,6.0,5.0,2.0,3.0,2.0,6.0,3.0,6.0,3.0,3.0,3.0,8.0,7.0,8.0
HU,5.0,2.0,1.0,6.0,2.0,2.0,2.0,5.0,2.0,2.0,2.0,2.0,6.0,1.0
HU,5.0,2.0,2.0,10.0,3.0,3.0,0.0,6.0,0.0,6.0,2.0,0.0,8.0,2.0
HU,6.0,6.0,2.0,8.0,4.0,5.0,5.0,6.0,3.0,4.0,3.0,7.0,9.0,5.0
HU,4.0,4.0,2.0,5.0,3.0,5.0,5.0,6.0,3.0,5.0,5.0,6.0,9.0,6.0
HU,7.0,7.0,2.0,3.0,2.0,7.0,8.0,4.0,4.0,4.0,4.0,6.0,10.0,7.0
HU,5.0,4.0,2.0,10.0,4.0,4.0,4.0,7.0,4.0,4.0,4.0,4.0,5.0,10.0
HU,5.0,5.0,1.0,5.0,5.0,4.0,5.0,8.0,4.0,5.0,3.0,6.0,9.0,8.0
HU,2.0,3.0,1.0,8.0,8.0,10.0,9.0,9.0,4.0,9.0,4.0,10.0,9.0,8.0
HU,4.0,9.0,2.0,1.0,5.0,7.0,6.0,6.0,4.0,4.0,3.0,7.0,5.0,10.0
HU,3.0,3.0,1.0,7.0,3.0,5.0,4.0,3.0,3.0,3.0,2.0,3.0,9.0,5.0
HU,6.0,5.0,3.0,8.0,6.0,8.0,6.0,9.0,7.0,7.0,6.0,7.0,5.0,9.0
HU,1.0,5.0,1.0,3.0,3.0,2.0,0.0,6.0,0.0,0.0,0.0,3.0,8.0,5.0
HU,8.0,8.0,2.0,0.0,5.0,5.0,5.0,5.0,0.0,2.0,3.0,8.0,5.0,10.0
HU,10.0,7.0,1.0,5.0,4.0,7.0,5.0,4.0,2.0,6.0,2.0,7.0,6.0,5.0
HU,9.0,8.0,1.0,5.0,0.0,4.0,0.0,6.0,0.0,0.0,0.0,2.0,8.0,8.0
HU,3.0,2.0,3.0,2.0,0.0,7.0,2.0,5.0,2.0,0.0,2.0,7.0,8.0,4.0
HU,2.0,2.0,1.0,5.0,8.0,5.0,5.0,5.0,4.0,5.0,3.0,5.0,8.0,6.0
HU,7.0,7.0,1.0,4.0,6.0,6.0,7.0,7.0,7.0,6.0,7.0,7.0,8.0,8.0
HU,7.0,9.0,2.0,10.0,6.0,9.0,6.0,8.0,7.0,6.0,6.0,8.0,8.0,5.0
HU,5.0,5.0,1.0,10.0,6.0,8.0,10.0,10.0,10.0,10.0,9.0,10.0,7.0,10.0
HU,5.0,4.0,2.0,3.0,0.0,7.0,3.0,6.0,0.0,4.0,0.0,7.0,5.0,9.0
HU,6.0,4.0,1.0,8.0,5.0,3.0,5.0,7.0,1.0,4.0,1.0,4.0,8.0,8.0
HU,3.0,3.0,1.0,7.0,2.0,5.0,2.0,7.0,2.0,3.0,2.0,6.0,8.0,5.0
HU,4.0,5.0,4.0,8.0,0.0,7.0,4.0,7.0,5.0,4.0,2.0,7.0,5.0,5.0
HU,7.0,6.0,1.0,8.0,8.0,8.0,8.0,8.0,8.0,8.0,8.0,8.0,7.0,8.0
HU,7.0,6.0,2.0,4.0,4.0,5.0,6.0,4.0,4.0,5.0,0.0,5.0,8.0,7.0
HU,4.0,3.0,3.0,7.0,3.0,6.0,7.0,7.0,3.0,5.0,3.0,6.0,7.0,7.0
HU,7.0,6.0,1.0,2.0,0.0,8.0,5.0,8.0,3.0,0.0,4.0,9.0,1.0,4.0
HU,5.0,3.0,1.0,7.0,5.0,8.0,5.0,3.0,2.0,5.0,0.0,10.0,6.0,8.0
HU,5.0,0.0,1.0,10.0,2.0,5.0,8.0,5.0,2.0,5.0,2.0,9.0,9.0,10.0
HU,5.0,5.0,4.0,3.0,5.0,6.0,8.0,8.0,3.0,7.0,3.0,7.0,7.0,8.0
HU,5.0,3.0,2.0,5.0,7.0,1.0,7.0,9.0,4.0,7.0,4.0,1.0,7.0,5.0
HU,5.0,2.0,1.0,6.0,3.0,7.0,2.0,1.0,3.0,2.0,0.0,8.0,6.0,3.0
HU,1.0,1.0,1.0,10.0,8.0,3.0,7.0,7.0,6.0,7.0,6.0,3.0,5.0,9.0
HU,1.0,4.0,3.0,7.0,0.0,0.0,1.0,4.0,0.0,0.0,0.0,3.0,5.0,7.0
HU,7.0,5.0,2.0,10.0,1.0,4.0,7.0,5.0,4.0,2.0,4.0,6.0,7.0,3.0
HU,6.0,5.0,2.0,5.0,5.0,5.0,5.0,5.0,5.0,6.0,6.0,6.0,6.0,6.0
HU,5.0,0.0,2.0,10.0,10.0,10.0,10.0,10.0,10.0,10.0,10.0,10.0,8.0,10.0
HU,7.0,6.0,2.0,0.0,0.0,8.0,5.0,9.0,2.0,2.0,2.0,8.0,5.0,10.0
HU,7.0,5.0,1.0,8.0,2.0,2.0,8.0,7.0,2.0,5.0,2.0,6.0,8.0,7.0
HU,5.0,6.0,2.0,2.0,7.0,4.0,9.0,9.0,5.0,7.0,0.0,7.0,5.0,9.0
HU,6.0,7.0,1.0,8.0,7.0,5.0,7.0,7.0,6.0,6.0,6.0,7.0,6.0,9.0
HU,2.0,5.0,2.0,5.0,4.0,0.0,5.0,5.0,2.0,5.0,2.0,2.0,6.0,9.0
HU,5.0,6.0,1.0,3.0,2.0,7.0,7.0,6.0,3.0,5.0,3.0,6.0,7.0,7.0
HU,5.0,5.0,2.0,5.0,5.0,5.0,8.0,8.0,5.0,5.0,5.0,5.0,8.0,7.0
HU,6.0,8.0,1.0,7.0,8.0,5.0,8.0,8.0,5.0,5.0,5.0,6.0,7.0,7.0
HU,4.0,5.0,1.0,5.0,4.0,5.0,8.0,6.0,3.0,8.0,1.0,8.0,7.0,7.0
HU,5.0,4.0,1.0,3.0,4.0,3.0,5.0,5.0,2.0,4.0,3.0,3.0,4.0,6.0
HU,3.0,4.0,2.0,4.0,5.0,4.0,3.0,4.0,4.0,2.0,2.0,4.0,4.0,10.0
HU,0.0,0.0,1.0,10.0,5.0,0.0,5.0,5.0,0.0,5.0,0.0,1.0,7.0,8.0
HU,6.0,9.0,1.0,8.0,7.0,7.0,8.0,9.0,7.0,8.0,7.0,8.0,9.0,9.0
HU,1.0,5.0,1.0,5.0,2.0,4.0,5.0,4.0,0.0,2.0,0.0,7.0,6.0,5.0
HU,2.0,2.0,1.0,0.0,1.0,2.0,2.0,3.0,2.0,2.0,3.0,3.0,3.0,8.0
HU,0.0,5.0,2.0,5.0,5.0,10.0,5.0,7.0,0.0,5.0,0.0,10.0,9.0,0.0
HU,4.0,7.0,2.0,8.0,2.0,2.0,3.0,4.0,3.0,2.0,2.0,3.0,6.0,9.0
HU,7.0,7.0,2.0,4.0,3.0,7.0,1.0,4.0,2.0,1.0,3.0,7.0,7.0,3.0
HU,4.0,4.0,3.0,6.0,6.0,5.0,7.0,8.0,3.0,6.0,4.0,5.0,7.0,7.0
HU,10.0,10.0,1.0,5.0,5.0,5.0,5.0,5.0,5.0,5.0,0.0,5.0,4.0,5.0
HU,5.0,5.0,2.0,7.0,7.0,5.0,7.0,8.0,3.0,5.0,3.0,6.0,4.0,5.0
HU,5.0,7.0,2.0,1.0,3.0,4.0,8.0,7.0,4.0,6.0,4.0,4.0,7.0,4.0
HU,7.0,5.0,2.0,10.0,8.0,3.0,5.0,3.0,5.0,7.0,4.0,4.0,8.0,10.0
HU,4.0,5.0,4.0,3.0,3.0,6.0,6.0,7.0,3.0,4.0,5.0,6.0,9.0,7.0
HU,4.0,6.0,1.0,5.0,5.0,7.0,9.0,8.0,6.0,5.0,6.0,7.0,6.0,8.0
HU,2.0,5.0,1.0,5.0,4.0,5.0,4.0,8.0,4.0,4.0,4.0,6.0,8.0,6.0
HU,5.0,5.0,2.0,5.0,3.0,5.0,7.0,7.0,5.0,5.0,0.0,8.0,3.0,10.0
HU,8.0,5.0,1.0,3.0,2.0,5.0,5.0,6.0,1.0,0.0,1.0,5.0,4.0,8.0
HU,1.0,3.0,1.0,8.0,8.0,0.0,3.0,5.0,3.0,9.0,0.0,0.0,6.0,0.0
HU,2.0,2.0,2.0,0.0,2.0,4.0,4.0,4.0,4.0,4.0,4.0,4.0,1.0,6.0
HU,4.0,5.0,1.0,0.0,3.0,5.0,5.0,5.0,3.0,3.0,4.0,3.0,7.0,8.0
HU,5.0,5.0,3.0,5.0,5.0,5.0,5.0,8.0,5.0,5.0,5.0,5.0,8.0,7.0
HU,3.0,5.0,1.0,6.0,8.0,2.0,7.0,8.0,6.0,6.0,6.0,4.0,8.0,7.0
HU,8.0,10.0,2.0,3.0,4.0,9.0,10.0,10.0,9.0,10.0,9.0,9.0,7.0,6.0
HU,2.0,3.0,1.0,5.0,3.0,4.0,5.0,4.0,3.0,4.0,3.0,4.0,5.0,7.0
HU,6.0,6.0,1.0,5.0,5.0,5.0,7.0,8.0,5.0,7.0,5.0,8.0,8.0,10.0
HU,7.0,6.0,1.0,7.0,6.0,7.0,7.0,8.0,5.0,5.0,0.0,7.0,7.0,10.0
HU,2.0,5.0,1.0,10.0,10.0,0.0,3.0,5.0,9.0,8.0,10.0,0.0,6.0,6.0
HU,5.0,5.0,1.0,5.0,8.0,8.0,9.0,7.0,7.0,10.0,0.0,8.0,7.0,7.0
HU,4.0,3.0,3.0,4.0,2.0,6.0,5.0,4.0,4.0,2.0,4.0,6.0,5.0,4.0
HU,9.0,10.0,1.0,7.0,2.0,2.0,5.0,5.0,4.0,6.0,3.0,4.0,7.0,5.0
HU,3.0,3.0,3.0,5.0,2.0,2.0,1.0,2.0,1.0,2.0,0.0,4.0,10.0,2.0
HU,3.0,3.0,1.0,10.0,8.0,3.0,7.0,3.0,5.0,7.0,5.0,3.0,5.0,5.0
HU,4.0,6.0,1.0,5.0,3.0,0.0,4.0,0.0,0.0,0.0,0.0,1.0,9.0,10.0
HU,2.0,4.0,2.0,6.0,4.0,6.0,4.0,6.0,4.0,2.0,4.0,8.0,7.0,6.0
HU,6.0,5.0,1.0,10.0,9.0,4.0,9.0,8.0,7.0,8.0,5.0,7.0,8.0,7.0
HU,8.0,4.0,2.0,8.0,0.0,5.0,3.0,0.0,0.0,2.0,0.0,5.0,9.0,5.0
HU,4.0,2.0,1.0,10.0,0.0,1.0,1.0,1.0,1.0,1.0,1.0,1.0,7.0,9.0
HU,6.0,7.0,1.0,5.0,5.0,9.0,8.0,9.0,3.0,2.0,1.0,7.0,7.0,8.0
HU,7.0,2.0,3.0,10.0,9.0,7.0,7.0,8.0,9.0,5.0,5.0,6.0,10.0,6.0
HU,7.0,5.0,1.0,9.0,6.0,7.0,8.0,6.0,7.0,8.0,7.0,7.0,2.0,8.0
HU,7.0,7.0,2.0,3.0,5.0,10.0,8.0,8.0,6.0,7.0,6.0,9.0,7.0,7.0
HU,7.0,6.0,2.0,7.0,7.0,5.0,6.0,7.0,6.0,5.0,5.0,6.0,7.0,6.0
HU,7.0,2.0,2.0,5.0,3.0,2.0,0.0,1.0,0.0,1.0,0.0,4.0,4.0,9.0
HU,6.0,4.0,2.0,8.0,7.0,7.0,7.0,7.0,5.0,6.0,5.0,7.0,10.0,2.0
HU,3.0,5.0,1.0,5.0,3.0,9.0,8.0,7.0,7.0,6.0,6.0,9.0,9.0,5.0
HU,10.0,10.0,1.0,5.0,4.0,0.0,2.0,1.0,0.0,0.0,0.0,3.0,8.0,1.0
HU,3.0,3.0,1.0,5.0,3.0,1.0,3.0,3.0,0.0,1.0,0.0,1.0,6.0,9.0
HU,3.0,4.0,1.0,4.0,2.0,5.0,7.0,4.0,3.0,4.0,3.0,6.0,5.0,7.0
HU,5.0,3.0,1.0,5.0,5.0,6.0,5.0,4.0,2.0,6.0,1.0,9.0,2.0,4.0
HU,1.0,5.0,1.0,5.0,0.0,3.0,2.0,2.0,0.0,0.0,0.0,4.0,9.0,9.0
HU,5.0,3.0,1.0,3.0,3.0,7.0,5.0,10.0,3.0,4.0,2.0,9.0,10.0,5.0
HU,5.0,7.0,2.0,3.0,8.0,4.0,8.0,8.0,5.0,7.0,0.0,6.0,7.0,7.0
HU,3.0,3.0,2.0,5.0,3.0,4.0,5.0,5.0,2.0,4.0,2.0,5.0,5.0,7.0
HU,4.0,0.0,1.0,4.0,2.0,5.0,5.0,6.0,4.0,3.0,5.0,5.0,8.0,7.0
HU,5.0,5.0,2.0,7.0,5.0,1.0,3.0,6.0,2.0,3.0,1.0,3.0,5.0,2.0
HU,2.0,5.0,1.0,4.0,5.0,5.0,7.0,8.0,3.0,5.0,2.0,5.0,7.0,8.0
HU,6.0,5.0,1.0,7.0,3.0,5.0,7.0,7.0,2.0,3.0,3.0,5.0,10.0,7.0
HU,1.0,2.0,1.0,3.0,3.0,3.0,6.0,7.0,1.0,4.0,1.0,4.0,7.0,4.0
HU,4.0,6.0,1.0,3.0,2.0,4.0,6.0,8.0,0.0,1.0,0.0,6.0,7.0,2.0
HU,4.0,4.0,2.0,10.0,10.0,7.0,7.0,8.0,5.0,7.0,5.0,7.0,5.0,1.0
HU,2.0,4.0,2.0,4.0,2.0,2.0,3.0,3.0,1.0,2.0,1.0,3.0,2.0,4.0
HU,5.0,6.0,3.0,0.0,3.0,6.0,5.0,6.0,2.0,5.0,0.0,9.0,2.0,8.0
HU,7.0,2.0,1.0,9.0,10.0,10.0,10.0,9.0,9.0,10.0,9.0,9.0,10.0,6.0
HU,4.0,5.0,1.0,5.0,4.0,7.0,6.0,7.0,3.0,5.0,3.0,8.0,8.0,5.0
HU,2.0,5.0,2.0,2.0,0.0,5.0,0.0,5.0,5.0,0.0,5.0,8.0,8.0,10.0
HU,2.0,5.0,1.0,4.0,3.0,3.0,4.0,4.0,1.0,2.0,0.0,1.0,1.0,2.0
HU,7.0,6.0,1.0,8.0,5.0,6.0,8.0,8.0,6.0,7.0,6.0,8.0,9.0,8.0
HU,5.0,5.0,3.0,5.0,4.0,5.0,5.0,0.0,0.0,0.0,5.0,6.0,5.0,7.0
HU,5.0,5.0,2.0,10.0,0.0,0.0,3.0,3.0,3.0,0.0,3.0,0.0,8.0,7.0
HU,6.0,7.0,1.0,1.0,3.0,6.0,4.0,7.0,2.0,2.0,3.0,6.0,5.0,7.0
HU,2.0,1.0,1.0,7.0,0.0,5.0,2.0,7.0,4.0,6.0,2.0,6.0,8.0,4.0
HU,3.0,3.0,1.0,7.0,2.0,5.0,3.0,8.0,2.0,2.0,2.0,5.0,5.0,8.0
HU,1.0,2.0,2.0,5.0,0.0,5.0,3.0,2.0,1.0,5.0,0.0,8.0,2.0,7.0
HU,8.0,5.0,2.0,10.0,3.0,7.0,6.0,0.0,0.0,5.0,3.0,7.0,7.0,7.0
HU,6.0,7.0,2.0,0.0,6.0,8.0,9.0,9.0,6.0,6.0,6.0,9.0,2.0,8.0
HU,7.0,9.0,1.0,7.0,8.0,8.0,7.0,8.0,9.0,8.0,9.0,7.0,6.0,8.0
HU,7.0,5.0,2.0,7.0,5.0,5.0,8.0,8.0,5.0,5.0,5.0,5.0,7.0,6.0
HU,5.0,5.0,3.0,5.0,4.0,6.0,4.0,5.0,1.0,3.0,2.0,6.0,5.0,7.0
HU,8.0,1.0,1.0,8.0,4.0,10.0,9.0,0.0,4.0,0.0,0.0,10.0,6.0,2.0
HU,2.0,7.0,1.0,7.0,0.0,4.0,4.0,4.0,4.0,4.0,4.0,4.0,5.0,5.0
HU,9.0,9.0,1.0,5.0,5.0,7.0,6.0,8.0,5.0,6.0,5.0,8.0,5.0,8.0
HU,5.0,4.0,2.0,5.0,3.0,6.0,4.0,6.0,4.0,4.0,4.0,7.0,8.0,4.0
HU,4.0,5.0,2.0,4.0,4.0,4.0,4.0,4.0,3.0,5.0,4.0,6.0,9.0,5.0
HU,3.0,4.0,2.0,3.0,4.0,8.0,9.0,7.0,5.0,8.0,0.0,8.0,8.0,8.0
HU,6.0,3.0,1.0,7.0,4.0,5.0,6.0,6.0,2.0,2.0,2.0,5.0,7.0,7.0
HU,6.0,2.0,1.0,4.0,4.0,7.0,7.0,7.0,3.0,7.0,3.0,8.0,4.0,6.0
HU,5.0,6.0,1.0,6.0,4.0,8.0,8.0,6.0,4.0,5.0,4.0,10.0,9.0,8.0
HU,7.0,1.0,3.0,5.0,5.0,5.0,7.0,5.0,3.0,5.0,3.0,5.0,8.0,7.0
HU,2.0,1.0,1.0,5.0,5.0,3.0,2.0,5.0,3.0,4.0,3.0,3.0,4.0,7.0
HU,9.0,10.0,3.0,6.0,1.0,8.0,2.0,3.0,3.0,3.0,5.0,8.0,7.0,8.0
HU,6.0,7.0,2.0,8.0,7.0,0.0,6.0,2.0,2.0,8.0,3.0,0.0,2.0,9.0
HU,0.0,0.0,2.0,5.0,5.0,5.0,5.0,2.0,5.0,5.0,5.0,5.0,7.0,10.0
HU,7.0,7.0,2.0,0.0,0.0,10.0,0.0,7.0,3.0,0.0,5.0,10.0,10.0,3.0
HU,5.0,5.0,1.0,5.0,3.0,5.0,5.0,3.0,3.0,5.0,0.0,3.0,6.0,5.0
HU,0.0,0.0,2.0,5.0,0.0,5.0,2.0,5.0,1.0,0.0,3.0,4.0,6.0,5.0
HU,7.0,4.0,1.0,2.0,0.0,8.0,7.0,6.0,9.0,4.0,6.0,7.0,7.0,9.0
HU,3.0,2.0,1.0,2.0,4.0,9.0,7.0,7.0,7.0,5.0,8.0,5.0,10.0,4.0
HU,3.0,3.0,1.0,4.0,3.0,5.0,4.0,4.0,2.0,5.0,2.0,7.0,10.0,5.0
HU,7.0,6.0,1.0,4.0,3.0,8.0,6.0,3.0,3.0,6.0,4.0,8.0,4.0,8.0
HU,5.0,3.0,1.0,4.0,5.0,5.0,2.0,6.0,4.0,4.0,3.0,5.0,6.0,7.0
HU,3.0,6.0,2.0,7.0,4.0,6.0,5.0,5.0,2.0,5.0,2.0,5.0,9.0,8.0
HU,3.0,0.0,1.0,7.0,0.0,5.0,2.0,2.0,0.0,5.0,0.0,5.0,7.0,2.0
HU,5.0,2.0,4.0,6.0,1.0,4.0,3.0,2.0,1.0,3.0,1.0,5.0,5.0,3.0
HU,5.0,6.0,1.0,7.0,7.0,4.0,7.0,6.0,7.0,4.0,7.0,4.0,8.0,7.0
HU,7.0,6.0,2.0,2.0,2.0,4.0,3.0,7.0,3.0,3.0,3.0,7.0,4.0,6.0
HU,7.0,7.0,1.0,8.0,6.0,6.0,6.0,8.0,6.0,6.0,6.0,6.0,8.0,8.0
HU,2.0,2.0,1.0,6.0,1.0,5.0,5.0,5.0,1.0,2.0,1.0,7.0,4.0,5.0
HU,5.0,4.0,1.0,5.0,2.0,3.0,4.0,3.0,3.0,3.0,4.0,4.0,10.0,6.0
HU,3.0,4.0,2.0,5.0,2.0,5.0,5.0,5.0,2.0,5.0,2.0,5.0,7.0,7.0
HU,8.0,5.0,2.0,5.0,7.0,8.0,8.0,5.0,7.0,8.0,7.0,6.0,5.0,7.0
HU,8.0,9.0,1.0,9.0,8.0,0.0,4.0,5.0,3.0,3.0,3.0,0.0,5.0,10.0
HU,6.0,7.0,2.0,8.0,4.0,4.0,5.0,6.0,3.0,5.0,3.0,7.0,10.0,4.0
HU,6.0,7.0,2.0,2.0,2.0,4.0,6.0,6.0,5.0,5.0,5.0,4.0,9.0,7.0
HU,4.0,7.0,1.0,8.0,5.0,5.0,1.0,3.0,1.0,1.0,1.0,1.0,8.0,7.0
HU,5.0,4.0,2.0,5.0,2.0,0.0,3.0,3.0,0.0,1.0,0.0,0.0,8.0,4.0
HU,9.0,4.0,2.0,5.0,10.0,9.0,9.0,10.0,7.0,7.0,7.0,9.0,10.0,10.0
HU,5.0,5.0,1.0,4.0,3.0,5.0,3.0,3.0,3.0,3.0,3.0,5.0,4.0,6.0
HU,4.0,4.0,2.0,8.0,9.0,5.0,7.0,9.0,4.0,6.0,3.0,6.0,8.0,9.0
HU,7.0,8.0,2.0,5.0,1.0,4.0,5.0,5.0,2.0,3.0,2.0,5.0,4.0,5.0
HU,8.0,8.0,1.0,8.0,8.0,4.0,7.0,9.0,9.0,7.0,4.0,5.0,6.0,9.0
HU,5.0,5.0,2.0,5.0,3.0,6.0,7.0,7.0,5.0,6.0,5.0,7.0,3.0,7.0
HU,7.0,7.0,1.0,2.0,1.0,6.0,8.0,8.0,4.0,8.0,2.0,5.0,8.0,7.0
HU,8.0,3.0,1.0,6.0,8.0,10.0,10.0,10.0,4.0,10.0,3.0,10.0,7.0,10.0
HU,2.0,5.0,1.0,6.0,6.0,7.0,8.0,9.0,6.0,9.0,6.0,7.0,10.0,6.0
HU,4.0,1.0,3.0,0.0,0.0,7.0,0.0,0.0,1.0,0.0,0.0,8.0,9.0,6.0
HU,2.0,3.0,1.0,3.0,1.0,5.0,3.0,6.0,1.0,2.0,1.0,6.0,0.0,3.0
HU,3.0,3.0,1.0,5.0,3.0,5.0,3.0,3.0,3.0,3.0,0.0,8.0,9.0,9.0
HU,3.0,4.0,1.0,6.0,2.0,2.0,3.0,3.0,1.0,5.0,1.0,2.0,0.0,7.0
HU,8.0,6.0,2.0,10.0,1.0,3.0,3.0,4.0,4.0,4.0,5.0,3.0,7.0,3.0
HU,6.0,6.0,1.0,5.0,7.0,6.0,6.0,6.0,6.0,6.0,6.0,6.0,4.0,7.0
HU,8.0,4.0,2.0,6.0,3.0,7.0,4.0,6.0,4.0,3.0,3.0,7.0,10.0,7.0
HU,3.0,5.0,3.0,2.0,7.0,8.0,6.0,6.0,5.0,5.0,3.0,8.0,8.0,9.0
HU,4.0,8.0,1.0,3.0,4.0,9.0,6.0,9.0,6.0,7.0,7.0,6.0,8.0,8.0
HU,6.0,3.0,2.0,5.0,0.0,7.0,1.0,0.0,0.0,1.0,0.0,7.0,2.0,10.0
HU,0.0,4.0,1.0,0.0,0.0,4.0,5.0,5.0,5.0,4.0,4.0,7.0,6.0,5.0
HU,7.0,6.0,2.0,7.0,6.0,8.0,9.0,7.0,6.0,8.0,7.0,7.0,7.0,7.0
HU,5.0,0.0,2.0,10.0,10.0,10.0,10.0,10.0,10.0,10.0,10.0,10.0,5.0,10.0
HU,4.0,4.0,2.0,8.0,2.0,2.0,4.0,8.0,4.0,3.0,4.0,8.0,7.0,4.0
HU,2.0,4.0,2.0,5.0,2.0,3.0,3.0,3.0,0.0,0.0,0.0,3.0,8.0,3.0
HU,4.0,5.0,1.0,5.0,6.0,6.0,4.0,5.0,6.0,6.0,5.0,3.0,3.0,5.0
HU,1.0,5.0,1.0,5.0,0.0,6.0,2.0,6.0,1.0,0.0,0.0,8.0,6.0,8.0
HU,6.0,3.0,2.0,7.0,6.0,3.0,5.0,4.0,3.0,5.0,3.0,3.0,6.0,5.0
HU,2.0,10.0,3.0,4.0,7.0,8.0,7.0,8.0,8.0,9.0,7.0,9.0,2.0,8.0
HU,3.0,5.0,2.0,2.0,6.0,4.0,5.0,8.0,2.0,8.0,0.0,7.0,6.0,7.0
HU,7.0,6.0,2.0,8.0,8.0,7.0,7.0,7.0,7.0,6.0,5.0,9.0,8.0,7.0
HU,3.0,5.0,3.0,0.0,8.0,5.0,0.0,2.0,4.0,5.0,4.0,5.0,9.0,10.0
HU,7.0,7.0,2.0,10.0,4.0,10.0,10.0,10.0,10.0,10.0,10.0,5.0,7.0,10.0
HU,6.0,8.0,1.0,8.0,8.0,7.0,8.0,9.0,8.0,8.0,7.0,7.0,4.0,8.0
HU,2.0,4.0,1.0,7.0,4.0,6.0,7.0,6.0,4.0,5.0,5.0,6.0,9.0,8.0
HU,5.0,4.0,2.0,6.0,7.0,5.0,5.0,5.0,4.0,6.0,0.0,8.0,5.0,10.0
HU,3.0,7.0,2.0,5.0,4.0,5.0,4.0,4.0,4.0,3.0,4.0,5.0,4.0,5.0
HU,7.0,6.0,3.0,8.0,8.0,3.0,3.0,3.0,6.0,6.0,6.0,3.0,3.0,8.0
HU,2.0,5.0,1.0,5.0,4.0,7.0,5.0,8.0,3.0,5.0,3.0,8.0,6.0,10.0
HU,6.0,5.0,1.0,2.0,4.0,5.0,6.0,6.0,7.0,7.0,6.0,6.0,4.0,3.0
HU,5.0,3.0,1.0,5.0,6.0,6.0,5.0,7.0,5.0,5.0,5.0,7.0,8.0,7.0
HU,0.0,5.0,1.0,5.0,0.0,5.0,5.0,5.0,0.0,0.0,0.0,10.0,5.0,5.0
HU,4.0,7.0,1.0,4.0,5.0,9.0,5.0,7.0,5.0,5.0,6.0,9.0,5.0,9.0
HU,5.0,5.0,1.0,5.0,5.0,5.0,7.0,9.0,5.0,5.0,5.0,5.0,8.0,7.0
HU,5.0,5.0,1.0,6.0,7.0,10.0,9.0,7.0,7.0,10.0,0.0,10.0,5.0,9.0
HU,6.0,2.0,2.0,5.0,2.0,2.0,3.0,4.0,0.0,3.0,0.0,6.0,8.0,1.0
HU,5.0,7.0,2.0,0.0,2.0,5.0,9.0,9.0,4.0,1.0,4.0,9.0,7.0,5.0
HU,3.0,5.0,1.0,8.0,4.0,3.0,4.0,3.0,4.0,6.0,4.0,3.0,9.0,5.0
HU,7.0,7.0,1.0,6.0,0.0,6.0,4.0,4.0,1.0,1.0,1.0,8.0,5.0,9.0
HU,4.0,6.0,2.0,2.0,5.0,5.0,4.0,4.0,3.0,4.0,2.0,6.0,5.0,7.0
HU,3.0,5.0,2.0,5.0,0.0,0.0,5.0,3.0,0.0,0.0,0.0,1.0,7.0,0.0
HU,6.0,4.0,2.0,5.0,5.0,3.0,5.0,5.0,2.0,3.0,2.0,3.0,7.0,5.0
HU,10.0,8.0,2.0,10.0,5.0,6.0,8.0,9.0,6.0,8.0,5.0,7.0,2.0,6.0
HU,7.0,5.0,2.0,10.0,10.0,10.0,10.0,10.0,10.0,10.0,10.0,10.0,5.0,7.0
HU,3.0,3.0,1.0,5.0,2.0,3.0,4.0,4.0,0.0,2.0,0.0,5.0,6.0,4.0
HU,6.0,6.0,1.0,7.0,6.0,7.0,7.0,8.0,6.0,5.0,7.0,8.0,5.0,7.0
HU,7.0,5.0,2.0,7.0,7.0,8.0,7.0,9.0,7.0,6.0,7.0,8.0,6.0,9.0
HU,2.0,7.0,1.0,5.0,3.0,5.0,7.0,8.0,8.0,6.0,6.0,7.0,5.0,8.0
HU,1.0,1.0,1.0,5.0,1.0,1.0,1.0,2.0,1.0,1.0,1.0,1.0,4.0,5.0
HU,10.0,5.0,1.0,10.0,8.0,8.0,3.0,10.0,6.0,8.0,0.0,10.0,5.0,7.0
HU,8.0,3.0,1.0,5.0,2.0,8.0,10.0,7.0,6.0,7.0,5.0,10.0,2.0,8.0
HU,1.0,3.0,2.0,5.0,6.0,5.0,6.0,5.0,4.0,4.0,4.0,6.0,5.0,7.0
HU,7.0,5.0,2.0,4.0,4.0,6.0,8.0,9.0,3.0,6.0,3.0,6.0,7.0,7.0
HU,8.0,7.0,1.0,0.0,1.0,8.0,5.0,7.0,3.0,2.0,3.0,7.0,6.0,8.0
HU,4.0,7.0,1.0,1.0,2.0,6.0,2.0,2.0,2.0,3.0,1.0,7.0,4.0,5.0
HU,2.0,2.0,1.0,6.0,7.0,8.0,10.0,8.0,8.0,10.0,0.0,8.0,5.0,10.0
HU,8.0,6.0,1.0,0.0,4.0,7.0,8.0,7.0,3.0,8.0,8.0,7.0,8.0,4.0
HU,3.0,4.0,1.0,6.0,7.0,3.0,10.0,8.0,2.0,4.0,1.0,6.0,6.0,7.0
HU,1.0,5.0,3.0,4.0,3.0,4.0,5.0,5.0,4.0,3.0,0.0,5.0,7.0,5.0
HU,5.0,5.0,2.0,2.0,5.0,8.0,5.0,7.0,5.0,5.0,8.0,8.0,8.0,5.0
HU,0.0,3.0,3.0,10.0,1.0,0.0,2.0,10.0,0.0,0.0,0.0,0.0,6.0,3.0
HU,3.0,1.0,2.0,7.0,5.0,6.0,6.0,7.0,5.0,5.0,0.0,7.0,10.0,6.0
HU,7.0,3.0,1.0,5.0,4.0,0.0,0.0,2.0,0.0,0.0,0.0,0.0,9.0,7.0
HU,7.0,7.0,2.0,7.0,7.0,6.0,4.0,3.0,5.0,6.0,5.0,7.0,0.0,8.0
HU,7.0,5.0,2.0,6.0,3.0,1.0,2.0,3.0,1.0,2.0,1.0,3.0,5.0,7.0
HU,3.0,3.0,1.0,6.0,5.0,7.0,7.0,7.0,7.0,2.0,6.0,10.0,8.0,8.0
HU,1.0,0.0,1.0,2.0,8.0,5.0,8.0,8.0,1.0,5.0,5.0,5.0,6.0,5.0
HU,6.0,7.0,2.0,10.0,7.0,7.0,7.0,7.0,7.0,7.0,7.0,7.0,5.0,8.0
HU,5.0,5.0,2.0,7.0,3.0,10.0,6.0,7.0,3.0,5.0,0.0,10.0,7.0,8.0
HU,3.0,3.0,1.0,5.0,2.0,4.0,0.0,1.0,5.0,1.0,0.0,5.0,8.0,7.0
HU,5.0,5.0,1.0,3.0,2.0,7.0,7.0,6.0,7.0,6.0,7.0,7.0,6.0,6.0
HU,2.0,0.0,1.0,4.0,2.0,5.0,0.0,6.0,0.0,0.0,4.0,5.0,10.0,5.0
HU,3.0,4.0,1.0,6.0,4.0,4.0,4.0,6.0,6.0,5.0,5.0,4.0,9.0,5.0
HU,6.0,4.0,1.0,5.0,6.0,2.0,6.0,7.0,3.0,5.0,3.0,5.0,5.0,5.0
HU,10.0,8.0,3.0,10.0,8.0,0.0,0.0,0.0,0.0,0.0,0.0,0.0,5.0,6.0
HU,4.0,3.0,1.0,5.0,8.0,3.0,4.0,3.0,3.0,6.0,5.0,4.0,3.0,5.0
HU,6.0,6.0,1.0,3.0,2.0,6.0,5.0,4.0,2.0,4.0,3.0,6.0,8.0,6.0
HU,5.0,6.0,1.0,8.0,9.0,8.0,8.0,8.0,7.0,6.0,8.0,10.0,9.0,8.0
HU,3.0,4.0,1.0,7.0,7.0,5.0,7.0,7.0,3.0,5.0,3.0,8.0,5.0,8.0
HU,3.0,5.0,2.0,2.0,5.0,5.0,5.0,5.0,3.0,5.0,3.0,8.0,5.0,9.0
HU,6.0,3.0,1.0,4.0,5.0,5.0,5.0,7.0,2.0,4.0,4.0,5.0,8.0,7.0
HU,6.0,6.0,2.0,3.0,0.0,3.0,0.0,1.0,0.0,0.0,0.0,2.0,2.0,4.0
HU,5.0,7.0,2.0,10.0,10.0,8.0,10.0,10.0,10.0,7.0,10.0,6.0,10.0,10.0
HU,5.0,5.0,2.0,2.0,3.0,5.0,5.0,5.0,2.0,5.0,2.0,5.0,8.0,4.0
HU,4.0,3.0,2.0,5.0,5.0,5.0,5.0,5.0,4.0,5.0,0.0,5.0,7.0,9.0
HU,6.0,7.0,1.0,7.0,7.0,2.0,2.0,2.0,2.0,2.0,2.0,2.0,10.0,8.0
HU,2.0,3.0,1.0,7.0,6.0,3.0,4.0,6.0,2.0,4.0,3.0,2.0,7.0,5.0
HU,7.0,6.0,1.0,7.0,6.0,5.0,7.0,7.0,6.0,6.0,5.0,8.0,6.0,8.0
HU,5.0,2.0,1.0,5.0,2.0,5.0,4.0,6.0,2.0,4.0,2.0,5.0,2.0,2.0
HU,4.0,3.0,1.0,5.0,0.0,4.0,2.0,4.0,1.0,2.0,1.0,4.0,5.0,8.0
HU,5.0,4.0,1.0,1.0,2.0,5.0,2.0,3.0,2.0,2.0,2.0,5.0,4.0,5.0
HU,8.0,8.0,1.0,7.0,7.0,4.0,7.0,8.0,7.0,8.0,4.0,8.0,6.0,8.0
HU,2.0,3.0,1.0,5.0,2.0,3.0,3.0,7.0,1.0,2.0,1.0,4.0,5.0,7.0
HU,5.0,7.0,2.0,7.0,4.0,4.0,8.0,8.0,4.0,6.0,4.0,6.0,2.0,7.0
HU,3.0,3.0,1.0,7.0,7.0,7.0,7.0,9.0,5.0,6.0,3.0,8.0,9.0,7.0
HU,5.0,6.0,1.0,6.0,5.0,5.0,5.0,6.0,3.0,6.0,4.0,6.0,7.0,7.0
HU,3.0,5.0,1.0,5.0,0.0,3.0,3.0,3.0,0.0,1.0,0.0,4.0,8.0,5.0
HU,0.0,1.0,2.0,5.0,0.0,5.0,1.0,0.0,0.0,0.0,0.0,5.0,5.0,5.0
HU,5.0,6.0,2.0,5.0,0.0,7.0,3.0,4.0,0.0,0.0,0.0,8.0,5.0,8.0
HU,7.0,4.0,1.0,7.0,7.0,6.0,6.0,3.0,6.0,6.0,6.0,6.0,8.0,9.0
HU,5.0,6.0,1.0,0.0,9.0,6.0,8.0,9.0,8.0,8.0,8.0,7.0,8.0,10.0
HU,3.0,5.0,1.0,2.0,0.0,0.0,3.0,2.0,0.0,3.0,0.0,5.0,8.0,3.0
HU,1.0,1.0,3.0,5.0,2.0,5.0,5.0,2.0,0.0,2.0,0.0,5.0,7.0,7.0
HU,4.0,5.0,2.0,4.0,4.0,6.0,5.0,7.0,3.0,4.0,5.0,4.0,7.0,4.0
HU,6.0,8.0,3.0,5.0,6.0,8.0,7.0,9.0,7.0,8.0,7.0,9.0,7.0,8.0
HU,8.0,5.0,4.0,7.0,3.0,5.0,3.0,3.0,3.0,3.0,3.0,5.0,6.0,8.0
HU,3.0,2.0,1.0,5.0,4.0,0.0,4.0,5.0,4.0,2.0,4.0,6.0,7.0,5.0
HU,5.0,0.0,1.0,6.0,6.0,4.0,5.0,5.0,3.0,4.0,5.0,4.0,4.0,7.0
HU,2.0,3.0,2.0,6.0,6.0,5.0,6.0,6.0,7.0,7.0,7.0,6.0,3.0,6.0
HU,8.0,8.0,1.0,7.0,7.0,6.0,6.0,5.0,5.0,5.0,5.0,6.0,10.0,7.0
HU,6.0,6.0,2.0,1.0,3.0,3.0,2.0,3.0,3.0,0.0,2.0,3.0,8.0,9.0
HU,0.0,0.0,1.0,10.0,0.0,0.0,0.0,0.0,0.0,0.0,0.0,0.0,5.0,5.0
HU,7.0,8.0,1.0,5.0,9.0,8.0,8.0,9.0,8.0,8.0,7.0,8.0,8.0,8.0
HU,7.0,8.0,1.0,8.0,9.0,5.0,7.0,7.0,4.0,5.0,6.0,9.0,6.0,8.0
HU,3.0,3.0,2.0,5.0,4.0,5.0,3.0,5.0,3.0,2.0,3.0,4.0,5.0,3.0
HU,9.0,8.0,1.0,1.0,3.0,4.0,2.0,3.0,1.0,1.0,1.0,7.0,5.0,9.0
HU,0.0,2.0,2.0,6.0,5.0,0.0,3.0,5.0,3.0,3.0,2.0,2.0,5.0,5.0
HU,5.0,8.0,1.0,7.0,4.0,6.0,7.0,7.0,7.0,6.0,7.0,7.0,9.0,6.0
HU,4.0,3.0,1.0,9.0,4.0,5.0,5.0,4.0,3.0,5.0,3.0,5.0,9.0,7.0
HU,6.0,6.0,1.0,8.0,9.0,7.0,8.0,7.0,9.0,7.0,8.0,10.0,5.0,6.0
HU,5.0,6.0,2.0,10.0,0.0,1.0,0.0,5.0,1.0,0.0,0.0,5.0,7.0,8.0
HU,7.0,1.0,1.0,0.0,1.0,5.0,2.0,4.0,1.0,1.0,2.0,5.0,6.0,4.0
HU,5.0,5.0,1.0,9.0,5.0,6.0,4.0,5.0,0.0,7.0,0.0,5.0,6.0,3.0
HU,3.0,2.0,4.0,5.0,1.0,5.0,1.0,5.0,1.0,1.0,1.0,5.0,6.0,7.0
HU,4.0,6.0,3.0,10.0,8.0,5.0,6.0,2.0,6.0,7.0,5.0,5.0,3.0,8.0
HU,5.0,2.0,2.0,5.0,3.0,2.0,5.0,5.0,4.0,5.0,2.0,2.0,5.0,6.0
HU,5.0,7.0,3.0,8.0,2.0,2.0,5.0,3.0,5.0,8.0,4.0,2.0,8.0,8.0
HU,5.0,10.0,1.0,3.0,4.0,5.0,5.0,5.0,5.0,5.0,5.0,5.0,8.0,5.0
HU,3.0,2.0,1.0,8.0,6.0,5.0,3.0,5.0,2.0,5.0,2.0,5.0,2.0,6.0
HU,6.0,5.0,2.0,0.0,3.0,8.0,3.0,3.0,3.0,3.0,3.0,8.0,9.0,8.0
HU,3.0,3.0,1.0,9.0,9.0,9.0,8.0,5.0,7.0,8.0,7.0,7.0,5.0,9.0
HU,6.0,7.0,1.0,5.0,5.0,3.0,5.0,4.0,3.0,5.0,3.0,3.0,8.0,5.0
HU,7.0,4.0,2.0,7.0,10.0,8.0,9.0,10.0,8.0,8.0,8.0,8.0,8.0,6.0
HU,1.0,1.0,2.0,8.0,5.0,4.0,2.0,4.0,4.0,1.0,0.0,5.0,7.0,8.0
HU,2.0,2.0,2.0,6.0,5.0,5.0,8.0,8.0,5.0,3.0,0.0,7.0,8.0,9.0
HU,5.0,5.0,1.0,2.0,3.0,5.0,5.0,6.0,5.0,1.0,0.0,5.0,9.0,5.0
HU,3.0,5.0,1.0,5.0,0.0,0.0,0.0,0.0,0.0,0.0,0.0,0.0,8.0,7.0
HU,4.0,6.0,1.0,1.0,3.0,2.0,1.0,5.0,2.0,1.0,2.0,1.0,7.0,4.0
HU,5.0,3.0,1.0,5.0,5.0,2.0,4.0,8.0,0.0,2.0,0.0,3.0,5.0,7.0
HU,6.0,8.0,1.0,3.0,4.0,5.0,9.0,10.0,5.0,5.0,4.0,5.0,7.0,7.0
HU,7.0,7.0,1.0,2.0,5.0,7.0,7.0,8.0,6.0,5.0,6.0,7.0,7.0,10.0
HU,5.0,5.0,1.0,5.0,5.0,5.0,10.0,10.0,8.0,5.0,5.0,9.0,5.0,0.0
HU,7.0,8.0,1.0,5.0,8.0,5.0,7.0,7.0,5.0,6.0,5.0,5.0,6.0,8.0
HU,7.0,7.0,1.0,10.0,10.0,7.0,10.0,10.0,10.0,10.0,7.0,8.0,7.0,8.0
HU,2.0,2.0,2.0,8.0,8.0,7.0,6.0,5.0,6.0,7.0,5.0,8.0,5.0,9.0
HU,3.0,2.0,2.0,7.0,2.0,0.0,3.0,5.0,0.0,2.0,2.0,2.0,8.0,5.0
HU,3.0,5.0,2.0,10.0,10.0,10.0,10.0,9.0,7.0,8.0,6.0,10.0,7.0,6.0
HU,2.0,5.0,2.0,3.0,3.0,9.0,6.0,8.0,4.0,5.0,3.0,10.0,9.0,6.0
HU,9.0,8.0,2.0,9.0,9.0,9.0,8.0,9.0,8.0,9.0,10.0,8.0,3.0,9.0
HU,2.0,8.0,1.0,5.0,4.0,8.0,6.0,6.0,5.0,2.0,5.0,6.0,10.0,9.0
HU,3.0,5.0,1.0,5.0,0.0,6.0,3.0,2.0,2.0,3.0,2.0,6.0,7.0,5.0
HU,7.0,6.0,1.0,7.0,6.0,6.0,7.0,4.0,5.0,7.0,4.0,6.0,6.0,8.0
HU,3.0,1.0,2.0,4.0,2.0,7.0,1.0,3.0,5.0,1.0,3.0,5.0,7.0,7.0
HU,4.0,1.0,2.0,4.0,0.0,3.0,2.0,0.0,3.0,5.0,3.0,3.0,2.0,2.0
HU,5.0,1.0,2.0,10.0,6.0,1.0,0.0,0.0,2.0,8.0,2.0,1.0,8.0,8.0
HU,5.0,3.0,2.0,3.0,4.0,0.0,7.0,6.0,2.0,5.0,1.0,0.0,5.0,8.0
HU,8.0,6.0,1.0,5.0,5.0,8.0,7.0,7.0,5.0,5.0,4.0,3.0,8.0,5.0
HU,5.0,0.0,1.0,9.0,7.0,4.0,10.0,10.0,10.0,10.0,10.0,6.0,8.0,10.0
HU,3.0,3.0,1.0,5.0,8.0,5.0,4.0,6.0,5.0,5.0,0.0,5.0,3.0,6.0
HU,7.0,4.0,1.0,5.0,7.0,6.0,6.0,6.0,4.0,6.0,4.0,4.0,9.0,8.0
HU,7.0,6.0,1.0,3.0,7.0,9.0,9.0,7.0,5.0,7.0,4.0,9.0,9.0,8.0
HU,4.0,3.0,1.0,8.0,4.0,5.0,7.0,8.0,6.0,7.0,6.0,6.0,6.0,7.0
HU,2.0,4.0,1.0,1.0,2.0,4.0,5.0,1.0,2.0,5.0,6.0,5.0,10.0,6.0
HU,2.0,2.0,1.0,5.0,5.0,1.0,8.0,2.0,2.0,6.0,3.0,1.0,4.0,7.0
HU,5.0,5.0,1.0,10.0,0.0,8.0,0.0,0.0,0.0,0.0,2.0,8.0,8.0,8.0
HU,3.0,0.0,2.0,1.0,0.0,9.0,0.0,1.0,0.0,0.0,0.0,9.0,10.0,8.0
HU,3.0,3.0,1.0,5.0,5.0,5.0,5.0,5.0,5.0,5.0,5.0,5.0,5.0,4.0
HU,6.0,6.0,2.0,5.0,5.0,5.0,8.0,4.0,6.0,7.0,6.0,8.0,7.0,4.0
HU,2.0,5.0,1.0,5.0,4.0,1.0,3.0,3.0,1.0,2.0,1.0,1.0,6.0,8.0
HU,7.0,7.0,1.0,5.0,5.0,5.0,9.0,9.0,6.0,9.0,6.0,7.0,9.0,8.0
HU,8.0,6.0,2.0,5.0,5.0,7.0,3.0,4.0,5.0,4.0,2.0,7.0,7.0,8.0
HU,6.0,8.0,1.0,9.0,2.0,5.0,2.0,5.0,5.0,3.0,5.0,6.0,3.0,10.0
HU,7.0,5.0,1.0,5.0,5.0,5.0,5.0,5.0,5.0,5.0,0.0,5.0,7.0,5.0
HU,2.0,4.0,1.0,3.0,6.0,5.0,5.0,7.0,5.0,4.0,0.0,6.0,5.0,7.0
HU,4.0,3.0,1.0,7.0,8.0,5.0,6.0,7.0,5.0,7.0,5.0,5.0,5.0,9.0
HU,5.0,4.0,1.0,5.0,5.0,2.0,5.0,7.0,4.0,7.0,4.0,2.0,7.0,5.0
HU,6.0,5.0,3.0,6.0,5.0,5.0,6.0,6.0,7.0,4.0,7.0,5.0,5.0,5.0
HU,1.0,3.0,2.0,5.0,0.0,6.0,6.0,8.0,0.0,0.0,0.0,6.0,9.0,7.0
HU,2.0,1.0,1.0,5.0,5.0,0.0,5.0,3.0,1.0,5.0,2.0,0.0,8.0,9.0
HU,8.0,6.0,1.0,9.0,1.0,5.0,1.0,1.0,2.0,1.0,2.0,5.0,9.0,7.0
HU,4.0,5.0,2.0,5.0,8.0,4.0,6.0,8.0,4.0,5.0,4.0,5.0,10.0,8.0
HU,8.0,9.0,1.0,9.0,7.0,7.0,8.0,8.0,8.0,9.0,9.0,6.0,9.0,10.0
HU,1.0,3.0,1.0,10.0,10.0,10.0,5.0,10.0,7.0,5.0,5.0,5.0,5.0,5.0
HU,3.0,9.0,2.0,5.0,3.0,6.0,7.0,8.0,6.0,6.0,7.0,6.0,3.0,7.0
HU,5.0,8.0,1.0,7.0,8.0,7.0,6.0,7.0,5.0,6.0,0.0,9.0,9.0,9.0
HU,6.0,6.0,1.0,8.0,2.0,3.0,3.0,8.0,0.0,3.0,4.0,6.0,10.0,4.0
HU,4.0,4.0,1.0,5.0,5.0,4.0,5.0,5.0,5.0,4.0,5.0,5.0,3.0,3.0
HU,2.0,5.0,1.0,7.0,6.0,1.0,5.0,4.0,0.0,5.0,2.0,2.0,0.0,3.0
HU,3.0,0.0,1.0,10.0,3.0,5.0,6.0,7.0,3.0,6.0,0.0,5.0,8.0,6.0
HU,5.0,0.0,2.0,5.0,5.0,5.0,5.0,6.0,3.0,5.0,3.0,4.0,5.0,10.0
HU,7.0,6.0,1.0,5.0,3.0,8.0,4.0,7.0,5.0,3.0,3.0,9.0,5.0,7.0
HU,0.0,3.0,3.0,2.0,1.0,9.0,5.0,5.0,2.0,2.0,3.0,8.0,6.0,7.0
HU,0.0,3.0,1.0,10.0,1.0,0.0,1.0,2.0,0.0,2.0,0.0,0.0,10.0,5.0
HU,3.0,4.0,1.0,5.0,2.0,0.0,3.0,2.0,0.0,3.0,0.0,0.0,2.0,3.0
HU,7.0,7.0,2.0,8.0,2.0,6.0,7.0,6.0,5.0,6.0,7.0,4.0,10.0,7.0
HU,4.0,8.0,1.0,9.0,5.0,3.0,7.0,7.0,7.0,7.0,4.0,5.0,8.0,5.0
HU,4.0,6.0,2.0,6.0,6.0,4.0,5.0,6.0,4.0,2.0,6.0,5.0,4.0,4.0
HU,5.0,3.0,2.0,5.0,5.0,5.0,5.0,6.0,4.0,6.0,4.0,6.0,5.0,8.0
HU,7.0,5.0,2.0,7.0,6.0,7.0,6.0,8.0,6.0,3.0,5.0,4.0,9.0,5.0
HU,5.0,5.0,1.0,7.0,4.0,5.0,8.0,8.0,1.0,7.0,0.0,6.0,7.0,7.0
HU,1.0,1.0,1.0,0.0,3.0,3.0,2.0,2.0,3.0,2.0,3.0,2.0,6.0,8.0
HU,3.0,3.0,1.0,4.0,5.0,3.0,3.0,2.0,2.0,3.0,2.0,4.0,6.0,6.0
HU,8.0,8.0,1.0,7.0,8.0,7.0,8.0,9.0,7.0,7.0,9.0,8.0,9.0,7.0
HU,7.0,5.0,2.0,3.0,4.0,3.0,5.0,5.0,3.0,4.0,1.0,3.0,5.0,7.0
HU,7.0,6.0,1.0,8.0,3.0,3.0,2.0,1.0,0.0,2.0,0.0,3.0,5.0,9.0
HU,7.0,7.0,1.0,8.0,9.0,7.0,8.0,7.0,5.0,8.0,6.0,7.0,5.0,7.0
HU,5.0,7.0,1.0,5.0,6.0,7.0,8.0,8.0,7.0,7.0,0.0,7.0,4.0,8.0
HU,1.0,2.0,1.0,8.0,0.0,0.0,5.0,5.0,2.0,5.0,2.0,0.0,7.0,8.0
HU,6.0,8.0,2.0,4.0,2.0,5.0,4.0,5.0,0.0,2.0,1.0,5.0,8.0,10.0
HU,6.0,6.0,1.0,3.0,4.0,9.0,6.0,9.0,5.0,6.0,5.0,10.0,10.0,7.0
HU,7.0,7.0,3.0,0.0,0.0,8.0,2.0,8.0,3.0,2.0,4.0,7.0,9.0,8.0
HU,4.0,6.0,1.0,6.0,5.0,4.0,4.0,7.0,4.0,4.0,4.0,4.0,10.0,9.0
HU,4.0,4.0,2.0,8.0,4.0,5.0,4.0,5.0,4.0,5.0,5.0,4.0,4.0,5.0
HU,8.0,1.0,3.0,5.0,0.0,0.0,0.0,0.0,0.0,0.0,0.0,0.0,9.0,1.0
HU,5.0,3.0,1.0,5.0,0.0,3.0,3.0,5.0,0.0,3.0,0.0,0.0,4.0,8.0
HU,7.0,8.0,1.0,8.0,6.0,3.0,5.0,6.0,3.0,5.0,3.0,7.0,4.0,9.0
HU,5.0,6.0,1.0,5.0,4.0,5.0,5.0,5.0,5.0,5.0,5.0,5.0,7.0,5.0
HU,7.0,6.0,1.0,5.0,5.0,5.0,5.0,5.0,5.0,5.0,5.0,5.0,6.0,10.0
HU,4.0,6.0,1.0,4.0,4.0,4.0,4.0,7.0,6.0,7.0,1.0,3.0,9.0,6.0
HU,4.0,6.0,1.0,5.0,4.0,6.0,7.0,9.0,3.0,6.0,6.0,8.0,10.0,7.0
HU,9.0,8.0,1.0,10.0,10.0,9.0,8.0,8.0,8.0,8.0,8.0,8.0,5.0,10.0
HU,5.0,1.0,1.0,10.0,5.0,5.0,4.0,8.0,5.0,5.0,4.0,2.0,8.0,9.0
HU,5.0,0.0,2.0,5.0,5.0,0.0,3.0,5.0,0.0,3.0,5.0,0.0,5.0,5.0
HU,5.0,5.0,2.0,5.0,2.0,7.0,8.0,4.0,3.0,5.0,3.0,7.0,10.0,9.0
HU,3.0,4.0,1.0,6.0,2.0,7.0,2.0,2.0,2.0,8.0,0.0,2.0,8.0,5.0
HU,2.0,3.0,3.0,5.0,3.0,4.0,6.0,5.0,3.0,4.0,3.0,7.0,9.0,5.0
HU,6.0,4.0,1.0,5.0,3.0,6.0,7.0,4.0,2.0,3.0,2.0,6.0,6.0,6.0
HU,5.0,6.0,1.0,4.0,2.0,5.0,7.0,6.0,4.0,4.0,3.0,6.0,4.0,6.0
HU,5.0,6.0,2.0,9.0,5.0,3.0,8.0,4.0,5.0,9.0,3.0,6.0,5.0,9.0
HU,6.0,5.0,3.0,4.0,7.0,4.0,6.0,5.0,7.0,5.0,0.0,7.0,7.0,5.0
HU,5.0,4.0,1.0,7.0,7.0,8.0,8.0,9.0,5.0,8.0,5.0,9.0,9.0,5.0
HU,0.0,3.0,3.0,3.0,0.0,3.0,2.0,0.0,0.0,0.0,4.0,0.0,9.0,10.0
HU,5.0,4.0,1.0,5.0,2.0,4.0,3.0,9.0,0.0,2.0,0.0,4.0,5.0,7.0
HU,5.0,6.0,1.0,0.0,5.0,8.0,0.0,6.0,0.0,2.0,0.0,8.0,8.0,10.0
HU,7.0,7.0,2.0,5.0,7.0,4.0,7.0,6.0,5.0,8.0,5.0,4.0,8.0,9.0
HU,1.0,1.0,4.0,6.0,5.0,6.0,4.0,4.0,2.0,0.0,0.0,10.0,8.0,10.0
HU,1.0,7.0,2.0,2.0,1.0,5.0,7.0,2.0,0.0,5.0,2.0,7.0,8.0,6.0
HU,6.0,3.0,1.0,8.0,7.0,5.0,6.0,8.0,6.0,7.0,6.0,4.0,7.0,7.0
HU,0.0,0.0,1.0,2.0,3.0,5.0,3.0,3.0,4.0,2.0,6.0,7.0,2.0,3.0
HU,7.0,7.0,2.0,2.0,3.0,8.0,7.0,8.0,3.0,3.0,4.0,8.0,8.0,4.0
HU,3.0,7.0,1.0,7.0,3.0,5.0,6.0,3.0,3.0,6.0,0.0,4.0,6.0,6.0
HU,3.0,3.0,1.0,9.0,7.0,5.0,3.0,5.0,2.0,2.0,2.0,4.0,5.0,6.0
HU,5.0,7.0,1.0,5.0,5.0,7.0,7.0,10.0,2.0,3.0,3.0,10.0,4.0,8.0
HU,9.0,8.0,1.0,6.0,5.0,8.0,6.0,7.0,7.0,6.0,7.0,8.0,9.0,6.0
HU,6.0,7.0,5.0,6.0,7.0,7.0,6.0,7.0,6.0,5.0,6.0,6.0,6.0,5.0
HU,6.0,5.0,2.0,8.0,6.0,8.0,8.0,7.0,8.0,6.0,5.0,8.0,6.0,7.0
HU,5.0,2.0,1.0,5.0,5.0,7.0,9.0,9.0,6.0,7.0,4.0,9.0,2.0,7.0
HU,8.0,2.0,1.0,6.0,5.0,8.0,7.0,6.0,7.0,7.0,5.0,8.0,7.0,6.0
HU,6.0,7.0,1.0,6.0,6.0,2.0,2.0,2.0,2.0,1.0,2.0,2.0,7.0,5.0
HU,8.0,0.0,2.0,5.0,3.0,4.0,3.0,3.0,2.0,3.0,3.0,4.0,6.0,7.0
HU,0.0,5.0,1.0,2.0,3.0,5.0,6.0,5.0,5.0,10.0,4.0,9.0,3.0,7.0
HU,0.0,0.0,2.0,10.0,6.0,6.0,7.0,6.0,2.0,6.0,3.0,6.0,7.0,10.0
HU,1.0,0.0,1.0,2.0,3.0,5.0,3.0,2.0,1.0,5.0,0.0,3.0,2.0,6.0
HU,1.0,1.0,1.0,3.0,0.0,1.0,3.0,7.0,2.0,2.0,2.0,2.0,7.0,8.0
HU,7.0,4.0,1.0,6.0,6.0,7.0,5.0,5.0,6.0,5.0,5.0,5.0,7.0,6.0
HU,3.0,3.0,2.0,5.0,8.0,8.0,5.0,9.0,5.0,5.0,0.0,8.0,3.0,4.0
HU,2.0,0.0,1.0,0.0,10.0,5.0,9.0,10.0,9.0,7.0,8.0,6.0,6.0,10.0
HU,4.0,1.0,1.0,4.0,3.0,1.0,1.0,5.0,1.0,0.0,1.0,1.0,7.0,4.0
HU,7.0,6.0,1.0,8.0,1.0,7.0,7.0,9.0,2.0,2.0,2.0,7.0,7.0,9.0
HU,7.0,5.0,1.0,2.0,7.0,8.0,7.0,6.0,5.0,7.0,4.0,8.0,4.0,5.0
HU,4.0,5.0,1.0,4.0,7.0,7.0,2.0,2.0,1.0,3.0,3.0,5.0,6.0,6.0
HU,2.0,2.0,1.0,8.0,1.0,6.0,4.0,8.0,4.0,2.0,4.0,8.0,6.0,7.0
HU,5.0,5.0,1.0,3.0,1.0,8.0,5.0,10.0,5.0,5.0,5.0,7.0,5.0,7.0
HU,2.0,6.0,3.0,5.0,3.0,6.0,6.0,3.0,4.0,4.0,4.0,6.0,8.0,8.0
HU,7.0,7.0,1.0,8.0,8.0,7.0,8.0,8.0,7.0,8.0,7.0,7.0,6.0,8.0
HU,4.0,5.0,2.0,5.0,5.0,7.0,6.0,8.0,3.0,5.0,3.0,8.0,9.0,7.0
HU,0.0,0.0,1.0,5.0,0.0,8.0,8.0,10.0,0.0,0.0,0.0,9.0,3.0,9.0
HU,7.0,5.0,2.0,5.0,3.0,3.0,4.0,4.0,2.0,3.0,2.0,3.0,8.0,5.0
HU,5.0,4.0,1.0,3.0,0.0,7.0,3.0,4.0,4.0,1.0,4.0,9.0,8.0,6.0
HU,5.0,10.0,1.0,10.0,8.0,10.0,6.0,7.0,9.0,10.0,0.0,10.0,5.0,6.0
HU,6.0,0.0,1.0,5.0,0.0,0.0,0.0,1.0,0.0,0.0,0.0,0.0,10.0,10.0
HU,6.0,6.0,1.0,7.0,2.0,5.0,2.0,8.0,2.0,2.0,2.0,5.0,10.0,8.0
HU,8.0,8.0,1.0,7.0,5.0,8.0,7.0,9.0,7.0,4.0,5.0,8.0,6.0,7.0
HU,0.0,0.0,1.0,4.0,3.0,5.0,6.0,6.0,6.0,6.0,5.0,5.0,4.0,7.0
HU,5.0,4.0,1.0,10.0,3.0,5.0,4.0,5.0,1.0,1.0,3.0,6.0,6.0,7.0
HU,3.0,6.0,1.0,7.0,8.0,5.0,9.0,9.0,5.0,6.0,4.0,6.0,7.0,10.0
HU,7.0,8.0,1.0,4.0,5.0,5.0,5.0,5.0,5.0,5.0,5.0,5.0,8.0,7.0
HU,6.0,6.0,2.0,6.0,3.0,6.0,5.0,6.0,4.0,4.0,4.0,6.0,6.0,6.0
HU,6.0,8.0,1.0,8.0,3.0,7.0,5.0,7.0,3.0,3.0,3.0,7.0,9.0,5.0
HU,0.0,4.0,2.0,0.0,10.0,10.0,1.0,10.0,1.0,3.0,1.0,0.0,5.0,0.0
HU,1.0,3.0,1.0,5.0,2.0,4.0,1.0,5.0,2.0,1.0,2.0,4.0,10.0,6.0
HU,2.0,4.0,1.0,0.0,8.0,6.0,3.0,6.0,1.0,2.0,5.0,5.0,3.0,9.0
HU,8.0,4.0,2.0,4.0,0.0,3.0,0.0,1.0,1.0,0.0,1.0,4.0,10.0,6.0
HU,6.0,7.0,3.0,4.0,7.0,9.0,8.0,8.0,8.0,7.0,0.0,9.0,10.0,8.0
HU,0.0,2.0,2.0,5.0,4.0,4.0,4.0,4.0,4.0,4.0,4.0,1.0,6.0,8.0
HU,10.0,8.0,1.0,9.0,8.0,3.0,2.0,6.0,1.0,3.0,2.0,5.0,9.0,7.0
HU,7.0,8.0,2.0,5.0,3.0,7.0,6.0,8.0,3.0,3.0,6.0,9.0,6.0,8.0
HU,0.0,0.0,1.0,0.0,0.0,0.0,10.0,0.0,0.0,0.0,0.0,0.0,5.0,10.0
HU,8.0,8.0,1.0,7.0,9.0,6.0,10.0,10.0,8.0,10.0,5.0,7.0,10.0,8.0
HU,3.0,3.0,2.0,8.0,6.0,2.0,5.0,10.0,4.0,5.0,4.0,2.0,10.0,10.0
HU,7.0,5.0,1.0,5.0,5.0,8.0,5.0,7.0,4.0,5.0,5.0,8.0,10.0,9.0
HU,7.0,8.0,1.0,5.0,6.0,7.0,8.0,8.0,9.0,9.0,9.0,7.0,9.0,7.0
HU,5.0,8.0,1.0,10.0,10.0,2.0,10.0,10.0,10.0,10.0,10.0,1.0,7.0,9.0
HU,2.0,9.0,3.0,5.0,0.0,0.0,3.0,1.0,0.0,2.0,0.0,0.0,3.0,8.0
HU,8.0,1.0,1.0,5.0,0.0,6.0,5.0,0.0,2.0,5.0,0.0,10.0,5.0,0.0
HU,4.0,4.0,1.0,5.0,5.0,1.0,6.0,4.0,3.0,5.0,3.0,4.0,3.0,7.0
HU,5.0,6.0,2.0,5.0,2.0,6.0,7.0,4.0,6.0,7.0,6.0,5.0,5.0,6.0
HU,5.0,8.0,1.0,5.0,1.0,4.0,4.0,5.0,4.0,4.0,3.0,5.0,7.0,9.0
HU,3.0,0.0,1.0,1.0,4.0,6.0,5.0,10.0,2.0,0.0,2.0,10.0,4.0,10.0
HU,4.0,4.0,2.0,8.0,0.0,4.0,2.0,3.0,0.0,4.0,0.0,0.0,10.0,5.0
HU,5.0,5.0,2.0,7.0,8.0,8.0,8.0,8.0,5.0,7.0,6.0,9.0,9.0,9.0
HU,5.0,4.0,2.0,5.0,6.0,8.0,7.0,7.0,6.0,8.0,5.0,8.0,8.0,10.0
HU,3.0,4.0,1.0,5.0,4.0,8.0,7.0,3.0,6.0,10.0,7.0,6.0,8.0,7.0
HU,6.0,3.0,1.0,8.0,4.0,6.0,10.0,8.0,5.0,8.0,0.0,9.0,6.0,10.0
HU,2.0,4.0,3.0,6.0,7.0,6.0,3.0,7.0,6.0,6.0,6.0,7.0,6.0,8.0
HU,4.0,3.0,1.0,5.0,5.0,8.0,8.0,8.0,5.0,8.0,5.0,8.0,7.0,6.0
HU,3.0,0.0,2.0,6.0,2.0,5.0,4.0,6.0,2.0,2.0,2.0,8.0,7.0,10.0
HU,7.0,7.0,1.0,8.0,7.0,5.0,8.0,8.0,6.0,6.0,6.0,7.0,9.0,8.0
HU,4.0,3.0,1.0,5.0,2.0,6.0,4.0,4.0,1.0,2.0,1.0,8.0,4.0,6.0
HU,5.0,7.0,4.0,7.0,5.0,4.0,5.0,6.0,6.0,7.0,5.0,6.0,6.0,6.0
HU,1.0,1.0,1.0,0.0,0.0,8.0,4.0,7.0,0.0,0.0,0.0,10.0,8.0,9.0
HU,2.0,2.0,1.0,8.0,3.0,5.0,2.0,2.0,3.0,4.0,0.0,5.0,5.0,5.0
HU,2.0,5.0,1.0,2.0,3.0,5.0,4.0,2.0,5.0,4.0,0.0,5.0,6.0,4.0
HU,1.0,0.0,2.0,4.0,4.0,3.0,3.0,2.0,3.0,2.0,4.0,2.0,6.0,2.0
HU,6.0,2.0,1.0,0.0,0.0,6.0,6.0,8.0,2.0,0.0,2.0,3.0,7.0,9.0
HU,6.0,6.0,1.0,7.0,2.0,3.0,4.0,8.0,2.0,3.0,2.0,5.0,6.0,8.0
HU,8.0,5.0,1.0,5.0,2.0,2.0,5.0,7.0,2.0,4.0,2.0,2.0,8.0,9.0
HU,3.0,7.0,1.0,5.0,3.0,7.0,9.0,9.0,4.0,8.0,6.0,7.0,8.0,9.0
HU,4.0,5.0,2.0,3.0,1.0,8.0,4.0,3.0,1.0,1.0,1.0,7.0,8.0,7.0
HU,1.0,2.0,3.0,6.0,0.0,3.0,0.0,0.0,0.0,0.0,0.0,4.0,2.0,1.0
HU,0.0,0.0,2.0,5.0,0.0,0.0,2.0,1.0,0.0,0.0,0.0,1.0,7.0,2.0
HU,3.0,3.0,1.0,6.0,5.0,4.0,7.0,7.0,4.0,5.0,4.0,4.0,8.0,7.0
HU,3.0,5.0,1.0,4.0,9.0,10.0,1.0,5.0,3.0,5.0,0.0,5.0,8.0,9.0
HU,7.0,8.0,1.0,5.0,4.0,5.0,5.0,5.0,5.0,5.0,5.0,5.0,10.0,7.0
HU,3.0,2.0,1.0,1.0,2.0,7.0,1.0,5.0,2.0,0.0,1.0,9.0,5.0,5.0
HU,3.0,5.0,1.0,10.0,0.0,8.0,7.0,7.0,0.0,3.0,5.0,8.0,8.0,8.0
HU,7.0,4.0,1.0,6.0,1.0,1.0,7.0,7.0,1.0,5.0,1.0,4.0,4.0,10.0
HU,7.0,7.0,2.0,2.0,3.0,6.0,7.0,8.0,4.0,4.0,6.0,7.0,6.0,4.0
HU,2.0,3.0,3.0,5.0,1.0,3.0,3.0,4.0,3.0,3.0,1.0,3.0,8.0,4.0
HU,3.0,3.0,2.0,4.0,4.0,4.0,5.0,4.0,4.0,4.0,4.0,4.0,8.0,2.0
HU,1.0,2.0,1.0,1.0,5.0,1.0,1.0,3.0,1.0,2.0,1.0,1.0,7.0,4.0
HU,0.0,0.0,1.0,4.0,3.0,3.0,10.0,8.0,4.0,8.0,3.0,1.0,6.0,8.0
HU,5.0,4.0,1.0,5.0,3.0,3.0,3.0,2.0,2.0,2.0,2.0,4.0,10.0,8.0
HU,4.0,2.0,2.0,6.0,8.0,0.0,3.0,5.0,6.0,5.0,6.0,0.0,10.0,7.0
HU,5.0,3.0,2.0,9.0,7.0,6.0,3.0,5.0,1.0,4.0,7.0,6.0,9.0,8.0
HU,7.0,8.0,2.0,8.0,8.0,8.0,8.0,8.0,6.0,7.0,5.0,6.0,9.0,9.0
HU,6.0,3.0,2.0,5.0,1.0,5.0,4.0,5.0,2.0,4.0,2.0,5.0,8.0,9.0
HU,5.0,4.0,1.0,5.0,3.0,5.0,5.0,5.0,5.0,5.0,4.0,5.0,4.0,7.0
HU,7.0,6.0,1.0,6.0,5.0,4.0,7.0,8.0,5.0,6.0,5.0,4.0,8.0,8.0
HU,5.0,5.0,2.0,10.0,5.0,5.0,7.0,10.0,7.0,10.0,7.0,7.0,9.0,7.0
HU,6.0,6.0,2.0,7.0,7.0,6.0,6.0,6.0,7.0,5.0,6.0,5.0,6.0,7.0
HU,0.0,1.0,2.0,6.0,0.0,0.0,0.0,0.0,0.0,0.0,0.0,0.0,8.0,7.0
HU,6.0,3.0,1.0,0.0,0.0,0.0,0.0,0.0,0.0,0.0,0.0,0.0,10.0,8.0
HU,5.0,5.0,2.0,5.0,5.0,6.0,5.0,7.0,5.0,5.0,5.0,5.0,6.0,8.0
HU,0.0,0.0,1.0,5.0,0.0,0.0,0.0,0.0,0.0,0.0,0.0,0.0,6.0,5.0
HU,5.0,4.0,1.0,7.0,4.0,5.0,5.0,5.0,5.0,5.0,5.0,5.0,5.0,6.0
HU,5.0,4.0,1.0,7.0,5.0,7.0,8.0,5.0,3.0,6.0,3.0,5.0,7.0,6.0
HU,3.0,3.0,1.0,10.0,8.0,3.0,5.0,9.0,5.0,9.0,5.0,1.0,9.0,9.0
HU,3.0,3.0,1.0,5.0,1.0,1.0,1.0,10.0,2.0,1.0,2.0,2.0,5.0,8.0
HU,6.0,7.0,1.0,3.0,6.0,8.0,7.0,6.0,5.0,8.0,5.0,8.0,10.0,8.0
HU,4.0,3.0,1.0,6.0,3.0,8.0,5.0,8.0,3.0,4.0,5.0,7.0,9.0,5.0
HU,1.0,0.0,3.0,0.0,3.0,9.0,9.0,9.0,5.0,5.0,6.0,10.0,8.0,9.0
HU,0.0,0.0,1.0,5.0,0.0,10.0,5.0,10.0,0.0,0.0,0.0,5.0,8.0,5.0
HU,5.0,6.0,2.0,4.0,7.0,8.0,7.0,7.0,7.0,7.0,7.0,7.0,9.0,8.0
HU,4.0,3.0,2.0,5.0,2.0,5.0,7.0,6.0,0.0,5.0,0.0,5.0,7.0,6.0
HU,0.0,2.0,2.0,6.0,3.0,0.0,2.0,1.0,0.0,1.0,0.0,0.0,7.0,1.0
HU,4.0,2.0,1.0,8.0,9.0,4.0,2.0,3.0,3.0,7.0,2.0,3.0,6.0,7.0
HU,3.0,3.0,1.0,0.0,2.0,5.0,6.0,10.0,5.0,3.0,5.0,5.0,6.0,7.0
HU,0.0,0.0,1.0,5.0,0.0,0.0,5.0,0.0,0.0,5.0,0.0,5.0,9.0,7.0
HU,9.0,9.0,3.0,5.0,2.0,10.0,8.0,7.0,9.0,6.0,5.0,10.0,0.0,7.0
HU,0.0,0.0,2.0,5.0,5.0,5.0,5.0,5.0,5.0,5.0,5.0,6.0,5.0,8.0
HU,3.0,5.0,2.0,5.0,2.0,4.0,1.0,4.0,0.0,2.0,2.0,4.0,5.0,5.0
HU,2.0,5.0,3.0,3.0,7.0,3.0,0.0,1.0,0.0,2.0,0.0,3.0,7.0,7.0
HU,5.0,5.0,1.0,7.0,2.0,4.0,8.0,8.0,7.0,5.0,6.0,8.0,8.0,8.0
HU,6.0,6.0,1.0,4.0,4.0,6.0,3.0,6.0,6.0,6.0,6.0,6.0,8.0,4.0
HU,1.0,6.0,2.0,5.0,0.0,7.0,5.0,8.0,4.0,5.0,4.0,7.0,8.0,7.0
HU,9.0,9.0,1.0,2.0,5.0,8.0,9.0,9.0,8.0,8.0,7.0,9.0,8.0,10.0
HU,3.0,3.0,1.0,10.0,8.0,8.0,10.0,6.0,8.0,5.0,5.0,5.0,7.0,8.0
HU,6.0,4.0,2.0,5.0,6.0,7.0,8.0,9.0,6.0,6.0,5.0,8.0,7.0,6.0
HU,5.0,3.0,2.0,1.0,4.0,3.0,3.0,3.0,3.0,3.0,2.0,3.0,7.0,8.0
HU,6.0,4.0,1.0,7.0,3.0,2.0,2.0,3.0,2.0,3.0,3.0,3.0,2.0,7.0
HU,2.0,4.0,1.0,3.0,0.0,3.0,2.0,2.0,0.0,3.0,2.0,4.0,9.0,5.0
HU,8.0,9.0,2.0,5.0,3.0,9.0,9.0,10.0,2.0,2.0,2.0,9.0,8.0,9.0
HU,6.0,5.0,1.0,10.0,4.0,6.0,6.0,6.0,5.0,4.0,6.0,6.0,10.0,9.0
HU,2.0,2.0,3.0,5.0,0.0,3.0,5.0,5.0,0.0,1.0,0.0,5.0,9.0,7.0
HU,1.0,2.0,3.0,5.0,3.0,5.0,5.0,5.0,5.0,5.0,5.0,5.0,9.0,5.0
HU,2.0,3.0,1.0,4.0,2.0,5.0,6.0,8.0,0.0,3.0,0.0,5.0,5.0,6.0
HU,3.0,6.0,2.0,10.0,0.0,5.0,6.0,5.0,5.0,0.0,5.0,5.0,8.0,8.0
HU,5.0,3.0,1.0,7.0,0.0,7.0,2.0,7.0,0.0,1.0,0.0,0.0,7.0,2.0
HU,4.0,5.0,1.0,7.0,8.0,5.0,8.0,8.0,5.0,3.0,4.0,5.0,9.0,5.0
HU,5.0,8.0,1.0,4.0,8.0,7.0,10.0,8.0,10.0,10.0,0.0,9.0,7.0,8.0
HU,9.0,6.0,1.0,8.0,7.0,3.0,5.0,5.0,2.0,4.0,2.0,4.0,5.0,8.0
HU,3.0,5.0,1.0,5.0,3.0,3.0,5.0,6.0,2.0,6.0,2.0,4.0,9.0,5.0
HU,4.0,4.0,2.0,4.0,1.0,3.0,2.0,4.0,2.0,3.0,2.0,5.0,7.0,5.0
HU,5.0,6.0,1.0,7.0,0.0,3.0,3.0,3.0,0.0,2.0,0.0,4.0,5.0,8.0
HU,5.0,0.0,1.0,10.0,7.0,0.0,8.0,0.0,0.0,5.0,0.0,5.0,6.0,8.0
HU,3.0,3.0,1.0,5.0,3.0,5.0,5.0,2.0,4.0,4.0,5.0,8.0,6.0,7.0
HU,4.0,4.0,2.0,6.0,4.0,5.0,8.0,8.0,8.0,8.0,0.0,5.0,8.0,5.0
HU,5.0,2.0,1.0,1.0,0.0,10.0,1.0,5.0,2.0,2.0,3.0,10.0,8.0,7.0
HU,1.0,1.0,1.0,5.0,1.0,1.0,0.0,0.0,0.0,0.0,0.0,1.0,2.0,1.0
HU,2.0,4.0,2.0,5.0,7.0,8.0,8.0,8.0,8.0,7.0,7.0,8.0,6.0,4.0
HU,7.0,2.0,2.0,3.0,7.0,7.0,5.0,5.0,6.0,7.0,6.0,6.0,4.0,6.0
HU,6.0,7.0,1.0,5.0,5.0,4.0,6.0,6.0,4.0,5.0,4.0,4.0,4.0,9.0
HU,5.0,6.0,1.0,4.0,7.0,7.0,5.0,7.0,5.0,7.0,5.0,7.0,8.0,8.0
HU,1.0,5.0,1.0,9.0,2.0,4.0,3.0,5.0,1.0,2.0,1.0,5.0,7.0,2.0
HU,5.0,10.0,1.0,4.0,6.0,5.0,5.0,3.0,0.0,5.0,0.0,5.0,7.0,6.0
HU,0.0,3.0,3.0,3.0,3.0,8.0,6.0,6.0,0.0,2.0,0.0,7.0,10.0,3.0
HU,8.0,7.0,1.0,10.0,8.0,8.0,7.0,8.0,8.0,9.0,8.0,8.0,9.0,8.0
HU,0.0,0.0,1.0,9.0,7.0,5.0,5.0,8.0,4.0,5.0,5.0,4.0,9.0,9.0
HU,6.0,6.0,2.0,6.0,5.0,1.0,3.0,7.0,2.0,2.0,2.0,2.0,10.0,6.0
HU,5.0,6.0,1.0,6.0,4.0,7.0,7.0,5.0,5.0,6.0,4.0,9.0,7.0,6.0
HU,6.0,7.0,1.0,4.0,7.0,7.0,7.0,7.0,7.0,7.0,8.0,8.0,6.0,7.0
HU,3.0,2.0,1.0,6.0,5.0,4.0,4.0,6.0,6.0,6.0,5.0,5.0,4.0,10.0
HU,2.0,1.0,1.0,10.0,1.0,0.0,1.0,0.0,1.0,1.0,0.0,0.0,0.0,9.0
HU,8.0,9.0,1.0,7.0,2.0,7.0,5.0,5.0,1.0,3.0,0.0,7.0,8.0,7.0
HU,5.0,5.0,1.0,5.0,2.0,3.0,3.0,6.0,3.0,3.0,3.0,2.0,10.0,1.0
HU,3.0,5.0,2.0,5.0,5.0,5.0,5.0,10.0,5.0,5.0,5.0,5.0,8.0,5.0
HU,0.0,3.0,1.0,9.0,7.0,9.0,7.0,9.0,10.0,5.0,5.0,10.0,8.0,10.0
HU,5.0,4.0,3.0,7.0,5.0,5.0,1.0,0.0,0.0,5.0,0.0,4.0,5.0,8.0
HU,5.0,0.0,1.0,5.0,1.0,3.0,10.0,10.0,2.0,0.0,2.0,3.0,10.0,10.0
HU,9.0,9.0,3.0,5.0,6.0,4.0,6.0,3.0,3.0,8.0,0.0,2.0,8.0,6.0
HU,7.0,8.0,1.0,10.0,10.0,10.0,10.0,10.0,10.0,10.0,10.0,10.0,5.0,8.0
HU,3.0,3.0,1.0,9.0,5.0,2.0,7.0,8.0,7.0,6.0,6.0,2.0,6.0,9.0
HU,2.0,4.0,2.0,5.0,2.0,7.0,6.0,5.0,3.0,5.0,2.0,7.0,6.0,7.0
HU,9.0,5.0,1.0,8.0,0.0,7.0,3.0,1.0,0.0,5.0,0.0,10.0,1.0,6.0
HU,8.0,6.0,1.0,7.0,8.0,4.0,8.0,6.0,7.0,8.0,5.0,5.0,9.0,10.0
HU,3.0,4.0,2.0,2.0,0.0,5.0,2.0,3.0,0.0,0.0,0.0,7.0,8.0,5.0
HU,9.0,8.0,4.0,5.0,4.0,4.0,6.0,7.0,1.0,0.0,2.0,4.0,8.0,8.0
HU,5.0,5.0,2.0,0.0,2.0,8.0,8.0,8.0,4.0,0.0,4.0,8.0,3.0,10.0
HU,7.0,7.0,1.0,7.0,7.0,5.0,5.0,6.0,5.0,4.0,5.0,5.0,5.0,0.0
HU,5.0,4.0,1.0,4.0,7.0,6.0,8.0,5.0,5.0,5.0,0.0,7.0,8.0,6.0
HU,8.0,5.0,1.0,10.0,4.0,5.0,5.0,4.0,5.0,3.0,5.0,5.0,5.0,7.0
HU,3.0,5.0,1.0,3.0,2.0,9.0,2.0,4.0,2.0,1.0,5.0,8.0,8.0,5.0
HU,6.0,8.0,1.0,5.0,5.0,8.0,8.0,5.0,0.0,6.0,0.0,7.0,5.0,4.0
HU,3.0,5.0,1.0,5.0,4.0,3.0,5.0,7.0,4.0,3.0,3.0,5.0,7.0,5.0
HU,3.0,3.0,1.0,5.0,2.0,1.0,0.0,0.0,0.0,1.0,0.0,2.0,7.0,3.0
HU,4.0,2.0,1.0,7.0,5.0,5.0,6.0,6.0,5.0,3.0,3.0,4.0,2.0,7.0
HU,3.0,5.0,2.0,6.0,7.0,8.0,6.0,8.0,8.0,6.0,6.0,7.0,9.0,4.0
HU,5.0,3.0,1.0,5.0,5.0,5.0,6.0,7.0,5.0,5.0,0.0,5.0,10.0,8.0
HU,6.0,8.0,2.0,5.0,5.0,3.0,6.0,4.0,2.0,8.0,0.0,3.0,6.0,8.0
HU,3.0,3.0,1.0,0.0,8.0,8.0,10.0,10.0,8.0,8.0,0.0,10.0,9.0,9.0
HU,5.0,3.0,1.0,6.0,5.0,5.0,5.0,7.0,2.0,3.0,2.0,5.0,6.0,10.0
HU,6.0,6.0,1.0,5.0,2.0,3.0,5.0,5.0,3.0,3.0,3.0,5.0,7.0,5.0
HU,4.0,3.0,1.0,4.0,5.0,3.0,8.0,8.0,7.0,3.0,6.0,8.0,7.0,5.0
HU,3.0,5.0,1.0,5.0,4.0,5.0,5.0,3.0,3.0,4.0,3.0,4.0,10.0,7.0
HU,2.0,0.0,2.0,10.0,0.0,0.0,5.0,3.0,0.0,0.0,0.0,0.0,10.0,5.0
HU,2.0,0.0,1.0,4.0,3.0,4.0,4.0,6.0,5.0,1.0,5.0,4.0,5.0,4.0
HU,0.0,1.0,1.0,5.0,3.0,5.0,0.0,0.0,3.0,0.0,0.0,5.0,5.0,0.0
HU,7.0,8.0,2.0,6.0,5.0,2.0,2.0,1.0,2.0,2.0,1.0,3.0,3.0,9.0
HU,0.0,0.0,2.0,5.0,0.0,0.0,0.0,0.0,0.0,0.0,0.0,0.0,7.0,5.0
HU,5.0,5.0,2.0,6.0,3.0,6.0,5.0,6.0,3.0,5.0,3.0,6.0,9.0,8.0
HU,0.0,0.0,2.0,5.0,0.0,1.0,0.0,4.0,0.0,0.0,0.0,0.0,7.0,8.0
HU,5.0,4.0,3.0,0.0,2.0,7.0,3.0,5.0,4.0,4.0,4.0,5.0,6.0,8.0
HU,4.0,4.0,1.0,3.0,2.0,6.0,2.0,4.0,5.0,3.0,6.0,7.0,5.0,3.0
HU,5.0,4.0,3.0,10.0,0.0,2.0,3.0,6.0,0.0,2.0,0.0,5.0,10.0,7.0
HU,10.0,5.0,1.0,0.0,9.0,8.0,3.0,3.0,8.0,8.0,0.0,8.0,8.0,3.0
HU,6.0,5.0,1.0,5.0,5.0,6.0,6.0,6.0,3.0,4.0,2.0,6.0,2.0,6.0
HU,4.0,5.0,2.0,6.0,3.0,2.0,5.0,6.0,1.0,4.0,1.0,2.0,6.0,6.0
HU,3.0,4.0,1.0,7.0,8.0,0.0,9.0,9.0,3.0,9.0,3.0,6.0,7.0,9.0
HU,4.0,4.0,2.0,3.0,4.0,6.0,4.0,4.0,0.0,2.0,1.0,5.0,10.0,5.0
HU,8.0,4.0,1.0,5.0,5.0,7.0,1.0,4.0,2.0,1.0,0.0,9.0,5.0,4.0
HU,5.0,8.0,1.0,8.0,7.0,4.0,6.0,8.0,5.0,4.0,4.0,6.0,8.0,6.0
HU,3.0,6.0,2.0,7.0,7.0,3.0,7.0,9.0,4.0,5.0,3.0,4.0,8.0,7.0
HU,7.0,5.0,2.0,6.0,2.0,3.0,1.0,5.0,1.0,5.0,1.0,3.0,9.0,7.0
HU,5.0,3.0,1.0,4.0,6.0,6.0,4.0,5.0,5.0,4.0,0.0,6.0,3.0,7.0
HU,6.0,6.0,2.0,5.0,2.0,4.0,4.0,4.0,0.0,0.0,0.0,5.0,7.0,8.0
HU,4.0,7.0,2.0,2.0,8.0,8.0,6.0,2.0,2.0,2.0,2.0,8.0,0.0,9.0
HU,6.0,7.0,2.0,5.0,5.0,5.0,7.0,7.0,4.0,6.0,4.0,5.0,5.0,8.0
HU,0.0,1.0,1.0,3.0,6.0,0.0,0.0,0.0,0.0,3.0,0.0,0.0,9.0,5.0
HU,5.0,3.0,1.0,5.0,2.0,5.0,6.0,8.0,5.0,4.0,5.0,5.0,6.0,9.0
HU,2.0,2.0,2.0,2.0,3.0,3.0,4.0,5.0,3.0,6.0,2.0,3.0,8.0,4.0
HU,4.0,2.0,1.0,5.0,3.0,7.0,5.0,6.0,0.0,1.0,0.0,8.0,8.0,7.0
HU,7.0,4.0,2.0,3.0,5.0,7.0,6.0,8.0,4.0,6.0,4.0,7.0,5.0,4.0
HU,1.0,2.0,1.0,7.0,7.0,3.0,3.0,0.0,1.0,3.0,4.0,1.0,7.0,7.0
HU,3.0,2.0,2.0,5.0,4.0,3.0,3.0,4.0,1.0,2.0,1.0,2.0,6.0,5.0
HU,2.0,5.0,1.0,6.0,2.0,2.0,5.0,4.0,0.0,1.0,0.0,2.0,5.0,3.0
HU,4.0,8.0,2.0,9.0,2.0,10.0,9.0,8.0,2.0,7.0,2.0,8.0,7.0,8.0
HU,6.0,2.0,5.0,3.0,7.0,5.0,9.0,6.0,4.0,9.0,4.0,5.0,7.0,6.0
HU,8.0,3.0,1.0,5.0,10.0,5.0,0.0,3.0,5.0,3.0,5.0,5.0,7.0,8.0
HU,7.0,8.0,1.0,8.0,8.0,8.0,7.0,8.0,8.0,8.0,8.0,8.0,8.0,7.0
HU,0.0,4.0,1.0,5.0,3.0,4.0,2.0,2.0,1.0,2.0,1.0,8.0,8.0,3.0
HU,5.0,5.0,1.0,7.0,3.0,7.0,6.0,5.0,1.0,3.0,1.0,9.0,7.0,8.0
HU,5.0,4.0,1.0,3.0,4.0,6.0,6.0,5.0,5.0,4.0,4.0,7.0,8.0,8.0
HU,1.0,2.0,1.0,6.0,5.0,3.0,3.0,4.0,3.0,4.0,3.0,3.0,9.0,6.0
HU,3.0,0.0,1.0,8.0,3.0,3.0,3.0,2.0,0.0,4.0,0.0,4.0,5.0,8.0
HU,1.0,1.0,1.0,1.0,0.0,8.0,0.0,0.0,0.0,1.0,3.0,6.0,8.0,5.0
HU,4.0,5.0,2.0,7.0,3.0,6.0,6.0,7.0,4.0,5.0,0.0,7.0,8.0,6.0
HU,5.0,2.0,2.0,8.0,6.0,2.0,7.0,8.0,4.0,5.0,4.0,3.0,6.0,10.0
HU,7.0,6.0,2.0,5.0,6.0,2.0,5.0,7.0,5.0,7.0,5.0,3.0,9.0,8.0
HU,0.0,5.0,1.0,5.0,5.0,3.0,2.0,3.0,2.0,2.0,2.0,2.0,8.0,1.0
HU,2.0,4.0,1.0,3.0,1.0,5.0,4.0,3.0,4.0,4.0,4.0,5.0,5.0,6.0
HU,7.0,7.0,1.0,8.0,8.0,6.0,3.0,5.0,3.0,3.0,3.0,6.0,7.0,8.0
HU,8.0,3.0,1.0,4.0,5.0,1.0,2.0,4.0,1.0,1.0,1.0,5.0,9.0,2.0
HU,6.0,7.0,3.0,6.0,5.0,2.0,6.0,6.0,5.0,4.0,5.0,1.0,7.0,8.0
HU,0.0,0.0,2.0,8.0,5.0,6.0,6.0,6.0,0.0,6.0,2.0,6.0,8.0,0.0
HU,4.0,9.0,1.0,2.0,5.0,8.0,9.0,7.0,8.0,9.0,8.0,8.0,8.0,7.0
HU,4.0,3.0,2.0,5.0,5.0,5.0,3.0,5.0,3.0,4.0,4.0,5.0,8.0,4.0
HU,5.0,8.0,2.0,5.0,3.0,5.0,5.0,6.0,1.0,4.0,1.0,6.0,8.0,8.0
HU,4.0,5.0,1.0,5.0,5.0,4.0,4.0,5.0,2.0,3.0,1.0,4.0,6.0,8.0
HU,9.0,1.0,2.0,9.0,8.0,0.0,8.0,8.0,1.0,9.0,1.0,1.0,7.0,10.0
HU,0.0,0.0,1.0,10.0,3.0,3.0,7.0,7.0,2.0,5.0,2.0,5.0,5.0,6.0
HU,4.0,0.0,1.0,5.0,6.0,9.0,8.0,8.0,7.0,8.0,7.0,9.0,10.0,8.0
HU,5.0,5.0,1.0,3.0,3.0,5.0,6.0,6.0,3.0,5.0,3.0,5.0,7.0,5.0
HU,3.0,6.0,1.0,5.0,1.0,1.0,4.0,9.0,1.0,1.0,1.0,1.0,5.0,8.0
HU,5.0,8.0,1.0,2.0,4.0,0.0,5.0,9.0,5.0,5.0,5.0,0.0,5.0,8.0
HU,10.0,6.0,1.0,7.0,10.0,1.0,8.0,10.0,6.0,10.0,5.0,7.0,5.0,10.0
HU,5.0,4.0,3.0,5.0,1.0,3.0,1.0,1.0,1.0,1.0,1.0,3.0,5.0,10.0
HU,5.0,6.0,1.0,10.0,7.0,7.0,7.0,8.0,5.0,6.0,4.0,9.0,10.0,8.0
HU,4.0,4.0,2.0,0.0,2.0,2.0,3.0,3.0,3.0,4.0,3.0,2.0,5.0,8.0
HU,5.0,5.0,1.0,2.0,0.0,2.0,2.0,6.0,1.0,0.0,1.0,2.0,7.0,7.0
HU,3.0,2.0,2.0,7.0,7.0,3.0,8.0,9.0,5.0,7.0,4.0,5.0,3.0,5.0
HU,5.0,5.0,1.0,3.0,6.0,8.0,5.0,10.0,5.0,5.0,7.0,8.0,10.0,8.0
HU,5.0,6.0,1.0,4.0,3.0,7.0,6.0,5.0,4.0,4.0,2.0,6.0,6.0,7.0
HU,4.0,4.0,1.0,6.0,5.0,2.0,4.0,3.0,0.0,1.0,0.0,2.0,0.0,3.0
HU,5.0,4.0,1.0,5.0,2.0,6.0,6.0,6.0,4.0,5.0,5.0,6.0,5.0,6.0
HU,7.0,5.0,2.0,5.0,5.0,5.0,5.0,5.0,5.0,5.0,5.0,5.0,7.0,7.0
HU,2.0,5.0,2.0,5.0,0.0,5.0,3.0,3.0,0.0,0.0,0.0,6.0,6.0,7.0
HU,3.0,1.0,4.0,2.0,0.0,2.0,0.0,0.0,0.0,0.0,0.0,2.0,8.0,10.0
HU,5.0,0.0,1.0,5.0,0.0,6.0,4.0,4.0,3.0,4.0,4.0,6.0,7.0,7.0
HU,4.0,2.0,3.0,3.0,0.0,8.0,2.0,7.0,3.0,2.0,5.0,7.0,10.0,5.0
HU,9.0,7.0,1.0,5.0,5.0,7.0,7.0,10.0,5.0,7.0,4.0,8.0,10.0,8.0
HU,5.0,5.0,2.0,2.0,2.0,6.0,5.0,4.0,2.0,5.0,4.0,5.0,7.0,5.0
HU,6.0,5.0,2.0,5.0,1.0,0.0,4.0,4.0,1.0,3.0,0.0,0.0,8.0,4.0
HU,7.0,5.0,2.0,1.0,0.0,8.0,3.0,3.0,0.0,3.0,0.0,8.0,2.0,7.0
HU,5.0,3.0,1.0,2.0,4.0,4.0,4.0,4.0,3.0,4.0,3.0,5.0,3.0,8.0
HU,4.0,5.0,1.0,5.0,0.0,4.0,2.0,4.0,1.0,2.0,1.0,4.0,6.0,8.0
HU,8.0,8.0,1.0,10.0,8.0,7.0,2.0,3.0,6.0,8.0,6.0,7.0,8.0,9.0
HU,4.0,6.0,1.0,9.0,8.0,7.0,7.0,7.0,7.0,8.0,7.0,7.0,8.0,8.0
HU,5.0,0.0,1.0,10.0,5.0,10.0,8.0,10.0,8.0,10.0,7.0,10.0,5.0,5.0
HU,7.0,6.0,1.0,2.0,4.0,8.0,6.0,8.0,4.0,4.0,5.0,8.0,6.0,5.0
HU,5.0,3.0,3.0,5.0,6.0,5.0,5.0,7.0,3.0,5.0,3.0,6.0,6.0,8.0
HU,1.0,0.0,2.0,1.0,2.0,8.0,3.0,10.0,7.0,0.0,6.0,8.0,5.0,10.0
HU,5.0,8.0,1.0,3.0,0.0,5.0,4.0,7.0,1.0,3.0,1.0,8.0,9.0,7.0
HU,2.0,6.0,1.0,3.0,2.0,4.0,7.0,3.0,3.0,2.0,5.0,4.0,6.0,4.0
HU,6.0,0.0,1.0,6.0,2.0,8.0,7.0,8.0,3.0,4.0,2.0,8.0,9.0,10.0
HU,0.0,1.0,1.0,8.0,6.0,5.0,7.0,4.0,2.0,10.0,2.0,5.0,8.0,7.0
HU,6.0,7.0,1.0,5.0,3.0,5.0,6.0,6.0,2.0,3.0,2.0,5.0,8.0,8.0
HU,10.0,10.0,1.0,5.0,7.0,10.0,10.0,10.0,0.0,9.0,0.0,10.0,6.0,10.0
HU,6.0,7.0,1.0,5.0,1.0,5.0,1.0,5.0,1.0,1.0,1.0,6.0,5.0,6.0
HU,3.0,4.0,1.0,8.0,0.0,7.0,0.0,6.0,0.0,0.0,0.0,7.0,9.0,6.0
HU,5.0,5.0,1.0,5.0,4.0,10.0,5.0,8.0,5.0,5.0,8.0,10.0,5.0,5.0
HU,2.0,1.0,1.0,10.0,10.0,8.0,10.0,1.0,5.0,9.0,7.0,5.0,5.0,5.0
HU,7.0,5.0,3.0,7.0,3.0,7.0,6.0,8.0,1.0,4.0,3.0,9.0,8.0,9.0
HU,8.0,8.0,3.0,6.0,6.0,4.0,9.0,8.0,6.0,6.0,4.0,6.0,8.0,8.0
HU,5.0,5.0,1.0,5.0,1.0,0.0,2.0,2.0,0.0,0.0,1.0,0.0,7.0,7.0
HU,5.0,4.0,2.0,5.0,8.0,8.0,10.0,10.0,7.0,7.0,7.0,8.0,7.0,6.0
HU,5.0,3.0,1.0,3.0,1.0,8.0,7.0,5.0,3.0,1.0,5.0,8.0,9.0,10.0
HU,5.0,5.0,2.0,5.0,2.0,4.0,0.0,7.0,0.0,0.0,0.0,4.0,4.0,7.0
HU,5.0,5.0,2.0,5.0,7.0,5.0,6.0,6.0,6.0,5.0,4.0,6.0,8.0,9.0
HU,9.0,1.0,2.0,2.0,2.0,6.0,8.0,8.0,4.0,9.0,0.0,7.0,7.0,5.0
HU,6.0,6.0,1.0,3.0,3.0,6.0,7.0,6.0,3.0,5.0,2.0,6.0,7.0,7.0
HU,5.0,4.0,2.0,5.0,4.0,4.0,4.0,4.0,0.0,4.0,0.0,4.0,10.0,4.0
HU,5.0,3.0,1.0,4.0,10.0,6.0,5.0,5.0,6.0,5.0,0.0,8.0,9.0,10.0
HU,1.0,6.0,1.0,5.0,0.0,0.0,5.0,5.0,0.0,0.0,0.0,5.0,7.0,10.0
HU,5.0,5.0,2.0,6.0,7.0,5.0,5.0,7.0,2.0,6.0,2.0,5.0,4.0,10.0
HU,2.0,4.0,1.0,5.0,1.0,5.0,8.0,9.0,0.0,2.0,0.0,6.0,7.0,7.0
HU,3.0,4.0,2.0,3.0,3.0,4.0,4.0,5.0,6.0,5.0,5.0,6.0,8.0,6.0
HU,3.0,0.0,1.0,10.0,7.0,0.0,5.0,1.0,7.0,8.0,9.0,5.0,10.0,5.0
HU,7.0,8.0,2.0,8.0,8.0,7.0,7.0,8.0,8.0,8.0,8.0,7.0,2.0,8.0
HU,2.0,3.0,1.0,2.0,10.0,1.0,5.0,10.0,7.0,8.0,3.0,0.0,7.0,10.0
HU,5.0,5.0,2.0,10.0,8.0,5.0,7.0,2.0,5.0,10.0,10.0,5.0,7.0,5.0
HU,2.0,5.0,1.0,5.0,6.0,6.0,5.0,5.0,5.0,5.0,1.0,6.0,5.0,5.0
HU,2.0,4.0,1.0,5.0,7.0,3.0,7.0,7.0,3.0,5.0,3.0,3.0,7.0,10.0
HU,2.0,7.0,1.0,8.0,9.0,4.0,6.0,7.0,9.0,4.0,3.0,7.0,1.0,7.0
HU,1.0,1.0,1.0,4.0,3.0,5.0,4.0,8.0,1.0,3.0,0.0,8.0,7.0,8.0
HU,6.0,4.0,2.0,3.0,3.0,7.0,6.0,6.0,5.0,6.0,7.0,6.0,8.0,6.0
HU,8.0,5.0,3.0,5.0,10.0,5.0,10.0,10.0,10.0,10.0,5.0,7.0,10.0,0.0
HU,5.0,4.0,1.0,5.0,2.0,7.0,5.0,10.0,7.0,5.0,7.0,7.0,4.0,5.0
HU,4.0,4.0,1.0,4.0,4.0,8.0,9.0,8.0,1.0,2.0,1.0,10.0,6.0,7.0
HU,2.0,3.0,1.0,5.0,5.0,2.0,5.0,2.0,0.0,0.0,0.0,5.0,5.0,8.0
HU,3.0,5.0,1.0,0.0,3.0,3.0,3.0,4.0,4.0,3.0,3.0,5.0,5.0,2.0
HU,6.0,4.0,1.0,5.0,4.0,4.0,3.0,3.0,3.0,3.0,4.0,3.0,6.0,4.0
HU,5.0,2.0,1.0,5.0,5.0,4.0,6.0,7.0,6.0,6.0,4.0,6.0,10.0,6.0
HU,4.0,6.0,1.0,5.0,0.0,5.0,6.0,8.0,0.0,1.0,0.0,9.0,6.0,9.0
HU,5.0,7.0,1.0,8.0,8.0,5.0,9.0,8.0,6.0,10.0,5.0,6.0,5.0,6.0
HU,5.0,3.0,2.0,8.0,2.0,3.0,3.0,5.0,2.0,3.0,1.0,4.0,9.0,5.0
HU,5.0,3.0,2.0,6.0,2.0,5.0,4.0,4.0,1.0,5.0,0.0,5.0,9.0,5.0
HU,2.0,3.0,2.0,7.0,5.0,5.0,5.0,3.0,3.0,4.0,4.0,5.0,5.0,7.0
HU,4.0,7.0,2.0,5.0,4.0,5.0,7.0,6.0,5.0,6.0,4.0,5.0,8.0,5.0
HU,5.0,4.0,1.0,4.0,7.0,8.0,8.0,8.0,3.0,8.0,0.0,9.0,7.0,9.0
HU,6.0,8.0,2.0,2.0,3.0,8.0,4.0,7.0,5.0,3.0,6.0,6.0,5.0,8.0
HU,5.0,0.0,1.0,8.0,0.0,2.0,5.0,2.0,0.0,5.0,0.0,5.0,4.0,8.0
HU,5.0,5.0,1.0,7.0,1.0,5.0,4.0,4.0,3.0,3.0,3.0,6.0,7.0,5.0
HU,8.0,8.0,1.0,8.0,9.0,6.0,7.0,6.0,7.0,8.0,7.0,6.0,9.0,5.0
HU,2.0,5.0,1.0,3.0,7.0,7.0,7.0,7.0,4.0,7.0,0.0,7.0,5.0,6.0
HU,6.0,6.0,1.0,5.0,5.0,4.0,7.0,7.0,3.0,3.0,3.0,3.0,4.0,7.0
HU,4.0,2.0,1.0,9.0,6.0,8.0,8.0,8.0,7.0,7.0,7.0,9.0,0.0,9.0
HU,6.0,4.0,1.0,6.0,5.0,4.0,7.0,7.0,5.0,4.0,4.0,4.0,2.0,6.0
HU,1.0,4.0,2.0,8.0,6.0,4.0,3.0,3.0,3.0,0.0,0.0,4.0,7.0,3.0
HU,4.0,2.0,1.0,6.0,4.0,8.0,6.0,7.0,6.0,5.0,6.0,8.0,7.0,5.0
HU,5.0,5.0,1.0,5.0,0.0,0.0,0.0,0.0,0.0,0.0,0.0,0.0,1.0,7.0
HU,5.0,6.0,2.0,4.0,5.0,5.0,5.0,5.0,5.0,5.0,5.0,5.0,3.0,5.0
HU,9.0,9.0,2.0,5.0,2.0,7.0,8.0,8.0,4.0,5.0,3.0,10.0,6.0,10.0
HU,6.0,8.0,1.0,5.0,3.0,9.0,10.0,10.0,1.0,3.0,1.0,9.0,5.0,9.0
HU,8.0,7.0,2.0,5.0,4.0,7.0,3.0,5.0,3.0,4.0,3.0,8.0,8.0,9.0
HU,5.0,8.0,1.0,8.0,8.0,8.0,7.0,8.0,8.0,6.0,8.0,8.0,7.0,8.0
HU,3.0,3.0,2.0,5.0,5.0,1.0,3.0,4.0,2.0,3.0,1.0,2.0,8.0,9.0
HU,3.0,6.0,2.0,6.0,8.0,7.0,8.0,8.0,6.0,7.0,5.0,9.0,7.0,6.0
HU,6.0,7.0,2.0,8.0,7.0,8.0,7.0,8.0,7.0,7.0,7.0,8.0,5.0,6.0
HU,2.0,2.0,1.0,5.0,4.0,5.0,5.0,5.0,1.0,5.0,3.0,7.0,9.0,8.0
HU,6.0,5.0,1.0,5.0,0.0,5.0,5.0,10.0,0.0,0.0,0.0,5.0,7.0,6.0
HU,6.0,5.0,1.0,3.0,0.0,4.0,6.0,7.0,1.0,5.0,1.0,6.0,10.0,10.0
HU,3.0,0.0,3.0,10.0,4.0,7.0,8.0,6.0,0.0,5.0,7.0,6.0,1.0,7.0
HU,4.0,5.0,1.0,2.0,5.0,3.0,5.0,5.0,4.0,5.0,0.0,5.0,10.0,5.0
HU,8.0,6.0,1.0,7.0,5.0,4.0,5.0,5.0,0.0,3.0,0.0,5.0,6.0,8.0
HU,2.0,4.0,1.0,7.0,2.0,8.0,3.0,6.0,2.0,5.0,0.0,8.0,7.0,7.0
HU,5.0,3.0,2.0,5.0,5.0,3.0,3.0,3.0,2.0,3.0,2.0,3.0,6.0,5.0
HU,5.0,5.0,2.0,7.0,0.0,5.0,5.0,7.0,3.0,5.0,3.0,5.0,9.0,2.0
HU,3.0,5.0,1.0,5.0,2.0,3.0,0.0,3.0,0.0,1.0,1.0,3.0,2.0,5.0
HU,4.0,0.0,1.0,5.0,0.0,4.0,3.0,5.0,0.0,3.0,0.0,6.0,7.0,7.0
HU,5.0,3.0,1.0,5.0,5.0,4.0,2.0,6.0,1.0,2.0,1.0,5.0,9.0,6.0
HU,2.0,0.0,1.0,7.0,2.0,0.0,3.0,3.0,0.0,3.0,2.0,5.0,6.0,7.0
HU,5.0,3.0,2.0,5.0,5.0,9.0,8.0,10.0,3.0,7.0,4.0,9.0,10.0,9.0
HU,4.0,7.0,2.0,4.0,4.0,8.0,9.0,8.0,7.0,7.0,6.0,6.0,7.0,6.0
HU,9.0,5.0,1.0,10.0,4.0,5.0,9.0,9.0,5.0,9.0,5.0,5.0,8.0,4.0
HU,6.0,6.0,1.0,7.0,8.0,0.0,7.0,6.0,5.0,6.0,5.0,3.0,9.0,8.0
HU,4.0,3.0,1.0,3.0,3.0,2.0,3.0,5.0,3.0,3.0,3.0,3.0,9.0,7.0
HU,5.0,4.0,2.0,8.0,2.0,4.0,2.0,0.0,0.0,2.0,0.0,2.0,8.0,7.0
HU,0.0,0.0,1.0,8.0,0.0,0.0,0.0,0.0,0.0,5.0,0.0,0.0,8.0,6.0
HU,6.0,7.0,2.0,10.0,9.0,8.0,7.0,6.0,8.0,8.0,7.0,6.0,8.0,5.0
HU,0.0,0.0,1.0,5.0,5.0,10.0,10.0,10.0,10.0,10.0,10.0,10.0,9.0,7.0
HU,3.0,10.0,2.0,10.0,7.0,7.0,10.0,4.0,7.0,8.0,10.0,8.0,0.0,8.0
HU,4.0,3.0,1.0,4.0,2.0,0.0,7.0,7.0,5.0,7.0,5.0,5.0,9.0,5.0
HU,2.0,5.0,3.0,3.0,3.0,4.0,3.0,5.0,2.0,3.0,2.0,4.0,7.0,7.0
HU,0.0,0.0,1.0,6.0,5.0,0.0,0.0,5.0,0.0,0.0,0.0,0.0,7.0,3.0
HU,3.0,4.0,2.0,10.0,2.0,2.0,4.0,9.0,3.0,5.0,3.0,2.0,7.0,8.0
HU,0.0,2.0,1.0,8.0,8.0,0.0,9.0,9.0,5.0,8.0,7.0,6.0,7.0,8.0
HU,6.0,7.0,1.0,7.0,5.0,3.0,4.0,5.0,2.0,2.0,2.0,4.0,3.0,9.0
HU,8.0,7.0,1.0,3.0,6.0,9.0,9.0,8.0,8.0,8.0,8.0,8.0,8.0,10.0
HU,2.0,5.0,2.0,5.0,6.0,6.0,5.0,3.0,5.0,6.0,0.0,6.0,8.0,7.0
HU,5.0,3.0,2.0,5.0,5.0,7.0,8.0,7.0,3.0,5.0,3.0,8.0,8.0,7.0
HU,5.0,6.0,1.0,6.0,6.0,6.0,8.0,7.0,6.0,6.0,6.0,6.0,8.0,5.0
HU,5.0,5.0,3.0,4.0,0.0,10.0,4.0,10.0,0.0,0.0,0.0,10.0,7.0,8.0
HU,0.0,0.0,1.0,10.0,7.0,9.0,8.0,5.0,5.0,7.0,10.0,8.0,10.0,5.0
HU,6.0,5.0,2.0,4.0,2.0,8.0,6.0,5.0,4.0,4.0,3.0,9.0,10.0,6.0
HU,6.0,6.0,2.0,5.0,5.0,3.0,3.0,3.0,2.0,3.0,2.0,4.0,8.0,5.0
HU,3.0,4.0,2.0,10.0,0.0,0.0,0.0,2.0,2.0,0.0,2.0,4.0,8.0,5.0
HU,3.0,4.0,1.0,4.0,6.0,6.0,7.0,6.0,3.0,6.0,2.0,7.0,4.0,5.0
HU,3.0,3.0,1.0,10.0,0.0,6.0,5.0,6.0,5.0,5.0,4.0,6.0,7.0,5.0
HU,9.0,9.0,1.0,8.0,8.0,7.0,10.0,10.0,7.0,9.0,7.0,7.0,8.0,9.0
HU,3.0,3.0,1.0,8.0,3.0,4.0,3.0,2.0,1.0,1.0,3.0,5.0,7.0,5.0
HU,3.0,5.0,1.0,8.0,10.0,4.0,8.0,8.0,7.0,10.0,7.0,5.0,2.0,9.0
HU,7.0,5.0,2.0,8.0,8.0,2.0,9.0,10.0,5.0,10.0,5.0,3.0,6.0,8.0
HU,5.0,4.0,2.0,5.0,0.0,6.0,0.0,5.0,0.0,0.0,0.0,4.0,6.0,5.0
HU,3.0,3.0,1.0,5.0,2.0,5.0,4.0,4.0,2.0,3.0,3.0,8.0,8.0,3.0
HU,7.0,7.0,2.0,10.0,6.0,4.0,7.0,9.0,5.0,5.0,6.0,2.0,7.0,10.0
HU,4.0,6.0,1.0,5.0,1.0,8.0,3.0,6.0,4.0,3.0,5.0,8.0,5.0,9.0
HU,5.0,5.0,1.0,7.0,7.0,3.0,3.0,2.0,0.0,5.0,3.0,5.0,10.0,9.0
HU,4.0,2.0,1.0,7.0,4.0,3.0,5.0,6.0,3.0,5.0,3.0,3.0,0.0,9.0
HU,3.0,4.0,2.0,5.0,3.0,1.0,3.0,5.0,1.0,2.0,1.0,1.0,7.0,6.0
HU,7.0,7.0,3.0,2.0,4.0,7.0,8.0,8.0,5.0,6.0,6.0,7.0,10.0,7.0
HU,1.0,1.0,1.0,5.0,5.0,5.0,5.0,5.0,5.0,5.0,5.0,5.0,8.0,6.0
HU,3.0,1.0,2.0,3.0,5.0,7.0,7.0,3.0,2.0,8.0,0.0,8.0,9.0,5.0
HU,3.0,3.0,2.0,4.0,1.0,5.0,2.0,2.0,1.0,2.0,2.0,8.0,7.0,7.0
HU,5.0,7.0,1.0,5.0,8.0,7.0,5.0,6.0,4.0,6.0,4.0,10.0,7.0,5.0
HU,5.0,3.0,4.0,6.0,5.0,5.0,5.0,5.0,5.0,5.0,5.0,5.0,9.0,3.0
HU,5.0,3.0,1.0,5.0,1.0,5.0,8.0,10.0,2.0,8.0,5.0,8.0,7.0,8.0
HU,2.0,7.0,1.0,6.0,2.0,1.0,0.0,0.0,1.0,0.0,1.0,1.0,7.0,2.0
HU,7.0,5.0,3.0,7.0,4.0,3.0,5.0,8.0,1.0,5.0,5.0,5.0,5.0,8.0
HU,4.0,3.0,1.0,5.0,2.0,7.0,2.0,2.0,0.0,1.0,1.0,7.0,5.0,5.0
HU,6.0,5.0,1.0,4.0,1.0,2.0,1.0,5.0,0.0,0.0,2.0,4.0,0.0,7.0
HU,6.0,4.0,1.0,0.0,5.0,3.0,0.0,8.0,4.0,0.0,3.0,4.0,4.0,10.0
HU,4.0,7.0,1.0,5.0,5.0,7.0,7.0,6.0,6.0,6.0,6.0,7.0,6.0,7.0
HU,4.0,4.0,2.0,6.0,5.0,4.0,7.0,8.0,5.0,6.0,5.0,5.0,9.0,6.0
HU,7.0,4.0,1.0,6.0,6.0,0.0,8.0,10.0,6.0,4.0,4.0,3.0,7.0,3.0
HU,7.0,6.0,1.0,5.0,4.0,5.0,5.0,5.0,4.0,5.0,4.0,5.0,4.0,8.0
HU,7.0,7.0,2.0,3.0,5.0,7.0,9.0,8.0,6.0,7.0,6.0,6.0,7.0,7.0
HU,5.0,0.0,3.0,5.0,2.0,8.0,2.0,5.0,2.0,3.0,2.0,9.0,9.0,5.0
HU,7.0,5.0,5.0,9.0,7.0,9.0,6.0,8.0,5.0,5.0,8.0,9.0,5.0,8.0
HU,5.0,5.0,1.0,4.0,0.0,0.0,6.0,5.0,3.0,5.0,3.0,5.0,7.0,6.0
HU,6.0,7.0,2.0,5.0,6.0,1.0,3.0,2.0,2.0,3.0,2.0,1.0,5.0,9.0
HU,3.0,8.0,2.0,1.0,1.0,0.0,1.0,4.0,0.0,1.0,0.0,0.0,5.0,8.0
HU,5.0,7.0,2.0,4.0,4.0,0.0,4.0,4.0,5.0,6.0,5.0,0.0,7.0,7.0
HU,4.0,3.0,2.0,0.0,3.0,0.0,4.0,5.0,2.0,1.0,1.0,1.0,6.0,2.0
HU,3.0,0.0,2.0,10.0,10.0,4.0,6.0,3.0,3.0,5.0,2.0,3.0,8.0,8.0
HU,2.0,2.0,2.0,9.0,2.0,4.0,2.0,2.0,2.0,2.0,2.0,4.0,7.0,3.0
HU,3.0,0.0,1.0,2.0,0.0,4.0,6.0,10.0,6.0,0.0,7.0,3.0,3.0,0.0
HU,8.0,6.0,1.0,5.0,3.0,6.0,7.0,10.0,2.0,5.0,2.0,6.0,8.0,9.0
HU,4.0,3.0,1.0,7.0,8.0,5.0,9.0,9.0,8.0,8.0,8.0,6.0,8.0,8.0
HU,3.0,3.0,2.0,7.0,7.0,0.0,7.0,8.0,6.0,6.0,5.0,3.0,8.0,9.0
HU,4.0,4.0,2.0,5.0,4.0,5.0,7.0,7.0,3.0,3.0,3.0,5.0,5.0,5.0
HU,9.0,8.0,1.0,10.0,9.0,7.0,8.0,6.0,8.0,10.0,8.0,7.0,10.0,10.0
HU,5.0,5.0,1.0,5.0,0.0,3.0,3.0,3.0,1.0,3.0,1.0,3.0,5.0,5.0
HU,7.0,7.0,2.0,0.0,5.0,6.0,4.0,6.0,5.0,8.0,5.0,8.0,8.0,8.0
HU,10.0,8.0,1.0,7.0,5.0,5.0,7.0,10.0,4.0,6.0,7.0,4.0,7.0,6.0
HU,7.0,7.0,1.0,5.0,5.0,8.0,6.0,7.0,3.0,7.0,2.0,7.0,7.0,7.0
HU,2.0,2.0,1.0,5.0,3.0,3.0,7.0,8.0,1.0,5.0,1.0,8.0,8.0,9.0
HU,2.0,2.0,2.0,5.0,1.0,4.0,2.0,0.0,0.0,0.0,2.0,5.0,1.0,7.0
HU,1.0,1.0,2.0,2.0,2.0,1.0,1.0,1.0,2.0,1.0,1.0,2.0,6.0,8.0
HU,6.0,6.0,1.0,5.0,5.0,8.0,8.0,8.0,6.0,8.0,5.0,8.0,5.0,6.0
HU,0.0,9.0,1.0,0.0,10.0,7.0,9.0,9.0,1.0,1.0,1.0,7.0,5.0,7.0
HU,2.0,0.0,2.0,0.0,8.0,1.0,3.0,3.0,0.0,1.0,1.0,0.0,9.0,7.0
HU,6.0,5.0,2.0,0.0,0.0,1.0,3.0,2.0,2.0,2.0,4.0,2.0,3.0,8.0
HU,2.0,2.0,2.0,5.0,0.0,0.0,4.0,4.0,0.0,0.0,0.0,0.0,2.0,5.0
HU,1.0,1.0,1.0,4.0,3.0,5.0,6.0,8.0,3.0,5.0,0.0,2.0,7.0,0.0
HU,5.0,4.0,1.0,9.0,5.0,0.0,4.0,4.0,3.0,4.0,0.0,0.0,5.0,10.0
HU,3.0,4.0,2.0,5.0,3.0,4.0,4.0,4.0,2.0,3.0,2.0,4.0,6.0,3.0
HU,3.0,0.0,1.0,10.0,0.0,7.0,6.0,5.0,4.0,3.0,4.0,8.0,8.0,5.0
HU,5.0,3.0,1.0,5.0,4.0,5.0,5.0,4.0,6.0,6.0,4.0,5.0,4.0,7.0
HU,5.0,7.0,1.0,7.0,8.0,8.0,5.0,9.0,6.0,6.0,6.0,8.0,7.0,7.0
HU,10.0,7.0,1.0,10.0,0.0,0.0,0.0,0.0,0.0,0.0,0.0,4.0,0.0,10.0
HU,4.0,2.0,1.0,2.0,2.0,7.0,5.0,7.0,3.0,2.0,2.0,8.0,8.0,7.0
HU,9.0,9.0,1.0,10.0,0.0,10.0,5.0,5.0,0.0,0.0,0.0,10.0,5.0,5.0
HU,6.0,7.0,1.0,3.0,3.0,5.0,4.0,8.0,4.0,3.0,4.0,7.0,6.0,9.0
HU,6.0,7.0,1.0,5.0,6.0,8.0,7.0,9.0,5.0,7.0,7.0,8.0,6.0,7.0
HU,3.0,4.0,1.0,8.0,1.0,4.0,3.0,5.0,0.0,2.0,0.0,8.0,5.0,10.0
HU,5.0,3.0,1.0,3.0,3.0,2.0,5.0,5.0,3.0,4.0,4.0,0.0,5.0,5.0
HU,4.0,4.0,1.0,7.0,8.0,7.0,8.0,9.0,8.0,8.0,8.0,8.0,6.0,8.0
HU,2.0,1.0,3.0,5.0,1.0,1.0,1.0,1.0,0.0,1.0,0.0,1.0,8.0,2.0
HU,0.0,0.0,1.0,5.0,3.0,0.0,4.0,6.0,0.0,6.0,1.0,0.0,5.0,10.0
HU,5.0,3.0,1.0,6.0,6.0,8.0,3.0,2.0,8.0,7.0,0.0,2.0,4.0,7.0
HU,4.0,5.0,1.0,3.0,1.0,9.0,4.0,7.0,5.0,4.0,5.0,9.0,6.0,8.0
HU,4.0,2.0,1.0,8.0,5.0,5.0,4.0,5.0,5.0,5.0,5.0,4.0,7.0,7.0
HU,7.0,8.0,1.0,8.0,8.0,8.0,10.0,10.0,8.0,8.0,8.0,7.0,5.0,7.0
HU,4.0,5.0,2.0,9.0,7.0,7.0,8.0,8.0,5.0,7.0,4.0,8.0,9.0,7.0
HU,8.0,0.0,1.0,10.0,7.0,5.0,5.0,5.0,5.0,5.0,5.0,5.0,8.0,10.0
HU,8.0,9.0,1.0,8.0,4.0,5.0,4.0,7.0,4.0,5.0,3.0,8.0,5.0,9.0
HU,4.0,4.0,2.0,5.0,2.0,3.0,2.0,2.0,1.0,3.0,1.0,3.0,9.0,4.0
HU,0.0,0.0,3.0,2.0,3.0,0.0,4.0,10.0,7.0,0.0,0.0,0.0,8.0,0.0
HU,4.0,6.0,1.0,5.0,4.0,6.0,6.0,8.0,4.0,6.0,4.0,8.0,8.0,6.0
HU,8.0,8.0,2.0,5.0,10.0,5.0,5.0,6.0,4.0,4.0,4.0,6.0,10.0,9.0
HU,0.0,0.0,1.0,8.0,7.0,8.0,10.0,10.0,8.0,8.0,9.0,8.0,7.0,9.0
HU,7.0,2.0,1.0,5.0,5.0,4.0,5.0,5.0,0.0,5.0,0.0,2.0,10.0,2.0
HU,6.0,5.0,1.0,8.0,5.0,6.0,5.0,8.0,5.0,6.0,4.0,5.0,7.0,5.0
HU,6.0,3.0,1.0,3.0,2.0,5.0,5.0,6.0,3.0,2.0,2.0,5.0,10.0,7.0
HU,6.0,2.0,2.0,0.0,1.0,9.0,10.0,10.0,8.0,0.0,8.0,9.0,5.0,10.0
HU,1.0,9.0,1.0,2.0,7.0,2.0,0.0,7.0,0.0,0.0,0.0,8.0,8.0,8.0
HU,6.0,7.0,1.0,9.0,8.0,6.0,9.0,9.0,8.0,8.0,7.0,9.0,7.0,10.0
HU,5.0,5.0,1.0,5.0,0.0,2.0,0.0,7.0,0.0,0.0,0.0,1.0,8.0,3.0
HU,3.0,2.0,1.0,1.0,0.0,3.0,2.0,2.0,2.0,2.0,2.0,3.0,9.0,7.0
HU,7.0,8.0,2.0,7.0,5.0,6.0,7.0,7.0,5.0,7.0,5.0,5.0,8.0,8.0
HU,6.0,5.0,1.0,6.0,2.0,3.0,6.0,6.0,3.0,3.0,3.0,6.0,6.0,5.0
HU,5.0,2.0,2.0,6.0,0.0,3.0,4.0,3.0,2.0,3.0,2.0,3.0,10.0,10.0
HU,3.0,3.0,1.0,7.0,2.0,5.0,4.0,4.0,3.0,3.0,3.0,8.0,8.0,5.0
HU,5.0,3.0,2.0,1.0,6.0,6.0,8.0,8.0,7.0,3.0,5.0,5.0,8.0,7.0
HU,2.0,0.0,1.0,5.0,5.0,8.0,8.0,3.0,5.0,2.0,0.0,8.0,5.0,9.0
HU,7.0,6.0,1.0,6.0,5.0,6.0,6.0,4.0,2.0,3.0,2.0,6.0,10.0,6.0
HU,5.0,8.0,2.0,9.0,8.0,0.0,9.0,8.0,6.0,10.0,4.0,4.0,10.0,7.0
HU,6.0,5.0,2.0,7.0,2.0,7.0,7.0,5.0,3.0,3.0,3.0,8.0,4.0,8.0
HU,4.0,5.0,1.0,5.0,4.0,5.0,3.0,5.0,1.0,3.0,1.0,5.0,7.0,8.0
HU,6.0,5.0,3.0,5.0,1.0,3.0,3.0,3.0,1.0,1.0,1.0,4.0,7.0,5.0
HU,8.0,6.0,1.0,8.0,0.0,4.0,8.0,5.0,3.0,3.0,5.0,7.0,4.0,7.0
HU,4.0,4.0,2.0,5.0,4.0,3.0,4.0,4.0,3.0,4.0,3.0,3.0,9.0,5.0
HU,3.0,4.0,2.0,5.0,4.0,2.0,3.0,3.0,2.0,4.0,2.0,2.0,6.0,6.0
HU,7.0,4.0,2.0,5.0,4.0,0.0,6.0,7.0,2.0,7.0,1.0,4.0,5.0,6.0
HU,3.0,5.0,1.0,5.0,2.0,4.0,4.0,4.0,2.0,2.0,2.0,5.0,9.0,10.0
HU,6.0,6.0,1.0,5.0,4.0,5.0,9.0,7.0,3.0,8.0,4.0,8.0,8.0,9.0
HU,3.0,3.0,1.0,5.0,2.0,6.0,2.0,3.0,2.0,3.0,1.0,6.0,5.0,3.0
HU,3.0,7.0,1.0,5.0,5.0,0.0,4.0,3.0,4.0,7.0,6.0,0.0,7.0,6.0
HU,1.0,1.0,1.0,5.0,1.0,5.0,5.0,4.0,5.0,6.0,6.0,5.0,7.0,6.0
HU,7.0,6.0,1.0,7.0,9.0,6.0,9.0,9.0,9.0,8.0,8.0,6.0,5.0,9.0
HU,4.0,5.0,1.0,5.0,3.0,10.0,5.0,5.0,5.0,4.0,4.0,10.0,5.0,0.0
HU,5.0,5.0,2.0,0.0,5.0,0.0,3.0,3.0,0.0,0.0,0.0,0.0,5.0,10.0
HU,6.0,5.0,3.0,9.0,8.0,9.0,4.0,1.0,8.0,8.0,8.0,9.0,6.0,5.0
HU,5.0,6.0,2.0,7.0,9.0,7.0,10.0,10.0,8.0,8.0,8.0,7.0,8.0,8.0
HU,7.0,6.0,2.0,5.0,1.0,4.0,4.0,7.0,3.0,5.0,2.0,5.0,7.0,6.0
HU,2.0,0.0,1.0,1.0,3.0,1.0,8.0,7.0,2.0,6.0,2.0,8.0,5.0,3.0
HU,3.0,3.0,1.0,10.0,7.0,3.0,7.0,10.0,5.0,7.0,5.0,4.0,5.0,4.0
HU,5.0,4.0,1.0,7.0,5.0,5.0,4.0,5.0,3.0,3.0,2.0,6.0,7.0,5.0
HU,7.0,9.0,1.0,5.0,8.0,8.0,8.0,9.0,8.0,9.0,8.0,7.0,8.0,8.0
HU,8.0,8.0,3.0,7.0,7.0,4.0,7.0,6.0,7.0,8.0,7.0,4.0,5.0,8.0
HU,4.0,6.0,2.0,4.0,3.0,6.0,7.0,4.0,2.0,4.0,2.0,6.0,7.0,7.0
HU,6.0,0.0,2.0,7.0,7.0,7.0,5.0,6.0,4.0,4.0,4.0,7.0,5.0,8.0
HU,3.0,4.0,1.0,0.0,9.0,6.0,8.0,9.0,9.0,7.0,7.0,7.0,7.0,7.0
HU,6.0,1.0,1.0,5.0,4.0,6.0,4.0,5.0,4.0,4.0,0.0,7.0,5.0,4.0
HU,5.0,4.0,1.0,5.0,2.0,2.0,2.0,2.0,0.0,2.0,0.0,3.0,3.0,2.0
HU,5.0,5.0,2.0,5.0,1.0,5.0,5.0,5.0,0.0,5.0,0.0,5.0,7.0,10.0
HU,5.0,7.0,1.0,8.0,9.0,1.0,6.0,8.0,5.0,7.0,5.0,1.0,6.0,7.0
HU,7.0,7.0,3.0,7.0,7.0,6.0,7.0,8.0,5.0,7.0,4.0,5.0,10.0,3.0
HU,2.0,0.0,1.0,2.0,0.0,8.0,6.0,6.0,0.0,3.0,0.0,8.0,9.0,6.0
HU,5.0,5.0,2.0,7.0,5.0,4.0,2.0,2.0,1.0,0.0,1.0,6.0,8.0,7.0
HU,2.0,2.0,1.0,4.0,3.0,3.0,3.0,3.0,2.0,2.0,2.0,3.0,9.0,5.0
HU,5.0,6.0,1.0,2.0,1.0,5.0,3.0,5.0,0.0,6.0,1.0,5.0,7.0,8.0
HU,7.0,6.0,1.0,4.0,3.0,5.0,6.0,8.0,1.0,5.0,1.0,5.0,7.0,9.0
HU,6.0,5.0,1.0,6.0,6.0,6.0,5.0,5.0,5.0,6.0,6.0,6.0,6.0,7.0
HU,10.0,9.0,1.0,7.0,0.0,5.0,0.0,0.0,0.0,0.0,0.0,6.0,4.0,8.0
HU,7.0,5.0,1.0,10.0,0.0,5.0,3.0,3.0,4.0,5.0,5.0,4.0,5.0,9.0
HU,2.0,1.0,1.0,5.0,4.0,5.0,5.0,7.0,3.0,5.0,2.0,5.0,2.0,4.0
HU,5.0,6.0,2.0,5.0,4.0,7.0,7.0,3.0,3.0,7.0,0.0,8.0,8.0,7.0
HU,2.0,0.0,1.0,5.0,1.0,5.0,5.0,5.0,5.0,5.0,5.0,5.0,5.0,8.0
HU,5.0,4.0,1.0,5.0,3.0,5.0,4.0,5.0,4.0,4.0,5.0,5.0,5.0,3.0
HU,7.0,7.0,1.0,7.0,3.0,5.0,5.0,5.0,5.0,5.0,5.0,5.0,7.0,5.0
HU,7.0,6.0,2.0,6.0,6.0,5.0,8.0,8.0,6.0,6.0,6.0,5.0,8.0,8.0
HU,3.0,4.0,1.0,5.0,2.0,3.0,3.0,2.0,5.0,3.0,4.0,4.0,10.0,4.0
HU,5.0,5.0,2.0,7.0,5.0,0.0,5.0,5.0,5.0,5.0,5.0,5.0,8.0,7.0
HU,2.0,5.0,1.0,5.0,3.0,5.0,6.0,6.0,3.0,1.0,3.0,6.0,5.0,8.0
HU,7.0,5.0,1.0,6.0,2.0,4.0,3.0,3.0,1.0,2.0,1.0,4.0,5.0,8.0
HU,7.0,4.0,1.0,10.0,1.0,1.0,3.0,4.0,2.0,3.0,2.0,4.0,5.0,10.0
HU,5.0,5.0,1.0,0.0,10.0,7.0,9.0,9.0,8.0,8.0,8.0,7.0,2.0,10.0
HU,7.0,9.0,2.0,10.0,9.0,6.0,7.0,8.0,6.0,7.0,6.0,5.0,6.0,8.0
HU,5.0,5.0,1.0,5.0,6.0,6.0,6.0,6.0,2.0,5.0,1.0,7.0,8.0,9.0
HU,6.0,5.0,2.0,8.0,7.0,8.0,7.0,8.0,7.0,6.0,7.0,10.0,8.0,7.0
HU,2.0,2.0,1.0,5.0,0.0,0.0,0.0,5.0,0.0,0.0,0.0,0.0,8.0,10.0
HU,5.0,3.0,2.0,5.0,3.0,4.0,3.0,4.0,3.0,3.0,2.0,3.0,5.0,6.0
HU,0.0,0.0,1.0,8.0,9.0,8.0,7.0,6.0,8.0,7.0,8.0,7.0,7.0,8.0
HU,5.0,0.0,1.0,10.0,9.0,8.0,10.0,10.0,10.0,10.0,10.0,8.0,8.0,10.0
HU,0.0,0.0,2.0,5.0,2.0,6.0,3.0,7.0,3.0,3.0,4.0,7.0,4.0,5.0
HU,8.0,5.0,1.0,5.0,0.0,3.0,5.0,3.0,5.0,2.0,5.0,3.0,10.0,3.0
HU,7.0,6.0,1.0,5.0,8.0,8.0,8.0,7.0,7.0,7.0,6.0,6.0,5.0,7.0
HU,3.0,4.0,2.0,6.0,4.0,3.0,3.0,4.0,4.0,4.0,4.0,5.0,6.0,3.0
HU,6.0,4.0,3.0,5.0,5.0,6.0,7.0,6.0,5.0,6.0,4.0,6.0,7.0,7.0
HU,0.0,0.0,1.0,0.0,5.0,3.0,4.0,4.0,3.0,4.0,0.0,3.0,6.0,5.0
HU,2.0,1.0,1.0,5.0,1.0,3.0,1.0,5.0,2.0,2.0,1.0,3.0,8.0,8.0
HU,2.0,3.0,2.0,0.0,4.0,5.0,7.0,9.0,3.0,3.0,4.0,5.0,8.0,8.0
HU,3.0,3.0,2.0,3.0,5.0,3.0,6.0,5.0,1.0,2.0,2.0,5.0,6.0,6.0
HU,5.0,5.0,1.0,2.0,0.0,5.0,5.0,5.0,5.0,5.0,5.0,5.0,5.0,6.0
HU,7.0,7.0,2.0,8.0,1.0,6.0,4.0,2.0,2.0,2.0,2.0,6.0,7.0,7.0
HU,5.0,10.0,2.0,8.0,4.0,5.0,3.0,3.0,6.0,3.0,3.0,6.0,8.0,4.0
HU,1.0,2.0,1.0,8.0,5.0,0.0,0.0,0.0,0.0,0.0,0.0,0.0,4.0,5.0
HU,6.0,6.0,1.0,8.0,6.0,6.0,8.0,6.0,7.0,6.0,5.0,5.0,4.0,7.0
HU,4.0,4.0,1.0,5.0,4.0,5.0,5.0,4.0,3.0,5.0,3.0,5.0,9.0,2.0
HU,5.0,4.0,1.0,2.0,7.0,6.0,8.0,8.0,4.0,8.0,3.0,7.0,6.0,8.0
HU,0.0,0.0,2.0,5.0,4.0,6.0,7.0,4.0,3.0,6.0,5.0,7.0,8.0,5.0
HU,7.0,7.0,3.0,5.0,4.0,7.0,5.0,6.0,3.0,5.0,3.0,7.0,9.0,5.0
HU,2.0,4.0,1.0,8.0,2.0,10.0,7.0,9.0,5.0,2.0,6.0,7.0,8.0,5.0
HU,7.0,5.0,1.0,7.0,2.0,7.0,5.0,8.0,5.0,0.0,0.0,7.0,5.0,4.0
HU,3.0,0.0,1.0,9.0,0.0,0.0,2.0,2.0,2.0,0.0,2.0,0.0,3.0,5.0
HU,7.0,5.0,1.0,5.0,1.0,5.0,5.0,4.0,2.0,3.0,2.0,5.0,1.0,9.0
HU,5.0,5.0,1.0,5.0,5.0,5.0,4.0,4.0,3.0,6.0,3.0,5.0,8.0,6.0
HU,3.0,3.0,1.0,8.0,7.0,3.0,7.0,8.0,6.0,7.0,7.0,3.0,5.0,7.0
HU,5.0,3.0,1.0,7.0,2.0,3.0,3.0,2.0,1.0,3.0,1.0,4.0,7.0,4.0
HU,7.0,7.0,1.0,7.0,2.0,5.0,3.0,5.0,0.0,2.0,0.0,5.0,4.0,7.0
HU,5.0,0.0,1.0,6.0,6.0,0.0,1.0,2.0,2.0,1.0,0.0,0.0,6.0,7.0
HU,5.0,2.0,3.0,5.0,5.0,5.0,6.0,7.0,6.0,5.0,6.0,7.0,7.0,10.0
HU,8.0,7.0,2.0,0.0,3.0,2.0,7.0,3.0,5.0,6.0,1.0,2.0,2.0,9.0
HU,3.0,1.0,1.0,7.0,7.0,5.0,7.0,8.0,4.0,6.0,4.0,7.0,9.0,5.0
HU,4.0,4.0,1.0,0.0,3.0,0.0,0.0,0.0,0.0,0.0,0.0,0.0,7.0,7.0
HU,6.0,4.0,2.0,5.0,5.0,7.0,4.0,8.0,6.0,4.0,7.0,6.0,5.0,10.0
HU,0.0,0.0,1.0,3.0,5.0,5.0,5.0,5.0,3.0,5.0,0.0,5.0,6.0,3.0
HU,5.0,0.0,3.0,10.0,8.0,6.0,10.0,10.0,10.0,10.0,10.0,8.0,8.0,10.0
HU,5.0,3.0,1.0,7.0,0.0,3.0,5.0,6.0,0.0,0.0,0.0,3.0,10.0,7.0
HU,6.0,8.0,1.0,6.0,4.0,6.0,10.0,9.0,4.0,9.0,4.0,9.0,6.0,5.0
HU,7.0,1.0,1.0,2.0,7.0,8.0,8.0,8.0,6.0,8.0,3.0,8.0,8.0,5.0
HU,5.0,5.0,1.0,5.0,5.0,7.0,5.0,8.0,1.0,2.0,6.0,5.0,8.0,7.0
HU,6.0,0.0,1.0,10.0,5.0,1.0,5.0,7.0,0.0,0.0,0.0,0.0,4.0,9.0
HU,5.0,6.0,2.0,7.0,7.0,5.0,6.0,6.0,5.0,6.0,5.0,5.0,8.0,10.0
HU,3.0,8.0,1.0,5.0,1.0,5.0,7.0,7.0,2.0,2.0,2.0,5.0,5.0,6.0
HU,8.0,6.0,1.0,5.0,8.0,7.0,9.0,9.0,7.0,7.0,0.0,8.0,5.0,10.0
HU,5.0,7.0,2.0,5.0,6.0,9.0,9.0,8.0,6.0,9.0,6.0,10.0,8.0,8.0
HU,5.0,6.0,1.0,4.0,4.0,6.0,4.0,6.0,6.0,5.0,5.0,6.0,6.0,6.0
HU,4.0,2.0,2.0,8.0,9.0,3.0,2.0,4.0,5.0,8.0,5.0,3.0,8.0,6.0
HU,3.0,2.0,1.0,9.0,7.0,3.0,9.0,9.0,8.0,7.0,8.0,2.0,10.0,9.0
HU,9.0,9.0,2.0,5.0,6.0,8.0,9.0,10.0,5.0,7.0,5.0,10.0,2.0,6.0
HU,4.0,3.0,1.0,5.0,2.0,3.0,2.0,4.0,3.0,3.0,3.0,4.0,8.0,5.0
HU,2.0,8.0,1.0,9.0,1.0,3.0,0.0,0.0,0.0,0.0,0.0,3.0,5.0,3.0
HU,5.0,2.0,1.0,5.0,5.0,0.0,0.0,7.0,0.0,0.0,1.0,0.0,5.0,2.0
HU,6.0,0.0,1.0,0.0,2.0,4.0,4.0,5.0,4.0,4.0,4.0,4.0,5.0,7.0
HU,8.0,2.0,1.0,5.0,0.0,10.0,5.0,10.0,3.0,2.0,3.0,10.0,5.0,2.0
HU,1.0,1.0,2.0,5.0,3.0,0.0,0.0,0.0,0.0,0.0,0.0,0.0,7.0,3.0
HU,2.0,0.0,2.0,1.0,0.0,5.0,5.0,5.0,0.0,0.0,0.0,10.0,7.0,5.0
HU,3.0,3.0,1.0,3.0,7.0,6.0,5.0,6.0,3.0,5.0,4.0,7.0,9.0,6.0
HU,8.0,7.0,2.0,4.0,7.0,7.0,7.0,8.0,3.0,5.0,8.0,6.0,4.0,6.0
HU,3.0,8.0,2.0,7.0,2.0,3.0,4.0,4.0,2.0,3.0,2.0,3.0,2.0,8.0
HU,8.0,8.0,1.0,6.0,8.0,8.0,9.0,9.0,7.0,8.0,7.0,8.0,8.0,10.0
HU,4.0,3.0,2.0,0.0,5.0,2.0,5.0,2.0,5.0,5.0,0.0,6.0,7.0,5.0
HU,3.0,2.0,2.0,1.0,0.0,8.0,2.0,6.0,2.0,4.0,5.0,8.0,8.0,3.0
HU,0.0,5.0,1.0,0.0,0.0,10.0,3.0,0.0,0.0,2.0,3.0,10.0,8.0,10.0
HU,5.0,6.0,1.0,5.0,7.0,7.0,6.0,7.0,5.0,5.0,5.0,7.0,7.0,7.0
HU,7.0,7.0,1.0,8.0,7.0,8.0,9.0,9.0,7.0,7.0,7.0,9.0,10.0,8.0
HU,4.0,5.0,1.0,10.0,6.0,2.0,6.0,4.0,5.0,5.0,5.0,3.0,9.0,6.0
HU,4.0,2.0,1.0,8.0,1.0,5.0,0.0,6.0,3.0,0.0,3.0,5.0,8.0,10.0
HU,5.0,8.0,2.0,3.0,4.0,2.0,3.0,2.0,2.0,3.0,2.0,2.0,6.0,5.0
HU,0.0,1.0,1.0,2.0,0.0,6.0,1.0,5.0,1.0,1.0,1.0,9.0,3.0,1.0
HU,3.0,3.0,1.0,5.0,5.0,5.0,5.0,5.0,4.0,5.0,5.0,5.0,5.0,9.0
HU,6.0,5.0,1.0,8.0,0.0,8.0,8.0,9.0,6.0,8.0,6.0,10.0,7.0,6.0
HU,4.0,0.0,1.0,10.0,0.0,2.0,2.0,3.0,2.0,2.0,2.0,2.0,3.0,8.0
HU,6.0,4.0,1.0,6.0,6.0,5.0,8.0,8.0,6.0,7.0,6.0,5.0,7.0,8.0
HU,2.0,2.0,2.0,10.0,0.0,5.0,5.0,3.0,0.0,0.0,0.0,10.0,8.0,8.0
HU,3.0,0.0,1.0,5.0,8.0,3.0,8.0,8.0,4.0,5.0,5.0,6.0,5.0,8.0
HU,7.0,8.0,1.0,5.0,3.0,7.0,6.0,8.0,6.0,7.0,6.0,7.0,7.0,9.0
HU,2.0,2.0,1.0,8.0,9.0,5.0,0.0,0.0,5.0,6.0,5.0,0.0,10.0,5.0
HU,7.0,5.0,2.0,5.0,3.0,5.0,4.0,4.0,2.0,4.0,0.0,5.0,7.0,8.0
HU,5.0,10.0,2.0,2.0,6.0,3.0,2.0,3.0,1.0,1.0,1.0,3.0,2.0,9.0
HU,6.0,7.0,1.0,9.0,4.0,1.0,4.0,3.0,3.0,4.0,3.0,1.0,9.0,9.0
HU,3.0,7.0,1.0,8.0,8.0,3.0,6.0,6.0,5.0,7.0,6.0,2.0,9.0,5.0
HU,2.0,2.0,2.0,9.0,8.0,3.0,8.0,8.0,6.0,9.0,7.0,5.0,7.0,9.0
HU,7.0,5.0,2.0,7.0,8.0,5.0,9.0,9.0,5.0,8.0,5.0,5.0,9.0,6.0
HU,5.0,7.0,2.0,8.0,5.0,8.0,7.0,6.0,2.0,8.0,0.0,9.0,8.0,10.0
HU,3.0,6.0,1.0,10.0,6.0,5.0,3.0,4.0,5.0,4.0,5.0,5.0,10.0,5.0
HU,7.0,9.0,1.0,5.0,2.0,3.0,3.0,2.0,1.0,2.0,2.0,0.0,9.0,8.0
HU,5.0,6.0,1.0,6.0,5.0,5.0,5.0,5.0,6.0,6.0,5.0,4.0,7.0,10.0
HU,6.0,5.0,2.0,5.0,0.0,1.0,5.0,3.0,1.0,3.0,1.0,1.0,4.0,9.0
HU,8.0,7.0,2.0,6.0,6.0,6.0,10.0,6.0,7.0,6.0,8.0,7.0,4.0,6.0
HU,8.0,9.0,1.0,10.0,6.0,7.0,7.0,7.0,7.0,8.0,7.0,7.0,10.0,9.0
HU,5.0,5.0,2.0,1.0,0.0,7.0,6.0,4.0,0.0,2.0,0.0,7.0,7.0,10.0
HU,3.0,5.0,2.0,7.0,6.0,4.0,7.0,6.0,1.0,3.0,2.0,7.0,8.0,6.0
HU,5.0,1.0,1.0,10.0,8.0,0.0,8.0,10.0,3.0,8.0,3.0,8.0,6.0,6.0
HU,3.0,3.0,1.0,3.0,5.0,6.0,7.0,4.0,3.0,8.0,0.0,5.0,6.0,5.0
HU,7.0,6.0,3.0,1.0,4.0,6.0,7.0,7.0,4.0,5.0,4.0,6.0,7.0,8.0
HU,2.0,10.0,1.0,10.0,8.0,4.0,7.0,8.0,8.0,6.0,5.0,8.0,10.0,9.0
HU,7.0,6.0,1.0,3.0,7.0,3.0,9.0,10.0,4.0,6.0,2.0,1.0,8.0,7.0
HU,3.0,2.0,1.0,8.0,8.0,4.0,8.0,8.0,7.0,7.0,9.0,4.0,9.0,8.0
HU,4.0,4.0,2.0,5.0,5.0,2.0,0.0,2.0,2.0,0.0,2.0,5.0,8.0,6.0
HU,6.0,7.0,2.0,5.0,5.0,8.0,6.0,7.0,6.0,6.0,5.0,7.0,7.0,8.0
HU,8.0,8.0,1.0,8.0,4.0,7.0,8.0,10.0,4.0,8.0,5.0,8.0,5.0,7.0
HU,7.0,7.0,1.0,10.0,6.0,6.0,7.0,8.0,6.0,7.0,6.0,6.0,9.0,8.0
HU,5.0,5.0,1.0,6.0,7.0,6.0,4.0,6.0,7.0,6.0,6.0,7.0,9.0,6.0
HU,4.0,5.0,1.0,4.0,3.0,6.0,6.0,5.0,3.0,5.0,3.0,7.0,9.0,7.0
HU,3.0,2.0,1.0,7.0,6.0,4.0,6.0,7.0,4.0,6.0,5.0,5.0,8.0,5.0
HU,8.0,8.0,1.0,10.0,9.0,8.0,8.0,8.0,8.0,8.0,8.0,9.0,5.0,8.0
HU,3.0,4.0,2.0,7.0,6.0,8.0,7.0,10.0,8.0,7.0,10.0,8.0,5.0,8.0
HU,5.0,2.0,2.0,5.0,4.0,4.0,5.0,8.0,0.0,3.0,1.0,2.0,5.0,10.0
HU,8.0,8.0,1.0,5.0,7.0,7.0,9.0,10.0,5.0,6.0,5.0,9.0,9.0,7.0
HU,4.0,5.0,1.0,5.0,4.0,5.0,3.0,3.0,2.0,3.0,0.0,5.0,5.0,8.0
HU,3.0,4.0,1.0,7.0,4.0,4.0,2.0,3.0,1.0,1.0,1.0,4.0,6.0,6.0
HU,2.0,2.0,1.0,5.0,3.0,5.0,7.0,5.0,3.0,5.0,6.0,4.0,3.0,1.0
HU,4.0,3.0,1.0,5.0,5.0,1.0,3.0,4.0,2.0,5.0,2.0,3.0,9.0,10.0
HU,9.0,5.0,4.0,1.0,4.0,3.0,3.0,2.0,2.0,3.0,3.0,3.0,10.0,10.0
HU,7.0,8.0,1.0,5.0,1.0,5.0,2.0,5.0,0.0,2.0,0.0,5.0,6.0,5.0
HU,6.0,5.0,2.0,4.0,1.0,3.0,6.0,3.0,1.0,4.0,1.0,5.0,5.0,4.0
HU,5.0,3.0,1.0,8.0,0.0,2.0,2.0,2.0,0.0,0.0,0.0,6.0,9.0,10.0
HU,7.0,8.0,2.0,3.0,2.0,4.0,1.0,3.0,3.0,3.0,4.0,5.0,7.0,8.0
HU,6.0,6.0,1.0,5.0,7.0,5.0,7.0,7.0,7.0,6.0,7.0,6.0,5.0,6.0
HU,1.0,0.0,2.0,2.0,7.0,6.0,1.0,1.0,4.0,4.0,0.0,7.0,6.0,6.0
HU,7.0,8.0,2.0,2.0,3.0,7.0,9.0,9.0,5.0,4.0,5.0,7.0,8.0,6.0
HU,7.0,4.0,2.0,8.0,9.0,2.0,9.0,9.0,3.0,9.0,4.0,3.0,2.0,9.0
HU,8.0,8.0,2.0,8.0,8.0,7.0,8.0,7.0,7.0,8.0,7.0,4.0,6.0,8.0
HU,2.0,5.0,1.0,8.0,8.0,9.0,9.0,9.0,5.0,9.0,5.0,8.0,9.0,5.0
HU,3.0,5.0,3.0,5.0,1.0,1.0,1.0,5.0,1.0,1.0,1.0,3.0,7.0,8.0
HU,8.0,9.0,1.0,6.0,6.0,6.0,8.0,7.0,7.0,7.0,8.0,6.0,10.0,9.0
HU,5.0,5.0,1.0,5.0,0.0,0.0,0.0,5.0,0.0,0.0,0.0,0.0,10.0,4.0
HU,6.0,6.0,1.0,3.0,3.0,4.0,9.0,9.0,5.0,6.0,3.0,6.0,8.0,7.0
HU,1.0,1.0,1.0,9.0,1.0,8.0,8.0,6.0,1.0,2.0,0.0,8.0,8.0,8.0
HU,4.0,7.0,2.0,4.0,4.0,6.0,7.0,4.0,3.0,4.0,3.0,6.0,7.0,9.0
HU,0.0,5.0,1.0,5.0,5.0,0.0,5.0,0.0,0.0,5.0,0.0,0.0,7.0,8.0
HU,6.0,7.0,2.0,6.0,4.0,3.0,4.0,10.0,3.0,2.0,3.0,4.0,8.0,8.0
HU,5.0,3.0,2.0,4.0,5.0,5.0,5.0,5.0,5.0,5.0,5.0,5.0,7.0,5.0
HU,8.0,8.0,2.0,3.0,7.0,9.0,6.0,9.0,9.0,8.0,9.0,8.0,8.0,7.0
HU,7.0,7.0,1.0,6.0,8.0,8.0,8.0,6.0,7.0,7.0,5.0,6.0,7.0,7.0
HU,1.0,0.0,1.0,7.0,2.0,5.0,5.0,5.0,4.0,5.0,3.0,5.0,8.0,7.0
HU,5.0,5.0,2.0,5.0,2.0,3.0,6.0,6.0,2.0,1.0,1.0,4.0,8.0,3.0
HU,8.0,8.0,3.0,8.0,8.0,0.0,7.0,5.0,6.0,7.0,5.0,0.0,10.0,6.0
HU,5.0,3.0,1.0,0.0,1.0,8.0,9.0,8.0,3.0,1.0,2.0,8.0,10.0,10.0
HU,3.0,2.0,2.0,3.0,5.0,2.0,3.0,2.0,3.0,3.0,4.0,2.0,8.0,6.0
HU,4.0,4.0,2.0,7.0,0.0,9.0,6.0,5.0,4.0,3.0,8.0,9.0,10.0,5.0
HU,4.0,4.0,2.0,8.0,2.0,9.0,8.0,3.0,5.0,6.0,0.0,9.0,7.0,8.0
HU,5.0,3.0,2.0,7.0,3.0,4.0,7.0,6.0,4.0,7.0,5.0,6.0,7.0,9.0
HU,5.0,0.0,1.0,5.0,0.0,1.0,1.0,6.0,0.0,1.0,0.0,6.0,9.0,6.0
HU,1.0,4.0,1.0,7.0,6.0,1.0,5.0,6.0,2.0,5.0,2.0,1.0,2.0,5.0
HU,5.0,3.0,1.0,5.0,3.0,3.0,5.0,5.0,2.0,3.0,2.0,3.0,1.0,7.0
HU,7.0,5.0,2.0,6.0,6.0,4.0,4.0,5.0,5.0,5.0,4.0,5.0,9.0,7.0
HU,7.0,8.0,4.0,5.0,6.0,7.0,7.0,8.0,6.0,6.0,6.0,8.0,7.0,3.0
HU,5.0,4.0,2.0,6.0,6.0,2.0,8.0,6.0,5.0,6.0,4.0,0.0,7.0,6.0
HU,5.0,4.0,1.0,6.0,2.0,5.0,2.0,7.0,0.0,4.0,2.0,6.0,5.0,7.0
HU,8.0,5.0,2.0,5.0,4.0,8.0,3.0,5.0,1.0,4.0,3.0,9.0,9.0,2.0
HU,2.0,2.0,2.0,5.0,0.0,2.0,2.0,2.0,2.0,2.0,2.0,2.0,8.0,3.0
HU,2.0,2.0,1.0,10.0,0.0,4.0,6.0,5.0,2.0,3.0,3.0,5.0,5.0,8.0
HU,5.0,3.0,2.0,5.0,0.0,6.0,1.0,8.0,0.0,1.0,0.0,5.0,6.0,8.0
HU,5.0,5.0,1.0,5.0,0.0,3.0,3.0,5.0,2.0,3.0,2.0,4.0,6.0,10.0
HU,0.0,5.0,1.0,5.0,5.0,5.0,5.0,5.0,5.0,5.0,3.0,5.0,5.0,10.0
HU,5.0,5.0,1.0,7.0,7.0,4.0,5.0,5.0,3.0,5.0,4.0,4.0,4.0,7.0
HU,9.0,9.0,2.0,2.0,1.0,7.0,5.0,6.0,2.0,2.0,3.0,7.0,5.0,10.0
HU,2.0,4.0,1.0,4.0,4.0,8.0,7.0,7.0,5.0,6.0,0.0,8.0,9.0,6.0
HU,3.0,2.0,1.0,5.0,5.0,4.0,5.0,6.0,4.0,5.0,5.0,6.0,9.0,5.0
HU,5.0,4.0,1.0,5.0,3.0,8.0,3.0,3.0,2.0,4.0,2.0,7.0,7.0,8.0
HU,5.0,3.0,1.0,5.0,0.0,0.0,0.0,0.0,0.0,0.0,0.0,4.0,2.0,5.0
HU,8.0,2.0,2.0,2.0,2.0,5.0,5.0,8.0,3.0,3.0,3.0,5.0,4.0,5.0
HU,8.0,4.0,1.0,5.0,5.0,10.0,8.0,8.0,5.0,6.0,5.0,9.0,8.0,10.0
HU,5.0,8.0,2.0,5.0,3.0,3.0,8.0,9.0,1.0,5.0,1.0,5.0,7.0,5.0
HU,4.0,3.0,1.0,5.0,3.0,3.0,1.0,8.0,0.0,1.0,3.0,3.0,5.0,5.0
HU,1.0,3.0,2.0,8.0,0.0,3.0,5.0,5.0,1.0,2.0,1.0,3.0,5.0,0.0
HU,3.0,5.0,3.0,4.0,5.0,5.0,6.0,5.0,4.0,7.0,0.0,5.0,5.0,6.0
HU,3.0,5.0,2.0,6.0,5.0,7.0,6.0,6.0,3.0,5.0,3.0,6.0,10.0,5.0
HU,7.0,4.0,1.0,4.0,5.0,7.0,3.0,3.0,4.0,3.0,3.0,8.0,8.0,5.0
HU,5.0,5.0,2.0,5.0,0.0,6.0,3.0,4.0,4.0,4.0,4.0,5.0,0.0,4.0
HU,6.0,7.0,3.0,7.0,7.0,7.0,8.0,8.0,8.0,7.0,7.0,8.0,7.0,6.0
HU,8.0,5.0,1.0,5.0,5.0,5.0,3.0,3.0,2.0,3.0,4.0,7.0,6.0,6.0
HU,4.0,4.0,1.0,1.0,8.0,1.0,2.0,3.0,5.0,2.0,3.0,3.0,10.0,2.0
HU,5.0,6.0,3.0,5.0,3.0,5.0,5.0,5.0,2.0,5.0,1.0,5.0,7.0,8.0
HU,5.0,5.0,3.0,8.0,10.0,10.0,10.0,10.0,10.0,10.0,10.0,10.0,8.0,7.0
HU,7.0,6.0,1.0,6.0,5.0,6.0,5.0,5.0,5.0,6.0,6.0,5.0,8.0,7.0
HU,5.0,5.0,1.0,5.0,0.0,4.0,5.0,8.0,0.0,0.0,0.0,5.0,8.0,6.0
HU,5.0,5.0,1.0,5.0,3.0,8.0,8.0,5.0,2.0,8.0,1.0,8.0,2.0,7.0
HU,2.0,2.0,1.0,2.0,2.0,2.0,5.0,3.0,2.0,4.0,2.0,2.0,4.0,6.0
HU,2.0,3.0,2.0,6.0,6.0,3.0,7.0,7.0,6.0,8.0,6.0,5.0,9.0,6.0
HU,2.0,2.0,1.0,4.0,5.0,7.0,8.0,5.0,3.0,5.0,3.0,8.0,5.0,3.0
HU,6.0,6.0,1.0,5.0,2.0,8.0,4.0,5.0,2.0,4.0,2.0,9.0,8.0,4.0
HU,1.0,3.0,1.0,7.0,3.0,7.0,3.0,4.0,0.0,2.0,3.0,3.0,5.0,8.0
HU,2.0,7.0,1.0,7.0,8.0,6.0,8.0,7.0,5.0,6.0,6.0,9.0,5.0,7.0
HU,5.0,2.0,1.0,5.0,2.0,4.0,4.0,4.0,3.0,3.0,4.0,4.0,7.0,2.0
HU,3.0,2.0,2.0,5.0,2.0,1.0,3.0,5.0,1.0,4.0,0.0,1.0,10.0,1.0
HU,5.0,3.0,1.0,0.0,4.0,7.0,7.0,7.0,7.0,7.0,7.0,7.0,7.0,7.0
HU,6.0,7.0,1.0,8.0,9.0,9.0,8.0,5.0,7.0,5.0,9.0,7.0,10.0,6.0
HU,8.0,6.0,1.0,3.0,6.0,4.0,5.0,6.0,4.0,5.0,4.0,7.0,5.0,10.0
HU,6.0,6.0,1.0,5.0,1.0,4.0,4.0,2.0,0.0,2.0,0.0,4.0,9.0,8.0
HU,7.0,7.0,2.0,9.0,6.0,5.0,8.0,9.0,8.0,7.0,7.0,5.0,7.0,6.0
HU,1.0,1.0,1.0,6.0,0.0,0.0,0.0,3.0,0.0,0.0,0.0,0.0,9.0,0.0
HU,4.0,3.0,1.0,7.0,2.0,3.0,3.0,1.0,1.0,2.0,1.0,3.0,7.0,7.0
HU,2.0,5.0,1.0,1.0,3.0,7.0,2.0,5.0,2.0,2.0,2.0,9.0,10.0,3.0
HU,4.0,4.0,1.0,6.0,7.0,5.0,8.0,8.0,6.0,7.0,6.0,5.0,7.0,9.0
HU,7.0,7.0,2.0,6.0,4.0,7.0,8.0,8.0,3.0,4.0,4.0,9.0,4.0,8.0
HU,3.0,3.0,1.0,10.0,0.0,4.0,4.0,4.0,0.0,0.0,4.0,4.0,9.0,3.0
HU,4.0,6.0,1.0,3.0,3.0,5.0,4.0,4.0,2.0,2.0,2.0,4.0,3.0,7.0
HU,5.0,0.0,2.0,6.0,0.0,0.0,0.0,0.0,0.0,0.0,0.0,0.0,5.0,10.0
HU,10.0,10.0,1.0,10.0,10.0,8.0,8.0,8.0,8.0,8.0,8.0,8.0,6.0,6.0
HU,0.0,3.0,1.0,5.0,2.0,5.0,5.0,7.0,3.0,5.0,0.0,5.0,7.0,5.0
HU,5.0,4.0,1.0,5.0,4.0,5.0,5.0,7.0,2.0,4.0,3.0,4.0,4.0,8.0
HU,2.0,5.0,1.0,8.0,9.0,2.0,9.0,8.0,5.0,9.0,5.0,6.0,8.0,10.0
HU,7.0,5.0,1.0,4.0,2.0,9.0,2.0,4.0,6.0,2.0,2.0,10.0,5.0,4.0
HU,8.0,5.0,2.0,0.0,5.0,8.0,8.0,9.0,4.0,8.0,6.0,6.0,10.0,8.0
HU,7.0,7.0,1.0,5.0,6.0,6.0,9.0,9.0,4.0,4.0,3.0,8.0,7.0,7.0
HU,3.0,5.0,1.0,3.0,4.0,10.0,3.0,8.0,5.0,5.0,5.0,10.0,9.0,6.0
HU,3.0,4.0,1.0,7.0,3.0,4.0,7.0,3.0,6.0,3.0,5.0,6.0,6.0,4.0
HU,2.0,1.0,2.0,4.0,7.0,1.0,7.0,8.0,3.0,5.0,2.0,6.0,8.0,7.0
HU,5.0,6.0,1.0,5.0,2.0,4.0,6.0,7.0,3.0,5.0,3.0,4.0,7.0,3.0
HU,7.0,6.0,1.0,5.0,3.0,8.0,7.0,7.0,5.0,5.0,5.0,8.0,5.0,6.0
HU,3.0,3.0,1.0,2.0,7.0,6.0,5.0,5.0,2.0,3.0,2.0,4.0,6.0,2.0
HU,8.0,3.0,1.0,0.0,3.0,3.0,9.0,9.0,3.0,3.0,3.0,10.0,10.0,3.0
HU,0.0,0.0,2.0,0.0,10.0,4.0,9.0,9.0,8.0,8.0,5.0,5.0,4.0,9.0
HU,5.0,5.0,1.0,5.0,2.0,5.0,5.0,8.0,4.0,5.0,3.0,5.0,5.0,5.0
HU,7.0,7.0,1.0,8.0,8.0,4.0,6.0,6.0,8.0,8.0,7.0,4.0,8.0,7.0
HU,0.0,2.0,2.0,5.0,0.0,7.0,7.0,8.0,0.0,0.0,0.0,7.0,7.0,8.0
HU,7.0,6.0,1.0,3.0,1.0,6.0,9.0,8.0,5.0,6.0,5.0,6.0,8.0,8.0
HU,3.0,5.0,1.0,5.0,1.0,4.0,3.0,4.0,0.0,1.0,0.0,4.0,5.0,5.0
HU,3.0,7.0,1.0,5.0,3.0,9.0,1.0,7.0,0.0,3.0,0.0,9.0,7.0,6.0
HU,5.0,5.0,2.0,8.0,7.0,0.0,5.0,6.0,4.0,4.0,5.0,0.0,8.0,2.0
HU,5.0,6.0,1.0,6.0,6.0,2.0,7.0,8.0,5.0,4.0,5.0,1.0,6.0,8.0
HU,3.0,4.0,1.0,3.0,4.0,6.0,3.0,5.0,0.0,5.0,0.0,6.0,7.0,5.0
HU,5.0,4.0,1.0,5.0,6.0,3.0,3.0,3.0,3.0,3.0,3.0,1.0,7.0,7.0
HU,3.0,4.0,2.0,2.0,2.0,5.0,5.0,4.0,4.0,5.0,5.0,5.0,5.0,4.0
HU,5.0,5.0,4.0,7.0,6.0,6.0,8.0,7.0,5.0,5.0,5.0,8.0,6.0,6.0
HU,6.0,6.0,1.0,6.0,7.0,6.0,9.0,7.0,6.0,4.0,8.0,8.0,6.0,6.0
HU,2.0,3.0,2.0,8.0,5.0,3.0,8.0,8.0,3.0,4.0,2.0,4.0,0.0,9.0
HU,7.0,6.0,2.0,5.0,1.0,4.0,2.0,6.0,0.0,0.0,2.0,4.0,8.0,7.0
HU,5.0,2.0,2.0,5.0,5.0,8.0,7.0,9.0,5.0,10.0,5.0,9.0,8.0,8.0
HU,6.0,5.0,1.0,3.0,3.0,1.0,1.0,1.0,1.0,1.0,1.0,1.0,8.0,6.0
HU,6.0,7.0,1.0,7.0,4.0,7.0,7.0,6.0,5.0,6.0,5.0,8.0,5.0,6.0
HU,5.0,4.0,1.0,5.0,0.0,0.0,0.0,0.0,0.0,0.0,0.0,0.0,8.0,7.0
HU,7.0,4.0,1.0,5.0,5.0,7.0,7.0,7.0,5.0,6.0,5.0,8.0,4.0,7.0
HU,2.0,2.0,1.0,5.0,5.0,3.0,1.0,1.0,1.0,1.0,0.0,3.0,8.0,6.0
HU,7.0,3.0,1.0,10.0,10.0,6.0,10.0,9.0,7.0,8.0,10.0,8.0,8.0,4.0
HU,2.0,8.0,1.0,8.0,0.0,8.0,2.0,2.0,2.0,4.0,0.0,8.0,9.0,3.0
HU,6.0,7.0,1.0,1.0,2.0,5.0,6.0,4.0,7.0,6.0,5.0,6.0,10.0,7.0
HU,5.0,5.0,1.0,7.0,5.0,7.0,7.0,7.0,4.0,4.0,4.0,8.0,3.0,10.0
HU,5.0,5.0,1.0,7.0,0.0,3.0,4.0,5.0,0.0,2.0,0.0,4.0,9.0,8.0
HU,4.0,3.0,2.0,3.0,0.0,6.0,4.0,6.0,2.0,5.0,3.0,7.0,8.0,8.0
HU,6.0,6.0,1.0,9.0,7.0,7.0,7.0,7.0,7.0,7.0,7.0,7.0,8.0,7.0
HU,8.0,8.0,1.0,6.0,5.0,8.0,6.0,7.0,5.0,5.0,5.0,8.0,7.0,3.0
HU,8.0,2.0,2.0,7.0,4.0,5.0,4.0,5.0,3.0,8.0,0.0,7.0,2.0,7.0
HU,2.0,8.0,1.0,2.0,7.0,9.0,10.0,10.0,5.0,5.0,5.0,9.0,6.0,8.0
HU,2.0,0.0,1.0,5.0,0.0,7.0,0.0,4.0,0.0,0.0,0.0,8.0,5.0,10.0
HU,7.0,7.0,1.0,5.0,2.0,6.0,3.0,6.0,0.0,0.0,0.0,6.0,9.0,8.0
HU,3.0,2.0,1.0,5.0,4.0,4.0,5.0,5.0,5.0,3.0,0.0,4.0,7.0,7.0
HU,4.0,8.0,1.0,9.0,9.0,8.0,6.0,7.0,8.0,6.0,8.0,8.0,7.0,9.0
HU,5.0,4.0,1.0,4.0,5.0,6.0,6.0,5.0,4.0,5.0,4.0,4.0,8.0,7.0
HU,2.0,3.0,2.0,1.0,7.0,5.0,5.0,4.0,3.0,3.0,2.0,6.0,2.0,5.0
HU,6.0,5.0,1.0,5.0,6.0,5.0,6.0,7.0,3.0,5.0,3.0,7.0,5.0,6.0
HU,3.0,3.0,1.0,5.0,1.0,2.0,2.0,2.0,1.0,1.0,1.0,2.0,7.0,4.0
HU,5.0,3.0,1.0,6.0,7.0,5.0,6.0,5.0,5.0,6.0,5.0,5.0,8.0,5.0
HU,6.0,7.0,1.0,3.0,4.0,7.0,5.0,4.0,3.0,6.0,4.0,7.0,6.0,7.0
HU,3.0,2.0,1.0,5.0,2.0,3.0,3.0,3.0,2.0,2.0,2.0,5.0,5.0,3.0
HU,6.0,4.0,2.0,5.0,5.0,6.0,6.0,7.0,6.0,7.0,0.0,7.0,7.0,7.0
HU,3.0,2.0,1.0,8.0,0.0,3.0,3.0,4.0,0.0,2.0,0.0,3.0,5.0,4.0
HU,4.0,6.0,3.0,9.0,2.0,7.0,7.0,6.0,6.0,7.0,5.0,6.0,6.0,9.0
HU,7.0,4.0,1.0,6.0,6.0,4.0,4.0,3.0,5.0,6.0,5.0,4.0,10.0,4.0
HU,5.0,8.0,2.0,2.0,1.0,6.0,5.0,6.0,3.0,3.0,1.0,7.0,8.0,10.0
HU,10.0,10.0,1.0,10.0,10.0,7.0,6.0,8.0,8.0,10.0,8.0,8.0,6.0,8.0
HU,6.0,7.0,1.0,7.0,6.0,5.0,7.0,7.0,6.0,5.0,6.0,5.0,8.0,7.0
HU,0.0,3.0,2.0,5.0,4.0,4.0,3.0,0.0,0.0,3.0,0.0,6.0,7.0,6.0
HU,3.0,5.0,1.0,10.0,8.0,5.0,9.0,9.0,4.0,8.0,4.0,8.0,5.0,9.0
HU,7.0,6.0,1.0,10.0,10.0,10.0,10.0,10.0,10.0,10.0,10.0,10.0,4.0,10.0
HU,6.0,5.0,1.0,5.0,7.0,5.0,7.0,9.0,3.0,7.0,7.0,6.0,6.0,6.0
HU,8.0,5.0,1.0,4.0,1.0,1.0,2.0,3.0,1.0,5.0,2.0,5.0,4.0,5.0
HU,6.0,8.0,1.0,3.0,1.0,5.0,6.0,8.0,1.0,1.0,1.0,7.0,8.0,5.0
HU,6.0,6.0,1.0,5.0,5.0,6.0,6.0,6.0,3.0,4.0,3.0,6.0,10.0,8.0
HU,5.0,1.0,2.0,6.0,2.0,3.0,4.0,2.0,1.0,3.0,0.0,3.0,10.0,10.0
HU,3.0,3.0,2.0,2.0,0.0,3.0,7.0,6.0,3.0,3.0,3.0,3.0,7.0,7.0
HU,0.0,0.0,1.0,10.0,5.0,0.0,10.0,2.0,0.0,2.0,0.0,5.0,10.0,5.0
HU,2.0,3.0,1.0,5.0,0.0,5.0,2.0,3.0,0.0,0.0,1.0,8.0,9.0,8.0
HU,8.0,7.0,1.0,9.0,6.0,4.0,5.0,5.0,5.0,6.0,4.0,3.0,8.0,8.0
HU,8.0,4.0,2.0,5.0,1.0,2.0,2.0,5.0,2.0,1.0,2.0,2.0,8.0,7.0
HU,8.0,5.0,2.0,9.0,0.0,5.0,4.0,5.0,0.0,4.0,0.0,5.0,5.0,8.0
HU,6.0,2.0,1.0,3.0,3.0,3.0,5.0,8.0,5.0,2.0,2.0,6.0,6.0,8.0
HU,2.0,5.0,1.0,5.0,8.0,5.0,7.0,8.0,5.0,7.0,5.0,5.0,8.0,5.0
HU,3.0,5.0,1.0,7.0,8.0,2.0,6.0,8.0,6.0,7.0,7.0,3.0,6.0,10.0
HU,6.0,4.0,1.0,6.0,5.0,4.0,5.0,4.0,3.0,5.0,5.0,5.0,10.0,8.0
HU,0.0,0.0,1.0,0.0,2.0,2.0,0.0,0.0,0.0,0.0,0.0,3.0,6.0,5.0
HU,3.0,5.0,2.0,9.0,3.0,4.0,2.0,8.0,1.0,1.0,2.0,3.0,9.0,8.0
HU,9.0,5.0,2.0,7.0,8.0,2.0,3.0,8.0,9.0,2.0,0.0,2.0,4.0,7.0
HU,1.0,1.0,1.0,5.0,6.0,6.0,7.0,5.0,4.0,6.0,3.0,6.0,5.0,3.0
HU,2.0,4.0,2.0,5.0,0.0,5.0,10.0,10.0,0.0,0.0,0.0,3.0,10.0,10.0
HU,6.0,4.0,1.0,7.0,7.0,6.0,7.0,7.0,7.0,6.0,4.0,6.0,7.0,6.0
HU,9.0,7.0,1.0,8.0,2.0,7.0,7.0,8.0,2.0,2.0,2.0,7.0,7.0,6.0
HU,6.0,3.0,1.0,10.0,0.0,3.0,3.0,3.0,4.0,3.0,4.0,3.0,9.0,6.0
HU,2.0,2.0,2.0,10.0,0.0,5.0,2.0,5.0,0.0,2.0,0.0,5.0,8.0,8.0
HU,2.0,5.0,2.0,5.0,0.0,0.0,5.0,8.0,0.0,0.0,0.0,8.0,9.0,7.0
HU,6.0,8.0,2.0,8.0,7.0,7.0,7.0,8.0,7.0,8.0,7.0,8.0,7.0,8.0
HU,5.0,8.0,1.0,0.0,6.0,5.0,8.0,8.0,5.0,5.0,5.0,5.0,6.0,10.0
HU,3.0,4.0,2.0,1.0,5.0,6.0,10.0,10.0,6.0,5.0,6.0,10.0,4.0,10.0
HU,8.0,10.0,1.0,5.0,2.0,5.0,8.0,8.0,3.0,2.0,3.0,7.0,6.0,10.0
HU,3.0,6.0,1.0,3.0,2.0,7.0,3.0,7.0,3.0,4.0,3.0,6.0,5.0,6.0
HU,4.0,4.0,1.0,5.0,5.0,2.0,0.0,5.0,5.0,5.0,3.0,5.0,9.0,5.0
HU,4.0,3.0,2.0,5.0,4.0,5.0,5.0,5.0,2.0,2.0,2.0,7.0,5.0,4.0
HU,6.0,3.0,1.0,3.0,8.0,6.0,5.0,3.0,5.0,5.0,0.0,7.0,7.0,10.0
HU,2.0,3.0,2.0,8.0,0.0,2.0,2.0,8.0,0.0,5.0,0.0,2.0,7.0,5.0
HU,2.0,2.0,1.0,9.0,6.0,4.0,6.0,7.0,5.0,6.0,8.0,3.0,1.0,6.0
HU,5.0,5.0,1.0,6.0,2.0,5.0,7.0,3.0,2.0,3.0,2.0,7.0,8.0,5.0
HU,1.0,1.0,3.0,4.0,0.0,1.0,1.0,1.0,1.0,1.0,1.0,1.0,7.0,1.0
HU,2.0,1.0,1.0,7.0,7.0,4.0,4.0,4.0,1.0,2.0,1.0,5.0,7.0,6.0
HU,4.0,3.0,1.0,6.0,5.0,7.0,4.0,6.0,6.0,4.0,5.0,7.0,6.0,8.0
HU,2.0,7.0,1.0,10.0,8.0,5.0,8.0,9.0,3.0,7.0,3.0,5.0,9.0,7.0
HU,5.0,5.0,1.0,5.0,3.0,5.0,5.0,3.0,2.0,3.0,5.0,5.0,6.0,7.0
HU,4.0,3.0,1.0,2.0,3.0,3.0,10.0,9.0,2.0,10.0,3.0,2.0,3.0,9.0
HU,6.0,5.0,1.0,2.0,2.0,5.0,8.0,5.0,8.0,8.0,2.0,5.0,7.0,6.0
HU,6.0,4.0,2.0,5.0,3.0,8.0,7.0,8.0,5.0,5.0,4.0,8.0,9.0,7.0
HU,2.0,1.0,1.0,5.0,2.0,6.0,2.0,3.0,2.0,2.0,2.0,7.0,8.0,4.0
HU,4.0,5.0,1.0,8.0,7.0,5.0,7.0,7.0,6.0,6.0,6.0,4.0,6.0,8.0
HU,0.0,0.0,1.0,5.0,4.0,7.0,5.0,5.0,5.0,5.0,5.0,7.0,9.0,5.0
HU,4.0,6.0,2.0,5.0,2.0,8.0,5.0,7.0,4.0,4.0,5.0,6.0,8.0,5.0
HU,3.0,3.0,2.0,7.0,3.0,4.0,4.0,4.0,0.0,3.0,0.0,6.0,9.0,7.0
HU,4.0,2.0,1.0,5.0,1.0,5.0,1.0,3.0,0.0,1.0,1.0,5.0,2.0,4.0
HU,6.0,7.0,2.0,5.0,6.0,6.0,8.0,7.0,5.0,6.0,5.0,8.0,9.0,6.0
HU,8.0,9.0,1.0,3.0,6.0,4.0,5.0,5.0,6.0,6.0,6.0,4.0,10.0,7.0
HU,5.0,5.0,2.0,10.0,6.0,6.0,7.0,9.0,4.0,8.0,6.0,6.0,6.0,7.0
HU,3.0,3.0,1.0,8.0,7.0,3.0,8.0,8.0,5.0,8.0,5.0,2.0,8.0,8.0
HU,5.0,5.0,3.0,1.0,9.0,4.0,10.0,10.0,6.0,3.0,0.0,4.0,7.0,2.0
HU,0.0,6.0,2.0,5.0,0.0,8.0,7.0,4.0,2.0,0.0,6.0,2.0,9.0,0.0
HU,5.0,0.0,1.0,10.0,8.0,0.0,10.0,10.0,10.0,10.0,10.0,0.0,7.0,7.0
HU,8.0,2.0,1.0,5.0,2.0,3.0,5.0,9.0,5.0,4.0,0.0,4.0,6.0,5.0
HU,0.0,0.0,2.0,10.0,0.0,10.0,10.0,10.0,0.0,10.0,0.0,10.0,5.0,10.0
HU,5.0,7.0,1.0,8.0,2.0,1.0,3.0,3.0,4.0,3.0,2.0,5.0,5.0,8.0
HU,7.0,2.0,1.0,5.0,2.0,4.0,6.0,3.0,8.0,4.0,0.0,3.0,4.0,5.0
HU,3.0,3.0,1.0,2.0,1.0,3.0,1.0,1.0,0.0,1.0,0.0,3.0,7.0,3.0
HU,6.0,6.0,2.0,8.0,6.0,6.0,7.0,8.0,7.0,8.0,7.0,6.0,7.0,8.0
HU,2.0,5.0,2.0,6.0,6.0,8.0,6.0,7.0,8.0,10.0,8.0,8.0,10.0,10.0
HU,1.0,5.0,2.0,7.0,7.0,8.0,5.0,6.0,6.0,5.0,5.0,6.0,9.0,8.0
HU,5.0,8.0,1.0,7.0,7.0,7.0,6.0,5.0,5.0,7.0,6.0,4.0,5.0,6.0
HU,0.0,0.0,1.0,3.0,1.0,6.0,5.0,7.0,0.0,6.0,2.0,9.0,2.0,6.0
HU,3.0,4.0,2.0,5.0,3.0,5.0,4.0,5.0,2.0,3.0,2.0,5.0,3.0,7.0
HU,4.0,5.0,2.0,9.0,5.0,2.0,5.0,8.0,3.0,5.0,4.0,2.0,7.0,7.0
HU,9.0,10.0,1.0,10.0,10.0,3.0,5.0,6.0,8.0,9.0,9.0,3.0,9.0,5.0
HU,2.0,0.0,2.0,10.0,7.0,2.0,7.0,7.0,8.0,7.0,5.0,3.0,5.0,5.0
HU,3.0,3.0,1.0,10.0,0.0,4.0,2.0,2.0,3.0,2.0,2.0,6.0,8.0,8.0
HU,5.0,9.0,1.0,5.0,8.0,8.0,9.0,9.0,8.0,8.0,7.0,8.0,8.0,5.0
HU,7.0,6.0,1.0,8.0,6.0,7.0,6.0,7.0,5.0,5.0,5.0,7.0,7.0,10.0
HU,0.0,6.0,1.0,5.0,5.0,6.0,6.0,6.0,6.0,6.0,6.0,6.0,5.0,8.0
HU,3.0,5.0,1.0,4.0,6.0,5.0,5.0,5.0,5.0,6.0,4.0,6.0,10.0,5.0
HU,4.0,4.0,1.0,4.0,2.0,4.0,3.0,3.0,2.0,3.0,1.0,4.0,9.0,7.0
HU,7.0,4.0,1.0,6.0,6.0,7.0,8.0,6.0,8.0,6.0,9.0,8.0,10.0,7.0
HU,0.0,0.0,1.0,5.0,10.0,1.0,1.0,1.0,1.0,1.0,1.0,1.0,1.0,9.0
HU,10.0,5.0,2.0,5.0,1.0,2.0,2.0,1.0,0.0,2.0,0.0,2.0,4.0,5.0
HU,2.0,1.0,1.0,4.0,1.0,5.0,2.0,3.0,1.0,2.0,0.0,5.0,8.0,3.0
HU,6.0,5.0,2.0,1.0,2.0,5.0,0.0,7.0,0.0,2.0,0.0,5.0,5.0,7.0
HU,3.0,2.0,1.0,6.0,2.0,4.0,2.0,1.0,3.0,1.0,7.0,4.0,10.0,8.0
HU,2.0,1.0,1.0,5.0,0.0,1.0,3.0,3.0,0.0,3.0,0.0,1.0,4.0,2.0
HU,7.0,5.0,1.0,8.0,8.0,6.0,7.0,9.0,8.0,8.0,6.0,5.0,1.0,7.0
HU,6.0,5.0,1.0,6.0,5.0,6.0,6.0,7.0,7.0,4.0,8.0,6.0,4.0,4.0
HU,5.0,7.0,1.0,8.0,4.0,8.0,5.0,5.0,6.0,7.0,0.0,8.0,7.0,8.0
HU,3.0,3.0,2.0,2.0,2.0,5.0,5.0,5.0,2.0,2.0,2.0,5.0,3.0,7.0
HU,6.0,5.0,2.0,6.0,6.0,1.0,1.0,1.0,1.0,1.0,1.0,1.0,9.0,6.0
HU,2.0,1.0,1.0,2.0,2.0,1.0,5.0,2.0,0.0,0.0,5.0,1.0,5.0,5.0
HU,6.0,3.0,1.0,1.0,0.0,5.0,7.0,7.0,6.0,4.0,5.0,6.0,9.0,7.0
HU,4.0,4.0,1.0,6.0,6.0,2.0,7.0,6.0,4.0,4.0,4.0,0.0,7.0,6.0
HU,3.0,4.0,1.0,3.0,5.0,7.0,0.0,6.0,3.0,3.0,0.0,7.0,6.0,5.0
HU,5.0,5.0,3.0,0.0,2.0,0.0,0.0,5.0,0.0,0.0,5.0,5.0,6.0,5.0
HU,5.0,7.0,2.0,5.0,3.0,4.0,6.0,7.0,2.0,4.0,3.0,6.0,5.0,7.0
HU,8.0,8.0,1.0,6.0,7.0,5.0,8.0,10.0,5.0,5.0,5.0,5.0,5.0,6.0
HU,0.0,0.0,1.0,8.0,5.0,0.0,3.0,3.0,0.0,1.0,0.0,3.0,8.0,8.0
HU,5.0,4.0,2.0,6.0,6.0,4.0,9.0,9.0,5.0,7.0,4.0,4.0,6.0,7.0
HU,3.0,3.0,1.0,5.0,0.0,4.0,5.0,7.0,1.0,3.0,1.0,4.0,9.0,4.0
HU,6.0,7.0,1.0,5.0,5.0,5.0,5.0,5.0,5.0,5.0,5.0,5.0,7.0,9.0
HU,7.0,7.0,1.0,6.0,9.0,7.0,7.0,8.0,8.0,8.0,8.0,7.0,5.0,9.0
HU,5.0,5.0,1.0,7.0,6.0,6.0,6.0,6.0,6.0,6.0,7.0,5.0,8.0,7.0
HU,2.0,2.0,1.0,4.0,1.0,6.0,2.0,1.0,1.0,1.0,0.0,4.0,7.0,7.0
HU,3.0,3.0,2.0,7.0,0.0,1.0,0.0,0.0,0.0,0.0,0.0,1.0,5.0,3.0
HU,6.0,2.0,1.0,3.0,2.0,4.0,3.0,4.0,5.0,3.0,3.0,5.0,7.0,5.0
HU,5.0,1.0,1.0,3.0,3.0,7.0,2.0,5.0,1.0,1.0,5.0,7.0,8.0,4.0
HU,7.0,4.0,2.0,10.0,10.0,4.0,10.0,10.0,7.0,10.0,7.0,6.0,9.0,9.0
HU,2.0,3.0,1.0,5.0,5.0,5.0,5.0,1.0,0.0,0.0,0.0,5.0,1.0,5.0
HU,6.0,6.0,1.0,5.0,6.0,5.0,4.0,6.0,5.0,4.0,6.0,6.0,4.0,6.0
HU,4.0,5.0,2.0,5.0,4.0,4.0,4.0,3.0,0.0,1.0,0.0,3.0,7.0,3.0
HU,7.0,8.0,1.0,8.0,7.0,5.0,7.0,6.0,7.0,7.0,7.0,5.0,8.0,7.0
HU,5.0,3.0,2.0,5.0,4.0,6.0,4.0,6.0,5.0,5.0,5.0,6.0,5.0,7.0
HU,1.0,3.0,1.0,5.0,2.0,6.0,5.0,6.0,1.0,3.0,0.0,7.0,7.0,5.0
HU,4.0,2.0,2.0,8.0,7.0,4.0,6.0,7.0,4.0,6.0,3.0,5.0,7.0,8.0
HU,6.0,5.0,1.0,5.0,3.0,7.0,7.0,8.0,3.0,8.0,5.0,5.0,8.0,8.0
HU,3.0,2.0,1.0,4.0,6.0,6.0,8.0,5.0,4.0,3.0,0.0,7.0,7.0,4.0
HU,5.0,7.0,2.0,4.0,6.0,4.0,5.0,5.0,4.0,6.0,2.0,4.0,10.0,8.0
HU,9.0,8.0,2.0,2.0,0.0,5.0,4.0,7.0,5.0,3.0,5.0,7.0,8.0,6.0
HU,7.0,8.0,2.0,5.0,8.0,8.0,8.0,8.0,8.0,8.0,8.0,8.0,2.0,8.0
HU,5.0,2.0,2.0,5.0,9.0,9.0,9.0,10.0,9.0,9.0,9.0,5.0,6.0,10.0
HU,4.0,0.0,2.0,5.0,3.0,8.0,0.0,2.0,0.0,8.0,0.0,10.0,5.0,10.0
HU,8.0,8.0,1.0,9.0,8.0,8.0,9.0,9.0,7.0,9.0,8.0,8.0,10.0,8.0
HU,3.0,9.0,1.0,5.0,10.0,10.0,8.0,8.0,8.0,10.0,0.0,10.0,5.0,10.0
HU,8.0,5.0,1.0,5.0,5.0,5.0,5.0,5.0,5.0,5.0,0.0,5.0,8.0,5.0
HU,6.0,3.0,1.0,7.0,5.0,4.0,9.0,9.0,3.0,8.0,5.0,5.0,7.0,9.0
HU,4.0,6.0,1.0,6.0,5.0,5.0,7.0,7.0,6.0,6.0,6.0,5.0,6.0,7.0
HU,3.0,5.0,1.0,2.0,4.0,4.0,3.0,5.0,3.0,3.0,3.0,4.0,8.0,5.0
HU,7.0,7.0,1.0,6.0,4.0,2.0,1.0,1.0,0.0,2.0,1.0,3.0,6.0,5.0
HU,2.0,5.0,1.0,3.0,0.0,8.0,3.0,5.0,2.0,0.0,1.0,8.0,8.0,7.0
HU,4.0,2.0,2.0,5.0,7.0,10.0,5.0,8.0,7.0,2.0,7.0,7.0,10.0,7.0
HU,5.0,3.0,2.0,2.0,0.0,5.0,5.0,6.0,0.0,3.0,0.0,6.0,9.0,6.0
HU,3.0,5.0,1.0,6.0,4.0,3.0,3.0,4.0,4.0,2.0,4.0,6.0,5.0,6.0
HU,6.0,7.0,2.0,6.0,6.0,8.0,7.0,8.0,4.0,5.0,5.0,8.0,7.0,6.0
HU,7.0,5.0,3.0,5.0,6.0,5.0,6.0,7.0,7.0,3.0,6.0,6.0,3.0,7.0
HU,4.0,2.0,2.0,5.0,2.0,6.0,2.0,4.0,0.0,0.0,2.0,6.0,7.0,5.0
HU,5.0,5.0,3.0,5.0,0.0,0.0,0.0,0.0,0.0,0.0,0.0,0.0,5.0,7.0
HU,7.0,2.0,2.0,8.0,4.0,3.0,4.0,4.0,3.0,6.0,3.0,5.0,5.0,5.0
HU,5.0,2.0,2.0,7.0,5.0,4.0,9.0,8.0,1.0,8.0,4.0,5.0,10.0,5.0
HU,4.0,5.0,2.0,5.0,2.0,3.0,1.0,2.0,0.0,2.0,2.0,2.0,7.0,7.0
HU,2.0,0.0,2.0,5.0,3.0,5.0,5.0,5.0,3.0,5.0,3.0,7.0,6.0,4.0
HU,8.0,5.0,2.0,7.0,5.0,8.0,6.0,7.0,7.0,6.0,0.0,10.0,5.0,8.0
HU,5.0,2.0,1.0,10.0,10.0,3.0,8.0,9.0,10.0,9.0,9.0,3.0,6.0,10.0
HU,0.0,5.0,1.0,8.0,2.0,0.0,3.0,3.0,0.0,0.0,0.0,0.0,9.0,8.0
HU,7.0,2.0,1.0,10.0,10.0,9.0,9.0,8.0,9.0,9.0,6.0,7.0,7.0,3.0
HU,8.0,10.0,1.0,0.0,0.0,4.0,7.0,8.0,4.0,6.0,4.0,9.0,5.0,8.0
HU,4.0,4.0,1.0,2.0,5.0,4.0,3.0,4.0,3.0,4.0,0.0,4.0,7.0,7.0
HU,6.0,5.0,1.0,8.0,4.0,3.0,5.0,5.0,3.0,5.0,3.0,3.0,9.0,9.0
HU,4.0,1.0,1.0,5.0,2.0,3.0,3.0,2.0,0.0,3.0,0.0,6.0,7.0,6.0
HU,6.0,4.0,1.0,10.0,3.0,0.0,2.0,2.0,0.0,0.0,0.0,0.0,3.0,8.0
HU,3.0,4.0,1.0,3.0,3.0,3.0,3.0,6.0,6.0,3.0,4.0,7.0,5.0,4.0
HU,5.0,7.0,1.0,4.0,4.0,8.0,7.0,6.0,4.0,4.0,3.0,7.0,7.0,9.0
HU,6.0,7.0,2.0,9.0,9.0,3.0,7.0,6.0,6.0,7.0,7.0,7.0,7.0,6.0
HU,5.0,4.0,2.0,6.0,5.0,5.0,8.0,8.0,6.0,6.0,6.0,5.0,10.0,7.0
HU,5.0,4.0,1.0,10.0,5.0,5.0,6.0,10.0,6.0,6.0,6.0,3.0,2.0,10.0
HU,5.0,4.0,1.0,4.0,4.0,4.0,5.0,6.0,5.0,4.0,6.0,5.0,8.0,3.0
HU,3.0,4.0,1.0,5.0,2.0,5.0,5.0,5.0,5.0,5.0,5.0,5.0,4.0,5.0
HU,7.0,6.0,1.0,3.0,2.0,5.0,6.0,8.0,2.0,8.0,2.0,8.0,10.0,8.0
HU,4.0,6.0,1.0,2.0,2.0,3.0,3.0,4.0,3.0,3.0,3.0,3.0,0.0,5.0
HU,4.0,6.0,2.0,6.0,8.0,5.0,4.0,3.0,4.0,6.0,0.0,5.0,3.0,6.0
HU,8.0,2.0,1.0,10.0,10.0,3.0,10.0,10.0,10.0,10.0,10.0,4.0,5.0,8.0
HU,5.0,5.0,2.0,6.0,4.0,5.0,6.0,7.0,6.0,6.0,5.0,7.0,6.0,5.0
HU,5.0,5.0,1.0,8.0,6.0,5.0,5.0,5.0,4.0,5.0,4.0,5.0,2.0,5.0
HU,5.0,8.0,1.0,6.0,6.0,3.0,5.0,3.0,2.0,7.0,4.0,5.0,6.0,6.0
HU,1.0,2.0,1.0,8.0,3.0,4.0,4.0,3.0,2.0,3.0,2.0,4.0,8.0,6.0
HU,5.0,1.0,1.0,5.0,5.0,6.0,0.0,0.0,0.0,0.0,0.0,7.0,10.0,5.0
HU,5.0,0.0,1.0,5.0,0.0,5.0,7.0,5.0,0.0,1.0,0.0,5.0,6.0,5.0
HU,4.0,2.0,1.0,5.0,3.0,5.0,2.0,2.0,2.0,3.0,0.0,5.0,9.0,4.0
HU,5.0,3.0,1.0,6.0,2.0,5.0,0.0,0.0,0.0,5.0,0.0,10.0,7.0,5.0
HU,4.0,4.0,2.0,7.0,5.0,6.0,7.0,6.0,1.0,6.0,1.0,7.0,10.0,8.0
HU,7.0,8.0,2.0,0.0,1.0,10.0,2.0,7.0,5.0,3.0,7.0,9.0,5.0,7.0
HU,4.0,2.0,2.0,5.0,8.0,6.0,8.0,9.0,6.0,7.0,6.0,7.0,7.0,8.0
HU,5.0,4.0,2.0,3.0,5.0,6.0,7.0,6.0,5.0,6.0,6.0,7.0,6.0,7.0
HU,8.0,8.0,1.0,2.0,5.0,8.0,7.0,7.0,7.0,8.0,7.0,8.0,8.0,9.0
HU,5.0,2.0,1.0,8.0,0.0,5.0,5.0,7.0,6.0,5.0,9.0,3.0,9.0,0.0
HU,7.0,10.0,1.0,5.0,3.0,5.0,3.0,3.0,3.0,3.0,3.0,5.0,5.0,9.0
HU,6.0,4.0,2.0,3.0,3.0,7.0,7.0,8.0,8.0,5.0,7.0,7.0,7.0,3.0
HU,7.0,7.0,1.0,7.0,6.0,5.0,3.0,4.0,5.0,4.0,4.0,5.0,7.0,4.0
HU,8.0,2.0,1.0,5.0,2.0,8.0,2.0,4.0,4.0,2.0,4.0,9.0,4.0,5.0
HU,6.0,7.0,1.0,2.0,2.0,4.0,4.0,4.0,4.0,4.0,4.0,4.0,7.0,5.0
HU,3.0,3.0,1.0,4.0,3.0,7.0,5.0,7.0,3.0,6.0,3.0,6.0,6.0,8.0
HU,4.0,4.0,1.0,3.0,3.0,2.0,4.0,5.0,2.0,3.0,2.0,4.0,8.0,6.0
HU,5.0,5.0,2.0,2.0,0.0,6.0,4.0,7.0,0.0,3.0,2.0,6.0,6.0,10.0
HU,6.0,3.0,2.0,9.0,9.0,5.0,7.0,9.0,3.0,4.0,1.0,0.0,2.0,3.0
HU,3.0,4.0,1.0,0.0,3.0,3.0,4.0,5.0,3.0,4.0,3.0,3.0,8.0,3.0
HU,4.0,4.0,1.0,7.0,8.0,4.0,5.0,4.0,4.0,3.0,3.0,5.0,4.0,3.0
HU,6.0,5.0,1.0,5.0,3.0,3.0,2.0,3.0,2.0,3.0,1.0,4.0,8.0,7.0
HU,7.0,5.0,2.0,3.0,7.0,9.0,6.0,8.0,4.0,4.0,4.0,9.0,8.0,10.0
HU,5.0,5.0,1.0,3.0,3.0,4.0,5.0,5.0,3.0,4.0,4.0,5.0,10.0,6.0
HU,4.0,6.0,1.0,5.0,7.0,5.0,5.0,7.0,5.0,6.0,5.0,7.0,6.0,5.0
HU,4.0,3.0,1.0,7.0,8.0,6.0,5.0,7.0,6.0,8.0,5.0,5.0,3.0,7.0
HU,5.0,5.0,2.0,5.0,7.0,8.0,5.0,5.0,8.0,5.0,8.0,8.0,3.0,8.0
HU,8.0,8.0,1.0,7.0,7.0,5.0,8.0,8.0,4.0,6.0,4.0,9.0,8.0,8.0
HU,7.0,9.0,1.0,5.0,1.0,0.0,6.0,7.0,0.0,0.0,0.0,0.0,8.0,10.0
HU,4.0,5.0,2.0,1.0,9.0,6.0,10.0,10.0,8.0,8.0,6.0,5.0,8.0,10.0
HU,1.0,2.0,2.0,5.0,1.0,7.0,5.0,6.0,1.0,1.0,1.0,8.0,6.0,4.0
HU,8.0,4.0,1.0,10.0,1.0,4.0,1.0,4.0,0.0,1.0,0.0,4.0,9.0,7.0
HU,5.0,7.0,2.0,2.0,3.0,7.0,7.0,8.0,5.0,1.0,3.0,7.0,7.0,6.0
HU,5.0,4.0,1.0,3.0,1.0,7.0,4.0,5.0,2.0,3.0,3.0,7.0,9.0,6.0
HU,1.0,5.0,1.0,6.0,1.0,3.0,4.0,4.0,1.0,1.0,1.0,6.0,8.0,6.0
HU,2.0,4.0,1.0,2.0,6.0,5.0,3.0,6.0,2.0,3.0,0.0,8.0,7.0,5.0
HU,5.0,0.0,1.0,6.0,7.0,6.0,8.0,8.0,4.0,5.0,4.0,6.0,6.0,5.0
HU,7.0,7.0,1.0,4.0,6.0,8.0,7.0,8.0,6.0,6.0,6.0,8.0,9.0,6.0
HU,6.0,8.0,1.0,9.0,9.0,8.0,8.0,7.0,7.0,9.0,8.0,8.0,8.0,7.0
HU,6.0,5.0,1.0,6.0,3.0,1.0,5.0,6.0,3.0,6.0,4.0,2.0,7.0,9.0
HU,6.0,2.0,2.0,7.0,5.0,6.0,5.0,6.0,4.0,3.0,3.0,6.0,9.0,7.0
HU,6.0,4.0,2.0,5.0,7.0,5.0,7.0,6.0,5.0,6.0,4.0,5.0,9.0,9.0
HU,7.0,5.0,1.0,5.0,1.0,1.0,3.0,3.0,1.0,2.0,1.0,2.0,10.0,6.0
HU,3.0,3.0,3.0,8.0,0.0,2.0,2.0,2.0,0.0,0.0,0.0,2.0,4.0,5.0
HU,6.0,4.0,1.0,3.0,4.0,8.0,8.0,8.0,5.0,5.0,4.0,8.0,7.0,7.0
HU,2.0,6.0,2.0,5.0,1.0,9.0,6.0,7.0,0.0,7.0,0.0,9.0,7.0,7.0
HU,3.0,5.0,1.0,5.0,3.0,1.0,5.0,4.0,3.0,4.0,2.0,4.0,7.0,8.0
HU,6.0,5.0,1.0,7.0,5.0,5.0,5.0,5.0,0.0,2.0,0.0,6.0,10.0,7.0
HU,5.0,5.0,1.0,5.0,5.0,7.0,5.0,7.0,5.0,4.0,5.0,5.0,7.0,5.0
HU,5.0,9.0,1.0,6.0,2.0,6.0,4.0,4.0,2.0,3.0,4.0,8.0,8.0,4.0
HU,4.0,2.0,1.0,4.0,5.0,7.0,7.0,6.0,2.0,3.0,3.0,10.0,4.0,2.0
HU,6.0,7.0,1.0,5.0,5.0,2.0,5.0,5.0,5.0,5.0,5.0,2.0,7.0,8.0
HU,6.0,3.0,1.0,3.0,5.0,5.0,9.0,9.0,5.0,5.0,5.0,7.0,6.0,4.0
HU,3.0,6.0,1.0,4.0,2.0,3.0,2.0,1.0,2.0,1.0,1.0,3.0,2.0,6.0
HU,3.0,3.0,1.0,5.0,5.0,6.0,4.0,5.0,3.0,4.0,3.0,6.0,6.0,6.0
HU,4.0,5.0,3.0,5.0,4.0,6.0,5.0,5.0,4.0,5.0,4.0,6.0,7.0,6.0
HU,0.0,4.0,2.0,0.0,3.0,3.0,4.0,5.0,3.0,4.0,3.0,6.0,8.0,5.0
HU,9.0,10.0,2.0,10.0,7.0,6.0,8.0,7.0,5.0,8.0,6.0,5.0,6.0,6.0
HU,4.0,3.0,2.0,2.0,2.0,4.0,5.0,4.0,2.0,2.0,2.0,4.0,6.0,5.0
HU,7.0,8.0,2.0,8.0,3.0,4.0,3.0,6.0,5.0,4.0,4.0,4.0,7.0,8.0
HU,6.0,8.0,2.0,9.0,1.0,6.0,3.0,2.0,4.0,5.0,5.0,6.0,5.0,8.0
HU,1.0,3.0,1.0,8.0,0.0,4.0,6.0,1.0,0.0,1.0,0.0,4.0,8.0,1.0
HU,4.0,5.0,2.0,5.0,5.0,10.0,9.0,10.0,8.0,10.0,8.0,9.0,6.0,9.0
HU,8.0,7.0,1.0,1.0,2.0,6.0,6.0,7.0,6.0,5.0,6.0,7.0,4.0,9.0
HU,4.0,0.0,1.0,0.0,5.0,0.0,4.0,9.0,2.0,2.0,0.0,0.0,5.0,10.0
HU,4.0,4.0,1.0,4.0,4.0,6.0,7.0,7.0,6.0,5.0,6.0,7.0,7.0,7.0
HU,6.0,0.0,1.0,5.0,2.0,5.0,4.0,8.0,0.0,1.0,0.0,5.0,5.0,1.0
HU,5.0,5.0,2.0,5.0,1.0,5.0,7.0,8.0,5.0,6.0,5.0,7.0,8.0,8.0
HU,5.0,1.0,1.0,0.0,0.0,0.0,1.0,3.0,0.0,0.0,0.0,4.0,9.0,1.0
HU,4.0,4.0,2.0,4.0,5.0,6.0,5.0,6.0,3.0,5.0,3.0,6.0,8.0,6.0
HU,5.0,3.0,2.0,5.0,5.0,5.0,7.0,8.0,5.0,5.0,5.0,7.0,10.0,7.0
HU,2.0,5.0,1.0,1.0,8.0,4.0,0.0,2.0,0.0,0.0,0.0,0.0,6.0,7.0
HU,4.0,3.0,2.0,9.0,0.0,7.0,7.0,9.0,0.0,5.0,0.0,9.0,7.0,7.0
HU,0.0,4.0,1.0,7.0,3.0,5.0,4.0,8.0,0.0,2.0,0.0,8.0,7.0,9.0
HU,7.0,7.0,1.0,0.0,0.0,10.0,2.0,2.0,4.0,0.0,3.0,9.0,9.0,7.0
HU,0.0,3.0,1.0,5.0,1.0,3.0,4.0,2.0,0.0,2.0,0.0,3.0,0.0,2.0
HU,1.0,0.0,2.0,5.0,0.0,3.0,2.0,4.0,0.0,0.0,0.0,4.0,9.0,7.0
HU,7.0,5.0,1.0,10.0,2.0,8.0,1.0,8.0,0.0,8.0,0.0,8.0,9.0,0.0
HU,6.0,3.0,1.0,4.0,4.0,7.0,7.0,7.0,5.0,3.0,5.0,7.0,7.0,5.0
HU,2.0,6.0,1.0,8.0,1.0,4.0,3.0,6.0,1.0,3.0,2.0,5.0,7.0,8.0
HU,8.0,9.0,1.0,8.0,8.0,8.0,7.0,8.0,8.0,9.0,8.0,7.0,5.0,8.0
HU,4.0,3.0,2.0,0.0,9.0,9.0,5.0,9.0,6.0,8.0,8.0,10.0,8.0,10.0
HU,7.0,3.0,2.0,5.0,10.0,5.0,6.0,7.0,2.0,8.0,6.0,5.0,5.0,9.0
HU,8.0,7.0,1.0,5.0,5.0,9.0,8.0,7.0,5.0,5.0,5.0,9.0,7.0,8.0
HU,4.0,3.0,1.0,5.0,0.0,0.0,2.0,0.0,0.0,0.0,0.0,2.0,9.0,5.0
HU,5.0,5.0,1.0,9.0,5.0,7.0,8.0,8.0,8.0,8.0,7.0,6.0,5.0,8.0
HU,7.0,3.0,1.0,10.0,9.0,4.0,8.0,8.0,6.0,9.0,7.0,7.0,8.0,8.0
HU,0.0,5.0,2.0,5.0,0.0,5.0,5.0,5.0,0.0,5.0,0.0,5.0,6.0,5.0
HU,5.0,5.0,2.0,5.0,4.0,6.0,8.0,5.0,5.0,6.0,5.0,7.0,5.0,5.0
HU,2.0,2.0,1.0,7.0,5.0,4.0,6.0,6.0,5.0,5.0,4.0,4.0,5.0,2.0
HU,3.0,4.0,2.0,6.0,6.0,7.0,5.0,6.0,3.0,6.0,3.0,8.0,5.0,4.0
HU,3.0,6.0,2.0,5.0,5.0,10.0,8.0,10.0,4.0,8.0,6.0,10.0,8.0,10.0
HU,5.0,4.0,1.0,7.0,0.0,1.0,2.0,3.0,0.0,0.0,0.0,2.0,3.0,7.0
HU,4.0,4.0,1.0,4.0,2.0,7.0,2.0,8.0,2.0,2.0,2.0,7.0,10.0,5.0
HU,5.0,4.0,2.0,7.0,3.0,8.0,5.0,5.0,2.0,3.0,2.0,8.0,7.0,10.0
HU,5.0,3.0,1.0,10.0,10.0,6.0,7.0,8.0,5.0,7.0,5.0,7.0,8.0,10.0
HU,3.0,4.0,2.0,5.0,3.0,5.0,5.0,7.0,2.0,7.0,4.0,8.0,6.0,7.0
HU,5.0,7.0,2.0,8.0,10.0,8.0,8.0,8.0,8.0,9.0,6.0,10.0,8.0,10.0
HU,7.0,6.0,2.0,6.0,6.0,7.0,6.0,7.0,4.0,4.0,5.0,7.0,5.0,5.0
HU,3.0,3.0,2.0,6.0,5.0,5.0,5.0,7.0,3.0,3.0,5.0,5.0,5.0,8.0
HU,0.0,2.0,1.0,5.0,5.0,0.0,0.0,2.0,0.0,0.0,0.0,2.0,10.0,0.0
HU,6.0,5.0,1.0,2.0,0.0,7.0,0.0,0.0,0.0,0.0,0.0,7.0,9.0,4.0
HU,6.0,5.0,1.0,7.0,5.0,0.0,2.0,5.0,0.0,2.0,0.0,1.0,4.0,5.0
HU,4.0,3.0,1.0,7.0,8.0,5.0,8.0,10.0,7.0,8.0,7.0,4.0,7.0,6.0
HU,5.0,7.0,1.0,8.0,10.0,10.0,10.0,10.0,10.0,10.0,10.0,10.0,10.0,8.0
HU,6.0,9.0,1.0,6.0,6.0,7.0,7.0,7.0,6.0,7.0,5.0,8.0,10.0,8.0
HU,5.0,5.0,1.0,7.0,7.0,3.0,7.0,8.0,6.0,6.0,5.0,3.0,6.0,10.0
HU,6.0,6.0,2.0,4.0,4.0,4.0,7.0,9.0,3.0,6.0,3.0,5.0,8.0,7.0
HU,6.0,6.0,5.0,9.0,7.0,7.0,8.0,8.0,7.0,8.0,7.0,8.0,8.0,8.0
HU,8.0,8.0,1.0,5.0,7.0,8.0,7.0,7.0,4.0,4.0,4.0,8.0,7.0,7.0
HU,5.0,5.0,1.0,3.0,5.0,9.0,4.0,8.0,2.0,4.0,5.0,9.0,9.0,8.0
HU,6.0,8.0,2.0,10.0,9.0,6.0,5.0,6.0,5.0,8.0,8.0,6.0,9.0,9.0
HU,1.0,3.0,1.0,5.0,3.0,1.0,1.0,1.0,1.0,1.0,1.0,1.0,8.0,2.0
HU,6.0,5.0,1.0,5.0,0.0,5.0,4.0,4.0,2.0,4.0,1.0,5.0,1.0,7.0
HU,9.0,8.0,2.0,10.0,6.0,4.0,10.0,10.0,5.0,10.0,5.0,10.0,8.0,10.0
HU,2.0,5.0,2.0,7.0,5.0,0.0,2.0,5.0,0.0,2.0,1.0,0.0,5.0,7.0
HU,5.0,3.0,3.0,7.0,0.0,1.0,3.0,2.0,0.0,5.0,1.0,1.0,5.0,5.0
HU,7.0,4.0,1.0,4.0,6.0,4.0,3.0,7.0,2.0,3.0,2.0,3.0,7.0,8.0
HU,2.0,5.0,1.0,4.0,4.0,5.0,3.0,8.0,2.0,0.0,0.0,5.0,8.0,7.0
HU,7.0,8.0,1.0,5.0,3.0,4.0,4.0,6.0,3.0,3.0,2.0,4.0,2.0,8.0
HU,5.0,3.0,1.0,5.0,5.0,8.0,6.0,7.0,6.0,7.0,0.0,8.0,9.0,8.0
HU,5.0,5.0,2.0,4.0,5.0,7.0,6.0,6.0,6.0,5.0,5.0,6.0,4.0,7.0
HU,4.0,4.0,2.0,3.0,0.0,5.0,3.0,4.0,1.0,3.0,2.0,5.0,5.0,7.0
HU,5.0,1.0,1.0,8.0,7.0,2.0,10.0,10.0,10.0,10.0,10.0,4.0,5.0,10.0
HU,0.0,1.0,1.0,5.0,1.0,3.0,5.0,2.0,1.0,1.0,1.0,5.0,8.0,5.0
HU,7.0,6.0,2.0,3.0,2.0,5.0,4.0,7.0,1.0,2.0,1.0,8.0,3.0,8.0
HU,5.0,3.0,1.0,8.0,5.0,7.0,5.0,0.0,5.0,5.0,0.0,10.0,10.0,6.0
HU,0.0,2.0,1.0,0.0,0.0,5.0,0.0,5.0,0.0,0.0,0.0,5.0,9.0,4.0
HU,7.0,7.0,1.0,8.0,8.0,7.0,7.0,7.0,7.0,7.0,7.0,7.0,7.0,8.0
HU,5.0,5.0,1.0,5.0,0.0,0.0,0.0,0.0,0.0,0.0,0.0,0.0,9.0,2.0
HU,5.0,6.0,1.0,5.0,3.0,3.0,2.0,3.0,1.0,1.0,2.0,3.0,8.0,5.0
HU,3.0,3.0,2.0,8.0,3.0,0.0,5.0,5.0,0.0,0.0,0.0,5.0,6.0,5.0
HU,10.0,10.0,1.0,5.0,8.0,10.0,10.0,10.0,10.0,10.0,0.0,10.0,5.0,10.0
HU,4.0,6.0,2.0,2.0,6.0,3.0,7.0,6.0,4.0,7.0,3.0,7.0,5.0,6.0
HU,3.0,4.0,1.0,5.0,2.0,5.0,2.0,2.0,1.0,2.0,1.0,5.0,5.0,5.0
HU,0.0,5.0,1.0,7.0,2.0,4.0,4.0,4.0,0.0,0.0,0.0,4.0,4.0,8.0
HU,3.0,5.0,1.0,5.0,0.0,0.0,0.0,0.0,0.0,0.0,0.0,0.0,6.0,3.0
HU,5.0,7.0,2.0,5.0,5.0,8.0,0.0,1.0,2.0,2.0,3.0,5.0,9.0,3.0
HU,4.0,4.0,1.0,1.0,5.0,5.0,3.0,5.0,5.0,5.0,0.0,3.0,8.0,4.0
HU,6.0,8.0,2.0,9.0,4.0,4.0,7.0,8.0,3.0,5.0,2.0,4.0,6.0,8.0
HU,7.0,6.0,2.0,6.0,6.0,8.0,6.0,5.0,6.0,7.0,7.0,6.0,7.0,7.0
HU,6.0,7.0,2.0,7.0,7.0,6.0,8.0,7.0,5.0,6.0,6.0,5.0,5.0,7.0
HU,10.0,9.0,2.0,5.0,7.0,7.0,7.0,7.0,8.0,7.0,7.0,6.0,7.0,6.0
HU,5.0,5.0,4.0,5.0,5.0,2.0,2.0,2.0,2.0,2.0,2.0,2.0,2.0,7.0
HU,2.0,2.0,2.0,5.0,0.0,3.0,3.0,3.0,0.0,0.0,0.0,3.0,8.0,5.0
HU,5.0,5.0,1.0,5.0,5.0,4.0,3.0,5.0,3.0,3.0,3.0,4.0,9.0,8.0
HU,6.0,8.0,2.0,4.0,9.0,9.0,8.0,8.0,7.0,8.0,6.0,8.0,8.0,9.0
HU,5.0,4.0,1.0,5.0,3.0,4.0,2.0,3.0,1.0,2.0,1.0,3.0,8.0,7.0
HU,6.0,8.0,2.0,10.0,9.0,2.0,10.0,10.0,10.0,10.0,10.0,4.0,10.0,10.0
HU,5.0,3.0,1.0,5.0,2.0,5.0,3.0,3.0,1.0,3.0,2.0,5.0,8.0,8.0
HU,7.0,7.0,1.0,7.0,8.0,7.0,9.0,9.0,7.0,7.0,7.0,9.0,9.0,8.0
HU,4.0,7.0,1.0,5.0,5.0,8.0,9.0,8.0,6.0,8.0,5.0,8.0,7.0,7.0
HU,7.0,8.0,1.0,7.0,7.0,2.0,9.0,9.0,5.0,8.0,5.0,4.0,8.0,8.0
HU,1.0,3.0,1.0,0.0,9.0,5.0,5.0,9.0,4.0,3.0,7.0,5.0,8.0,5.0
HU,9.0,9.0,2.0,10.0,0.0,3.0,3.0,3.0,3.0,3.0,6.0,4.0,6.0,7.0
HU,2.0,1.0,1.0,8.0,7.0,3.0,7.0,7.0,7.0,7.0,6.0,3.0,5.0,9.0
HU,2.0,2.0,3.0,9.0,0.0,3.0,2.0,2.0,2.0,1.0,4.0,8.0,9.0,10.0
HU,5.0,5.0,1.0,4.0,4.0,5.0,5.0,5.0,4.0,4.0,4.0,4.0,5.0,4.0
HU,3.0,5.0,1.0,5.0,4.0,3.0,4.0,2.0,0.0,2.0,0.0,3.0,6.0,6.0
HU,3.0,3.0,1.0,5.0,6.0,7.0,9.0,8.0,6.0,8.0,6.0,9.0,5.0,8.0
HU,6.0,8.0,1.0,8.0,7.0,8.0,8.0,7.0,7.0,7.0,7.0,8.0,6.0,7.0
HU,7.0,7.0,1.0,5.0,6.0,10.0,9.0,10.0,8.0,9.0,8.0,10.0,6.0,8.0
HU,10.0,9.0,1.0,3.0,5.0,4.0,3.0,4.0,5.0,2.0,4.0,5.0,8.0,10.0
HU,4.0,6.0,2.0,4.0,6.0,5.0,4.0,4.0,5.0,3.0,0.0,6.0,6.0,4.0
HU,2.0,3.0,1.0,5.0,4.0,4.0,7.0,8.0,5.0,5.0,5.0,6.0,9.0,7.0
HU,4.0,4.0,1.0,3.0,6.0,4.0,3.0,3.0,4.0,4.0,5.0,5.0,5.0,7.0
HU,6.0,0.0,1.0,0.0,0.0,6.0,0.0,5.0,0.0,0.0,0.0,5.0,7.0,6.0
HU,0.0,0.0,2.0,3.0,10.0,9.0,9.0,9.0,7.0,7.0,7.0,9.0,5.0,9.0
HU,5.0,5.0,2.0,10.0,5.0,8.0,5.0,8.0,2.0,5.0,8.0,8.0,4.0,5.0
HU,6.0,6.0,2.0,4.0,3.0,6.0,4.0,7.0,3.0,5.0,4.0,7.0,7.0,8.0
HU,3.0,3.0,2.0,5.0,3.0,3.0,2.0,5.0,1.0,1.0,1.0,4.0,8.0,5.0
HU,1.0,5.0,2.0,0.0,3.0,3.0,4.0,4.0,4.0,3.0,4.0,6.0,8.0,5.0
HU,4.0,5.0,2.0,7.0,7.0,1.0,5.0,6.0,4.0,6.0,4.0,4.0,10.0,7.0
HU,7.0,6.0,2.0,5.0,4.0,7.0,7.0,8.0,5.0,3.0,4.0,7.0,5.0,9.0
HU,0.0,0.0,1.0,5.0,3.0,8.0,5.0,8.0,0.0,6.0,5.0,9.0,7.0,10.0
HU,6.0,5.0,3.0,9.0,9.0,5.0,3.0,5.0,5.0,10.0,5.0,5.0,8.0,9.0
HU,5.0,3.0,2.0,5.0,0.0,3.0,3.0,2.0,0.0,2.0,0.0,3.0,4.0,7.0
HU,6.0,7.0,1.0,7.0,7.0,8.0,8.0,8.0,7.0,8.0,7.0,8.0,7.0,6.0
HU,5.0,5.0,1.0,6.0,5.0,6.0,7.0,8.0,5.0,7.0,5.0,6.0,6.0,9.0
HU,2.0,5.0,1.0,8.0,8.0,8.0,6.0,8.0,7.0,5.0,7.0,8.0,7.0,8.0
HU,7.0,6.0,1.0,6.0,6.0,6.0,6.0,6.0,5.0,7.0,6.0,7.0,3.0,7.0
HU,5.0,5.0,1.0,6.0,5.0,4.0,5.0,10.0,4.0,4.0,4.0,5.0,10.0,8.0
HU,3.0,3.0,2.0,10.0,0.0,5.0,5.0,5.0,5.0,5.0,5.0,5.0,5.0,7.0
HU,2.0,1.0,1.0,6.0,3.0,3.0,3.0,2.0,4.0,2.0,4.0,3.0,2.0,8.0
HU,6.0,4.0,1.0,2.0,5.0,6.0,4.0,6.0,5.0,4.0,4.0,6.0,8.0,9.0
HU,3.0,8.0,1.0,10.0,1.0,0.0,3.0,5.0,0.0,3.0,0.0,0.0,8.0,5.0
HU,7.0,7.0,1.0,5.0,8.0,7.0,7.0,7.0,7.0,7.0,0.0,7.0,8.0,7.0
HU,2.0,5.0,1.0,5.0,1.0,8.0,1.0,2.0,0.0,1.0,0.0,6.0,10.0,2.0
HU,10.0,10.0,2.0,4.0,10.0,9.0,6.0,9.0,7.0,3.0,5.0,6.0,5.0,5.0
HU,9.0,8.0,2.0,3.0,3.0,3.0,5.0,7.0,2.0,7.0,2.0,8.0,5.0,7.0
HU,7.0,3.0,1.0,3.0,6.0,7.0,7.0,7.0,3.0,3.0,3.0,7.0,8.0,8.0
HU,3.0,0.0,2.0,10.0,10.0,10.0,10.0,10.0,10.0,10.0,10.0,10.0,10.0,9.0
HU,6.0,3.0,1.0,10.0,4.0,3.0,7.0,8.0,7.0,6.0,6.0,4.0,4.0,7.0
HU,8.0,8.0,2.0,6.0,8.0,7.0,8.0,8.0,6.0,6.0,5.0,6.0,10.0,8.0
HU,7.0,2.0,1.0,3.0,2.0,3.0,3.0,6.0,0.0,2.0,0.0,3.0,9.0,7.0
HU,5.0,5.0,1.0,8.0,6.0,7.0,6.0,6.0,5.0,5.0,5.0,7.0,10.0,7.0
HU,1.0,1.0,2.0,5.0,0.0,5.0,0.0,0.0,0.0,0.0,0.0,5.0,8.0,2.0
HU,2.0,4.0,1.0,0.0,9.0,9.0,7.0,9.0,9.0,8.0,8.0,10.0,8.0,6.0
HU,8.0,7.0,1.0,8.0,0.0,1.0,6.0,0.0,0.0,0.0,0.0,2.0,5.0,6.0
HU,7.0,7.0,1.0,3.0,3.0,6.0,8.0,8.0,6.0,6.0,7.0,8.0,9.0,8.0
HU,3.0,5.0,3.0,8.0,2.0,5.0,5.0,4.0,3.0,5.0,5.0,5.0,4.0,6.0
HU,6.0,7.0,2.0,3.0,5.0,8.0,7.0,8.0,5.0,4.0,6.0,7.0,8.0,7.0
HU,0.0,0.0,2.0,4.0,0.0,2.0,4.0,1.0,0.0,1.0,4.0,4.0,10.0,3.0
HU,6.0,6.0,2.0,6.0,6.0,7.0,2.0,2.0,0.0,0.0,0.0,5.0,6.0,6.0
HU,3.0,0.0,3.0,7.0,3.0,5.0,7.0,5.0,3.0,4.0,3.0,6.0,8.0,7.0
HU,5.0,5.0,3.0,6.0,1.0,9.0,1.0,3.0,3.0,0.0,4.0,2.0,3.0,7.0
HU,1.0,5.0,1.0,5.0,1.0,5.0,5.0,5.0,5.0,5.0,5.0,5.0,0.0,4.0
HU,7.0,7.0,1.0,4.0,4.0,8.0,7.0,8.0,6.0,6.0,0.0,8.0,7.0,1.0
HU,9.0,9.0,2.0,5.0,5.0,5.0,8.0,8.0,7.0,4.0,4.0,8.0,7.0,5.0
HU,6.0,6.0,2.0,0.0,3.0,7.0,5.0,6.0,5.0,5.0,5.0,7.0,5.0,10.0
HU,3.0,2.0,2.0,4.0,0.0,8.0,1.0,1.0,1.0,1.0,1.0,8.0,9.0,7.0
HU,8.0,3.0,1.0,3.0,0.0,0.0,6.0,6.0,2.0,4.0,3.0,5.0,4.0,6.0
HU,8.0,9.0,2.0,0.0,1.0,8.0,1.0,2.0,2.0,1.0,2.0,8.0,9.0,10.0
HU,8.0,5.0,1.0,5.0,5.0,8.0,9.0,7.0,4.0,8.0,1.0,10.0,5.0,8.0
HU,5.0,1.0,1.0,10.0,5.0,3.0,4.0,10.0,4.0,4.0,4.0,2.0,8.0,9.0
HU,4.0,2.0,2.0,2.0,5.0,5.0,3.0,3.0,3.0,3.0,2.0,3.0,5.0,7.0
HU,7.0,6.0,3.0,7.0,9.0,8.0,10.0,9.0,6.0,7.0,7.0,8.0,6.0,8.0
HU,5.0,0.0,1.0,5.0,5.0,0.0,0.0,4.0,0.0,0.0,0.0,0.0,5.0,7.0
HU,10.0,10.0,1.0,10.0,10.0,10.0,10.0,10.0,10.0,10.0,10.0,8.0,8.0,10.0
HU,7.0,8.0,2.0,0.0,4.0,5.0,9.0,7.0,0.0,5.0,0.0,6.0,5.0,7.0
HU,6.0,6.0,2.0,6.0,6.0,4.0,7.0,8.0,5.0,5.0,5.0,2.0,7.0,7.0
HU,7.0,8.0,1.0,0.0,5.0,3.0,5.0,8.0,5.0,5.0,5.0,3.0,9.0,9.0
HU,5.0,5.0,1.0,5.0,0.0,3.0,4.0,5.0,0.0,2.0,1.0,4.0,8.0,7.0
HU,8.0,8.0,1.0,0.0,0.0,7.0,2.0,5.0,4.0,2.0,3.0,8.0,7.0,7.0
HU,2.0,5.0,2.0,3.0,3.0,6.0,2.0,4.0,1.0,2.0,2.0,5.0,6.0,7.0
HU,1.0,8.0,3.0,4.0,5.0,4.0,2.0,2.0,1.0,1.0,1.0,4.0,8.0,10.0
HU,8.0,5.0,2.0,6.0,0.0,4.0,2.0,3.0,2.0,0.0,2.0,5.0,7.0,7.0
HU,5.0,5.0,2.0,8.0,0.0,5.0,7.0,3.0,2.0,4.0,1.0,8.0,8.0,7.0
HU,8.0,8.0,1.0,5.0,7.0,8.0,5.0,5.0,6.0,6.0,6.0,6.0,5.0,5.0
HU,10.0,3.0,1.0,5.0,1.0,4.0,2.0,2.0,1.0,2.0,1.0,2.0,9.0,8.0
HU,7.0,5.0,1.0,5.0,6.0,8.0,7.0,7.0,7.0,7.0,7.0,8.0,5.0,8.0
HU,4.0,4.0,3.0,3.0,5.0,1.0,3.0,3.0,2.0,4.0,2.0,4.0,5.0,6.0
HU,4.0,2.0,1.0,4.0,7.0,7.0,7.0,8.0,8.0,7.0,5.0,9.0,5.0,10.0
HU,0.0,0.0,1.0,1.0,0.0,5.0,5.0,8.0,5.0,5.0,5.0,8.0,10.0,7.0
HU,1.0,5.0,1.0,5.0,1.0,3.0,2.0,3.0,3.0,1.0,3.0,2.0,9.0,2.0
HU,5.0,3.0,1.0,5.0,4.0,7.0,5.0,8.0,2.0,8.0,5.0,6.0,7.0,6.0
HU,9.0,9.0,2.0,6.0,8.0,5.0,7.0,7.0,6.0,7.0,6.0,5.0,5.0,9.0
HU,5.0,6.0,1.0,6.0,5.0,2.0,5.0,3.0,2.0,1.0,3.0,3.0,6.0,5.0
HU,6.0,6.0,1.0,7.0,6.0,6.0,7.0,8.0,6.0,6.0,5.0,7.0,10.0,8.0
HU,5.0,7.0,2.0,5.0,0.0,3.0,5.0,4.0,1.0,5.0,0.0,4.0,10.0,8.0
HU,5.0,5.0,1.0,4.0,0.0,5.0,5.0,5.0,1.0,1.0,1.0,5.0,9.0,7.0
HU,6.0,4.0,2.0,6.0,2.0,4.0,4.0,3.0,2.0,4.0,0.0,4.0,7.0,4.0
HU,5.0,7.0,2.0,2.0,5.0,7.0,7.0,7.0,5.0,7.0,5.0,7.0,6.0,7.0
HU,4.0,0.0,1.0,1.0,5.0,1.0,3.0,6.0,3.0,3.0,3.0,7.0,5.0,5.0
HU,0.0,3.0,2.0,5.0,1.0,2.0,6.0,6.0,0.0,0.0,0.0,5.0,5.0,9.0
HU,6.0,6.0,1.0,9.0,7.0,3.0,5.0,7.0,1.0,4.0,1.0,5.0,6.0,7.0
HU,8.0,4.0,1.0,2.0,5.0,5.0,5.0,7.0,5.0,5.0,5.0,5.0,0.0,4.0
HU,7.0,6.0,2.0,8.0,8.0,7.0,6.0,6.0,7.0,5.0,5.0,6.0,5.0,3.0
HU,5.0,3.0,2.0,3.0,3.0,6.0,8.0,5.0,5.0,6.0,4.0,4.0,8.0,8.0
HU,3.0,3.0,1.0,8.0,6.0,7.0,5.0,6.0,4.0,7.0,4.0,8.0,7.0,6.0
HU,5.0,5.0,2.0,4.0,4.0,8.0,6.0,6.0,2.0,4.0,2.0,8.0,7.0,10.0
HU,5.0,7.0,2.0,6.0,3.0,6.0,5.0,6.0,3.0,3.0,5.0,7.0,8.0,7.0
HU,5.0,5.0,2.0,5.0,4.0,5.0,5.0,6.0,3.0,3.0,3.0,5.0,8.0,7.0
HU,2.0,2.0,2.0,5.0,2.0,7.0,3.0,5.0,1.0,2.0,1.0,7.0,9.0,7.0
HU,8.0,6.0,2.0,5.0,0.0,3.0,4.0,3.0,1.0,3.0,1.0,4.0,5.0,5.0
HU,5.0,3.0,1.0,8.0,2.0,1.0,3.0,5.0,1.0,2.0,1.0,3.0,4.0,5.0
HU,2.0,3.0,1.0,3.0,2.0,2.0,3.0,5.0,2.0,2.0,2.0,3.0,7.0,3.0
HU,4.0,2.0,2.0,5.0,2.0,9.0,8.0,9.0,10.0,8.0,9.0,9.0,4.0,4.0
HU,4.0,7.0,2.0,7.0,2.0,2.0,2.0,2.0,2.0,0.0,2.0,2.0,6.0,8.0
HU,3.0,3.0,3.0,5.0,0.0,4.0,0.0,0.0,0.0,0.0,0.0,4.0,3.0,7.0
HU,2.0,2.0,2.0,0.0,0.0,0.0,0.0,2.0,0.0,0.0,0.0,0.0,5.0,5.0
HU,6.0,6.0,1.0,10.0,0.0,1.0,2.0,1.0,1.0,0.0,1.0,1.0,7.0,6.0
HU,5.0,2.0,1.0,0.0,0.0,7.0,2.0,8.0,2.0,1.0,2.0,9.0,8.0,7.0
HU,2.0,1.0,1.0,10.0,0.0,0.0,0.0,1.0,0.0,4.0,0.0,3.0,10.0,5.0
HU,5.0,2.0,1.0,5.0,3.0,6.0,5.0,6.0,3.0,4.0,3.0,6.0,9.0,7.0
HU,8.0,8.0,1.0,8.0,7.0,7.0,7.0,8.0,7.0,8.0,8.0,8.0,7.0,7.0
HU,4.0,4.0,2.0,1.0,1.0,6.0,3.0,5.0,6.0,3.0,5.0,8.0,7.0,6.0
HU,2.0,4.0,2.0,10.0,10.0,9.0,8.0,9.0,9.0,8.0,9.0,9.0,9.0,9.0
HU,7.0,7.0,1.0,3.0,3.0,4.0,7.0,7.0,3.0,5.0,3.0,4.0,5.0,8.0
HU,5.0,5.0,1.0,5.0,2.0,7.0,7.0,4.0,0.0,5.0,1.0,7.0,2.0,7.0
HU,5.0,6.0,1.0,4.0,2.0,5.0,6.0,7.0,6.0,5.0,6.0,7.0,8.0,5.0
HU,3.0,3.0,2.0,8.0,2.0,6.0,7.0,5.0,2.0,3.0,2.0,9.0,9.0,5.0
HU,7.0,7.0,3.0,5.0,7.0,9.0,9.0,8.0,7.0,8.0,7.0,9.0,8.0,8.0
HU,2.0,3.0,1.0,5.0,2.0,6.0,2.0,3.0,4.0,5.0,0.0,8.0,8.0,5.0
HU,2.0,1.0,4.0,3.0,2.0,3.0,2.0,5.0,1.0,1.0,2.0,5.0,6.0,2.0
HU,3.0,2.0,3.0,9.0,8.0,5.0,10.0,10.0,5.0,8.0,5.0,5.0,5.0,5.0
HU,5.0,2.0,3.0,5.0,4.0,4.0,4.0,5.0,2.0,3.0,2.0,4.0,10.0,7.0
HU,6.0,5.0,3.0,6.0,6.0,5.0,6.0,5.0,4.0,6.0,5.0,5.0,8.0,8.0
HU,2.0,2.0,2.0,5.0,2.0,5.0,3.0,4.0,0.0,3.0,1.0,6.0,3.0,8.0
HU,3.0,3.0,1.0,8.0,7.0,2.0,8.0,9.0,5.0,6.0,5.0,2.0,9.0,7.0
HU,2.0,2.0,1.0,5.0,5.0,1.0,4.0,5.0,4.0,4.0,4.0,1.0,9.0,5.0
HU,3.0,3.0,1.0,5.0,1.0,0.0,3.0,5.0,0.0,3.0,0.0,0.0,7.0,1.0
HU,5.0,9.0,1.0,5.0,0.0,5.0,5.0,8.0,0.0,2.0,0.0,8.0,7.0,10.0
HU,7.0,5.0,1.0,1.0,2.0,8.0,2.0,5.0,4.0,3.0,4.0,8.0,6.0,10.0
HU,0.0,0.0,1.0,4.0,4.0,1.0,0.0,0.0,0.0,0.0,0.0,1.0,8.0,3.0
HU,10.0,0.0,2.0,0.0,10.0,10.0,10.0,10.0,10.0,10.0,1.0,10.0,5.0,10.0
HU,0.0,3.0,2.0,7.0,7.0,4.0,7.0,10.0,5.0,6.0,3.0,7.0,8.0,8.0
HU,5.0,4.0,2.0,10.0,10.0,8.0,9.0,10.0,10.0,10.0,9.0,7.0,4.0,8.0
HU,6.0,5.0,4.0,8.0,7.0,7.0,8.0,7.0,7.0,8.0,7.0,6.0,5.0,8.0
HU,1.0,1.0,2.0,8.0,2.0,3.0,4.0,0.0,2.0,5.0,0.0,3.0,8.0,7.0
HU,5.0,5.0,1.0,5.0,6.0,6.0,6.0,6.0,6.0,7.0,6.0,6.0,9.0,6.0
HU,6.0,6.0,1.0,4.0,3.0,7.0,6.0,5.0,4.0,4.0,3.0,7.0,9.0,8.0
HU,2.0,7.0,1.0,9.0,8.0,6.0,7.0,10.0,2.0,5.0,5.0,4.0,1.0,10.0
HU,5.0,3.0,2.0,3.0,8.0,8.0,10.0,7.0,7.0,10.0,7.0,10.0,6.0,6.0
HU,6.0,5.0,1.0,6.0,4.0,5.0,6.0,6.0,3.0,6.0,3.0,5.0,4.0,5.0
HU,7.0,6.0,1.0,7.0,4.0,5.0,7.0,9.0,3.0,4.0,4.0,8.0,5.0,9.0
HU,5.0,5.0,2.0,5.0,5.0,2.0,7.0,7.0,5.0,7.0,5.0,2.0,6.0,7.0
HU,4.0,4.0,1.0,3.0,3.0,7.0,5.0,6.0,3.0,3.0,3.0,6.0,3.0,8.0
HU,7.0,7.0,1.0,5.0,4.0,4.0,4.0,4.0,5.0,5.0,4.0,5.0,6.0,5.0
HU,2.0,3.0,1.0,5.0,1.0,6.0,5.0,5.0,8.0,5.0,5.0,9.0,5.0,7.0
HU,4.0,2.0,1.0,1.0,1.0,0.0,1.0,2.0,2.0,1.0,0.0,1.0,7.0,7.0
HU,5.0,5.0,3.0,5.0,2.0,3.0,2.0,4.0,2.0,2.0,4.0,4.0,7.0,7.0
HU,5.0,4.0,1.0,5.0,2.0,5.0,4.0,5.0,2.0,3.0,2.0,5.0,1.0,7.0
HU,10.0,5.0,1.0,2.0,4.0,10.0,10.0,10.0,5.0,5.0,0.0,5.0,8.0,5.0
HU,6.0,5.0,1.0,4.0,3.0,7.0,5.0,4.0,2.0,3.0,3.0,6.0,5.0,7.0
HU,3.0,5.0,1.0,5.0,2.0,2.0,3.0,4.0,0.0,0.0,0.0,2.0,8.0,5.0
HU,3.0,0.0,1.0,7.0,3.0,4.0,4.0,6.0,1.0,2.0,2.0,5.0,5.0,7.0
HU,5.0,6.0,1.0,2.0,8.0,5.0,5.0,6.0,5.0,8.0,5.0,6.0,7.0,8.0
HU,0.0,0.0,2.0,9.0,7.0,7.0,7.0,7.0,7.0,6.0,7.0,7.0,6.0,8.0
HU,5.0,7.0,2.0,4.0,8.0,7.0,8.0,9.0,7.0,7.0,0.0,8.0,7.0,7.0
HU,6.0,4.0,1.0,7.0,1.0,1.0,5.0,8.0,1.0,2.0,4.0,8.0,7.0,3.0
HU,8.0,8.0,1.0,5.0,8.0,8.0,8.0,7.0,8.0,7.0,6.0,8.0,5.0,8.0
HU,5.0,5.0,1.0,5.0,5.0,7.0,7.0,6.0,4.0,5.0,0.0,7.0,8.0,5.0
HU,5.0,5.0,1.0,10.0,8.0,5.0,5.0,7.0,5.0,5.0,5.0,5.0,5.0,9.0
HU,2.0,5.0,1.0,5.0,0.0,2.0,2.0,2.0,0.0,0.0,0.0,2.0,9.0,6.0
HU,5.0,4.0,2.0,5.0,3.0,4.0,3.0,5.0,1.0,2.0,1.0,4.0,5.0,8.0
HU,6.0,4.0,1.0,4.0,5.0,3.0,3.0,3.0,3.0,5.0,2.0,3.0,6.0,6.0
HU,1.0,8.0,1.0,5.0,5.0,4.0,4.0,7.0,3.0,4.0,3.0,5.0,6.0,8.0
HU,3.0,2.0,2.0,10.0,0.0,0.0,3.0,9.0,0.0,0.0,0.0,0.0,8.0,8.0
HU,4.0,5.0,1.0,7.0,2.0,7.0,6.0,6.0,3.0,3.0,3.0,7.0,10.0,7.0
HU,3.0,5.0,1.0,5.0,4.0,5.0,4.0,5.0,3.0,3.0,3.0,5.0,6.0,5.0
HU,8.0,8.0,2.0,8.0,6.0,8.0,10.0,9.0,9.0,8.0,9.0,8.0,5.0,8.0
HU,7.0,6.0,1.0,7.0,0.0,1.0,0.0,0.0,0.0,0.0,0.0,1.0,8.0,3.0
HU,5.0,5.0,1.0,5.0,3.0,6.0,6.0,7.0,3.0,4.0,5.0,7.0,8.0,7.0
HU,8.0,7.0,1.0,2.0,0.0,6.0,7.0,7.0,4.0,5.0,4.0,6.0,8.0,8.0
HU,8.0,7.0,1.0,8.0,7.0,7.0,8.0,9.0,6.0,8.0,5.0,9.0,5.0,5.0
HU,3.0,0.0,1.0,10.0,8.0,8.0,10.0,10.0,10.0,10.0,8.0,10.0,6.0,10.0
HU,5.0,5.0,2.0,5.0,6.0,5.0,6.0,7.0,5.0,4.0,5.0,5.0,5.0,8.0
HU,4.0,5.0,1.0,6.0,5.0,4.0,4.0,6.0,7.0,3.0,7.0,5.0,9.0,5.0
HU,4.0,6.0,1.0,1.0,4.0,6.0,4.0,5.0,3.0,4.0,3.0,6.0,8.0,8.0
HU,8.0,5.0,2.0,5.0,3.0,6.0,6.0,8.0,5.0,4.0,5.0,9.0,9.0,8.0
HU,5.0,4.0,1.0,10.0,0.0,5.0,5.0,5.0,5.0,0.0,5.0,5.0,9.0,5.0
HU,2.0,5.0,1.0,6.0,3.0,6.0,4.0,6.0,4.0,2.0,4.0,6.0,10.0,5.0
HU,3.0,1.0,1.0,2.0,7.0,4.0,4.0,5.0,5.0,5.0,4.0,5.0,5.0,9.0
HU,3.0,3.0,3.0,5.0,2.0,2.0,3.0,2.0,1.0,3.0,1.0,2.0,7.0,9.0
HU,7.0,7.0,1.0,5.0,4.0,3.0,3.0,5.0,3.0,4.0,5.0,6.0,8.0,7.0
HU,0.0,0.0,1.0,3.0,0.0,5.0,5.0,5.0,5.0,3.0,5.0,5.0,5.0,5.0
HU,7.0,6.0,1.0,8.0,6.0,7.0,8.0,6.0,7.0,7.0,8.0,6.0,5.0,7.0
HU,6.0,6.0,2.0,8.0,10.0,6.0,10.0,10.0,5.0,8.0,7.0,6.0,8.0,9.0
HU,7.0,7.0,1.0,6.0,3.0,5.0,3.0,2.0,1.0,0.0,1.0,6.0,6.0,9.0
HU,5.0,3.0,1.0,4.0,0.0,5.0,6.0,6.0,0.0,3.0,0.0,6.0,8.0,7.0
HU,7.0,5.0,1.0,4.0,3.0,4.0,2.0,4.0,5.0,3.0,4.0,4.0,9.0,5.0
HU,2.0,1.0,5.0,10.0,2.0,3.0,4.0,0.0,0.0,2.0,0.0,4.0,7.0,4.0
HU,3.0,2.0,1.0,7.0,5.0,3.0,4.0,4.0,3.0,4.0,3.0,3.0,8.0,6.0
HU,6.0,6.0,2.0,4.0,2.0,4.0,4.0,7.0,5.0,5.0,5.0,6.0,7.0,7.0
HU,6.0,7.0,1.0,10.0,3.0,8.0,6.0,6.0,5.0,8.0,5.0,8.0,8.0,6.0
HU,2.0,2.0,1.0,8.0,4.0,4.0,5.0,7.0,4.0,2.0,3.0,6.0,7.0,8.0
HU,4.0,4.0,1.0,6.0,6.0,7.0,6.0,7.0,5.0,7.0,5.0,5.0,9.0,8.0
HU,4.0,3.0,1.0,5.0,5.0,7.0,10.0,10.0,10.0,9.0,0.0,6.0,7.0,4.0
HU,2.0,2.0,3.0,9.0,2.0,5.0,3.0,4.0,1.0,2.0,2.0,8.0,7.0,4.0
HU,3.0,3.0,1.0,5.0,3.0,1.0,2.0,2.0,1.0,2.0,0.0,1.0,5.0,6.0
HU,0.0,2.0,1.0,5.0,0.0,3.0,0.0,0.0,0.0,0.0,0.0,3.0,5.0,5.0
HU,5.0,5.0,1.0,8.0,7.0,3.0,6.0,9.0,5.0,7.0,4.0,2.0,7.0,7.0
HU,1.0,1.0,1.0,8.0,2.0,2.0,1.0,5.0,4.0,2.0,0.0,2.0,7.0,7.0
HU,2.0,3.0,1.0,5.0,0.0,6.0,6.0,7.0,1.0,2.0,0.0,7.0,8.0,8.0
HU,7.0,7.0,1.0,7.0,4.0,6.0,7.0,7.0,6.0,7.0,6.0,6.0,8.0,7.0
HU,6.0,5.0,2.0,5.0,5.0,5.0,3.0,3.0,4.0,4.0,1.0,7.0,6.0,9.0
HU,2.0,3.0,2.0,2.0,5.0,7.0,8.0,8.0,2.0,8.0,2.0,7.0,6.0,5.0
HU,5.0,10.0,2.0,5.0,6.0,5.0,5.0,5.0,5.0,5.0,5.0,5.0,4.0,8.0
HU,3.0,3.0,1.0,5.0,5.0,4.0,5.0,5.0,3.0,5.0,2.0,4.0,5.0,8.0
HU,10.0,5.0,2.0,1.0,9.0,3.0,0.0,10.0,3.0,4.0,3.0,3.0,7.0,7.0
HU,5.0,6.0,3.0,5.0,4.0,6.0,8.0,4.0,5.0,4.0,0.0,4.0,8.0,8.0
HU,5.0,4.0,1.0,6.0,8.0,4.0,8.0,8.0,6.0,8.0,5.0,8.0,5.0,5.0
HU,6.0,2.0,4.0,5.0,1.0,7.0,1.0,1.0,3.0,2.0,3.0,5.0,9.0,10.0
HU,4.0,4.0,1.0,3.0,1.0,4.0,7.0,7.0,2.0,0.0,2.0,9.0,7.0,2.0
HU,7.0,5.0,2.0,5.0,1.0,4.0,3.0,5.0,0.0,1.0,0.0,6.0,7.0,6.0
HU,0.0,3.0,1.0,6.0,6.0,5.0,3.0,6.0,4.0,6.0,3.0,7.0,5.0,7.0
HU,3.0,3.0,1.0,5.0,5.0,6.0,4.0,7.0,3.0,5.0,5.0,5.0,9.0,4.0
HU,3.0,4.0,1.0,10.0,0.0,4.0,2.0,3.0,0.0,0.0,0.0,4.0,9.0,4.0
HU,3.0,5.0,1.0,3.0,3.0,3.0,7.0,5.0,2.0,4.0,2.0,6.0,5.0,4.0
HU,6.0,6.0,2.0,5.0,5.0,5.0,4.0,7.0,2.0,3.0,2.0,5.0,6.0,8.0
HU,3.0,3.0,1.0,5.0,2.0,6.0,1.0,3.0,0.0,2.0,2.0,7.0,8.0,8.0
HU,4.0,8.0,2.0,4.0,8.0,10.0,0.0,3.0,5.0,8.0,0.0,10.0,5.0,10.0
HU,7.0,5.0,1.0,4.0,4.0,8.0,6.0,8.0,4.0,6.0,5.0,9.0,4.0,7.0
HU,2.0,4.0,1.0,5.0,4.0,3.0,7.0,7.0,3.0,5.0,3.0,4.0,8.0,6.0
HU,4.0,6.0,2.0,5.0,5.0,6.0,6.0,6.0,7.0,5.0,6.0,7.0,4.0,6.0
HU,5.0,5.0,2.0,5.0,3.0,5.0,5.0,6.0,2.0,3.0,4.0,5.0,0.0,6.0
HU,0.0,5.0,1.0,5.0,0.0,0.0,0.0,1.0,0.0,0.0,0.0,0.0,5.0,0.0
HU,5.0,2.0,1.0,2.0,0.0,5.0,5.0,5.0,4.0,4.0,5.0,4.0,5.0,7.0
HU,5.0,3.0,1.0,6.0,0.0,6.0,3.0,7.0,0.0,0.0,0.0,4.0,5.0,8.0
HU,5.0,5.0,2.0,5.0,3.0,4.0,3.0,3.0,2.0,2.0,2.0,4.0,8.0,1.0
HU,0.0,0.0,2.0,0.0,10.0,0.0,0.0,0.0,0.0,0.0,0.0,0.0,10.0,0.0
HU,3.0,5.0,2.0,5.0,3.0,2.0,2.0,2.0,2.0,7.0,2.0,2.0,6.0,8.0
HU,3.0,3.0,1.0,1.0,6.0,7.0,5.0,7.0,4.0,4.0,6.0,8.0,5.0,6.0
HU,3.0,4.0,1.0,5.0,0.0,2.0,2.0,3.0,1.0,2.0,1.0,4.0,6.0,7.0
HU,5.0,3.0,1.0,7.0,5.0,7.0,3.0,5.0,3.0,3.0,0.0,7.0,6.0,8.0
HU,6.0,7.0,1.0,6.0,6.0,5.0,6.0,7.0,6.0,7.0,3.0,8.0,2.0,5.0
HU,0.0,6.0,2.0,9.0,0.0,7.0,0.0,0.0,4.0,2.0,6.0,7.0,8.0,8.0
HU,0.0,0.0,1.0,7.0,4.0,6.0,6.0,6.0,2.0,2.0,2.0,5.0,3.0,8.0
HU,8.0,6.0,1.0,8.0,2.0,5.0,7.0,7.0,0.0,0.0,0.0,5.0,8.0,9.0
HU,7.0,5.0,1.0,3.0,9.0,7.0,7.0,7.0,7.0,7.0,7.0,7.0,5.0,8.0
HU,6.0,5.0,3.0,7.0,3.0,7.0,6.0,5.0,1.0,6.0,1.0,7.0,8.0,4.0
HU,0.0,0.0,2.0,0.0,0.0,5.0,3.0,5.0,5.0,5.0,5.0,5.0,5.0,4.0
HU,7.0,8.0,2.0,3.0,4.0,6.0,5.0,6.0,6.0,5.0,7.0,5.0,4.0,6.0
HU,1.0,0.0,3.0,5.0,2.0,0.0,0.0,4.0,0.0,0.0,0.0,0.0,10.0,3.0
HU,7.0,3.0,1.0,10.0,7.0,1.0,10.0,10.0,5.0,10.0,5.0,3.0,6.0,8.0
HU,9.0,8.0,2.0,6.0,7.0,8.0,9.0,9.0,8.0,6.0,9.0,7.0,9.0,7.0
HU,1.0,5.0,1.0,5.0,6.0,6.0,6.0,10.0,6.0,2.0,6.0,6.0,5.0,8.0
HU,9.0,10.0,1.0,5.0,2.0,5.0,3.0,6.0,3.0,3.0,1.0,5.0,5.0,10.0
HU,5.0,6.0,2.0,6.0,7.0,6.0,7.0,6.0,5.0,6.0,5.0,7.0,7.0,9.0
HU,6.0,3.0,1.0,7.0,5.0,7.0,6.0,8.0,7.0,6.0,7.0,5.0,7.0,8.0
HU,8.0,6.0,1.0,8.0,3.0,6.0,8.0,8.0,4.0,7.0,5.0,7.0,8.0,8.0
HU,4.0,2.0,1.0,5.0,4.0,8.0,6.0,8.0,4.0,5.0,4.0,8.0,4.0,8.0
HU,0.0,3.0,3.0,5.0,2.0,5.0,6.0,9.0,1.0,2.0,1.0,5.0,7.0,9.0
HU,7.0,6.0,1.0,7.0,5.0,3.0,5.0,7.0,6.0,5.0,7.0,3.0,7.0,7.0
HU,5.0,5.0,1.0,10.0,5.0,10.0,10.0,10.0,10.0,10.0,10.0,10.0,6.0,10.0
HU,7.0,7.0,1.0,2.0,3.0,6.0,4.0,7.0,4.0,4.0,3.0,6.0,6.0,5.0
HU,6.0,6.0,2.0,3.0,3.0,5.0,6.0,6.0,3.0,3.0,3.0,5.0,5.0,5.0
HU,7.0,5.0,1.0,6.0,7.0,7.0,8.0,9.0,6.0,7.0,6.0,8.0,4.0,8.0
HU,4.0,6.0,2.0,7.0,4.0,9.0,9.0,9.0,7.0,8.0,8.0,9.0,7.0,3.0
HU,8.0,8.0,2.0,7.0,5.0,7.0,7.0,8.0,7.0,8.0,4.0,7.0,7.0,7.0
HU,8.0,9.0,2.0,7.0,8.0,6.0,6.0,7.0,5.0,6.0,5.0,7.0,8.0,8.0
HU,3.0,5.0,2.0,6.0,5.0,3.0,4.0,6.0,4.0,4.0,6.0,4.0,8.0,5.0
HU,2.0,2.0,2.0,8.0,3.0,5.0,5.0,5.0,2.0,5.0,5.0,7.0,5.0,5.0
HU,6.0,6.0,1.0,7.0,7.0,6.0,6.0,6.0,6.0,6.0,5.0,5.0,6.0,7.0
HU,10.0,5.0,1.0,1.0,0.0,0.0,0.0,2.0,0.0,0.0,0.0,0.0,5.0,10.0
HU,4.0,3.0,2.0,5.0,5.0,5.0,7.0,7.0,5.0,6.0,0.0,5.0,8.0,7.0
HU,6.0,5.0,1.0,4.0,8.0,7.0,6.0,10.0,7.0,9.0,8.0,9.0,8.0,9.0
HU,5.0,8.0,1.0,5.0,6.0,5.0,6.0,6.0,2.0,5.0,2.0,6.0,7.0,8.0
HU,8.0,7.0,1.0,0.0,5.0,10.0,5.0,8.0,7.0,4.0,8.0,10.0,7.0,5.0
HU,6.0,5.0,2.0,5.0,3.0,5.0,4.0,4.0,0.0,3.0,0.0,0.0,0.0,0.0
HU,3.0,4.0,2.0,4.0,4.0,7.0,6.0,7.0,7.0,6.0,7.0,7.0,5.0,6.0
HU,5.0,4.0,1.0,5.0,0.0,0.0,0.0,0.0,0.0,0.0,0.0,0.0,9.0,9.0
HU,3.0,5.0,1.0,4.0,1.0,5.0,3.0,6.0,3.0,5.0,3.0,5.0,10.0,3.0
HU,5.0,5.0,1.0,8.0,4.0,5.0,8.0,8.0,2.0,3.0,2.0,7.0,10.0,10.0
HU,0.0,1.0,2.0,5.0,0.0,0.0,0.0,2.0,0.0,0.0,0.0,1.0,10.0,4.0
HU,5.0,3.0,2.0,10.0,7.0,7.0,3.0,3.0,0.0,5.0,0.0,5.0,3.0,8.0
HU,3.0,6.0,2.0,5.0,5.0,2.0,3.0,3.0,4.0,2.0,2.0,3.0,5.0,5.0
HU,4.0,4.0,3.0,7.0,3.0,3.0,2.0,2.0,3.0,3.0,0.0,1.0,8.0,8.0
HU,5.0,7.0,1.0,5.0,6.0,0.0,2.0,3.0,0.0,2.0,0.0,0.0,5.0,10.0
HU,5.0,2.0,2.0,3.0,0.0,2.0,1.0,2.0,1.0,0.0,1.0,2.0,5.0,1.0
HU,6.0,5.0,1.0,5.0,2.0,8.0,7.0,8.0,2.0,3.0,2.0,8.0,10.0,7.0
HU,9.0,6.0,1.0,5.0,0.0,7.0,8.0,9.0,1.0,9.0,5.0,9.0,8.0,8.0
HU,7.0,8.0,2.0,8.0,2.0,8.0,3.0,7.0,4.0,4.0,4.0,6.0,5.0,8.0
HU,7.0,10.0,2.0,10.0,9.0,10.0,10.0,10.0,10.0,10.0,10.0,10.0,5.0,10.0
HU,6.0,7.0,1.0,10.0,10.0,10.0,10.0,10.0,10.0,10.0,10.0,10.0,10.0,7.0
HU,3.0,5.0,2.0,5.0,0.0,0.0,0.0,0.0,0.0,0.0,0.0,0.0,8.0,7.0
HU,0.0,0.0,1.0,0.0,3.0,10.0,10.0,10.0,0.0,10.0,0.0,10.0,9.0,10.0
HU,1.0,1.0,1.0,4.0,3.0,3.0,4.0,4.0,4.0,1.0,3.0,6.0,8.0,6.0
HU,1.0,3.0,1.0,5.0,2.0,1.0,2.0,1.0,0.0,3.0,0.0,0.0,7.0,4.0
HU,5.0,6.0,1.0,7.0,7.0,7.0,8.0,9.0,7.0,7.0,7.0,8.0,7.0,8.0
HU,6.0,6.0,2.0,5.0,3.0,3.0,2.0,5.0,3.0,2.0,2.0,3.0,5.0,3.0
HU,4.0,6.0,1.0,8.0,8.0,4.0,8.0,8.0,8.0,8.0,8.0,4.0,6.0,8.0
HU,5.0,6.0,1.0,5.0,5.0,5.0,7.0,7.0,4.0,5.0,4.0,6.0,8.0,8.0
HU,5.0,5.0,1.0,7.0,0.0,3.0,5.0,5.0,2.0,3.0,2.0,3.0,7.0,5.0
HU,6.0,4.0,4.0,0.0,2.0,2.0,9.0,9.0,2.0,1.0,2.0,2.0,3.0,7.0
HU,4.0,3.0,1.0,0.0,1.0,4.0,5.0,8.0,2.0,3.0,2.0,4.0,8.0,6.0
HU,4.0,3.0,2.0,5.0,5.0,7.0,7.0,7.0,4.0,5.0,3.0,7.0,5.0,8.0
HU,10.0,0.0,1.0,9.0,5.0,1.0,5.0,7.0,3.0,4.0,3.0,5.0,8.0,6.0
HU,3.0,5.0,1.0,3.0,2.0,3.0,4.0,4.0,2.0,2.0,2.0,3.0,7.0,8.0
HU,5.0,8.0,1.0,6.0,4.0,8.0,8.0,7.0,7.0,7.0,0.0,8.0,7.0,10.0
HU,6.0,7.0,1.0,4.0,4.0,2.0,6.0,8.0,6.0,7.0,3.0,8.0,8.0,5.0
HU,3.0,3.0,1.0,7.0,6.0,2.0,10.0,10.0,8.0,8.0,3.0,2.0,10.0,7.0
HU,6.0,4.0,1.0,3.0,4.0,4.0,5.0,2.0,3.0,5.0,3.0,4.0,10.0,5.0
HU,5.0,5.0,3.0,10.0,1.0,5.0,5.0,5.0,2.0,0.0,5.0,7.0,10.0,5.0
HU,5.0,5.0,1.0,5.0,3.0,4.0,4.0,0.0,0.0,3.0,3.0,4.0,5.0,10.0
HU,7.0,7.0,2.0,3.0,5.0,7.0,7.0,8.0,6.0,6.0,6.0,8.0,10.0,7.0
HU,6.0,8.0,1.0,9.0,8.0,9.0,10.0,10.0,10.0,9.0,9.0,9.0,7.0,6.0
HU,5.0,3.0,4.0,5.0,2.0,0.0,0.0,0.0,0.0,0.0,0.0,0.0,5.0,8.0
HU,4.0,3.0,1.0,6.0,2.0,0.0,8.0,7.0,4.0,4.0,2.0,0.0,8.0,8.0
HU,0.0,0.0,2.0,3.0,0.0,6.0,0.0,0.0,5.0,0.0,0.0,0.0,7.0,5.0
HU,5.0,7.0,2.0,8.0,8.0,8.0,8.0,8.0,8.0,7.0,8.0,8.0,8.0,8.0
HU,6.0,5.0,2.0,5.0,3.0,7.0,6.0,5.0,5.0,5.0,4.0,8.0,9.0,3.0
HU,3.0,5.0,1.0,7.0,3.0,2.0,3.0,5.0,2.0,4.0,2.0,2.0,5.0,6.0
HU,2.0,0.0,1.0,8.0,0.0,5.0,0.0,0.0,0.0,0.0,0.0,0.0,5.0,0.0
HU,7.0,7.0,2.0,3.0,7.0,6.0,10.0,10.0,4.0,6.0,3.0,7.0,6.0,6.0
HU,8.0,2.0,1.0,9.0,8.0,2.0,10.0,10.0,10.0,10.0,10.0,2.0,6.0,10.0
HU,2.0,3.0,2.0,4.0,0.0,6.0,0.0,5.0,0.0,0.0,0.0,7.0,0.0,6.0
HU,4.0,4.0,2.0,5.0,0.0,0.0,0.0,3.0,0.0,0.0,0.0,0.0,8.0,4.0
HU,7.0,7.0,2.0,3.0,5.0,6.0,9.0,8.0,5.0,7.0,5.0,7.0,6.0,9.0
HU,5.0,5.0,1.0,7.0,5.0,6.0,5.0,5.0,3.0,4.0,3.0,6.0,5.0,9.0
HU,6.0,7.0,1.0,10.0,6.0,5.0,5.0,9.0,5.0,6.0,5.0,5.0,5.0,10.0
HU,7.0,7.0,1.0,5.0,7.0,5.0,5.0,5.0,5.0,5.0,5.0,5.0,7.0,5.0
HU,4.0,2.0,2.0,5.0,6.0,5.0,5.0,5.0,2.0,5.0,2.0,5.0,7.0,5.0
HU,8.0,5.0,1.0,4.0,6.0,7.0,5.0,6.0,5.0,4.0,0.0,7.0,3.0,5.0
HU,4.0,2.0,1.0,5.0,6.0,4.0,2.0,4.0,2.0,2.0,5.0,3.0,4.0,4.0
HU,5.0,3.0,1.0,5.0,1.0,4.0,3.0,6.0,5.0,5.0,5.0,7.0,10.0,5.0
HU,4.0,3.0,1.0,8.0,2.0,6.0,5.0,5.0,3.0,3.0,3.0,4.0,4.0,4.0
HU,6.0,6.0,1.0,6.0,6.0,8.0,8.0,6.0,6.0,7.0,5.0,8.0,5.0,7.0
HU,6.0,4.0,2.0,7.0,6.0,6.0,3.0,3.0,3.0,6.0,4.0,2.0,8.0,6.0
HU,8.0,6.0,2.0,8.0,8.0,7.0,8.0,8.0,7.0,8.0,7.0,8.0,9.0,9.0
HU,4.0,5.0,1.0,3.0,0.0,5.0,6.0,5.0,0.0,3.0,0.0,5.0,7.0,4.0
HU,5.0,9.0,1.0,8.0,4.0,10.0,9.0,7.0,0.0,1.0,0.0,10.0,9.0,10.0
HU,4.0,3.0,2.0,6.0,2.0,6.0,6.0,6.0,2.0,4.0,2.0,8.0,10.0,7.0
HU,2.0,6.0,2.0,7.0,5.0,9.0,7.0,9.0,5.0,8.0,0.0,9.0,5.0,4.0
HU,3.0,7.0,2.0,10.0,7.0,8.0,8.0,8.0,6.0,6.0,7.0,7.0,7.0,9.0
HU,7.0,5.0,1.0,5.0,3.0,8.0,8.0,7.0,5.0,6.0,5.0,9.0,5.0,8.0
HU,1.0,2.0,2.0,2.0,3.0,9.0,6.0,8.0,7.0,7.0,5.0,8.0,3.0,7.0
HU,2.0,5.0,1.0,8.0,0.0,5.0,5.0,6.0,0.0,0.0,0.0,5.0,7.0,7.0
HU,4.0,6.0,1.0,6.0,6.0,6.0,9.0,9.0,7.0,7.0,6.0,6.0,5.0,7.0
HU,0.0,5.0,1.0,5.0,3.0,5.0,6.0,5.0,0.0,0.0,0.0,5.0,10.0,7.0
HU,3.0,3.0,2.0,9.0,1.0,5.0,5.0,6.0,3.0,7.0,3.0,5.0,9.0,6.0
HU,6.0,5.0,1.0,3.0,2.0,6.0,7.0,3.0,3.0,5.0,2.0,6.0,7.0,7.0
HU,1.0,2.0,1.0,1.0,2.0,2.0,2.0,2.0,3.0,2.0,1.0,2.0,5.0,2.0
HU,3.0,3.0,1.0,8.0,5.0,8.0,5.0,9.0,1.0,2.0,1.0,8.0,5.0,10.0
HU,8.0,10.0,1.0,0.0,0.0,10.0,9.0,9.0,0.0,0.0,0.0,10.0,10.0,9.0
HU,6.0,4.0,1.0,3.0,4.0,7.0,4.0,5.0,2.0,3.0,2.0,7.0,7.0,10.0
HU,5.0,4.0,1.0,7.0,7.0,4.0,5.0,5.0,6.0,9.0,7.0,7.0,6.0,8.0
HU,3.0,5.0,3.0,6.0,6.0,8.0,8.0,5.0,5.0,8.0,0.0,9.0,1.0,9.0
HU,5.0,4.0,1.0,5.0,5.0,4.0,4.0,5.0,3.0,3.0,2.0,4.0,6.0,9.0
HU,5.0,3.0,2.0,5.0,0.0,6.0,2.0,5.0,0.0,0.0,0.0,9.0,6.0,8.0
HU,2.0,2.0,1.0,5.0,2.0,4.0,4.0,4.0,3.0,2.0,2.0,4.0,3.0,5.0
HU,6.0,6.0,4.0,0.0,2.0,5.0,7.0,7.0,4.0,6.0,4.0,5.0,7.0,8.0
HU,3.0,2.0,2.0,2.0,3.0,2.0,3.0,3.0,2.0,3.0,0.0,2.0,6.0,2.0
HU,5.0,7.0,1.0,1.0,8.0,5.0,5.0,6.0,4.0,5.0,4.0,5.0,10.0,9.0
HU,4.0,3.0,1.0,6.0,2.0,0.0,6.0,8.0,3.0,4.0,2.0,6.0,3.0,4.0
HU,4.0,4.0,1.0,5.0,5.0,8.0,7.0,7.0,4.0,3.0,3.0,9.0,7.0,6.0
HU,5.0,1.0,2.0,5.0,5.0,5.0,5.0,8.0,5.0,5.0,5.0,5.0,4.0,9.0
HU,5.0,8.0,2.0,10.0,8.0,4.0,5.0,10.0,5.0,4.0,5.0,7.0,7.0,9.0
HU,6.0,6.0,1.0,7.0,6.0,8.0,8.0,7.0,8.0,8.0,5.0,9.0,6.0,7.0
HU,5.0,5.0,2.0,5.0,5.0,5.0,6.0,8.0,6.0,8.0,6.0,8.0,6.0,7.0
HU,5.0,6.0,1.0,8.0,0.0,0.0,0.0,5.0,0.0,0.0,0.0,3.0,7.0,6.0
HU,5.0,2.0,1.0,6.0,0.0,5.0,4.0,2.0,0.0,1.0,1.0,6.0,4.0,4.0
HU,0.0,1.0,2.0,0.0,3.0,5.0,7.0,5.0,2.0,8.0,2.0,5.0,6.0,6.0
HU,7.0,6.0,1.0,10.0,6.0,6.0,6.0,10.0,6.0,6.0,6.0,6.0,8.0,9.0
HU,5.0,0.0,1.0,5.0,0.0,6.0,7.0,7.0,5.0,5.0,5.0,6.0,7.0,8.0
HU,4.0,8.0,1.0,8.0,7.0,5.0,6.0,7.0,5.0,4.0,5.0,5.0,6.0,8.0
HU,4.0,4.0,2.0,5.0,1.0,2.0,3.0,3.0,1.0,2.0,0.0,2.0,8.0,5.0
HU,5.0,7.0,3.0,4.0,0.0,1.0,1.0,6.0,0.0,1.0,2.0,5.0,7.0,10.0
HU,7.0,5.0,2.0,4.0,3.0,10.0,4.0,5.0,3.0,4.0,3.0,10.0,10.0,7.0
HU,5.0,5.0,1.0,10.0,3.0,5.0,8.0,8.0,4.0,5.0,4.0,8.0,4.0,8.0
HU,4.0,1.0,1.0,8.0,1.0,1.0,4.0,2.0,0.0,1.0,1.0,0.0,7.0,10.0
HU,7.0,4.0,1.0,2.0,2.0,5.0,8.0,8.0,5.0,5.0,5.0,7.0,5.0,7.0
HU,4.0,7.0,2.0,2.0,1.0,7.0,7.0,8.0,6.0,7.0,6.0,9.0,6.0,5.0
HU,7.0,2.0,1.0,5.0,7.0,8.0,9.0,10.0,6.0,8.0,9.0,10.0,5.0,7.0
HU,0.0,0.0,2.0,6.0,3.0,5.0,5.0,7.0,5.0,6.0,5.0,6.0,7.0,3.0
HU,2.0,2.0,1.0,5.0,0.0,0.0,1.0,0.0,1.0,1.0,0.0,0.0,4.0,2.0
HU,5.0,8.0,3.0,5.0,7.0,8.0,8.0,5.0,5.0,8.0,5.0,7.0,7.0,7.0
HU,6.0,5.0,1.0,3.0,3.0,7.0,6.0,5.0,2.0,2.0,1.0,8.0,7.0,7.0
HU,6.0,6.0,1.0,8.0,5.0,5.0,6.0,7.0,7.0,6.0,5.0,7.0,6.0,7.0
HU,0.0,7.0,1.0,5.0,6.0,8.0,8.0,7.0,4.0,4.0,4.0,8.0,5.0,9.0
HU,2.0,3.0,2.0,9.0,8.0,7.0,7.0,9.0,6.0,7.0,8.0,8.0,6.0,10.0
HU,2.0,0.0,1.0,5.0,0.0,4.0,3.0,3.0,0.0,1.0,0.0,4.0,8.0,2.0
HU,6.0,4.0,1.0,8.0,4.0,6.0,6.0,3.0,5.0,5.0,5.0,6.0,9.0,7.0
HU,0.0,2.0,1.0,7.0,2.0,5.0,6.0,8.0,3.0,3.0,1.0,5.0,8.0,3.0
HU,8.0,8.0,1.0,6.0,7.0,7.0,6.0,9.0,5.0,5.0,5.0,8.0,5.0,8.0
HU,4.0,5.0,2.0,3.0,1.0,7.0,2.0,3.0,2.0,3.0,2.0,5.0,5.0,8.0
HU,1.0,0.0,1.0,9.0,5.0,3.0,6.0,6.0,3.0,7.0,4.0,8.0,9.0,8.0
HU,6.0,4.0,1.0,5.0,0.0,8.0,2.0,8.0,0.0,4.0,0.0,8.0,7.0,6.0
HU,4.0,8.0,1.0,1.0,7.0,8.0,9.0,9.0,5.0,6.0,3.0,8.0,5.0,6.0
HU,8.0,7.0,3.0,6.0,5.0,5.0,5.0,5.0,3.0,5.0,3.0,5.0,6.0,10.0
HU,7.0,7.0,2.0,1.0,5.0,7.0,7.0,7.0,5.0,7.0,5.0,7.0,4.0,7.0
HU,4.0,4.0,1.0,5.0,6.0,10.0,8.0,5.0,5.0,7.0,4.0,10.0,9.0,6.0
HU,3.0,3.0,2.0,5.0,3.0,2.0,7.0,8.0,2.0,5.0,2.0,4.0,9.0,3.0
HU,4.0,2.0,1.0,8.0,8.0,3.0,8.0,9.0,7.0,7.0,6.0,4.0,8.0,7.0
HU,0.0,0.0,2.0,7.0,2.0,0.0,0.0,0.0,0.0,6.0,5.0,0.0,9.0,5.0
HU,5.0,4.0,2.0,9.0,9.0,3.0,4.0,4.0,6.0,3.0,2.0,5.0,5.0,8.0
HU,2.0,4.0,3.0,7.0,6.0,0.0,2.0,3.0,1.0,3.0,0.0,0.0,7.0,6.0
HU,5.0,3.0,2.0,8.0,3.0,8.0,6.0,6.0,5.0,0.0,8.0,3.0,7.0,7.0
HU,1.0,1.0,2.0,1.0,1.0,8.0,1.0,3.0,1.0,0.0,1.0,8.0,5.0,5.0
HU,0.0,0.0,1.0,5.0,0.0,0.0,0.0,2.0,0.0,0.0,0.0,0.0,8.0,5.0
HU,2.0,8.0,1.0,3.0,5.0,0.0,0.0,0.0,0.0,0.0,0.0,5.0,9.0,8.0
HU,6.0,7.0,1.0,7.0,6.0,7.0,6.0,7.0,6.0,7.0,6.0,7.0,6.0,7.0
HU,2.0,5.0,2.0,5.0,0.0,3.0,3.0,1.0,0.0,0.0,0.0,2.0,6.0,5.0
HU,0.0,0.0,2.0,5.0,4.0,0.0,3.0,10.0,10.0,5.0,0.0,5.0,4.0,5.0
HU,5.0,5.0,1.0,5.0,5.0,5.0,7.0,8.0,2.0,2.0,2.0,7.0,7.0,6.0
HU,10.0,10.0,1.0,8.0,8.0,9.0,10.0,8.0,8.0,10.0,7.0,7.0,5.0,8.0
HU,6.0,6.0,1.0,7.0,6.0,8.0,6.0,8.0,6.0,6.0,6.0,8.0,6.0,6.0
HU,6.0,3.0,2.0,4.0,3.0,5.0,4.0,4.0,4.0,5.0,4.0,5.0,3.0,4.0
HU,3.0,4.0,2.0,7.0,4.0,4.0,4.0,4.0,4.0,4.0,3.0,6.0,8.0,10.0
HU,5.0,3.0,2.0,8.0,2.0,2.0,2.0,6.0,3.0,2.0,3.0,7.0,8.0,6.0
HU,2.0,4.0,1.0,2.0,1.0,2.0,1.0,2.0,1.0,2.0,2.0,2.0,2.0,2.0
HU,5.0,5.0,1.0,6.0,5.0,5.0,5.0,5.0,3.0,3.0,0.0,5.0,2.0,8.0
HU,4.0,4.0,3.0,5.0,6.0,3.0,2.0,0.0,5.0,7.0,0.0,5.0,6.0,8.0
HU,6.0,6.0,1.0,7.0,3.0,5.0,6.0,7.0,7.0,7.0,8.0,6.0,6.0,4.0
HU,5.0,5.0,2.0,6.0,3.0,5.0,5.0,3.0,5.0,5.0,5.0,5.0,8.0,5.0
HU,3.0,4.0,2.0,5.0,0.0,0.0,0.0,2.0,0.0,0.0,0.0,0.0,3.0,6.0
HU,6.0,8.0,2.0,4.0,8.0,5.0,5.0,8.0,4.0,9.0,4.0,5.0,9.0,9.0
HU,6.0,7.0,2.0,7.0,5.0,3.0,8.0,8.0,5.0,5.0,5.0,7.0,5.0,7.0
HU,3.0,4.0,1.0,8.0,7.0,4.0,8.0,9.0,6.0,7.0,8.0,3.0,4.0,6.0
HU,6.0,6.0,2.0,8.0,1.0,7.0,6.0,7.0,6.0,6.0,6.0,7.0,10.0,8.0
HU,8.0,5.0,1.0,7.0,8.0,2.0,10.0,9.0,5.0,8.0,4.0,5.0,3.0,10.0
HU,5.0,5.0,1.0,5.0,5.0,2.0,0.0,0.0,0.0,0.0,0.0,2.0,6.0,5.0
HU,5.0,9.0,1.0,5.0,5.0,7.0,5.0,4.0,5.0,5.0,0.0,6.0,6.0,6.0
HU,5.0,5.0,1.0,7.0,5.0,5.0,5.0,5.0,6.0,5.0,0.0,6.0,5.0,8.0
HU,8.0,7.0,2.0,5.0,5.0,4.0,6.0,6.0,4.0,5.0,4.0,5.0,5.0,7.0
HU,5.0,6.0,2.0,6.0,7.0,7.0,7.0,6.0,7.0,5.0,5.0,6.0,5.0,7.0
HU,6.0,5.0,1.0,10.0,7.0,5.0,5.0,4.0,4.0,5.0,6.0,5.0,7.0,7.0
HU,1.0,1.0,2.0,1.0,0.0,6.0,1.0,2.0,0.0,2.0,1.0,3.0,5.0,2.0
HU,2.0,2.0,2.0,7.0,6.0,3.0,6.0,4.0,6.0,5.0,2.0,3.0,3.0,2.0
HU,3.0,5.0,2.0,8.0,2.0,3.0,6.0,5.0,0.0,5.0,1.0,2.0,10.0,8.0
HU,5.0,0.0,1.0,5.0,0.0,4.0,0.0,1.0,1.0,0.0,0.0,4.0,8.0,4.0
HU,6.0,8.0,2.0,9.0,8.0,7.0,8.0,8.0,7.0,8.0,7.0,6.0,9.0,9.0
HU,5.0,5.0,3.0,4.0,4.0,5.0,5.0,6.0,6.0,5.0,4.0,5.0,7.0,6.0
HU,5.0,4.0,1.0,6.0,5.0,5.0,7.0,6.0,2.0,5.0,4.0,6.0,5.0,6.0
HU,1.0,10.0,1.0,7.0,0.0,10.0,1.0,5.0,0.0,0.0,0.0,10.0,7.0,5.0
HU,7.0,5.0,1.0,7.0,6.0,7.0,6.0,8.0,4.0,6.0,4.0,8.0,7.0,8.0
HU,7.0,6.0,3.0,3.0,2.0,7.0,7.0,7.0,5.0,4.0,7.0,4.0,7.0,7.0
HU,7.0,8.0,2.0,1.0,7.0,5.0,4.0,5.0,6.0,6.0,6.0,6.0,8.0,6.0
HU,3.0,5.0,2.0,6.0,3.0,7.0,3.0,8.0,5.0,2.0,5.0,7.0,5.0,4.0
HU,4.0,5.0,2.0,5.0,4.0,5.0,4.0,5.0,0.0,0.0,0.0,5.0,7.0,6.0
HU,5.0,5.0,2.0,5.0,2.0,3.0,4.0,4.0,5.0,5.0,4.0,3.0,3.0,7.0
HU,7.0,7.0,3.0,5.0,6.0,0.0,4.0,4.0,2.0,3.0,2.0,0.0,7.0,7.0
HU,1.0,1.0,2.0,5.0,3.0,9.0,5.0,9.0,2.0,3.0,4.0,8.0,9.0,9.0
HU,5.0,4.0,2.0,5.0,5.0,3.0,5.0,6.0,3.0,4.0,3.0,8.0,5.0,5.0
HU,4.0,5.0,2.0,7.0,6.0,3.0,4.0,7.0,3.0,4.0,3.0,4.0,7.0,6.0
HU,2.0,3.0,1.0,5.0,6.0,1.0,1.0,3.0,2.0,2.0,2.0,1.0,9.0,7.0
HU,6.0,7.0,1.0,6.0,6.0,5.0,6.0,7.0,4.0,5.0,4.0,7.0,8.0,7.0
HU,8.0,3.0,1.0,3.0,2.0,4.0,5.0,4.0,3.0,0.0,3.0,4.0,5.0,9.0
HU,6.0,8.0,1.0,5.0,8.0,4.0,5.0,8.0,4.0,5.0,3.0,6.0,9.0,5.0
HU,3.0,8.0,4.0,2.0,2.0,10.0,7.0,8.0,3.0,2.0,3.0,10.0,6.0,8.0
HU,10.0,10.0,1.0,10.0,6.0,10.0,7.0,3.0,5.0,7.0,8.0,10.0,4.0,7.0
HU,7.0,3.0,2.0,0.0,0.0,6.0,0.0,8.0,2.0,0.0,2.0,7.0,5.0,7.0
HU,5.0,6.0,2.0,2.0,4.0,4.0,5.0,6.0,5.0,8.0,5.0,6.0,9.0,8.0
HU,4.0,5.0,1.0,5.0,5.0,7.0,6.0,10.0,6.0,6.0,7.0,8.0,6.0,8.0
HU,10.0,8.0,1.0,10.0,10.0,10.0,10.0,10.0,10.0,10.0,10.0,10.0,10.0,9.0
HU,1.0,1.0,2.0,7.0,1.0,9.0,6.0,9.0,2.0,1.0,1.0,10.0,8.0,3.0
HU,0.0,4.0,2.0,5.0,8.0,5.0,5.0,8.0,4.0,5.0,4.0,5.0,6.0,10.0
HU,4.0,5.0,1.0,7.0,2.0,7.0,7.0,3.0,1.0,5.0,1.0,8.0,7.0,6.0
HU,7.0,7.0,1.0,3.0,6.0,7.0,6.0,5.0,7.0,3.0,5.0,6.0,5.0,5.0
HU,4.0,5.0,1.0,10.0,7.0,4.0,7.0,5.0,6.0,6.0,4.0,5.0,3.0,7.0
HU,5.0,5.0,3.0,6.0,2.0,0.0,0.0,4.0,0.0,0.0,0.0,0.0,8.0,8.0
HU,4.0,7.0,1.0,9.0,1.0,3.0,2.0,3.0,5.0,2.0,0.0,4.0,5.0,9.0
HU,4.0,5.0,1.0,5.0,3.0,7.0,6.0,5.0,5.0,5.0,0.0,5.0,6.0,8.0
HU,0.0,0.0,1.0,10.0,5.0,4.0,3.0,5.0,4.0,4.0,4.0,4.0,3.0,8.0
HU,2.0,0.0,1.0,7.0,0.0,2.0,2.0,0.0,0.0,0.0,3.0,4.0,6.0,5.0
HU,9.0,5.0,1.0,5.0,8.0,5.0,5.0,1.0,5.0,2.0,5.0,2.0,5.0,5.0
HU,4.0,4.0,2.0,7.0,7.0,3.0,8.0,9.0,2.0,5.0,2.0,6.0,2.0,6.0
HU,3.0,7.0,2.0,8.0,2.0,4.0,5.0,6.0,2.0,3.0,2.0,4.0,7.0,9.0
HU,1.0,3.0,1.0,4.0,5.0,3.0,1.0,4.0,0.0,2.0,1.0,2.0,2.0,4.0
HU,0.0,0.0,2.0,10.0,0.0,10.0,10.0,10.0,10.0,10.0,10.0,10.0,6.0,10.0
HU,8.0,0.0,2.0,10.0,10.0,3.0,10.0,10.0,10.0,9.0,10.0,5.0,4.0,9.0
HU,4.0,3.0,1.0,5.0,3.0,6.0,3.0,2.0,2.0,4.0,2.0,6.0,8.0,4.0
HU,3.0,2.0,1.0,7.0,0.0,0.0,3.0,3.0,0.0,0.0,0.0,3.0,4.0,2.0
HU,2.0,2.0,2.0,5.0,2.0,5.0,3.0,3.0,3.0,3.0,2.0,5.0,8.0,3.0
HU,7.0,8.0,1.0,8.0,9.0,7.0,7.0,8.0,8.0,8.0,8.0,7.0,6.0,10.0
HU,4.0,3.0,1.0,3.0,0.0,4.0,5.0,7.0,0.0,0.0,0.0,4.0,8.0,7.0
HU,7.0,7.0,1.0,1.0,7.0,9.0,8.0,9.0,9.0,8.0,8.0,9.0,8.0,8.0
HU,3.0,3.0,1.0,8.0,3.0,7.0,5.0,7.0,4.0,5.0,3.0,7.0,8.0,7.0
HU,5.0,7.0,1.0,6.0,7.0,5.0,6.0,6.0,5.0,5.0,5.0,4.0,6.0,8.0
HU,3.0,6.0,2.0,6.0,3.0,5.0,4.0,5.0,5.0,3.0,3.0,7.0,6.0,5.0
HU,5.0,5.0,1.0,5.0,5.0,6.0,6.0,6.0,5.0,6.0,0.0,7.0,8.0,6.0
HU,2.0,2.0,5.0,5.0,3.0,4.0,7.0,5.0,2.0,5.0,4.0,7.0,6.0,3.0
HU,7.0,8.0,1.0,2.0,5.0,1.0,6.0,6.0,7.0,7.0,6.0,1.0,7.0,7.0
HU,8.0,7.0,1.0,5.0,4.0,9.0,8.0,9.0,6.0,7.0,6.0,9.0,5.0,4.0
HU,4.0,8.0,1.0,1.0,3.0,6.0,8.0,8.0,3.0,4.0,3.0,7.0,1.0,8.0
HU,6.0,5.0,2.0,5.0,7.0,7.0,7.0,9.0,8.0,8.0,8.0,8.0,8.0,8.0
HU,7.0,6.0,1.0,4.0,0.0,5.0,2.0,4.0,1.0,1.0,0.0,6.0,9.0,5.0
HU,5.0,7.0,1.0,5.0,4.0,5.0,3.0,4.0,0.0,3.0,2.0,7.0,5.0,7.0
HU,5.0,4.0,1.0,10.0,6.0,3.0,5.0,3.0,2.0,5.0,2.0,3.0,6.0,9.0
HU,5.0,5.0,1.0,10.0,9.0,8.0,8.0,8.0,7.0,8.0,7.0,9.0,10.0,10.0
HU,6.0,4.0,2.0,6.0,5.0,4.0,7.0,7.0,7.0,5.0,5.0,6.0,5.0,5.0
HU,3.0,3.0,1.0,5.0,5.0,5.0,5.0,7.0,2.0,3.0,3.0,5.0,7.0,2.0
HU,8.0,7.0,2.0,5.0,8.0,8.0,8.0,8.0,5.0,7.0,4.0,8.0,7.0,2.0
HU,10.0,10.0,1.0,3.0,8.0,2.0,5.0,10.0,3.0,10.0,3.0,3.0,8.0,8.0
HU,5.0,6.0,1.0,10.0,3.0,5.0,4.0,4.0,2.0,3.0,3.0,5.0,5.0,8.0
HU,6.0,5.0,2.0,5.0,2.0,2.0,0.0,8.0,0.0,0.0,0.0,9.0,8.0,9.0
HU,9.0,8.0,2.0,7.0,7.0,10.0,8.0,8.0,6.0,7.0,7.0,10.0,7.0,9.0
HU,6.0,4.0,1.0,5.0,0.0,4.0,3.0,6.0,0.0,2.0,0.0,4.0,10.0,8.0
HU,4.0,6.0,2.0,6.0,5.0,3.0,6.0,6.0,6.0,4.0,6.0,6.0,6.0,7.0
HU,4.0,6.0,1.0,10.0,9.0,5.0,10.0,8.0,5.0,10.0,5.0,8.0,7.0,9.0
HU,8.0,9.0,1.0,2.0,3.0,8.0,6.0,7.0,8.0,8.0,6.0,6.0,10.0,8.0
HU,5.0,6.0,2.0,5.0,3.0,0.0,4.0,3.0,0.0,0.0,0.0,4.0,9.0,6.0
HU,7.0,8.0,1.0,7.0,8.0,2.0,6.0,9.0,5.0,7.0,5.0,2.0,7.0,7.0
HU,5.0,1.0,1.0,7.0,2.0,5.0,8.0,7.0,2.0,5.0,2.0,7.0,5.0,7.0
HU,1.0,4.0,2.0,8.0,8.0,4.0,9.0,7.0,6.0,9.0,5.0,4.0,5.0,6.0
HU,2.0,1.0,1.0,5.0,0.0,10.0,4.0,2.0,0.0,0.0,0.0,10.0,8.0,3.0
HU,5.0,8.0,1.0,7.0,5.0,8.0,5.0,5.0,5.0,5.0,8.0,8.0,4.0,8.0
HU,3.0,5.0,1.0,5.0,7.0,8.0,5.0,10.0,5.0,7.0,0.0,8.0,8.0,8.0
HU,7.0,7.0,2.0,9.0,10.0,8.0,8.0,8.0,8.0,8.0,8.0,8.0,7.0,8.0
HU,4.0,2.0,2.0,1.0,5.0,5.0,2.0,2.0,3.0,4.0,0.0,5.0,9.0,7.0
HU,3.0,2.0,1.0,9.0,0.0,3.0,3.0,3.0,3.0,3.0,5.0,3.0,3.0,7.0
HU,6.0,9.0,1.0,9.0,7.0,8.0,8.0,7.0,7.0,8.0,6.0,7.0,7.0,7.0
HU,5.0,7.0,2.0,9.0,0.0,7.0,4.0,4.0,4.0,4.0,4.0,3.0,8.0,10.0
HU,6.0,5.0,1.0,0.0,0.0,7.0,3.0,0.0,0.0,1.0,0.0,2.0,5.0,5.0
HU,6.0,5.0,1.0,2.0,3.0,3.0,4.0,8.0,3.0,6.0,3.0,6.0,8.0,7.0
HU,3.0,0.0,1.0,2.0,9.0,9.0,2.0,1.0,3.0,4.0,0.0,9.0,0.0,5.0
HU,3.0,2.0,2.0,9.0,7.0,4.0,8.0,8.0,8.0,8.0,8.0,4.0,6.0,8.0
HU,6.0,6.0,1.0,7.0,4.0,7.0,6.0,6.0,6.0,6.0,6.0,7.0,5.0,8.0
HU,4.0,7.0,1.0,5.0,7.0,8.0,8.0,8.0,8.0,8.0,8.0,8.0,5.0,8.0
HU,8.0,5.0,3.0,4.0,4.0,10.0,10.0,10.0,4.0,9.0,2.0,9.0,8.0,4.0
HU,4.0,6.0,1.0,5.0,4.0,7.0,6.0,8.0,5.0,5.0,6.0,7.0,10.0,3.0
HU,2.0,3.0,1.0,5.0,0.0,4.0,2.0,4.0,4.0,0.0,1.0,4.0,7.0,7.0
HU,9.0,8.0,1.0,10.0,9.0,4.0,10.0,9.0,9.0,10.0,8.0,8.0,10.0,9.0
HU,5.0,5.0,2.0,5.0,0.0,4.0,3.0,5.0,2.0,2.0,2.0,5.0,7.0,8.0
HU,8.0,6.0,1.0,5.0,0.0,2.0,3.0,3.0,2.0,3.0,2.0,2.0,10.0,8.0
HU,0.0,3.0,1.0,5.0,3.0,6.0,4.0,6.0,3.0,4.0,3.0,6.0,3.0,5.0
HU,6.0,6.0,2.0,5.0,6.0,8.0,7.0,7.0,4.0,4.0,4.0,8.0,5.0,8.0
HU,5.0,6.0,2.0,5.0,5.0,6.0,6.0,5.0,5.0,4.0,5.0,6.0,10.0,9.0
HU,2.0,5.0,1.0,5.0,2.0,6.0,3.0,5.0,1.0,2.0,1.0,4.0,5.0,5.0
HU,5.0,5.0,2.0,8.0,7.0,8.0,7.0,7.0,6.0,6.0,0.0,8.0,7.0,8.0
HU,5.0,2.0,1.0,6.0,0.0,3.0,6.0,7.0,5.0,6.0,5.0,4.0,3.0,6.0
HU,6.0,2.0,1.0,7.0,6.0,6.0,6.0,4.0,4.0,7.0,5.0,6.0,3.0,7.0
HU,3.0,3.0,2.0,4.0,5.0,5.0,4.0,5.0,4.0,4.0,4.0,6.0,5.0,6.0
HU,6.0,3.0,1.0,8.0,7.0,4.0,7.0,5.0,6.0,6.0,6.0,4.0,9.0,5.0
HU,7.0,6.0,3.0,4.0,2.0,7.0,7.0,5.0,4.0,4.0,3.0,7.0,4.0,7.0
HU,0.0,1.0,1.0,8.0,2.0,6.0,5.0,5.0,3.0,6.0,2.0,8.0,2.0,2.0
HU,5.0,6.0,1.0,6.0,7.0,2.0,4.0,6.0,3.0,5.0,2.0,1.0,7.0,8.0
HU,5.0,2.0,2.0,7.0,0.0,4.0,10.0,10.0,3.0,5.0,2.0,5.0,9.0,6.0
HU,4.0,4.0,2.0,0.0,0.0,7.0,0.0,0.0,0.0,0.0,0.0,5.0,4.0,8.0
HU,6.0,7.0,2.0,3.0,7.0,5.0,1.0,8.0,3.0,3.0,3.0,6.0,8.0,7.0
HU,3.0,3.0,2.0,2.0,0.0,4.0,5.0,2.0,0.0,3.0,0.0,5.0,6.0,2.0
HU,8.0,7.0,2.0,9.0,8.0,8.0,8.0,8.0,10.0,10.0,7.0,10.0,5.0,10.0
HU,3.0,2.0,2.0,5.0,5.0,4.0,5.0,4.0,4.0,5.0,4.0,7.0,5.0,6.0
HU,4.0,4.0,1.0,5.0,5.0,8.0,5.0,5.0,2.0,5.0,2.0,6.0,8.0,10.0
HU,4.0,6.0,2.0,3.0,1.0,6.0,4.0,5.0,1.0,2.0,0.0,6.0,3.0,5.0
HU,5.0,4.0,1.0,2.0,7.0,9.0,8.0,8.0,7.0,7.0,0.0,9.0,8.0,5.0
HU,6.0,7.0,1.0,5.0,6.0,8.0,7.0,7.0,4.0,6.0,4.0,8.0,7.0,7.0
HU,4.0,5.0,1.0,5.0,1.0,4.0,6.0,5.0,0.0,2.0,0.0,5.0,5.0,8.0
HU,3.0,0.0,1.0,6.0,1.0,7.0,0.0,3.0,0.0,0.0,0.0,9.0,9.0,5.0
HU,7.0,5.0,1.0,9.0,6.0,6.0,7.0,6.0,4.0,5.0,4.0,7.0,7.0,6.0
HU,5.0,8.0,2.0,5.0,6.0,4.0,7.0,8.0,4.0,6.0,4.0,5.0,8.0,8.0
HU,8.0,1.0,1.0,5.0,3.0,5.0,3.0,10.0,3.0,3.0,0.0,5.0,7.0,10.0
HU,0.0,2.0,1.0,2.0,1.0,5.0,1.0,3.0,0.0,1.0,0.0,3.0,8.0,6.0
HU,3.0,5.0,1.0,10.0,9.0,3.0,8.0,9.0,5.0,8.0,9.0,2.0,5.0,7.0
HU,0.0,5.0,2.0,10.0,2.0,6.0,4.0,5.0,2.0,3.0,1.0,7.0,7.0,10.0
HU,9.0,7.0,2.0,7.0,0.0,5.0,7.0,8.0,5.0,4.0,5.0,5.0,10.0,9.0
HU,3.0,4.0,1.0,10.0,0.0,0.0,5.0,0.0,0.0,0.0,3.0,3.0,9.0,5.0
HU,0.0,0.0,1.0,0.0,0.0,5.0,4.0,5.0,3.0,5.0,3.0,8.0,8.0,6.0
HU,2.0,3.0,2.0,2.0,3.0,4.0,4.0,4.0,3.0,4.0,3.0,5.0,7.0,6.0
HU,4.0,2.0,2.0,6.0,5.0,6.0,5.0,6.0,6.0,4.0,5.0,7.0,7.0,8.0
HU,5.0,4.0,1.0,7.0,5.0,5.0,5.0,5.0,5.0,5.0,5.0,5.0,9.0,7.0
HU,3.0,5.0,1.0,4.0,0.0,5.0,0.0,2.0,0.0,0.0,2.0,5.0,3.0,8.0
HU,6.0,3.0,3.0,9.0,9.0,5.0,10.0,10.0,7.0,10.0,7.0,7.0,6.0,9.0
HU,4.0,5.0,1.0,8.0,2.0,4.0,4.0,3.0,2.0,4.0,6.0,4.0,9.0,7.0
HU,9.0,6.0,3.0,5.0,3.0,6.0,7.0,8.0,3.0,4.0,2.0,9.0,3.0,7.0
HU,8.0,0.0,1.0,6.0,5.0,5.0,7.0,8.0,2.0,5.0,2.0,5.0,8.0,6.0
HU,5.0,1.0,1.0,5.0,2.0,3.0,4.0,2.0,0.0,2.0,0.0,10.0,6.0,10.0
HU,4.0,4.0,1.0,5.0,3.0,1.0,7.0,7.0,0.0,3.0,0.0,7.0,4.0,6.0
HU,4.0,3.0,1.0,5.0,3.0,3.0,6.0,6.0,3.0,6.0,3.0,5.0,7.0,8.0
HU,5.0,7.0,2.0,3.0,3.0,3.0,3.0,5.0,2.0,3.0,0.0,3.0,9.0,5.0
HU,2.0,2.0,1.0,10.0,8.0,2.0,8.0,8.0,5.0,8.0,5.0,4.0,8.0,8.0
HU,6.0,8.0,2.0,9.0,4.0,7.0,4.0,6.0,3.0,3.0,3.0,6.0,3.0,8.0
HU,4.0,8.0,1.0,2.0,2.0,7.0,5.0,7.0,3.0,5.0,3.0,8.0,6.0,6.0
HU,7.0,8.0,1.0,7.0,0.0,4.0,3.0,7.0,0.0,2.0,0.0,0.0,7.0,3.0
HU,6.0,7.0,1.0,5.0,6.0,3.0,6.0,6.0,7.0,7.0,7.0,3.0,7.0,7.0
HU,7.0,5.0,1.0,7.0,1.0,2.0,1.0,2.0,2.0,2.0,2.0,2.0,2.0,5.0
HU,6.0,7.0,1.0,2.0,3.0,3.0,3.0,4.0,1.0,3.0,1.0,3.0,7.0,4.0
HU,5.0,6.0,1.0,0.0,1.0,8.0,7.0,8.0,0.0,0.0,0.0,9.0,9.0,7.0
HU,7.0,3.0,1.0,7.0,2.0,3.0,2.0,2.0,0.0,0.0,0.0,3.0,7.0,7.0
HU,8.0,0.0,3.0,4.0,2.0,4.0,2.0,2.0,3.0,2.0,2.0,2.0,8.0,6.0
HU,4.0,5.0,1.0,5.0,1.0,7.0,6.0,6.0,2.0,2.0,2.0,9.0,8.0,4.0
HU,6.0,5.0,2.0,6.0,6.0,4.0,2.0,2.0,3.0,1.0,3.0,2.0,8.0,2.0
HU,5.0,4.0,1.0,3.0,3.0,6.0,3.0,4.0,2.0,3.0,3.0,6.0,6.0,7.0
HU,2.0,7.0,1.0,2.0,8.0,6.0,4.0,4.0,2.0,3.0,3.0,7.0,4.0,7.0
HU,3.0,5.0,1.0,5.0,0.0,5.0,4.0,4.0,2.0,5.0,2.0,2.0,8.0,4.0
HU,5.0,4.0,1.0,4.0,2.0,10.0,5.0,8.0,2.0,3.0,5.0,10.0,7.0,10.0
HU,2.0,2.0,2.0,2.0,0.0,5.0,0.0,5.0,2.0,0.0,2.0,5.0,9.0,5.0
HU,6.0,7.0,3.0,6.0,4.0,6.0,5.0,4.0,4.0,5.0,0.0,5.0,5.0,10.0
HU,3.0,5.0,2.0,2.0,1.0,5.0,0.0,3.0,2.0,3.0,1.0,4.0,5.0,6.0
HU,7.0,4.0,2.0,1.0,3.0,7.0,7.0,7.0,7.0,7.0,7.0,7.0,9.0,4.0
HU,5.0,6.0,3.0,8.0,6.0,6.0,6.0,7.0,5.0,6.0,5.0,7.0,8.0,10.0
HU,5.0,6.0,2.0,5.0,6.0,3.0,1.0,1.0,2.0,2.0,2.0,4.0,8.0,5.0
HU,2.0,4.0,2.0,6.0,5.0,6.0,6.0,5.0,4.0,4.0,6.0,7.0,5.0,7.0
HU,3.0,0.0,1.0,5.0,5.0,3.0,7.0,8.0,4.0,4.0,0.0,5.0,7.0,8.0
HU,7.0,7.0,1.0,5.0,0.0,2.0,8.0,5.0,0.0,5.0,0.0,5.0,6.0,5.0
HU,7.0,7.0,1.0,8.0,9.0,7.0,10.0,10.0,7.0,7.0,7.0,7.0,2.0,3.0
HU,6.0,7.0,3.0,10.0,8.0,3.0,5.0,8.0,5.0,7.0,2.0,7.0,0.0,7.0
HU,5.0,7.0,1.0,5.0,6.0,3.0,3.0,6.0,1.0,6.0,1.0,3.0,10.0,6.0
HU,7.0,6.0,2.0,8.0,4.0,7.0,6.0,3.0,3.0,5.0,0.0,7.0,4.0,5.0
HU,0.0,0.0,1.0,0.0,0.0,0.0,0.0,0.0,0.0,5.0,0.0,8.0,7.0,5.0
HU,5.0,4.0,1.0,5.0,2.0,3.0,5.0,7.0,2.0,2.0,2.0,4.0,10.0,6.0
HU,5.0,6.0,2.0,5.0,1.0,9.0,9.0,10.0,5.0,6.0,6.0,9.0,8.0,5.0
HU,6.0,5.0,1.0,7.0,7.0,7.0,6.0,8.0,5.0,6.0,5.0,7.0,7.0,6.0
HU,5.0,6.0,1.0,0.0,0.0,6.0,8.0,10.0,5.0,7.0,5.0,8.0,9.0,7.0
HU,6.0,6.0,2.0,4.0,1.0,7.0,5.0,7.0,3.0,3.0,3.0,5.0,8.0,8.0
HU,6.0,2.0,1.0,5.0,3.0,7.0,7.0,7.0,3.0,4.0,3.0,7.0,7.0,8.0
HU,2.0,2.0,2.0,9.0,1.0,6.0,5.0,9.0,0.0,0.0,0.0,6.0,6.0,8.0
HU,5.0,6.0,1.0,5.0,2.0,4.0,4.0,7.0,1.0,2.0,1.0,7.0,3.0,5.0
HU,3.0,2.0,2.0,5.0,0.0,3.0,3.0,3.0,0.0,1.0,0.0,3.0,5.0,5.0
HU,5.0,4.0,3.0,6.0,5.0,7.0,6.0,7.0,4.0,5.0,3.0,8.0,8.0,5.0
HU,6.0,6.0,1.0,3.0,4.0,3.0,6.0,5.0,6.0,7.0,5.0,3.0,8.0,6.0
HU,2.0,5.0,1.0,5.0,3.0,0.0,4.0,7.0,0.0,0.0,0.0,0.0,2.0,5.0
HU,7.0,5.0,1.0,6.0,5.0,6.0,5.0,7.0,5.0,5.0,7.0,6.0,8.0,2.0
HU,7.0,6.0,2.0,10.0,2.0,7.0,2.0,1.0,4.0,0.0,0.0,7.0,6.0,8.0
HU,2.0,0.0,1.0,5.0,2.0,2.0,2.0,3.0,2.0,3.0,2.0,3.0,8.0,2.0
HU,3.0,2.0,2.0,9.0,8.0,3.0,9.0,8.0,7.0,7.0,6.0,3.0,7.0,8.0
HU,4.0,6.0,2.0,10.0,5.0,3.0,3.0,3.0,3.0,3.0,3.0,3.0,7.0,4.0
HU,3.0,2.0,1.0,8.0,4.0,3.0,3.0,3.0,3.0,0.0,3.0,2.0,2.0,3.0
HU,5.0,5.0,3.0,4.0,4.0,5.0,4.0,6.0,2.0,2.0,2.0,6.0,6.0,8.0
HU,7.0,5.0,1.0,6.0,5.0,3.0,6.0,5.0,4.0,3.0,2.0,5.0,6.0,5.0
HU,5.0,5.0,1.0,10.0,0.0,10.0,5.0,5.0,0.0,0.0,0.0,10.0,10.0,5.0
HU,9.0,8.0,1.0,10.0,10.0,8.0,10.0,10.0,7.0,8.0,7.0,7.0,10.0,9.0
HU,5.0,4.0,1.0,3.0,4.0,5.0,3.0,7.0,2.0,3.0,4.0,5.0,6.0,8.0
HU,1.0,3.0,1.0,5.0,3.0,8.0,5.0,4.0,4.0,4.0,5.0,7.0,6.0,8.0
HU,5.0,3.0,2.0,5.0,4.0,5.0,4.0,7.0,2.0,5.0,2.0,5.0,8.0,9.0
HU,3.0,4.0,2.0,6.0,3.0,5.0,3.0,4.0,6.0,3.0,6.0,5.0,8.0,8.0
HU,5.0,1.0,1.0,5.0,0.0,0.0,0.0,4.0,0.0,0.0,0.0,0.0,7.0,6.0
HU,6.0,5.0,1.0,7.0,6.0,4.0,4.0,6.0,6.0,6.0,7.0,6.0,8.0,6.0
HU,7.0,9.0,1.0,10.0,1.0,1.0,3.0,2.0,3.0,1.0,2.0,2.0,3.0,9.0
HU,10.0,10.0,1.0,5.0,5.0,7.0,5.0,7.0,7.0,6.0,6.0,7.0,5.0,8.0
HU,2.0,0.0,2.0,3.0,1.0,5.0,4.0,4.0,1.0,1.0,1.0,5.0,10.0,2.0
HU,3.0,0.0,2.0,0.0,0.0,10.0,10.0,10.0,7.0,0.0,7.0,8.0,9.0,9.0
HU,5.0,5.0,1.0,5.0,7.0,2.0,4.0,5.0,3.0,5.0,2.0,2.0,8.0,10.0
HU,10.0,8.0,2.0,8.0,5.0,10.0,5.0,2.0,10.0,5.0,5.0,10.0,5.0,10.0
HU,5.0,2.0,1.0,6.0,0.0,6.0,3.0,7.0,3.0,1.0,2.0,6.0,7.0,6.0
HU,0.0,0.0,1.0,5.0,2.0,10.0,10.0,10.0,0.0,10.0,5.0,10.0,5.0,10.0
HU,5.0,5.0,2.0,5.0,6.0,5.0,5.0,4.0,4.0,6.0,0.0,5.0,6.0,10.0
HU,7.0,7.0,1.0,7.0,8.0,8.0,7.0,8.0,6.0,8.0,7.0,8.0,7.0,6.0
HU,5.0,4.0,1.0,5.0,2.0,6.0,4.0,4.0,2.0,3.0,2.0,6.0,9.0,8.0
HU,2.0,0.0,2.0,7.0,6.0,8.0,5.0,5.0,5.0,5.0,5.0,8.0,10.0,7.0
HU,5.0,7.0,1.0,3.0,3.0,5.0,6.0,5.0,3.0,3.0,3.0,5.0,5.0,9.0
HU,8.0,7.0,2.0,9.0,4.0,7.0,10.0,10.0,5.0,10.0,5.0,9.0,6.0,8.0
HU,5.0,5.0,2.0,1.0,1.0,10.0,1.0,2.0,5.0,1.0,5.0,10.0,5.0,5.0
HU,4.0,6.0,3.0,7.0,8.0,6.0,7.0,7.0,6.0,4.0,5.0,6.0,5.0,9.0
HU,5.0,4.0,1.0,5.0,5.0,4.0,3.0,7.0,5.0,2.0,5.0,4.0,6.0,8.0
HU,4.0,4.0,1.0,5.0,3.0,1.0,6.0,6.0,1.0,2.0,1.0,1.0,9.0,5.0
HU,3.0,3.0,2.0,5.0,3.0,6.0,10.0,9.0,2.0,2.0,2.0,8.0,5.0,10.0
HU,0.0,2.0,2.0,4.0,2.0,2.0,2.0,2.0,2.0,2.0,2.0,2.0,6.0,4.0
HU,3.0,0.0,2.0,5.0,0.0,0.0,3.0,0.0,0.0,0.0,0.0,0.0,3.0,10.0
HU,6.0,6.0,1.0,5.0,0.0,3.0,4.0,5.0,3.0,5.0,3.0,3.0,7.0,5.0
HU,4.0,4.0,1.0,6.0,6.0,6.0,8.0,8.0,5.0,6.0,5.0,7.0,7.0,5.0
HU,8.0,8.0,2.0,5.0,7.0,5.0,8.0,8.0,8.0,7.0,5.0,7.0,4.0,7.0
HU,6.0,6.0,1.0,8.0,5.0,7.0,6.0,7.0,6.0,6.0,6.0,6.0,6.0,7.0
HU,4.0,2.0,2.0,7.0,2.0,4.0,6.0,5.0,0.0,3.0,0.0,4.0,7.0,5.0
HU,5.0,5.0,2.0,4.0,0.0,7.0,5.0,7.0,0.0,5.0,0.0,5.0,10.0,6.0
HU,2.0,3.0,2.0,5.0,1.0,6.0,4.0,4.0,1.0,5.0,1.0,5.0,7.0,5.0
HU,4.0,1.0,3.0,5.0,4.0,6.0,5.0,5.0,5.0,4.0,4.0,7.0,6.0,6.0
HU,0.0,2.0,1.0,6.0,0.0,1.0,4.0,6.0,1.0,2.0,1.0,1.0,9.0,10.0
HU,1.0,1.0,1.0,1.0,2.0,7.0,0.0,5.0,0.0,0.0,0.0,8.0,8.0,5.0
HU,2.0,3.0,2.0,4.0,2.0,2.0,3.0,2.0,2.0,3.0,2.0,5.0,9.0,5.0
HU,1.0,4.0,1.0,5.0,4.0,7.0,7.0,7.0,0.0,2.0,0.0,7.0,4.0,7.0
HU,5.0,5.0,3.0,7.0,5.0,5.0,7.0,9.0,5.0,7.0,5.0,5.0,9.0,8.0
HU,3.0,4.0,3.0,5.0,3.0,2.0,3.0,7.0,3.0,7.0,3.0,2.0,5.0,8.0
HU,7.0,7.0,2.0,5.0,4.0,5.0,4.0,5.0,4.0,4.0,4.0,6.0,7.0,8.0
HU,3.0,3.0,1.0,6.0,5.0,6.0,6.0,7.0,5.0,6.0,5.0,5.0,9.0,6.0
HU,4.0,4.0,2.0,3.0,2.0,1.0,3.0,3.0,2.0,3.0,2.0,5.0,9.0,5.0
HU,8.0,10.0,1.0,7.0,8.0,5.0,8.0,7.0,8.0,8.0,8.0,5.0,8.0,9.0
HU,0.0,5.0,1.0,5.0,0.0,5.0,0.0,5.0,1.0,2.0,2.0,5.0,10.0,2.0
HU,4.0,5.0,1.0,4.0,6.0,7.0,6.0,8.0,7.0,4.0,6.0,7.0,7.0,7.0
HU,6.0,8.0,1.0,3.0,3.0,5.0,6.0,7.0,2.0,4.0,2.0,5.0,5.0,10.0
HU,6.0,6.0,2.0,4.0,5.0,5.0,6.0,6.0,5.0,6.0,6.0,6.0,5.0,5.0
HU,5.0,6.0,2.0,10.0,10.0,2.0,9.0,9.0,10.0,10.0,10.0,6.0,9.0,9.0
HU,6.0,6.0,1.0,2.0,2.0,1.0,2.0,3.0,2.0,2.0,1.0,1.0,9.0,5.0
HU,2.0,5.0,1.0,5.0,4.0,8.0,5.0,8.0,3.0,4.0,5.0,9.0,6.0,7.0
HU,0.0,1.0,2.0,0.0,0.0,9.0,7.0,7.0,1.0,5.0,2.0,9.0,10.0,7.0
HU,5.0,1.0,1.0,5.0,1.0,7.0,8.0,4.0,1.0,3.0,0.0,7.0,6.0,6.0
HU,0.0,0.0,1.0,3.0,2.0,8.0,3.0,6.0,2.0,0.0,2.0,9.0,8.0,2.0
HU,7.0,10.0,1.0,9.0,0.0,8.0,2.0,0.0,4.0,7.0,6.0,8.0,3.0,8.0
HU,3.0,0.0,1.0,0.0,2.0,1.0,1.0,2.0,2.0,2.0,2.0,2.0,4.0,8.0
HU,7.0,7.0,1.0,8.0,8.0,7.0,3.0,8.0,7.0,3.0,6.0,8.0,5.0,8.0
HU,3.0,2.0,2.0,5.0,6.0,8.0,4.0,7.0,7.0,8.0,8.0,6.0,8.0,8.0
HU,3.0,3.0,2.0,7.0,2.0,7.0,3.0,3.0,0.0,1.0,0.0,7.0,10.0,5.0
HU,2.0,1.0,3.0,5.0,5.0,2.0,3.0,9.0,2.0,2.0,1.0,3.0,2.0,8.0
HU,6.0,3.0,2.0,5.0,5.0,6.0,6.0,5.0,6.0,6.0,5.0,5.0,5.0,6.0
HU,4.0,6.0,2.0,8.0,6.0,8.0,8.0,8.0,7.0,7.0,7.0,8.0,7.0,7.0
HU,6.0,4.0,1.0,4.0,5.0,4.0,8.0,8.0,5.0,6.0,4.0,3.0,8.0,8.0
HU,3.0,4.0,2.0,5.0,5.0,3.0,3.0,3.0,4.0,4.0,4.0,4.0,10.0,4.0
HU,5.0,9.0,1.0,8.0,8.0,8.0,5.0,7.0,5.0,8.0,10.0,6.0,5.0,8.0
HU,4.0,0.0,1.0,9.0,1.0,5.0,3.0,6.0,1.0,0.0,4.0,5.0,8.0,7.0
HU,7.0,4.0,2.0,1.0,2.0,8.0,6.0,6.0,4.0,6.0,4.0,8.0,9.0,5.0
HU,4.0,6.0,1.0,6.0,6.0,2.0,6.0,4.0,4.0,4.0,3.0,7.0,7.0,7.0
HU,2.0,2.0,1.0,5.0,0.0,0.0,5.0,1.0,1.0,0.0,1.0,5.0,5.0,1.0
HU,2.0,0.0,1.0,8.0,0.0,3.0,3.0,3.0,0.0,0.0,0.0,3.0,10.0,9.0
HU,2.0,8.0,1.0,6.0,5.0,8.0,7.0,10.0,6.0,7.0,6.0,8.0,7.0,7.0
HU,5.0,0.0,1.0,2.0,3.0,2.0,2.0,6.0,1.0,2.0,0.0,2.0,6.0,10.0
HU,4.0,6.0,3.0,6.0,7.0,5.0,6.0,7.0,6.0,6.0,7.0,6.0,7.0,7.0
HU,1.0,5.0,1.0,6.0,7.0,8.0,6.0,8.0,1.0,1.0,2.0,7.0,5.0,8.0
HU,2.0,2.0,1.0,5.0,0.0,0.0,0.0,2.0,0.0,3.0,0.0,2.0,9.0,9.0
HU,5.0,4.0,1.0,0.0,9.0,9.0,7.0,10.0,3.0,5.0,3.0,9.0,10.0,8.0
HU,5.0,7.0,3.0,5.0,3.0,6.0,5.0,5.0,1.0,4.0,0.0,6.0,6.0,7.0
HU,0.0,0.0,4.0,5.0,4.0,0.0,1.0,0.0,0.0,0.0,0.0,0.0,5.0,5.0
HU,7.0,7.0,2.0,8.0,7.0,8.0,5.0,8.0,7.0,5.0,4.0,3.0,5.0,8.0
HU,5.0,7.0,3.0,0.0,2.0,5.0,7.0,7.0,2.0,6.0,3.0,6.0,8.0,8.0
HU,5.0,3.0,3.0,3.0,2.0,5.0,3.0,5.0,2.0,3.0,2.0,6.0,7.0,8.0
HU,7.0,7.0,1.0,6.0,7.0,5.0,6.0,7.0,5.0,6.0,7.0,7.0,1.0,7.0
HU,5.0,5.0,2.0,10.0,8.0,5.0,7.0,7.0,5.0,7.0,5.0,5.0,3.0,8.0
HU,8.0,6.0,1.0,4.0,1.0,2.0,2.0,3.0,2.0,2.0,2.0,2.0,8.0,3.0
HU,6.0,5.0,1.0,3.0,7.0,5.0,9.0,7.0,3.0,5.0,0.0,7.0,2.0,9.0
HU,2.0,1.0,1.0,8.0,0.0,5.0,0.0,3.0,0.0,0.0,0.0,5.0,4.0,5.0
HU,5.0,5.0,1.0,8.0,6.0,3.0,5.0,9.0,2.0,2.0,2.0,5.0,8.0,7.0
HU,8.0,5.0,2.0,3.0,5.0,5.0,6.0,8.0,5.0,5.0,5.0,5.0,7.0,7.0
HU,6.0,2.0,1.0,5.0,2.0,0.0,2.0,2.0,0.0,0.0,0.0,0.0,10.0,5.0
HU,5.0,3.0,1.0,4.0,2.0,5.0,4.0,3.0,4.0,2.0,3.0,4.0,3.0,8.0
HU,4.0,4.0,1.0,7.0,7.0,0.0,5.0,5.0,5.0,5.0,5.0,5.0,4.0,5.0
HU,0.0,0.0,1.0,3.0,3.0,0.0,3.0,5.0,3.0,0.0,0.0,6.0,7.0,4.0
HU,2.0,3.0,1.0,7.0,5.0,4.0,5.0,7.0,4.0,4.0,4.0,7.0,6.0,6.0
HU,2.0,5.0,1.0,3.0,5.0,5.0,4.0,2.0,2.0,4.0,0.0,5.0,4.0,2.0
HU,5.0,5.0,1.0,7.0,7.0,2.0,5.0,6.0,7.0,5.0,7.0,5.0,7.0,8.0
HU,5.0,5.0,2.0,5.0,4.0,6.0,4.0,8.0,3.0,6.0,4.0,9.0,8.0,10.0
HU,3.0,5.0,1.0,2.0,3.0,5.0,3.0,4.0,1.0,2.0,1.0,8.0,5.0,9.0
HU,8.0,7.0,1.0,5.0,3.0,7.0,7.0,8.0,7.0,6.0,6.0,8.0,7.0,7.0
HU,2.0,4.0,2.0,9.0,5.0,4.0,9.0,8.0,3.0,4.0,3.0,5.0,5.0,6.0
HU,5.0,3.0,2.0,8.0,2.0,4.0,5.0,6.0,6.0,4.0,5.0,3.0,7.0,7.0
HU,6.0,4.0,1.0,1.0,5.0,7.0,5.0,6.0,6.0,3.0,6.0,9.0,5.0,7.0
HU,5.0,2.0,1.0,6.0,2.0,6.0,6.0,5.0,5.0,2.0,3.0,3.0,6.0,3.0
HU,4.0,3.0,2.0,3.0,1.0,6.0,2.0,6.0,2.0,1.0,2.0,6.0,8.0,6.0
HU,7.0,7.0,1.0,10.0,2.0,10.0,4.0,8.0,2.0,3.0,1.0,10.0,5.0,9.0
HU,8.0,0.0,2.0,7.0,6.0,0.0,5.0,8.0,4.0,5.0,4.0,3.0,10.0,5.0
HU,4.0,3.0,2.0,10.0,2.0,5.0,5.0,5.0,5.0,5.0,7.0,6.0,9.0,5.0
HU,5.0,5.0,1.0,2.0,0.0,10.0,2.0,4.0,0.0,2.0,2.0,10.0,2.0,9.0
HU,5.0,5.0,3.0,4.0,4.0,9.0,8.0,9.0,2.0,7.0,1.0,6.0,8.0,9.0
HU,5.0,5.0,1.0,5.0,1.0,2.0,4.0,4.0,1.0,3.0,1.0,5.0,7.0,3.0
HU,2.0,6.0,1.0,4.0,5.0,3.0,6.0,5.0,6.0,4.0,4.0,4.0,8.0,3.0
HU,2.0,2.0,2.0,4.0,0.0,10.0,7.0,4.0,0.0,3.0,1.0,8.0,3.0,3.0
HU,6.0,5.0,1.0,10.0,2.0,5.0,6.0,2.0,4.0,3.0,4.0,4.0,7.0,5.0
HU,5.0,5.0,1.0,0.0,2.0,6.0,6.0,6.0,6.0,6.0,6.0,6.0,6.0,7.0
HU,5.0,6.0,1.0,5.0,8.0,5.0,8.0,6.0,3.0,8.0,2.0,6.0,6.0,10.0
HU,6.0,5.0,1.0,4.0,3.0,3.0,7.0,8.0,1.0,2.0,1.0,3.0,2.0,7.0
HU,0.0,0.0,4.0,5.0,0.0,0.0,3.0,5.0,0.0,0.0,0.0,0.0,7.0,5.0
HU,7.0,7.0,1.0,7.0,7.0,2.0,7.0,7.0,3.0,5.0,3.0,3.0,9.0,6.0
HU,5.0,7.0,2.0,2.0,4.0,3.0,4.0,8.0,5.0,3.0,5.0,1.0,6.0,6.0
HU,3.0,7.0,1.0,5.0,2.0,3.0,3.0,5.0,2.0,2.0,2.0,4.0,9.0,7.0
HU,2.0,5.0,2.0,10.0,3.0,0.0,0.0,4.0,0.0,0.0,0.0,5.0,7.0,6.0
