{
    "upper_limit": 51.52000000000001,
    "lower_limit": 9.469999999999992
}