,Unnamed: 0,cntry,pplfair,pplhlp,ppltrst,lrscale,polintr,stfdem,stfeco,stfgov,trstep,trstlgl,trstplc,trstplt,trstprl,trstprt,trtsci_pnd,imbgeco,imwbcnt,happy,rlgdgr,cntgrp_fc,lw_pnd,cnt_fc,rel3fc,happyfc,confianza_promedio,confianza_promedio_factorizada,satisf_media,satisf_media_factorizada,pintfc,ppl,ppl_fc,lrfc3d,relbin,sm3d,sm4d,lr4d,confM4d,pplfair3d,pplhlp3d,ppltrst3d,stfdem3d,stfeco3d,stfgov3d,trstep3d,trstlgl3d,trstplc2fc,trstplt2fc,trstprl3d
590,590,Bélgica,8.0,5.0,10.0,6.0,3.0,8.0,8.0,9.0,7.0,8.0,10.0,7.0,8.0,8.0,8.0,5.0,6.0,9.0,10.0,0,2.0,0,2,2,8.0,4,8.333333333333334,4,1,7.666666666666667,3,0,0,2,3,2,3,2,1,2,2,2,2,2,2,0,0,2
23367,23367,España,6.0,4.0,6.0,3.0,3.0,3.0,4.0,3.0,5.0,5.0,6.0,4.0,4.0,4.0,9.0,6.0,7.0,7.0,3.0,1,2.0,3,0,1,5.285714285714286,2,3.333333333333333,1,1,5.333333333333333,2,0,1,0,0,0,2,0,2,2,2,1,0,2,1,1,1,0
129,129,Bélgica,3.0,3.0,2.0,5.0,2.0,4.0,4.0,4.0,1.0,0.0,2.0,1.0,1.0,1.0,5.0,2.0,4.0,10.0,10.0,0,1.0,0,2,2,1.5714285714285714,0,4.0,2,1,2.6666666666666665,1,0,0,2,1,2,0,0,1,0,2,1,0,0,0,0,1,0
32463,32463,Italia,9.0,3.0,6.0,8.0,3.0,8.0,3.0,7.0,2.0,4.0,7.0,1.0,2.0,1.0,8.0,5.0,1.0,8.0,3.0,1,2.0,4,0,1,3.571428571428572,1,6.0,3,1,6.0,2,2,1,1,3,3,0,2,0,0,2,0,2,0,0,1,1,0
16628,16628,Países Bajos,6.0,4.0,7.0,8.0,2.0,4.0,3.0,3.0,1.0,6.0,4.0,3.0,4.0,3.0,10.0,2.0,2.0,6.0,2.0,0,1.0,2,0,1,4.428571428571429,2,3.333333333333333,1,1,5.666666666666667,2,2,1,0,0,3,2,0,1,0,2,0,0,0,1,0,1,0
12407,12407,Alemania,7.0,5.0,3.0,5.0,3.0,3.0,2.0,3.0,1.0,6.0,6.0,1.0,1.0,1.0,7.0,5.0,5.0,6.0,1.0,0,4.0,1,0,1,3.2857142857142856,1,2.6666666666666665,1,1,5.0,2,2,1,0,0,1,0,2,0,0,0,0,0,0,1,1,0,0
3076,3076,Bélgica,5.0,3.0,5.0,5.0,4.0,4.0,4.0,5.0,4.0,5.0,6.0,3.0,5.0,2.0,1.0,6.0,4.0,5.0,5.0,0,3.0,0,1,0,3.7142857142857135,1,4.333333333333333,2,2,4.333333333333333,1,0,1,2,1,2,0,2,2,1,2,1,2,0,1,1,1,2
21881,21881,España,5.0,3.0,5.0,5.0,4.0,5.0,5.0,5.0,5.0,5.0,7.0,5.0,5.0,5.0,8.0,6.0,4.0,6.0,7.0,1,2.0,3,2,1,5.714285714285714,2,5.0,2,2,4.333333333333333,1,2,1,0,2,2,1,2,0,0,1,1,2,0,1,1,1,2
2401,2401,Bélgica,3.0,5.0,7.0,2.0,1.0,6.0,3.0,4.0,6.0,6.0,6.0,7.0,7.0,7.0,6.0,5.0,6.0,6.0,8.0,0,3.0,0,2,1,6.428571428571429,3,4.333333333333333,2,0,5.0,2,0,0,2,2,0,3,0,1,2,0,0,2,2,1,1,0,2
8600,8600,Alemania,5.0,4.0,5.0,4.0,3.0,7.0,4.0,3.0,3.0,8.0,8.0,3.0,4.0,3.0,7.0,7.0,6.0,7.0,2.0,0,2.0,1,0,1,5.142857142857143,2,4.666666666666667,2,1,4.666666666666667,1,0,1,1,2,2,2,2,2,0,2,1,0,2,2,1,1,2
58702,58702,Eslovaquia,8.0,7.0,8.0,8.0,3.0,4.0,3.0,7.0,2.0,3.0,6.0,3.0,3.0,2.0,8.0,5.0,5.0,8.0,7.0,2,2.0,8,2,1,3.857142857142857,1,4.666666666666667,2,1,7.666666666666667,3,2,1,0,2,3,0,2,2,2,0,0,2,0,0,1,1,0
12309,12309,Alemania,0.0,5.0,2.0,5.0,3.0,2.0,0.0,0.0,2.0,3.0,5.0,3.0,0.0,0.0,9.0,5.0,5.0,7.0,0.0,0,2.0,1,0,1,3.142857142857143,1,0.6666666666666666,0,1,2.333333333333333,0,1,1,0,0,1,0,0,1,0,0,0,0,0,0,1,1,0
28051,28051,Italia,3.0,3.0,1.0,5.0,4.0,4.0,4.0,3.0,6.0,5.0,6.0,3.0,3.0,3.0,8.0,2.0,0.0,6.0,6.0,1,1.0,4,1,1,4.857142857142857,2,3.6666666666666665,1,2,2.333333333333333,0,2,1,0,2,1,1,0,2,0,2,1,2,0,1,1,1,0
14165,14165,Países Bajos,7.0,1.0,5.0,7.0,3.0,7.0,2.0,4.0,1.0,6.0,6.0,3.0,4.0,3.0,7.0,6.0,7.0,9.0,0.0,0,1.0,2,0,2,4.285714285714286,2,4.333333333333333,2,1,4.333333333333333,1,2,1,2,2,3,2,2,0,2,2,0,0,0,1,1,1,1
9743,9743,Alemania,10.0,10.0,10.0,0.0,3.0,4.0,3.0,3.0,3.0,5.0,8.0,3.0,5.0,3.0,5.0,2.0,7.0,7.0,7.0,0,1.0,1,2,1,4.571428571428571,2,3.333333333333333,1,1,10.0,3,0,1,0,0,0,1,2,2,2,0,0,2,2,1,1,1,0
40894,40894,Croacia,3.0,1.0,5.0,5.0,3.0,3.0,3.0,3.0,6.0,3.0,4.0,2.0,4.0,3.0,7.0,5.0,5.0,7.0,7.0,1,1.0,6,2,1,4.142857142857143,2,3.0,1,1,3.0,1,0,1,2,0,2,1,0,0,2,2,0,2,2,0,1,1,2
26369,26369,España,6.0,5.0,5.0,5.0,4.0,7.0,7.0,5.0,5.0,7.0,7.0,5.0,5.0,6.0,8.0,7.0,7.0,7.0,5.0,1,3.0,3,1,1,6.142857142857143,3,6.333333333333333,3,2,5.333333333333333,2,1,1,2,3,1,3,0,0,1,2,2,0,1,2,1,1,2
61927,61927,Eslovaquia,5.0,4.0,5.0,4.0,2.0,6.0,4.0,7.0,7.0,6.0,7.0,5.0,6.0,6.0,5.0,6.0,4.0,8.0,6.0,2,1.0,8,1,1,6.0,3,5.666666666666667,2,1,4.666666666666667,1,1,1,0,1,2,3,0,0,1,2,1,2,2,1,1,1,2
14208,14208,Países Bajos,4.0,3.0,5.0,5.0,3.0,3.0,2.0,3.0,5.0,2.0,2.0,2.0,5.0,2.0,5.0,1.0,1.0,8.0,0.0,0,2.0,2,0,1,3.2857142857142856,1,2.6666666666666665,1,1,4.0,1,1,1,0,0,2,0,2,1,2,0,0,0,0,0,1,1,0
27923,27923,España,5.0,1.0,9.0,7.0,2.0,10.0,8.0,8.0,8.0,10.0,10.0,5.0,10.0,5.0,8.0,7.0,8.0,10.0,5.0,1,2.0,3,1,2,8.0,4,8.666666666666666,4,1,5.0,2,2,1,2,3,3,3,1,0,2,2,2,2,2,2,0,1,2
38235,38235,Portugal,4.0,2.0,3.0,2.0,4.0,4.0,3.0,4.0,5.0,4.0,5.0,3.0,2.0,2.0,9.0,6.0,1.0,6.0,8.0,1,1.0,5,2,1,4.285714285714286,2,3.6666666666666665,1,2,3.0,1,0,0,0,2,0,2,0,0,2,2,0,2,2,0,1,1,0
38442,38442,Portugal,5.0,1.0,2.0,5.0,4.0,3.0,2.0,2.0,0.0,2.0,6.0,0.0,0.0,0.0,5.0,5.0,0.0,7.0,2.0,1,3.0,5,0,1,1.8571428571428568,0,2.333333333333333,1,2,2.6666666666666665,1,0,1,0,0,1,0,2,0,0,1,0,0,0,0,1,0,0
21816,21816,España,5.0,7.0,8.0,4.0,2.0,4.0,1.0,0.0,5.0,6.0,9.0,1.0,4.0,1.0,4.0,8.0,4.0,8.0,2.0,1,3.0,3,0,1,4.285714285714286,2,1.6666666666666667,0,1,6.666666666666667,2,0,1,0,0,1,2,0,2,2,0,0,0,2,1,1,1,2
24621,24621,España,5.0,5.0,6.0,2.0,2.0,7.0,8.0,8.0,10.0,5.0,7.0,4.0,8.0,3.0,8.0,7.0,8.0,7.0,0.0,1,3.0,3,0,1,6.428571428571429,3,7.666666666666667,3,1,5.333333333333333,2,0,1,2,3,0,3,0,0,2,2,2,2,2,1,1,1,2
28770,28770,Italia,5.0,2.0,10.0,3.0,2.0,3.0,6.0,3.0,5.0,5.0,6.0,3.0,3.0,2.0,10.0,8.0,5.0,8.0,3.0,1,1.0,4,0,1,4.857142857142857,2,4.0,2,1,5.666666666666667,2,0,1,2,2,0,2,1,0,2,2,2,2,0,1,1,1,1
47875,47875,Hungría,5.0,2.0,4.0,6.0,3.0,8.0,5.0,8.0,0.0,8.0,5.0,2.0,8.0,2.0,9.0,4.0,3.0,8.0,10.0,2,2.0,7,2,1,4.857142857142857,2,7.0,3,1,3.6666666666666665,1,2,0,2,3,2,2,2,0,0,2,1,2,0,2,1,1,2
44835,44835,Hungría,3.0,2.0,1.0,7.0,3.0,9.0,7.0,7.0,4.0,4.0,4.0,1.0,2.0,1.0,8.0,2.0,4.0,6.0,5.0,2,1.0,7,1,1,3.4285714285714284,1,7.666666666666667,3,1,2.0,0,2,1,2,3,3,0,0,0,0,2,2,2,0,0,0,1,0
14987,14987,Países Bajos,7.0,3.0,8.0,3.0,2.0,7.0,3.0,4.0,5.0,6.0,7.0,6.0,5.0,6.0,7.0,5.0,5.0,9.0,8.0,0,1.0,2,2,2,6.0,3,4.666666666666667,2,1,6.0,2,0,0,2,1,0,3,0,2,2,2,0,2,2,1,1,0,2
48854,48854,Hungría,6.0,7.0,7.0,8.0,3.0,10.0,8.0,8.0,0.0,5.0,7.0,5.0,5.0,5.0,5.0,2.0,3.0,10.0,5.0,2,1.0,7,1,2,4.571428571428571,2,8.666666666666666,4,1,6.666666666666667,2,2,1,2,3,3,2,1,2,1,2,2,2,0,1,1,1,2
1379,1379,Bélgica,7.0,7.0,6.0,6.0,2.0,8.0,8.0,6.0,3.0,4.0,9.0,5.0,6.0,4.0,8.0,6.0,6.0,9.0,7.0,0,2.0,0,2,2,5.571428571428571,2,7.333333333333333,3,1,6.666666666666667,2,0,1,2,3,1,2,0,2,1,2,2,0,2,0,0,1,1
32939,32939,Italia,5.0,6.0,5.0,3.0,1.0,7.0,6.0,7.0,8.0,8.0,7.0,7.0,8.0,8.0,8.0,8.0,7.0,9.0,4.0,1,2.0,4,1,2,7.714285714285714,3,6.666666666666667,3,0,5.333333333333333,2,0,1,2,3,0,3,1,0,0,2,2,2,2,2,1,0,2
46337,46337,Hungría,4.0,9.0,2.0,10.0,4.0,4.0,0.0,0.0,2.0,2.0,3.0,0.0,0.0,0.0,8.0,0.0,0.0,7.0,2.0,2,5.0,7,0,1,2.142857142857143,1,1.3333333333333333,0,2,5.0,2,2,1,0,0,3,0,1,2,0,2,0,0,0,0,1,0,0
19378,19378,Países Bajos,4.0,5.0,7.0,2.0,2.0,8.0,8.0,7.0,5.0,8.0,7.0,7.0,7.0,6.0,9.0,5.0,7.0,7.0,6.0,0,2.0,2,1,1,7.0,3,7.666666666666667,3,1,5.333333333333333,2,0,1,2,3,0,3,0,0,2,2,2,2,0,2,1,0,2
30178,30178,Italia,4.0,5.0,6.0,2.0,4.0,5.0,6.0,5.0,8.0,7.0,7.0,7.0,8.0,0.0,10.0,3.0,3.0,5.0,2.0,1,1.0,4,0,0,6.714285714285714,3,5.333333333333333,2,2,5.0,2,0,1,1,2,0,3,2,0,0,1,2,2,2,2,1,0,2
58771,58771,Eslovaquia,4.0,5.0,4.0,8.0,2.0,5.0,7.0,3.0,3.0,1.0,2.0,2.0,2.0,2.0,8.0,5.0,5.0,8.0,7.0,2,2.0,8,2,1,2.857142857142857,1,5.0,2,1,4.333333333333333,1,2,1,2,2,3,0,2,0,1,2,2,2,2,0,0,1,0
35806,35806,Portugal,7.0,3.0,6.0,4.0,1.0,8.0,4.0,8.0,7.0,4.0,6.0,5.0,7.0,5.0,5.0,4.0,7.0,10.0,8.0,1,1.0,5,2,2,5.571428571428571,2,6.666666666666667,3,0,5.333333333333333,2,0,0,2,3,1,2,1,0,2,2,1,2,2,0,1,1,2
5318,5318,Bélgica,10.0,0.0,10.0,5.0,2.0,8.0,5.0,5.0,8.0,8.0,8.0,8.0,8.0,8.0,9.0,8.0,8.0,10.0,5.0,0,1.0,0,1,2,8.142857142857142,4,6.0,3,1,6.666666666666667,2,0,1,2,3,2,3,2,0,2,2,1,0,2,2,1,0,2
53516,53516,Eslovaquia,5.0,4.0,3.0,7.0,2.0,7.0,7.0,8.0,7.0,5.0,4.0,4.0,4.0,3.0,7.0,6.0,5.0,8.0,10.0,2,1.0,8,2,1,4.857142857142857,2,7.333333333333333,3,1,4.0,1,2,0,2,3,3,2,1,1,0,2,2,2,2,1,1,1,0
21755,21755,España,4.0,5.0,4.0,4.0,3.0,7.0,6.0,6.0,7.0,8.0,7.0,5.0,8.0,4.0,5.0,5.0,5.0,7.0,2.0,1,4.0,3,0,1,6.285714285714286,3,6.333333333333333,3,1,4.333333333333333,1,2,1,2,3,2,3,0,1,0,0,2,2,2,2,1,1,2
39447,39447,Portugal,3.0,3.0,3.0,5.0,3.0,5.0,3.0,3.0,6.0,6.0,6.0,3.0,4.0,3.0,6.0,3.0,3.0,9.0,3.0,1,2.0,5,0,2,4.857142857142857,2,3.6666666666666665,1,1,3.0,1,0,1,2,2,2,1,0,1,2,2,0,2,1,1,1,1,1
39614,39614,Portugal,5.0,1.0,5.0,3.0,4.0,6.0,2.0,1.0,1.0,4.0,8.0,1.0,2.0,1.0,9.0,7.0,1.0,10.0,9.0,1,2.0,5,2,2,3.7142857142857135,1,3.0,1,2,3.6666666666666665,1,0,0,1,0,0,0,0,0,2,2,0,0,0,0,1,0,0
34753,34753,Portugal,5.0,5.0,3.0,5.0,4.0,5.0,0.0,2.0,0.0,0.0,5.0,0.0,0.0,5.0,8.0,10.0,7.0,8.0,2.0,1,1.0,5,0,1,2.571428571428572,1,2.333333333333333,1,2,4.333333333333333,1,0,1,0,0,1,0,0,2,0,2,0,0,0,0,1,1,0
38175,38175,Portugal,4.0,5.0,5.0,5.0,2.0,1.0,1.0,1.0,5.0,3.0,3.0,1.0,3.0,1.0,8.0,5.0,5.0,7.0,5.0,1,2.0,5,1,1,3.4285714285714284,1,1.0,0,1,4.666666666666667,1,2,1,0,0,1,0,1,2,0,0,0,0,2,0,1,0,0
30223,30223,Italia,7.0,5.0,6.0,6.0,2.0,0.0,4.0,2.0,5.0,0.0,6.0,0.0,2.0,0.0,10.0,2.0,5.0,4.0,5.0,1,2.0,4,1,0,3.2857142857142856,1,2.0,1,1,6.0,2,1,1,0,0,2,0,0,1,2,0,1,2,0,0,1,1,0
26967,26967,España,5.0,5.0,5.0,5.0,3.0,4.0,1.0,1.0,7.0,7.0,8.0,2.0,0.0,2.0,7.0,6.0,6.0,6.0,7.0,1,3.0,3,2,1,4.714285714285714,2,2.0,1,1,5.0,2,1,1,0,0,2,1,2,0,2,2,0,0,2,2,1,1,0
18749,18749,Países Bajos,2.0,5.0,5.0,7.0,2.0,5.0,4.0,5.0,1.0,3.0,3.0,3.0,5.0,6.0,9.0,5.0,5.0,8.0,0.0,0,2.0,2,0,1,4.285714285714286,2,4.666666666666667,2,1,4.0,1,2,1,0,2,3,2,0,2,2,0,1,1,0,0,1,1,0
37551,37551,Portugal,10.0,0.0,0.0,0.0,1.0,6.0,3.0,7.0,9.0,8.0,9.0,6.0,7.0,6.0,10.0,10.0,9.0,7.0,5.0,1,1.0,5,1,1,7.857142857142857,3,5.333333333333333,2,0,3.333333333333333,1,0,1,0,2,0,3,2,0,0,1,0,2,2,2,1,0,2
59963,59963,Eslovaquia,1.0,5.0,1.0,5.0,1.0,0.0,1.0,0.0,8.0,3.0,4.0,0.0,0.0,0.0,4.0,10.0,5.0,8.0,0.0,2,2.0,8,0,1,2.7142857142857144,1,0.3333333333333333,0,0,2.333333333333333,0,1,1,0,0,1,0,0,2,0,0,0,0,2,0,1,0,0
34809,34809,Portugal,3.0,2.0,1.0,10.0,3.0,3.0,2.0,5.0,9.0,8.0,4.0,2.0,8.0,0.0,7.0,3.0,2.0,9.0,7.0,1,1.0,5,2,2,5.428571428571429,2,3.333333333333333,1,1,2.0,0,2,1,0,0,3,2,0,0,0,1,0,2,2,2,1,1,2
32343,32343,Italia,8.0,5.0,6.0,7.0,4.0,7.0,5.0,6.0,2.0,7.0,8.0,3.0,5.0,2.0,6.0,7.0,5.0,7.0,3.0,1,1.0,4,0,1,4.714285714285714,2,6.0,3,2,6.333333333333333,2,2,1,0,3,3,2,2,2,2,2,1,0,0,2,1,1,0
3150,3150,Bélgica,6.0,5.0,7.0,5.0,4.0,6.0,5.0,2.0,8.0,9.0,9.0,8.0,8.0,5.0,9.0,5.0,5.0,9.0,9.0,0,1.0,0,2,2,8.0,4,4.333333333333333,2,2,6.0,2,2,0,2,2,1,3,1,0,0,2,1,2,2,2,0,1,2
18788,18788,Países Bajos,8.0,5.0,8.0,5.0,2.0,9.0,7.0,7.0,6.0,9.0,8.0,6.0,7.0,7.0,9.0,7.0,6.0,8.0,3.0,0,2.0,2,0,1,7.428571428571429,3,7.666666666666667,3,1,7.0,2,0,1,2,3,2,3,2,2,2,2,2,2,2,2,1,0,2
59086,59086,Eslovaquia,5.0,8.0,5.0,5.0,4.0,5.0,2.0,1.0,2.0,5.0,5.0,1.0,1.0,1.0,9.0,4.0,5.0,5.0,10.0,2,1.0,8,2,0,3.4285714285714284,1,2.6666666666666665,1,2,6.0,2,0,0,0,0,2,0,2,2,0,2,0,0,0,1,1,1,0
55279,55279,Eslovaquia,5.0,4.0,5.0,0.0,2.0,5.0,4.0,8.0,8.0,4.0,4.0,7.0,5.0,7.0,5.0,10.0,3.0,8.0,8.0,2,1.0,8,2,1,5.714285714285714,2,5.666666666666667,2,1,4.666666666666667,1,0,0,2,1,0,1,2,2,0,0,1,2,2,0,0,0,0
44562,44562,Hungría,3.0,1.0,4.0,8.0,3.0,4.0,5.0,6.0,4.0,3.0,3.0,3.0,0.0,0.0,8.0,4.0,2.0,3.0,3.0,2,3.0,7,0,0,3.0,1,5.0,2,1,2.6666666666666665,1,2,1,2,1,3,0,0,0,2,1,1,1,2,0,1,1,0
7877,7877,Alemania,6.0,8.0,7.0,5.0,2.0,5.0,7.0,5.0,5.0,5.0,8.0,5.0,5.0,5.0,6.0,5.0,5.0,8.0,0.0,0,1.0,1,0,1,5.571428571428571,2,5.666666666666667,2,1,7.0,2,2,1,0,2,2,2,2,2,1,1,2,2,2,1,1,1,1
22285,22285,España,7.0,3.0,5.0,5.0,2.0,1.0,3.0,0.0,2.0,0.0,2.0,2.0,1.0,0.0,8.0,8.0,9.0,8.0,3.0,1,2.0,3,0,1,2.142857142857143,1,1.3333333333333333,0,1,5.0,2,2,1,0,0,2,0,2,0,0,0,0,0,0,0,0,1,0
34930,34930,Portugal,8.0,6.0,2.0,9.0,4.0,2.0,2.0,1.0,0.0,6.0,9.0,0.0,0.0,0.0,8.0,3.0,3.0,7.0,8.0,1,1.0,5,2,1,3.2857142857142856,1,1.6666666666666667,0,2,5.333333333333333,2,2,0,0,0,3,0,2,2,0,0,0,0,0,1,0,1,0
54367,54367,Eslovaquia,3.0,3.0,3.0,9.0,2.0,6.0,6.0,3.0,3.0,3.0,3.0,3.0,3.0,3.0,8.0,3.0,3.0,8.0,9.0,2,2.0,8,2,1,3.7142857142857135,1,5.0,2,1,3.0,1,2,0,2,2,3,0,0,0,1,2,2,2,2,0,0,1,1
47265,47265,Hungría,3.0,3.0,4.0,5.0,3.0,2.0,3.0,2.0,5.0,5.0,5.0,5.0,5.0,5.0,6.0,0.0,2.0,5.0,5.0,2,1.0,7,1,0,5.142857142857143,2,2.333333333333333,1,1,3.333333333333333,1,2,1,0,0,1,2,0,1,1,0,0,2,2,1,1,1,0
46630,46630,Hungría,5.0,5.0,5.0,4.0,2.0,4.0,4.0,3.0,5.0,3.0,5.0,3.0,3.0,3.0,5.0,4.0,4.0,5.0,1.0,2,2.0,7,0,0,3.857142857142857,1,3.6666666666666665,1,1,5.0,2,2,1,2,1,2,0,2,0,2,2,1,2,0,0,1,1,0
27552,27552,España,6.0,7.0,6.0,4.0,4.0,5.0,2.0,0.0,1.0,5.0,8.0,0.0,1.0,0.0,9.0,5.0,5.0,7.0,4.0,1,3.0,3,1,1,3.4285714285714284,1,2.333333333333333,1,2,6.333333333333333,2,1,1,0,0,1,0,1,2,1,2,0,0,0,1,1,0,0
30174,30174,Italia,6.0,8.0,7.0,6.0,3.0,6.0,5.0,6.0,6.0,7.0,7.0,4.0,6.0,4.0,7.0,5.0,5.0,7.0,7.0,1,3.0,4,2,1,5.857142857142857,2,5.666666666666667,2,1,7.0,2,0,1,1,2,1,3,2,2,2,0,1,0,0,2,1,1,1
26223,26223,España,5.0,5.0,7.0,8.0,2.0,5.0,7.0,5.0,5.0,8.0,5.0,5.0,5.0,6.0,8.0,5.0,6.0,8.0,6.0,1,2.0,3,1,1,6.0,3,5.666666666666667,2,1,5.666666666666667,2,2,1,0,2,3,3,0,2,2,2,2,2,2,2,1,1,1
39504,39504,Portugal,7.0,3.0,5.0,3.0,3.0,6.0,5.0,5.0,3.0,5.0,5.0,3.0,3.0,3.0,4.0,3.0,4.0,1.0,3.0,1,1.0,5,0,0,3.7142857142857135,1,5.333333333333333,2,1,5.0,2,0,1,1,2,0,0,0,2,0,1,1,1,2,1,1,1,1
61639,61639,Eslovaquia,6.0,7.0,0.0,10.0,2.0,4.0,3.0,2.0,0.0,0.0,0.0,0.0,0.0,0.0,10.0,2.0,7.0,5.0,1.0,2,2.0,8,0,0,1.4285714285714286,0,3.0,1,1,4.333333333333333,1,2,0,0,0,3,0,0,2,0,1,0,2,0,0,1,0,0
9736,9736,Alemania,7.0,7.0,6.0,3.0,1.0,5.0,7.0,4.0,8.0,8.0,7.0,6.0,9.0,7.0,9.0,9.0,8.0,9.0,1.0,0,4.0,1,0,2,7.714285714285714,3,5.333333333333333,2,0,6.666666666666667,2,0,1,2,2,0,3,1,2,2,1,2,2,2,2,1,0,2
45527,45527,Hungría,6.0,7.0,5.0,10.0,3.0,7.0,8.0,7.0,5.0,7.0,7.0,5.0,6.0,6.0,7.0,5.0,6.0,8.0,6.0,2,2.0,7,1,1,6.142857142857143,3,7.333333333333333,3,1,6.0,2,2,1,2,3,3,3,0,2,0,0,2,2,1,2,1,1,0
48031,48031,Hungría,6.0,6.0,8.0,3.0,4.0,1.0,9.0,1.0,8.0,4.0,6.0,4.0,2.0,4.0,8.0,3.0,3.0,10.0,4.0,2,3.0,7,1,2,5.142857142857143,2,3.6666666666666665,1,2,6.666666666666667,2,0,1,2,2,0,2,0,0,2,0,2,0,2,0,1,1,0
43177,43177,Croacia,10.0,5.0,10.0,5.0,3.0,3.0,3.0,0.0,0.0,3.0,8.0,0.0,0.0,0.0,1.0,3.0,3.0,5.0,7.0,1,1.0,6,2,0,1.7142857142857142,0,2.0,1,1,8.333333333333334,3,0,1,0,0,1,0,2,0,2,1,0,0,0,0,1,1,0
22112,22112,España,2.0,3.0,5.0,5.0,3.0,2.0,1.0,1.0,3.0,2.0,8.0,1.0,1.0,1.0,9.0,5.0,3.0,10.0,9.0,1,2.0,3,2,2,3.571428571428572,1,1.3333333333333333,0,1,3.333333333333333,1,2,0,0,0,1,0,0,0,2,0,0,0,1,0,1,0,0
23271,23271,España,1.0,7.0,10.0,8.0,4.0,5.0,5.0,5.0,5.0,5.0,9.0,5.0,5.0,5.0,3.0,4.0,2.0,5.0,10.0,1,3.0,3,2,0,5.285714285714286,2,5.0,2,2,6.0,2,2,0,0,2,3,2,0,2,2,0,1,1,2,1,0,1,0
44506,44506,Hungría,10.0,4.0,4.0,5.0,3.0,7.0,5.0,6.0,7.0,5.0,4.0,2.0,6.0,3.0,8.0,0.0,2.0,4.0,0.0,2,1.0,7,0,0,5.0,2,6.0,3,1,6.0,2,1,1,0,3,2,2,2,0,0,0,1,2,2,1,1,1,1
27701,27701,España,3.0,4.0,3.0,10.0,4.0,3.0,1.0,0.0,1.0,1.0,1.0,1.0,1.0,1.0,8.0,10.0,7.0,10.0,6.0,1,4.0,3,1,2,2.0,1,1.3333333333333333,0,2,3.333333333333333,1,2,1,0,0,3,0,0,1,2,0,0,0,0,0,1,1,0
22367,22367,España,4.0,1.0,7.0,5.0,3.0,6.0,5.0,3.0,3.0,5.0,8.0,2.0,5.0,1.0,7.0,7.0,5.0,8.0,0.0,1,3.0,3,0,1,4.428571428571429,2,4.666666666666667,2,1,4.0,1,0,1,2,2,2,2,2,0,1,2,1,1,1,1,1,1,0
16757,16757,Países Bajos,8.0,8.0,6.0,4.0,2.0,5.0,5.0,1.0,2.0,7.0,4.0,2.0,5.0,6.0,7.0,8.0,6.0,9.0,2.0,0,3.0,2,0,2,4.714285714285714,2,3.6666666666666665,1,1,7.333333333333333,2,2,1,2,2,1,2,2,2,2,2,1,0,0,2,1,1,2
6291,6291,Bélgica,8.0,7.0,7.0,5.0,3.0,7.0,8.0,6.0,7.0,5.0,9.0,5.0,8.0,5.0,10.0,6.0,3.0,8.0,0.0,0,1.0,0,0,1,7.0,3,7.0,3,1,7.333333333333333,2,1,1,2,3,1,3,2,2,2,2,2,2,2,1,1,1,2
35400,35400,Portugal,7.0,2.0,4.0,4.0,1.0,2.0,2.0,2.0,7.0,6.0,8.0,4.0,7.0,2.0,9.0,7.0,6.0,3.0,0.0,1,1.0,5,0,0,6.142857142857143,3,2.0,1,0,4.333333333333333,1,1,1,0,0,1,3,2,0,1,0,0,2,2,1,1,1,2
14778,14778,Países Bajos,6.0,5.0,5.0,1.0,1.0,3.0,6.0,1.0,0.0,6.0,5.0,3.0,3.0,3.0,6.0,5.0,5.0,7.0,0.0,0,2.0,2,0,1,3.7142857142857135,1,3.333333333333333,1,0,5.333333333333333,2,0,1,2,0,0,0,1,0,0,0,2,0,0,1,1,1,2
41625,41625,Croacia,6.0,4.0,4.0,8.0,3.0,7.0,5.0,5.0,3.0,4.0,3.0,3.0,4.0,3.0,3.0,5.0,8.0,7.0,4.0,1,3.0,6,1,1,3.2857142857142856,1,5.666666666666667,2,1,4.666666666666667,1,2,1,2,2,3,0,1,2,2,1,1,2,1,0,1,1,1
43799,43799,Hungría,0.0,0.0,0.0,2.0,3.0,6.0,2.0,5.0,6.0,5.0,4.0,2.0,5.0,4.0,7.0,0.0,0.0,8.0,4.0,2,1.0,7,1,1,4.714285714285714,2,4.333333333333333,2,1,0.0,0,0,1,2,2,0,2,0,0,0,2,0,0,2,1,1,1,2
16515,16515,Países Bajos,7.0,7.0,7.0,3.0,1.0,5.0,7.0,3.0,7.0,7.0,7.0,5.0,7.0,5.0,7.0,8.0,7.0,7.0,5.0,0,3.0,2,1,1,6.428571428571429,3,5.0,2,0,7.0,2,0,1,2,1,0,3,0,2,0,1,2,2,2,2,1,1,2
29440,29440,Italia,1.0,2.0,1.0,5.0,3.0,0.0,0.0,0.0,0.0,3.0,3.0,0.0,0.0,0.0,8.0,1.0,0.0,9.0,3.0,1,3.0,4,0,2,2.0,1,0.0,0,1,1.3333333333333333,0,1,1,0,0,2,0,0,0,0,0,0,0,0,0,1,1,0
15171,15171,Países Bajos,8.0,7.0,6.0,8.0,3.0,5.0,7.0,5.0,8.0,1.0,8.0,7.0,5.0,8.0,7.0,4.0,5.0,10.0,10.0,0,3.0,2,2,2,6.285714285714286,3,5.666666666666667,2,1,7.0,2,2,0,2,2,3,3,2,2,2,2,2,0,2,0,1,0,2
32748,32748,Italia,0.0,1.0,6.0,10.0,3.0,7.0,1.0,8.0,1.0,0.0,6.0,0.0,1.0,0.0,10.0,0.0,1.0,9.0,5.0,1,2.0,4,1,2,2.571428571428572,1,5.333333333333333,2,1,2.333333333333333,0,2,1,2,1,3,0,0,0,1,2,0,2,0,0,1,1,0
44545,44545,Hungría,5.0,7.0,7.0,5.0,4.0,10.0,7.0,5.0,1.0,3.0,5.0,2.0,4.0,2.0,9.0,5.0,4.0,8.0,0.0,2,1.0,7,0,1,3.7142857142857135,1,7.333333333333333,3,2,6.333333333333333,2,2,0,2,3,1,0,2,2,0,2,2,0,0,0,1,1,1
49676,49676,Hungría,5.0,4.0,2.0,7.0,2.0,3.0,1.0,3.0,3.0,4.0,7.0,5.0,4.0,2.0,6.0,2.0,1.0,5.0,0.0,2,1.0,7,0,0,4.428571428571429,2,2.333333333333333,1,1,3.6666666666666665,1,2,1,0,0,3,2,0,1,0,0,0,0,1,0,1,1,1
34162,34162,Portugal,5.0,2.0,0.0,2.0,2.0,6.0,1.0,0.0,5.0,0.0,5.0,5.0,0.0,5.0,9.0,10.0,10.0,10.0,3.0,1,4.0,5,0,2,4.142857142857143,2,2.333333333333333,1,1,2.333333333333333,0,0,1,0,0,0,1,2,0,0,0,0,0,0,0,1,1,0
52761,52761,Hungría,4.0,6.0,5.0,10.0,3.0,5.0,3.0,4.0,6.0,6.0,6.0,5.0,4.0,6.0,8.0,0.0,0.0,9.0,1.0,2,1.0,7,0,2,5.857142857142857,2,4.0,2,1,5.0,2,2,1,2,2,3,3,2,0,2,2,0,2,1,1,1,1,0
56198,56198,Eslovaquia,7.0,5.0,6.0,5.0,3.0,5.0,8.0,5.0,5.0,4.0,4.0,2.0,2.0,2.0,3.0,6.0,6.0,8.0,8.0,2,2.0,8,2,1,3.142857142857143,1,6.0,3,1,6.0,2,2,1,0,3,2,0,0,0,0,2,2,2,0,0,1,1,0
32353,32353,Italia,2.0,2.0,3.0,0.0,2.0,0.0,2.0,0.0,6.0,8.0,2.0,0.0,0.0,0.0,10.0,10.0,3.0,3.0,0.0,1,1.0,4,0,0,3.7142857142857135,1,0.6666666666666666,0,1,2.333333333333333,0,0,1,0,0,0,0,0,0,2,0,0,0,2,2,1,1,0
27189,27189,España,5.0,5.0,5.0,5.0,3.0,5.0,5.0,5.0,3.0,5.0,5.0,3.0,5.0,3.0,7.0,5.0,5.0,7.0,5.0,1,4.0,3,1,1,4.428571428571429,2,5.0,2,1,5.0,2,2,1,2,2,2,2,2,0,2,2,1,2,0,1,1,1,1
21163,21163,España,5.0,6.0,4.0,5.0,2.0,6.0,4.0,3.0,4.0,4.0,7.0,2.0,3.0,0.0,7.0,8.0,10.0,8.0,2.0,1,3.0,3,0,1,3.857142857142857,1,4.333333333333333,2,1,5.0,2,0,1,0,1,1,0,2,0,1,1,1,0,2,0,1,1,0
36654,36654,Portugal,5.0,4.0,4.0,0.0,1.0,3.0,2.0,3.0,2.0,3.0,6.0,3.0,0.0,2.0,7.0,0.0,0.0,5.0,4.0,1,2.0,5,1,0,3.2857142857142856,1,2.6666666666666665,1,0,4.333333333333333,1,0,1,0,0,0,0,2,0,0,0,0,0,0,0,1,1,0
54885,54885,Eslovaquia,8.0,8.0,8.0,8.0,2.0,7.0,8.0,8.0,7.0,4.0,9.0,5.0,8.0,5.0,5.0,8.0,5.0,9.0,8.0,2,1.0,8,2,2,6.142857142857143,3,7.666666666666667,3,1,8.0,3,2,1,2,3,3,3,2,2,2,0,2,2,2,0,0,1,2
1886,1886,Bélgica,4.0,3.0,8.0,4.0,1.0,9.0,7.0,8.0,7.0,8.0,9.0,5.0,7.0,5.0,2.0,3.0,5.0,3.0,9.0,0,2.0,0,2,0,6.142857142857143,3,8.0,4,0,5.0,2,1,0,2,3,1,3,0,1,2,2,2,2,2,2,0,1,2
45008,45008,Hungría,7.0,6.0,2.0,3.0,2.0,3.0,2.0,2.0,4.0,3.0,4.0,5.0,3.0,3.0,5.0,7.0,3.0,5.0,7.0,2,2.0,7,2,0,3.857142857142857,1,2.333333333333333,1,1,5.0,2,0,1,0,0,0,0,2,2,0,0,0,1,1,0,0,1,1
61046,61046,Eslovaquia,4.0,3.0,4.0,0.0,2.0,0.0,4.0,3.0,1.0,1.0,1.0,0.0,3.0,0.0,5.0,0.0,0.0,6.0,10.0,2,1.0,8,2,1,1.5714285714285714,0,2.333333333333333,1,1,3.6666666666666665,1,0,0,0,0,0,0,2,2,0,0,1,0,0,0,1,1,2
6203,6203,Bélgica,5.0,4.0,4.0,1.0,4.0,3.0,4.0,4.0,4.0,3.0,3.0,3.0,5.0,3.0,7.0,5.0,5.0,8.0,5.0,0,1.0,0,1,1,4.0,2,3.6666666666666665,1,2,4.333333333333333,1,0,1,0,2,0,2,0,0,0,2,1,0,0,0,0,1,0
28321,28321,Italia,4.0,2.0,4.0,3.0,3.0,5.0,3.0,2.0,6.0,6.0,7.0,0.0,4.0,0.0,7.0,10.0,5.0,7.0,5.0,1,2.0,4,1,1,4.285714285714286,2,3.333333333333333,1,1,3.333333333333333,1,0,1,0,0,0,2,2,0,1,0,0,2,1,1,1,1,1
52295,52295,Hungría,3.0,5.0,0.0,9.0,3.0,5.0,10.0,10.0,8.0,10.0,10.0,9.0,9.0,8.0,7.0,1.0,3.0,9.0,4.0,2,3.0,7,1,2,8.714285714285714,4,8.333333333333334,4,1,2.6666666666666665,1,2,1,2,3,3,3,0,2,0,0,2,2,2,2,0,0,2
57188,57188,Eslovaquia,8.0,7.0,8.0,8.0,2.0,7.0,7.0,6.0,7.0,8.0,9.0,3.0,4.0,3.0,5.0,7.0,7.0,6.0,7.0,2,1.0,8,2,1,5.571428571428571,2,6.666666666666667,3,1,7.666666666666667,3,2,1,2,3,3,2,2,2,2,0,2,0,2,2,0,1,2
41423,41423,Croacia,4.0,10.0,8.0,5.0,4.0,4.0,5.0,1.0,3.0,2.0,7.0,3.0,6.0,0.0,3.0,0.0,0.0,8.0,2.0,1,2.0,6,0,1,3.4285714285714284,1,3.333333333333333,1,2,7.333333333333333,2,2,1,2,0,2,0,2,2,2,0,1,0,2,0,1,1,1
36715,36715,Portugal,5.0,3.0,5.0,5.0,3.0,1.0,2.0,0.0,0.0,1.0,3.0,2.0,2.0,1.0,7.0,2.0,3.0,4.0,5.0,1,2.0,5,1,0,2.2857142857142856,1,1.0,0,1,4.333333333333333,1,1,1,0,0,1,0,0,1,0,0,0,0,0,0,1,1,0
61437,61437,Eslovaquia,5.0,3.0,3.0,8.0,2.0,5.0,3.0,3.0,3.0,2.0,3.0,4.0,3.0,4.0,3.0,4.0,8.0,1.0,2.0,2,1.0,8,0,0,3.142857142857143,1,3.6666666666666665,1,1,3.6666666666666665,1,2,1,0,2,3,0,2,0,2,0,0,1,0,0,1,1,2
12960,12960,Alemania,4.0,0.0,2.0,0.0,1.0,2.0,0.0,0.0,3.0,3.0,4.0,0.0,0.0,0.0,9.0,6.0,5.0,7.0,2.0,0,2.0,1,0,1,2.7142857142857144,1,0.6666666666666666,0,0,2.0,0,0,1,0,0,0,0,0,0,0,0,0,0,2,0,1,1,0
47097,47097,Hungría,3.0,3.0,2.0,3.0,1.0,3.0,5.0,2.0,7.0,5.0,8.0,7.0,6.0,5.0,5.0,0.0,0.0,7.0,6.0,2,2.0,7,1,1,6.142857142857143,3,3.333333333333333,1,0,2.6666666666666665,1,0,1,2,0,0,3,0,0,0,2,1,0,2,1,1,1,0
58821,58821,Eslovaquia,2.0,4.0,3.0,3.0,4.0,4.0,4.0,4.0,5.0,3.0,4.0,3.0,2.0,4.0,10.0,4.0,3.0,4.0,6.0,2,4.0,8,1,0,4.428571428571429,2,4.0,2,2,3.0,1,0,1,2,1,0,1,0,0,0,2,1,1,0,0,1,1,0
7059,7059,Alemania,5.0,5.0,2.0,0.0,2.0,7.0,7.0,4.0,2.0,2.0,4.0,3.0,5.0,4.0,6.0,5.0,5.0,5.0,7.0,0,4.0,1,2,0,3.7142857142857135,1,6.0,3,1,4.0,1,0,1,0,3,0,0,2,0,0,2,2,0,0,0,0,1,0
49117,49117,Hungría,8.0,6.0,4.0,7.0,2.0,4.0,4.0,4.0,8.0,9.0,9.0,9.0,9.0,9.0,5.0,7.0,6.0,7.0,2.0,2,1.0,7,0,1,8.285714285714286,4,4.0,2,1,6.0,2,2,1,1,2,3,3,2,0,1,2,1,2,2,2,0,1,2
9876,9876,Alemania,7.0,3.0,7.0,3.0,2.0,3.0,6.0,4.0,2.0,7.0,7.0,2.0,2.0,2.0,6.0,9.0,9.0,8.0,0.0,0,4.0,1,0,1,4.0,2,4.333333333333333,2,1,5.666666666666667,2,0,1,0,1,0,2,2,2,0,1,2,0,0,2,1,1,0
27623,27623,España,4.0,2.0,4.0,5.0,3.0,7.0,7.0,7.0,8.0,7.0,8.0,7.0,7.0,0.0,7.0,5.0,4.0,7.0,6.0,1,2.0,3,1,1,6.285714285714286,3,7.0,3,1,3.333333333333333,1,2,1,2,3,2,3,0,0,2,0,2,2,2,2,1,0,2
14389,14389,Países Bajos,7.0,5.0,7.0,8.0,1.0,7.0,9.0,8.0,4.0,8.0,7.0,6.0,8.0,6.0,9.0,7.0,5.0,9.0,2.0,0,2.0,2,0,2,6.857142857142857,3,8.0,4,0,6.333333333333333,2,2,1,2,3,3,3,2,2,1,2,2,2,1,2,1,0,2
35136,35136,Portugal,5.0,6.0,5.0,8.0,3.0,4.0,4.0,4.0,3.0,3.0,2.0,3.0,3.0,0.0,8.0,8.0,7.0,7.0,4.0,1,1.0,5,1,1,3.142857142857143,1,4.0,2,1,5.333333333333333,2,2,1,0,2,3,0,1,0,0,1,1,0,0,0,0,1,2
28894,28894,Italia,8.0,4.0,7.0,8.0,3.0,7.0,8.0,5.0,7.0,4.0,5.0,6.0,3.0,6.0,10.0,7.0,6.0,6.0,7.0,1,1.0,4,2,1,5.857142857142857,2,6.666666666666667,3,1,6.333333333333333,2,2,1,2,3,3,3,2,2,2,2,2,0,2,0,1,1,0
27491,27491,España,5.0,3.0,5.0,3.0,2.0,4.0,4.0,3.0,4.0,5.0,5.0,3.0,4.0,3.0,9.0,5.0,5.0,7.0,0.0,1,3.0,3,0,1,4.714285714285714,2,3.6666666666666665,1,1,4.333333333333333,1,0,1,0,2,0,2,2,0,2,0,1,2,2,1,1,1,1
11136,11136,Alemania,2.0,8.0,5.0,5.0,3.0,1.0,3.0,1.0,3.0,5.0,7.0,0.0,1.0,0.0,8.0,4.0,3.0,5.0,8.0,0,4.0,1,2,0,3.4285714285714284,1,1.6666666666666667,0,1,5.0,2,2,0,0,0,2,0,0,2,0,0,0,0,1,1,1,1,0
34769,34769,Portugal,7.0,7.0,7.0,4.0,2.0,5.0,5.0,5.0,6.0,7.0,6.0,6.0,7.0,6.0,10.0,6.0,6.0,7.0,3.0,1,2.0,5,0,1,6.857142857142857,3,5.0,2,1,7.0,2,2,1,0,2,1,3,0,2,2,2,1,1,2,2,1,1,2
42196,42196,Croacia,8.0,10.0,3.0,4.0,4.0,8.0,8.0,6.0,1.0,1.0,1.0,1.0,1.0,1.0,1.0,10.0,10.0,10.0,8.0,1,1.0,6,2,2,1.0,0,7.333333333333333,3,2,7.0,2,2,0,2,3,1,0,2,2,2,2,2,0,0,0,0,1,0
20188,20188,Países Bajos,7.0,2.0,7.0,7.0,3.0,7.0,4.0,6.0,5.0,3.0,7.0,5.0,3.0,5.0,7.0,7.0,5.0,8.0,3.0,0,2.0,2,0,1,5.0,2,5.666666666666667,2,1,5.333333333333333,2,2,1,2,1,3,1,1,0,1,2,1,2,0,0,1,1,2
25055,25055,España,7.0,5.0,4.0,3.0,3.0,3.0,3.0,5.0,4.0,7.0,7.0,3.0,6.0,3.0,9.0,5.0,5.0,6.0,3.0,1,3.0,3,0,1,5.571428571428571,2,3.6666666666666665,1,1,5.333333333333333,2,0,1,2,2,0,1,2,2,2,1,0,2,0,2,1,1,0
44339,44339,Hungría,4.0,3.0,4.0,6.0,2.0,2.0,6.0,3.0,4.0,2.0,8.0,3.0,3.0,3.0,2.0,3.0,1.0,4.0,7.0,2,1.0,7,2,0,3.571428571428572,1,3.6666666666666665,1,1,3.6666666666666665,1,0,1,2,2,2,0,2,0,1,0,2,2,2,0,1,1,2
42833,42833,Croacia,0.0,0.0,0.0,9.0,4.0,5.0,1.0,3.0,4.0,1.0,4.0,0.0,2.0,0.0,9.0,2.0,2.0,5.0,8.0,1,2.0,6,2,0,2.857142857142857,1,3.0,1,2,0.0,0,2,0,0,0,3,0,0,0,0,0,0,0,0,0,0,1,0
13583,13583,Alemania,7.0,8.0,7.0,6.0,3.0,7.0,8.0,3.0,7.0,8.0,9.0,4.0,8.0,5.0,5.0,7.0,7.0,8.0,4.0,0,2.0,1,1,1,6.571428571428571,3,6.0,3,1,7.333333333333333,2,1,1,1,3,2,3,2,2,2,2,2,0,2,2,0,1,2
35381,35381,Portugal,5.0,5.0,6.0,8.0,4.0,1.0,2.0,2.0,4.0,5.0,5.0,2.0,3.0,3.0,6.0,3.0,3.0,6.0,6.0,1,3.0,5,1,1,4.0,2,1.6666666666666667,0,2,5.333333333333333,2,2,1,0,0,3,1,2,2,0,0,0,0,1,1,1,1,2
37429,37429,Portugal,5.0,4.0,4.0,5.0,2.0,2.0,1.0,2.0,5.0,2.0,5.0,2.0,0.0,1.0,9.0,4.0,4.0,7.0,6.0,1,2.0,5,1,1,3.4285714285714284,1,1.6666666666666667,0,1,4.333333333333333,1,1,1,0,0,2,0,1,2,2,0,0,2,0,0,1,1,0
17929,17929,Países Bajos,6.0,7.0,6.0,3.0,4.0,5.0,5.0,4.0,4.0,4.0,5.0,5.0,4.0,5.0,5.0,6.0,5.0,7.0,3.0,0,2.0,2,0,1,4.571428571428571,2,4.666666666666667,2,2,6.333333333333333,2,0,1,2,1,0,2,0,2,2,0,1,1,1,0,1,1,0
43850,43850,Hungría,5.0,8.0,5.0,5.0,3.0,7.0,5.0,7.0,5.0,6.0,6.0,6.0,4.0,0.0,7.0,5.0,5.0,9.0,8.0,2,1.0,7,2,2,4.857142857142857,2,6.333333333333333,3,1,6.0,2,0,0,2,3,2,1,1,2,2,1,1,2,0,1,1,0,2
33696,33696,Portugal,4.0,5.0,6.0,3.0,4.0,0.0,2.0,0.0,0.0,7.0,7.0,0.0,0.0,0.0,7.0,5.0,5.0,7.0,0.0,1,2.0,5,0,1,3.0,1,0.6666666666666666,0,2,5.0,2,0,0,0,0,0,0,2,1,0,0,0,0,0,2,1,0,0
45441,45441,Hungría,8.0,6.0,8.0,9.0,1.0,4.0,4.0,4.0,7.0,4.0,6.0,3.0,3.0,3.0,10.0,4.0,7.0,8.0,2.0,2,2.0,7,0,1,5.142857142857143,2,4.0,2,0,7.333333333333333,2,2,1,0,1,3,2,2,0,2,2,1,0,2,0,1,1,0
1439,1439,Bélgica,5.0,5.0,5.0,1.0,4.0,3.0,5.0,2.0,4.0,3.0,5.0,2.0,2.0,2.0,8.0,5.0,6.0,8.0,1.0,0,2.0,0,0,1,3.7142857142857135,1,3.333333333333333,1,2,5.0,2,0,1,2,0,0,0,2,0,2,0,1,2,2,0,1,1,0
15087,15087,Países Bajos,8.0,7.0,8.0,2.0,2.0,7.0,7.0,6.0,6.0,7.0,7.0,6.0,6.0,6.0,7.0,6.0,6.0,8.0,2.0,0,2.0,2,0,1,6.428571428571429,3,6.666666666666667,3,1,7.666666666666667,3,0,1,2,3,0,3,2,2,2,2,2,2,0,2,1,0,2
1826,1826,Bélgica,7.0,5.0,7.0,2.0,3.0,2.0,3.0,2.0,4.0,7.0,5.0,2.0,5.0,2.0,8.0,9.0,7.0,7.0,0.0,0,3.0,0,0,1,4.714285714285714,2,2.333333333333333,1,1,6.333333333333333,2,0,1,0,0,0,1,2,2,2,0,0,2,0,2,1,1,2
52276,52276,Hungría,2.0,5.0,5.0,3.0,3.0,0.0,0.0,6.0,6.0,0.0,0.0,0.0,0.0,0.0,10.0,3.0,5.0,0.0,5.0,2,1.0,7,1,0,2.2857142857142856,1,2.0,1,1,4.0,1,0,1,0,0,0,0,0,0,2,0,0,2,2,0,1,0,0
59198,59198,Eslovaquia,6.0,5.0,7.0,4.0,3.0,7.0,4.0,4.0,4.0,2.0,5.0,3.0,3.0,3.0,5.0,5.0,4.0,8.0,5.0,2,1.0,8,1,1,3.571428571428572,1,5.0,2,1,6.0,2,0,1,0,2,1,0,0,0,0,1,1,2,0,0,1,1,1
48090,48090,Hungría,6.0,5.0,5.0,5.0,4.0,5.0,5.0,5.0,4.0,3.0,3.0,0.0,2.0,1.0,5.0,2.0,5.0,4.0,3.0,2,2.0,7,0,0,2.571428571428572,1,5.0,2,2,5.333333333333333,2,1,1,0,2,2,0,0,1,2,0,1,2,0,0,1,1,0
52132,52132,Hungría,5.0,6.0,6.0,7.0,3.0,4.0,4.0,5.0,8.0,6.0,7.0,4.0,5.0,7.0,9.0,0.0,3.0,4.0,0.0,2,2.0,7,0,0,6.571428571428571,3,4.333333333333333,2,1,5.666666666666667,2,2,1,2,2,3,3,2,0,2,0,1,2,2,1,1,1,2
55051,55051,Eslovaquia,2.0,7.0,6.0,8.0,2.0,6.0,6.0,3.0,4.0,3.0,6.0,2.0,1.0,4.0,9.0,8.0,9.0,9.0,0.0,2,1.0,8,0,2,4.142857142857143,2,5.0,2,1,5.0,2,2,1,2,2,3,1,0,2,2,2,2,0,2,0,1,1,0
6429,6429,Bélgica,7.0,4.0,3.0,5.0,3.0,8.0,7.0,5.0,8.0,7.0,7.0,4.0,5.0,5.0,6.0,5.0,5.0,9.0,6.0,0,4.0,0,1,2,6.0,3,6.666666666666667,3,1,4.666666666666667,1,2,1,2,3,2,3,2,0,1,2,2,1,2,2,1,1,0
61476,61476,Eslovaquia,2.0,0.0,0.0,3.0,2.0,2.0,0.0,1.0,0.0,2.0,3.0,0.0,2.0,0.0,7.0,0.0,4.0,7.0,2.0,2,1.0,8,0,1,2.0,1,1.0,0,1,0.6666666666666666,0,0,1,0,0,0,0,0,0,0,0,0,0,0,0,1,1,0
16446,16446,Países Bajos,7.0,8.0,8.0,5.0,2.0,8.0,9.0,4.0,5.0,7.0,7.0,5.0,6.0,5.0,7.0,6.0,8.0,9.0,7.0,0,4.0,2,2,2,6.0,3,7.0,3,1,7.666666666666667,3,2,1,2,3,2,3,0,2,2,2,2,0,0,2,1,1,1
61722,61722,Eslovaquia,0.0,0.0,0.0,10.0,3.0,0.0,0.0,0.0,5.0,10.0,7.0,5.0,7.0,5.0,8.0,0.0,0.0,6.0,0.0,2,1.0,8,0,1,6.714285714285714,3,0.0,0,1,0.0,0,2,1,0,0,3,3,0,0,0,0,0,0,1,2,1,1,2
37128,37128,Portugal,8.0,3.0,3.0,4.0,2.0,4.0,2.0,7.0,7.0,3.0,6.0,2.0,5.0,2.0,4.0,3.0,6.0,8.0,7.0,1,4.0,5,2,1,4.142857142857143,2,4.333333333333333,2,1,4.666666666666667,1,0,1,0,2,2,2,2,0,2,1,0,2,2,0,1,1,2
50646,50646,Hungría,4.0,6.0,5.0,10.0,2.0,7.0,6.0,7.0,4.0,3.0,8.0,4.0,3.0,4.0,8.0,0.0,0.0,9.0,0.0,2,2.0,7,0,2,4.857142857142857,2,6.666666666666667,3,1,5.0,2,2,0,2,3,3,2,0,2,0,2,2,2,1,0,1,1,1
38487,38487,Portugal,8.0,4.0,4.0,7.0,2.0,6.0,3.0,0.0,5.0,0.0,6.0,0.0,0.0,0.0,8.0,7.0,5.0,10.0,6.0,1,4.0,5,1,2,2.7142857142857144,1,3.0,1,1,5.333333333333333,2,2,1,2,0,3,0,2,2,1,1,0,0,2,0,1,1,0
49114,49114,Hungría,5.0,5.0,5.0,7.0,2.0,8.0,3.0,6.0,8.0,9.0,9.0,8.0,8.0,8.0,9.0,7.0,6.0,9.0,0.0,2,1.0,7,0,2,8.428571428571429,4,5.666666666666667,2,1,5.0,2,2,0,0,2,3,3,0,0,2,2,0,0,2,2,1,0,2
5195,5195,Bélgica,7.0,5.0,6.0,5.0,4.0,3.0,2.0,2.0,7.0,4.0,7.0,6.0,6.0,3.0,5.0,3.0,4.0,8.0,2.0,0,1.0,0,0,1,5.428571428571429,2,2.333333333333333,1,2,6.0,2,1,1,0,0,1,2,2,2,2,2,0,0,2,0,1,0,0
51358,51358,Hungría,2.0,4.0,3.0,5.0,3.0,5.0,4.0,4.0,5.0,5.0,5.0,2.0,2.0,2.0,2.0,4.0,4.0,4.0,0.0,2,1.0,7,0,0,3.2857142857142856,1,4.333333333333333,2,1,3.0,1,2,1,0,1,1,0,0,0,0,0,1,0,0,1,1,1,0
39274,39274,Portugal,4.0,4.0,4.0,4.0,3.0,5.0,2.0,2.0,3.0,4.0,4.0,4.0,4.0,0.0,8.0,5.0,4.0,5.0,4.0,1,4.0,5,1,0,3.857142857142857,1,3.0,1,1,4.0,1,0,1,2,0,1,0,0,1,2,0,0,2,2,0,1,1,2
45578,45578,Hungría,5.0,5.0,6.0,5.0,4.0,5.0,5.0,6.0,3.0,1.0,1.0,2.0,2.0,2.0,2.0,3.0,5.0,5.0,5.0,2,1.0,7,1,0,1.8571428571428568,0,5.333333333333333,2,2,5.333333333333333,2,2,1,0,1,2,0,2,0,1,1,1,2,1,0,1,1,0
48906,48906,Hungría,3.0,5.0,5.0,5.0,4.0,5.0,4.0,4.0,5.0,5.0,5.0,3.0,4.0,3.0,7.0,4.0,4.0,7.0,0.0,2,3.0,7,0,1,4.571428571428571,2,4.333333333333333,2,2,4.333333333333333,1,2,1,0,2,1,2,0,1,1,0,1,1,2,1,1,1,1
43011,43011,Croacia,6.0,3.0,6.0,3.0,3.0,3.0,3.0,1.0,5.0,3.0,6.0,1.0,3.0,3.0,7.0,5.0,5.0,7.0,5.0,1,1.0,6,1,1,4.0,2,2.333333333333333,1,1,5.0,2,0,1,0,0,0,2,0,1,0,0,0,0,1,0,1,1,2
12390,12390,Alemania,8.0,7.0,5.0,5.0,3.0,9.0,8.0,4.0,3.0,8.0,10.0,2.0,8.0,2.0,10.0,5.0,9.0,8.0,0.0,0,4.0,1,0,1,6.142857142857143,3,7.0,3,1,6.666666666666667,2,1,0,2,3,2,3,2,2,0,2,2,2,1,2,0,1,2
38843,38843,Portugal,5.0,2.0,4.0,2.0,3.0,0.0,0.0,0.0,5.0,4.0,3.0,2.0,5.0,0.0,5.0,2.0,0.0,7.0,5.0,1,2.0,5,1,1,3.4285714285714284,1,0.0,0,1,3.6666666666666665,1,0,1,0,0,0,0,2,0,2,0,0,0,2,0,0,1,0
26367,26367,España,4.0,1.0,3.0,3.0,4.0,4.0,3.0,2.0,2.0,6.0,6.0,3.0,5.0,2.0,7.0,7.0,3.0,10.0,10.0,1,2.0,3,2,2,4.428571428571429,2,3.0,1,2,2.6666666666666665,1,0,0,1,0,0,2,1,0,2,2,0,2,0,1,1,1,0
1644,1644,Bélgica,8.0,6.0,7.0,8.0,1.0,7.0,6.0,6.0,7.0,7.0,7.0,6.0,6.0,6.0,9.0,6.0,5.0,8.0,5.0,0,1.0,0,1,1,6.857142857142857,3,6.333333333333333,3,0,7.0,2,2,1,2,3,3,3,2,2,1,1,2,0,2,2,1,0,1
41110,41110,Croacia,9.0,9.0,9.0,5.0,4.0,0.0,0.0,0.0,0.0,0.0,5.0,0.0,0.0,0.0,8.0,4.0,10.0,10.0,10.0,1,1.0,6,2,2,1.8571428571428568,0,0.0,0,2,9.0,3,2,0,0,0,2,0,2,2,2,0,0,0,0,0,1,1,0
3208,3208,Bélgica,8.0,3.0,3.0,6.0,3.0,4.0,2.0,2.0,7.0,5.0,8.0,7.0,6.0,5.0,8.0,1.0,3.0,10.0,0.0,0,3.0,0,0,2,6.571428571428571,3,2.6666666666666665,1,1,4.666666666666667,1,2,1,0,0,2,3,2,0,1,2,0,2,2,1,1,0,0
13017,13017,Alemania,5.0,3.0,3.0,6.0,2.0,3.0,2.0,2.0,1.0,7.0,8.0,2.0,2.0,0.0,5.0,6.0,3.0,7.0,0.0,0,2.0,1,0,1,3.571428571428572,1,2.333333333333333,1,1,3.6666666666666665,1,2,1,0,0,2,0,2,1,0,0,0,2,0,2,1,1,0
31903,31903,Italia,5.0,2.0,4.0,8.0,3.0,5.0,1.0,5.0,3.0,0.0,6.0,0.0,0.0,0.0,8.0,5.0,3.0,8.0,6.0,1,2.0,4,1,1,2.4285714285714284,1,3.6666666666666665,1,1,3.6666666666666665,1,2,1,0,2,3,0,1,0,0,1,0,2,1,0,1,1,0
21773,21773,España,8.0,6.0,8.0,5.0,3.0,6.0,5.0,4.0,7.0,8.0,8.0,4.0,8.0,4.0,7.0,7.0,7.0,7.0,6.0,1,2.0,3,1,1,6.571428571428571,3,5.0,2,1,7.333333333333333,2,1,1,1,1,2,3,2,2,2,2,1,2,2,2,1,1,2
15003,15003,Países Bajos,7.0,2.0,7.0,4.0,2.0,8.0,6.0,4.0,8.0,8.0,8.0,7.0,8.0,8.0,8.0,8.0,10.0,9.0,0.0,0,2.0,2,0,2,7.857142857142857,3,6.0,3,1,5.333333333333333,2,1,1,0,3,1,3,2,0,2,2,2,2,2,2,1,0,2
35430,35430,Portugal,5.0,2.0,2.0,0.0,4.0,3.0,2.0,3.0,5.0,0.0,5.0,0.0,0.0,0.0,8.0,10.0,10.0,7.0,5.0,1,2.0,5,1,1,2.571428571428572,1,2.6666666666666665,1,2,3.0,1,0,1,0,0,0,0,2,0,0,0,0,2,1,0,1,1,0
6063,6063,Bélgica,9.0,1.0,2.0,2.0,3.0,3.0,2.0,2.0,1.0,0.0,7.0,1.0,2.0,1.0,8.0,1.0,3.0,7.0,8.0,0,2.0,0,2,1,2.857142857142857,1,2.333333333333333,1,1,4.0,1,0,0,0,0,0,0,2,0,0,2,0,2,0,0,1,1,0
62212,62212,Eslovaquia,7.0,8.0,3.0,5.0,2.0,9.0,3.0,8.0,6.0,8.0,7.0,5.0,7.0,4.0,7.0,4.0,3.0,7.0,8.0,2,3.0,8,2,1,6.285714285714286,3,6.666666666666667,3,1,6.0,2,1,0,2,3,2,3,0,2,2,2,0,2,1,2,1,1,2
42981,42981,Croacia,10.0,0.0,5.0,5.0,3.0,1.0,3.0,0.0,0.0,0.0,2.0,0.0,0.0,0.0,4.0,2.0,2.0,8.0,0.0,1,1.0,6,0,1,0.8571428571428571,0,1.3333333333333333,0,1,5.0,2,2,1,0,0,2,0,2,0,2,0,0,0,0,0,1,1,0
17467,17467,Países Bajos,3.0,4.0,3.0,7.0,3.0,4.0,5.0,4.0,5.0,7.0,8.0,5.0,5.0,2.0,9.0,7.0,7.0,1.0,6.0,0,3.0,2,1,0,5.857142857142857,2,4.333333333333333,2,1,3.333333333333333,1,2,1,1,2,3,3,0,2,2,0,1,2,0,2,1,1,2
32619,32619,Italia,0.0,0.0,0.0,5.0,4.0,3.0,5.0,3.0,2.0,3.0,5.0,4.0,3.0,1.0,8.0,0.0,5.0,4.0,6.0,1,2.0,4,1,0,3.7142857142857135,1,3.6666666666666665,1,2,0.0,0,0,1,2,1,1,0,0,0,0,1,1,2,0,0,1,1,2
37000,37000,Portugal,3.0,3.0,5.0,2.0,3.0,2.0,6.0,2.0,2.0,7.0,2.0,1.0,2.0,1.0,8.0,2.0,3.0,7.0,5.0,1,2.0,5,1,1,3.2857142857142856,1,3.333333333333333,1,1,3.6666666666666665,1,0,1,0,0,0,0,0,0,0,0,2,2,0,2,1,1,0
35108,35108,Portugal,4.0,7.0,6.0,2.0,3.0,8.0,6.0,6.0,7.0,5.0,7.0,5.0,7.0,5.0,7.0,7.0,6.0,8.0,2.0,1,3.0,5,0,1,6.142857142857143,3,6.666666666666667,3,1,5.666666666666667,2,0,1,2,3,0,3,2,2,0,2,2,0,2,1,1,1,2
37090,37090,Portugal,5.0,8.0,5.0,10.0,4.0,3.0,0.0,1.0,3.0,5.0,10.0,0.0,2.0,0.0,5.0,6.0,5.0,10.0,5.0,1,2.0,5,1,2,3.571428571428572,1,1.3333333333333333,0,2,6.0,2,2,1,0,0,3,0,2,2,0,0,0,0,0,1,1,1,0
18692,18692,Países Bajos,7.0,3.0,7.0,5.0,2.0,9.0,7.0,7.0,7.0,5.0,6.0,8.0,8.0,8.0,8.0,7.0,5.0,9.0,2.0,0,2.0,2,0,2,7.142857142857143,3,7.666666666666667,3,1,5.666666666666667,2,0,1,2,3,2,3,1,0,1,2,2,2,2,1,1,0,2
45212,45212,Hungría,9.0,1.0,10.0,9.0,2.0,2.0,0.0,0.0,2.0,0.0,5.0,5.0,0.0,5.0,8.0,5.0,5.0,5.0,0.0,2,1.0,7,0,0,3.571428571428572,1,0.6666666666666666,0,1,6.666666666666667,2,2,0,0,0,3,0,2,0,2,0,0,0,0,0,1,1,0
17398,17398,Países Bajos,7.0,7.0,7.0,7.0,3.0,7.0,7.0,7.0,7.0,7.0,8.0,7.0,7.0,7.0,7.0,5.0,5.0,8.0,1.0,0,1.0,2,0,1,7.142857142857143,3,7.0,3,1,7.0,2,2,1,2,3,3,3,0,2,1,1,2,2,2,2,1,1,2
5712,5712,Bélgica,8.0,4.0,8.0,5.0,3.0,7.0,6.0,5.0,6.0,4.0,7.0,5.0,5.0,4.0,6.0,7.0,7.0,9.0,6.0,0,3.0,0,1,2,5.285714285714286,2,6.0,3,1,6.666666666666667,2,0,1,2,3,2,2,2,1,2,0,2,2,2,0,1,1,0
20362,20362,Países Bajos,6.0,5.0,2.0,8.0,2.0,4.0,3.0,3.0,4.0,5.0,5.0,4.0,4.0,4.0,7.0,3.0,4.0,7.0,5.0,0,4.0,2,1,1,4.714285714285714,2,3.333333333333333,1,1,4.333333333333333,1,2,1,0,0,3,1,2,2,0,1,0,0,2,1,1,1,2
24048,24048,España,8.0,7.0,8.0,5.0,2.0,10.0,4.0,5.0,7.0,5.0,8.0,7.0,7.0,7.0,5.0,5.0,6.0,8.0,8.0,1,2.0,3,2,1,6.571428571428571,3,6.333333333333333,3,1,7.666666666666667,3,0,0,2,3,2,3,2,2,2,2,1,2,2,1,1,0,2
1211,1211,Bélgica,5.0,6.0,5.0,6.0,3.0,0.0,6.0,2.0,7.0,0.0,0.0,0.0,0.0,0.0,8.0,2.0,1.0,7.0,9.0,0,2.0,0,2,1,2.142857142857143,1,2.6666666666666665,1,1,5.333333333333333,2,2,0,0,0,2,0,1,1,2,0,2,0,2,0,1,1,0
49599,49599,Hungría,6.0,9.0,9.0,10.0,2.0,10.0,2.0,10.0,3.0,4.0,2.0,10.0,9.0,10.0,8.0,9.0,7.0,8.0,9.0,2,1.0,7,2,1,6.571428571428571,3,7.333333333333333,3,1,8.0,3,2,0,2,3,3,3,0,2,2,2,0,2,2,0,1,1,2
7180,7180,Alemania,5.0,5.0,6.0,6.0,2.0,5.0,6.0,7.0,3.0,8.0,7.0,3.0,4.0,3.0,8.0,6.0,8.0,8.0,10.0,0,2.0,1,2,1,5.142857142857143,2,6.0,3,1,5.333333333333333,2,0,1,1,3,1,1,1,1,2,1,2,2,2,2,1,1,2
56698,56698,Eslovaquia,8.0,8.0,8.0,7.0,2.0,7.0,6.0,7.0,5.0,5.0,8.0,8.0,5.0,5.0,5.0,6.0,5.0,8.0,8.0,2,1.0,8,2,1,5.857142857142857,2,6.666666666666667,3,1,8.0,3,2,0,2,3,3,3,2,2,2,0,2,2,1,1,1,0,1
30820,30820,Italia,4.0,7.0,5.0,1.0,2.0,7.0,6.0,6.0,7.0,8.0,8.0,5.0,5.0,5.0,6.0,5.0,5.0,8.0,8.0,1,1.0,4,2,1,6.285714285714286,3,6.333333333333333,3,1,5.333333333333333,2,0,0,2,3,0,3,2,2,0,2,2,0,2,2,1,1,0
2669,2669,Bélgica,7.0,8.0,6.0,6.0,2.0,9.0,5.0,9.0,6.0,1.0,8.0,10.0,10.0,8.0,9.0,2.0,3.0,6.0,8.0,0,2.0,0,2,1,7.428571428571429,3,7.666666666666667,3,1,7.0,2,2,0,2,3,1,3,1,2,2,2,1,2,0,0,1,0,2
53832,53832,Eslovaquia,3.0,0.0,5.0,4.0,3.0,4.0,4.0,5.0,8.0,6.0,7.0,3.0,1.0,3.0,7.0,3.0,3.0,8.0,6.0,2,2.0,8,1,1,5.0,2,4.333333333333333,2,1,2.6666666666666665,1,0,1,1,2,1,2,0,0,0,2,1,0,2,1,1,1,0
61140,61140,Eslovaquia,2.0,4.0,0.0,7.0,2.0,3.0,7.0,7.0,6.0,7.0,6.0,7.0,7.0,8.0,7.0,8.0,7.0,7.0,0.0,2,1.0,8,0,1,6.857142857142857,3,5.666666666666667,2,1,2.0,0,2,1,2,2,3,3,0,2,0,1,2,2,2,2,1,0,2
7070,7070,Alemania,7.0,6.0,5.0,5.0,2.0,7.0,7.0,5.0,3.0,7.0,8.0,3.0,5.0,3.0,6.0,7.0,4.0,7.0,2.0,0,4.0,1,0,1,5.0,2,6.333333333333333,3,1,6.0,2,2,1,2,3,2,2,2,2,1,2,2,2,0,2,1,1,0
53190,53190,Hungría,0.0,0.0,0.0,10.0,2.0,5.0,3.0,3.0,3.0,7.0,7.0,2.0,5.0,2.0,7.0,0.0,2.0,6.0,0.0,2,2.0,7,0,1,4.714285714285714,2,3.6666666666666665,1,1,0.0,0,2,0,1,1,3,1,0,0,0,2,0,2,2,2,1,1,0
12276,12276,Alemania,7.0,6.0,5.0,2.0,1.0,8.0,8.0,4.0,3.0,5.0,8.0,3.0,3.0,4.0,8.0,8.0,7.0,8.0,5.0,0,3.0,1,1,1,4.857142857142857,2,6.666666666666667,3,0,6.0,2,0,1,2,3,0,2,1,0,0,2,2,1,0,1,1,1,2
30455,30455,Italia,8.0,4.0,0.0,10.0,3.0,4.0,0.0,0.0,5.0,5.0,8.0,0.0,5.0,0.0,6.0,2.0,2.0,5.0,10.0,1,2.0,4,2,0,4.142857142857143,2,1.3333333333333333,0,1,4.0,1,2,0,0,0,3,2,2,0,0,2,0,0,0,1,1,1,0
8493,8493,Alemania,6.0,4.0,7.0,5.0,2.0,6.0,6.0,3.0,1.0,7.0,7.0,1.0,1.0,3.0,8.0,3.0,2.0,4.0,2.0,0,3.0,1,0,0,4.0,2,5.0,2,1,5.666666666666667,2,1,1,0,2,2,1,1,2,1,0,2,2,0,2,1,1,0
1008,1008,Bélgica,6.0,3.0,4.0,3.0,3.0,9.0,6.0,8.0,9.0,8.0,8.0,4.0,7.0,5.0,5.0,9.0,7.0,6.0,9.0,0,2.0,0,2,1,6.571428571428571,3,7.666666666666667,3,1,4.333333333333333,1,0,0,2,3,0,3,1,2,2,2,2,2,2,2,1,1,2
7698,7698,Alemania,8.0,7.0,2.0,5.0,2.0,4.0,6.0,3.0,0.0,0.0,5.0,0.0,5.0,0.0,7.0,5.0,3.0,8.0,0.0,0,3.0,1,0,1,2.4285714285714284,1,4.333333333333333,2,1,5.666666666666667,2,0,0,0,2,2,0,2,2,0,0,2,2,0,0,1,1,1
52175,52175,Hungría,2.0,1.0,2.0,3.0,3.0,7.0,4.0,7.0,7.0,5.0,5.0,2.0,5.0,2.0,4.0,3.0,5.0,5.0,7.0,2,1.0,7,2,0,4.285714285714286,2,6.0,3,1,1.6666666666666667,0,0,1,1,3,0,2,0,0,0,2,1,2,2,1,1,1,0
4469,4469,Bélgica,6.0,5.0,6.0,7.0,2.0,8.0,6.0,5.0,0.0,6.0,8.0,2.0,4.0,2.0,4.0,4.0,5.0,9.0,6.0,0,2.0,0,1,2,3.7142857142857135,1,6.333333333333333,3,1,5.666666666666667,2,2,1,2,3,3,0,2,1,2,2,2,0,0,1,1,1,0
51883,51883,Hungría,6.0,6.0,5.0,8.0,2.0,8.0,8.0,7.0,7.0,8.0,7.0,8.0,7.0,8.0,5.0,7.0,6.0,7.0,7.0,2,1.0,7,2,1,7.142857142857143,3,7.666666666666667,3,1,5.666666666666667,2,2,1,2,3,3,3,0,0,1,2,2,2,2,2,1,0,2
17562,17562,Países Bajos,7.0,6.0,7.0,4.0,2.0,5.0,7.0,5.0,2.0,5.0,7.0,5.0,7.0,5.0,6.0,6.0,4.0,9.0,5.0,0,1.0,2,1,2,5.285714285714286,2,5.666666666666667,2,1,6.666666666666667,2,1,1,1,2,1,2,2,2,0,2,2,2,0,1,1,1,2
61833,61833,Eslovaquia,6.0,6.0,3.0,3.0,2.0,10.0,7.0,8.0,8.0,8.0,10.0,7.0,7.0,7.0,10.0,0.0,0.0,7.0,10.0,2,1.0,8,2,1,8.142857142857142,4,8.333333333333334,4,1,5.0,2,0,0,2,3,0,3,2,0,2,2,2,2,2,2,0,0,2
48071,48071,Hungría,6.0,2.0,6.0,4.0,3.0,5.0,5.0,7.0,5.0,5.0,5.0,5.0,8.0,0.0,7.0,5.0,6.0,2.0,5.0,2,1.0,7,1,0,5.0,2,5.666666666666667,2,1,4.666666666666667,1,2,1,0,2,1,2,1,0,1,2,1,2,0,1,1,1,2
60139,60139,Eslovaquia,5.0,5.0,5.0,5.0,3.0,10.0,3.0,4.0,2.0,2.0,3.0,3.0,2.0,3.0,0.0,9.0,5.0,7.0,10.0,2,4.0,8,2,1,2.142857142857143,1,5.666666666666667,2,1,5.0,2,0,0,0,1,2,0,1,2,2,2,0,0,0,0,1,1,0
10793,10793,Alemania,5.0,5.0,5.0,2.0,3.0,4.0,7.0,4.0,4.0,8.0,7.0,5.0,5.0,6.0,3.0,3.0,3.0,7.0,5.0,0,2.0,1,1,1,5.428571428571429,2,5.0,2,1,5.0,2,0,1,1,1,0,2,0,0,0,0,2,0,0,2,1,1,0
25917,25917,España,6.0,3.0,7.0,4.0,3.0,7.0,3.0,4.0,5.0,5.0,4.0,2.0,8.0,2.0,6.0,4.0,0.0,9.0,1.0,1,2.0,3,0,2,4.571428571428571,2,4.666666666666667,2,1,5.333333333333333,2,0,1,0,1,2,2,1,0,2,2,0,2,1,1,0,1,2
47026,47026,Hungría,6.0,7.0,6.0,10.0,3.0,7.0,4.0,6.0,3.0,8.0,8.0,9.0,8.0,7.0,6.0,5.0,6.0,7.0,6.0,2,2.0,7,1,1,7.0,3,5.666666666666667,2,1,6.333333333333333,2,2,1,0,2,3,3,2,2,2,2,1,1,2,2,1,0,2
50561,50561,Hungría,4.0,3.0,3.0,7.0,3.0,3.0,3.0,3.0,4.0,6.0,5.0,3.0,3.0,3.0,4.0,5.0,5.0,4.0,0.0,2,1.0,7,0,0,4.0,2,3.0,1,1,3.333333333333333,1,2,1,0,0,3,1,2,1,0,0,0,2,2,1,1,1,1
10406,10406,Alemania,8.0,7.0,7.0,5.0,3.0,7.0,7.0,2.0,2.0,8.0,7.0,3.0,3.0,5.0,6.0,10.0,5.0,5.0,2.0,0,2.0,1,0,0,4.857142857142857,2,5.333333333333333,2,1,7.333333333333333,2,1,1,2,1,2,2,2,2,1,2,2,2,0,2,1,1,2
40946,40946,Croacia,5.0,5.0,5.0,10.0,3.0,6.0,5.0,6.0,2.0,2.0,2.0,2.0,2.0,2.0,8.0,5.0,5.0,8.0,9.0,1,2.0,6,2,1,2.857142857142857,1,5.666666666666667,2,1,5.0,2,2,0,0,2,3,0,0,0,2,0,1,0,0,0,1,1,0
34880,34880,Portugal,5.0,3.0,3.0,6.0,2.0,4.0,2.0,2.0,2.0,3.0,3.0,1.0,4.0,1.0,8.0,3.0,3.0,10.0,10.0,1,2.0,5,2,2,3.142857142857143,1,2.6666666666666665,1,1,3.6666666666666665,1,0,0,0,0,1,0,2,0,2,2,0,2,0,0,1,1,0
24580,24580,España,4.0,1.0,7.0,8.0,3.0,3.0,1.0,0.0,2.0,8.0,9.0,1.0,3.0,1.0,10.0,3.0,4.0,9.0,8.0,1,2.0,3,2,2,4.857142857142857,2,1.3333333333333333,0,1,4.0,1,2,1,0,0,3,2,0,0,2,2,0,0,0,2,0,1,2
25271,25271,España,5.0,5.0,5.0,4.0,2.0,8.0,3.0,6.0,6.0,5.0,9.0,3.0,8.0,1.0,6.0,6.0,5.0,8.0,2.0,1,2.0,3,0,1,5.428571428571429,2,5.666666666666667,2,1,5.0,2,2,1,1,1,1,1,2,0,0,2,0,0,0,1,0,1,2
62512,62512,Eslovaquia,2.0,5.0,2.0,7.0,3.0,3.0,4.0,3.0,6.0,7.0,7.0,3.0,3.0,0.0,3.0,6.0,5.0,5.0,8.0,2,1.0,8,2,0,4.142857142857143,2,3.333333333333333,1,1,3.0,1,2,0,0,0,3,1,0,1,0,1,1,2,0,2,1,1,2
42333,42333,Croacia,5.0,2.0,3.0,2.0,3.0,5.0,4.0,3.0,6.0,3.0,3.0,2.0,3.0,2.0,6.0,5.0,9.0,8.0,4.0,1,2.0,6,1,1,3.571428571428572,1,4.0,2,1,3.333333333333333,1,0,1,0,2,0,0,1,0,2,2,1,0,0,0,1,1,0
14989,14989,Países Bajos,6.0,5.0,7.0,3.0,3.0,5.0,5.0,8.0,4.0,4.0,5.0,8.0,7.0,9.0,8.0,5.0,6.0,4.0,6.0,0,1.0,2,1,0,6.428571428571429,3,6.0,3,1,6.0,2,0,1,2,3,0,3,0,1,0,2,1,2,0,0,1,1,2
55097,55097,Eslovaquia,8.0,8.0,8.0,3.0,3.0,4.0,4.0,6.0,2.0,2.0,5.0,5.0,5.0,4.0,4.0,7.0,7.0,6.0,5.0,2,2.0,8,1,1,3.857142857142857,1,4.666666666666667,2,1,8.0,3,0,1,1,1,0,0,2,2,2,2,1,0,0,0,1,1,2
32717,32717,Italia,8.0,5.0,8.0,5.0,3.0,6.0,5.0,5.0,6.0,6.0,5.0,5.0,6.0,6.0,7.0,5.0,3.0,8.0,5.0,1,3.0,4,1,1,5.857142857142857,2,5.333333333333333,2,1,7.0,2,2,1,2,1,2,3,2,0,2,2,1,0,0,1,1,1,1
14623,14623,Países Bajos,8.0,8.0,8.0,6.0,2.0,8.0,9.0,8.0,3.0,9.0,6.0,7.0,7.0,6.0,3.0,8.0,8.0,9.0,2.0,0,3.0,2,0,2,5.857142857142857,2,8.333333333333334,4,1,8.0,3,0,1,2,3,2,3,2,2,2,2,2,2,0,2,1,0,2
50386,50386,Hungría,5.0,5.0,5.0,7.0,3.0,5.0,5.0,5.0,0.0,5.0,5.0,5.0,5.0,5.0,7.0,0.0,0.0,5.0,0.0,2,1.0,7,0,0,4.571428571428571,2,5.0,2,1,5.0,2,2,1,0,1,3,1,1,2,0,1,1,2,0,1,1,1,2
35804,35804,Portugal,5.0,2.0,2.0,5.0,4.0,2.0,7.0,6.0,1.0,1.0,5.0,1.0,1.0,1.0,5.0,4.0,4.0,7.0,5.0,1,1.0,5,1,1,2.142857142857143,1,5.0,2,2,3.0,1,1,1,2,1,1,0,1,0,0,0,2,2,0,0,1,1,0
32424,32424,Italia,4.0,3.0,4.0,6.0,3.0,8.0,2.0,3.0,8.0,8.0,8.0,3.0,6.0,3.0,4.0,5.0,7.0,7.0,6.0,1,3.0,4,1,1,5.714285714285714,2,4.333333333333333,2,1,3.6666666666666665,1,2,1,0,2,2,2,0,1,1,2,0,0,2,2,1,1,0
41200,41200,Croacia,7.0,5.0,7.0,0.0,1.0,7.0,2.0,1.0,6.0,0.0,8.0,5.0,2.0,1.0,10.0,7.0,7.0,8.0,0.0,1,1.0,6,0,1,4.571428571428571,2,3.333333333333333,1,0,6.333333333333333,2,0,1,0,0,0,2,1,0,2,0,0,0,1,0,1,1,0
49249,49249,Hungría,4.0,4.0,3.0,4.0,3.0,3.0,4.0,3.0,8.0,7.0,7.0,5.0,7.0,5.0,7.0,5.0,5.0,7.0,0.0,2,1.0,7,0,1,6.571428571428571,3,3.333333333333333,1,1,3.6666666666666665,1,1,0,0,0,2,3,2,1,2,2,1,2,2,2,1,1,2
4136,4136,Bélgica,8.0,5.0,6.0,5.0,4.0,5.0,5.0,4.0,5.0,7.0,6.0,6.0,8.0,5.0,8.0,5.0,5.0,9.0,2.0,0,4.0,0,0,2,6.428571428571429,3,4.666666666666667,2,2,6.333333333333333,2,0,1,0,2,2,3,2,0,2,0,1,2,0,2,1,0,2
53044,53044,Hungría,5.0,4.0,4.0,4.0,3.0,5.0,5.0,4.0,6.0,4.0,7.0,8.0,6.0,5.0,7.0,4.0,6.0,5.0,3.0,2,1.0,7,0,0,6.142857142857143,3,4.666666666666667,2,1,4.333333333333333,1,0,1,0,2,1,3,0,1,0,0,1,0,2,0,1,0,2
1431,1431,Bélgica,5.0,2.0,3.0,5.0,4.0,7.0,6.0,7.0,5.0,5.0,5.0,6.0,5.0,6.0,8.0,6.0,5.0,8.0,5.0,0,4.0,0,1,1,5.714285714285714,2,6.666666666666667,3,2,3.333333333333333,1,1,1,2,3,2,1,0,0,2,1,2,2,0,1,1,1,0
22907,22907,España,7.0,4.0,7.0,4.0,2.0,8.0,4.0,4.0,7.0,7.0,9.0,6.0,8.0,6.0,7.0,6.0,7.0,8.0,6.0,1,2.0,3,1,1,7.142857142857143,3,5.333333333333333,2,1,6.0,2,1,1,0,2,2,3,2,0,2,2,1,0,2,2,0,0,2
21123,21123,España,9.0,4.0,9.0,5.0,1.0,7.0,6.0,8.0,8.0,8.0,9.0,5.0,8.0,7.0,8.0,10.0,10.0,7.0,0.0,1,2.0,3,0,1,7.571428571428571,3,7.0,3,0,7.333333333333333,2,0,1,2,3,1,3,2,2,2,0,2,2,2,2,0,1,2
36158,36158,Portugal,5.0,2.0,3.0,5.0,4.0,5.0,3.0,3.0,3.0,7.0,8.0,0.0,3.0,0.0,7.0,2.0,7.0,10.0,5.0,1,4.0,5,1,2,4.0,2,3.6666666666666665,1,2,3.333333333333333,1,2,1,0,2,1,2,0,0,2,2,0,2,0,2,1,0,0
1944,1944,Bélgica,10.0,2.0,7.0,5.0,4.0,4.0,5.0,5.0,3.0,3.0,7.0,2.0,0.0,1.0,4.0,5.0,6.0,10.0,5.0,0,1.0,0,1,2,2.857142857142857,1,4.666666666666667,2,2,6.333333333333333,2,1,1,1,1,2,0,2,0,1,2,1,2,2,0,1,1,0
44924,44924,Hungría,3.0,5.0,5.0,5.0,3.0,8.0,5.0,5.0,4.0,3.0,5.0,3.0,3.0,3.0,7.0,5.0,5.0,8.0,7.0,2,1.0,7,2,1,4.0,2,6.0,3,1,4.333333333333333,1,2,1,2,3,1,2,0,1,2,2,1,2,0,0,1,1,2
33778,33778,Portugal,2.0,4.0,3.0,5.0,4.0,1.0,2.0,1.0,5.0,4.0,8.0,1.0,1.0,1.0,8.0,4.0,5.0,7.0,3.0,1,2.0,5,0,1,4.0,2,1.3333333333333333,0,2,3.0,1,1,1,0,0,1,1,0,0,0,0,0,0,1,0,1,1,0
15164,15164,Países Bajos,6.0,8.0,8.0,4.0,2.0,7.0,7.0,6.0,5.0,5.0,7.0,4.0,5.0,5.0,8.0,8.0,6.0,8.0,8.0,0,1.0,2,2,1,5.571428571428571,2,6.666666666666667,3,1,7.333333333333333,2,1,0,2,3,2,2,2,2,2,1,2,2,0,1,1,1,2
14240,14240,Países Bajos,8.0,8.0,6.0,3.0,2.0,7.0,5.0,5.0,6.0,8.0,8.0,7.0,7.0,7.0,7.0,6.0,5.0,6.0,0.0,0,2.0,2,0,1,7.142857142857143,3,5.666666666666667,2,1,7.333333333333333,2,0,1,1,1,0,3,2,2,0,2,1,0,1,2,1,0,2
6323,6323,Bélgica,7.0,5.0,6.0,6.0,3.0,6.0,6.0,6.0,6.0,4.0,7.0,4.0,6.0,5.0,8.0,5.0,3.0,7.0,2.0,0,2.0,0,0,1,5.714285714285714,2,6.0,3,1,6.0,2,1,1,0,3,2,2,1,2,2,1,2,1,0,0,1,1,2
30839,30839,Italia,4.0,5.0,3.0,6.0,2.0,6.0,6.0,6.0,6.0,3.0,4.0,4.0,3.0,6.0,7.0,6.0,5.0,6.0,7.0,1,2.0,4,2,1,4.714285714285714,2,6.0,3,1,4.0,1,1,1,2,3,1,2,0,0,1,1,2,2,0,0,1,1,0
58460,58460,Eslovaquia,2.0,8.0,5.0,8.0,1.0,3.0,2.0,5.0,1.0,1.0,5.0,3.0,2.0,2.0,8.0,4.0,4.0,10.0,8.0,2,2.0,8,2,2,3.142857142857143,1,3.333333333333333,1,0,5.0,2,2,0,0,0,3,0,0,2,1,2,0,2,0,0,1,1,0
28926,28926,Italia,4.0,2.0,3.0,2.0,3.0,4.0,4.0,5.0,3.0,2.0,4.0,1.0,2.0,1.0,8.0,2.0,5.0,8.0,7.0,1,3.0,4,2,1,3.0,1,4.333333333333333,2,1,3.0,1,0,1,0,2,0,0,2,0,2,2,1,2,2,0,1,0,0
24623,24623,España,8.0,7.0,7.0,2.0,2.0,6.0,5.0,6.0,7.0,2.0,0.0,2.0,6.0,4.0,7.0,7.0,7.0,8.0,0.0,1,4.0,3,0,1,4.0,2,5.666666666666667,2,1,7.333333333333333,2,0,1,1,2,0,2,2,2,0,0,1,0,2,0,1,1,0
27299,27299,España,8.0,3.0,6.0,6.0,1.0,9.0,6.0,5.0,6.0,5.0,9.0,7.0,7.0,6.0,10.0,7.0,5.0,7.0,5.0,1,3.0,3,1,1,7.142857142857143,3,6.666666666666667,3,0,5.666666666666667,2,1,1,2,3,2,3,2,1,1,2,2,2,2,1,0,0,2
43877,43877,Hungría,8.0,2.0,0.0,2.0,4.0,7.0,5.0,7.0,3.0,3.0,4.0,0.0,2.0,0.0,7.0,2.0,0.0,5.0,10.0,2,1.0,7,2,0,2.7142857142857144,1,6.333333333333333,3,2,3.333333333333333,1,0,1,2,3,0,0,2,0,0,0,1,2,2,0,1,1,0
45671,45671,Hungría,6.0,4.0,4.0,0.0,4.0,0.0,1.0,0.0,7.0,0.0,0.0,0.0,0.0,0.0,8.0,3.0,5.0,8.0,0.0,2,1.0,7,0,1,2.142857142857143,1,0.3333333333333333,0,2,4.666666666666667,1,0,1,0,0,0,0,2,2,0,0,0,0,2,0,1,1,0
52901,52901,Hungría,2.0,6.0,1.0,1.0,2.0,2.0,1.0,2.0,2.0,1.0,2.0,2.0,2.0,2.0,9.0,2.0,2.0,6.0,8.0,2,1.0,7,2,1,2.857142857142857,1,1.6666666666666667,0,1,3.0,1,0,0,0,0,0,0,0,0,0,0,0,0,0,0,1,1,0
60654,60654,Eslovaquia,4.0,4.0,6.0,4.0,3.0,7.0,5.0,5.0,4.0,5.0,4.0,4.0,5.0,6.0,5.0,7.0,5.0,8.0,2.0,2,3.0,8,0,1,4.714285714285714,2,5.666666666666667,2,1,4.666666666666667,1,1,1,2,2,2,1,0,0,2,0,1,2,0,1,1,1,0
58682,58682,Eslovaquia,7.0,3.0,8.0,9.0,2.0,3.0,3.0,6.0,5.0,4.0,4.0,0.0,2.0,0.0,3.0,4.0,7.0,7.0,8.0,2,2.0,8,2,1,2.571428571428572,1,4.0,2,1,6.0,2,2,1,2,2,3,0,0,1,2,1,0,2,0,0,1,1,0
30542,30542,Italia,0.0,6.0,0.0,0.0,2.0,7.0,0.0,0.0,6.0,7.0,10.0,0.0,0.0,0.0,8.0,0.0,0.0,10.0,10.0,1,2.0,4,2,2,4.428571428571429,2,2.333333333333333,1,1,2.0,0,0,1,0,0,0,2,0,0,0,2,0,0,0,2,0,1,0
56870,56870,Eslovaquia,8.0,4.0,3.0,5.0,2.0,2.0,5.0,2.0,3.0,3.0,3.0,3.0,3.0,3.0,5.0,3.0,5.0,5.0,3.0,2,1.0,8,0,0,3.2857142857142856,1,3.0,1,1,5.0,2,2,1,0,0,1,0,2,0,2,0,1,0,0,0,0,1,0
24814,24814,España,8.0,8.0,6.0,4.0,3.0,4.0,5.0,3.0,5.0,5.0,8.0,0.0,5.0,0.0,10.0,8.0,8.0,9.0,2.0,1,2.0,3,0,2,4.714285714285714,2,4.0,2,1,7.333333333333333,2,2,1,0,1,1,1,2,2,2,2,1,2,0,1,1,1,0
20865,20865,Países Bajos,10.0,8.0,10.0,7.0,1.0,8.0,7.0,6.0,4.0,7.0,6.0,6.0,7.0,6.0,9.0,7.0,8.0,8.0,7.0,0,2.0,2,2,1,6.428571428571429,3,7.0,3,0,9.333333333333334,3,2,1,2,3,3,3,2,2,2,2,2,0,0,2,1,0,2
34621,34621,Portugal,5.0,6.0,0.0,9.0,4.0,5.0,1.0,8.0,10.0,3.0,9.0,8.0,3.0,7.0,8.0,10.0,7.0,1.0,10.0,1,1.0,5,2,0,6.857142857142857,3,4.666666666666667,2,2,3.6666666666666665,1,2,0,2,2,3,3,0,2,0,2,0,2,2,0,0,0,0
25653,25653,España,2.0,5.0,5.0,0.0,4.0,6.0,2.0,4.0,4.0,5.0,8.0,0.0,4.0,0.0,7.0,0.0,4.0,5.0,7.0,1,2.0,3,2,0,4.0,2,4.0,2,2,4.0,1,0,1,1,1,0,2,0,0,1,2,0,0,0,1,1,1,2
8863,8863,Alemania,6.0,4.0,6.0,5.0,3.0,4.0,4.0,4.0,3.0,4.0,6.0,5.0,5.0,4.0,5.0,5.0,4.0,9.0,3.0,0,3.0,1,0,2,4.571428571428571,2,4.0,2,1,5.333333333333333,2,0,1,0,2,1,2,2,0,2,2,1,0,2,0,1,1,0
56180,56180,Eslovaquia,10.0,4.0,5.0,1.0,2.0,10.0,5.0,10.0,5.0,2.0,10.0,5.0,6.0,5.0,7.0,3.0,5.0,10.0,1.0,2,1.0,8,0,2,5.714285714285714,2,8.333333333333334,4,1,6.333333333333333,2,0,1,2,3,0,2,2,2,2,2,1,2,0,0,0,1,0
3017,3017,Bélgica,6.0,2.0,5.0,6.0,2.0,7.0,4.0,7.0,6.0,6.0,5.0,2.0,7.0,5.0,8.0,7.0,6.0,7.0,7.0,0,4.0,0,2,1,5.571428571428571,2,6.0,3,1,4.333333333333333,1,1,1,1,3,1,2,2,0,2,2,1,2,1,1,1,1,2
61253,61253,Eslovaquia,3.0,2.0,3.0,6.0,2.0,8.0,4.0,7.0,6.0,2.0,6.0,4.0,6.0,4.0,5.0,6.0,5.0,7.0,6.0,2,3.0,8,1,1,4.714285714285714,2,6.333333333333333,3,1,2.6666666666666665,1,1,1,2,3,1,1,0,0,0,2,1,2,2,0,1,1,0
11750,11750,Alemania,5.0,5.0,5.0,5.0,2.0,5.0,5.0,5.0,1.0,5.0,5.0,0.0,5.0,0.0,2.0,5.0,1.0,5.0,2.0,0,4.0,1,0,0,2.571428571428572,1,5.0,2,1,5.0,2,0,1,1,2,1,0,1,1,2,1,1,2,0,1,1,1,0
19946,19946,Países Bajos,7.0,4.0,7.0,6.0,2.0,7.0,5.0,6.0,4.0,7.0,7.0,4.0,5.0,5.0,9.0,6.0,7.0,8.0,5.0,0,4.0,2,1,1,5.857142857142857,2,6.0,3,1,6.0,2,1,1,2,3,1,3,0,0,0,2,1,0,0,2,1,1,2
61037,61037,Eslovaquia,2.0,5.0,3.0,3.0,2.0,4.0,2.0,0.0,5.0,2.0,6.0,5.0,4.0,5.0,4.0,3.0,4.0,4.0,7.0,2,2.0,8,2,0,4.428571428571429,2,2.0,1,1,3.333333333333333,1,0,1,0,0,0,1,0,1,1,2,0,0,0,0,1,1,2
55635,55635,Eslovaquia,1.0,1.0,1.0,5.0,3.0,7.0,7.0,7.0,4.0,4.0,4.0,4.0,5.0,4.0,7.0,1.0,5.0,5.0,7.0,2,1.0,8,2,0,4.571428571428571,2,7.0,3,1,1.0,0,1,1,2,3,2,1,0,0,0,2,2,2,2,0,1,1,2
50498,50498,Hungría,7.0,6.0,8.0,1.0,2.0,4.0,3.0,1.0,8.0,2.0,7.0,0.0,0.0,0.0,8.0,6.0,4.0,9.0,5.0,2,1.0,7,1,2,3.571428571428572,1,2.6666666666666665,1,1,7.0,2,0,1,0,0,0,0,2,2,2,2,0,0,2,0,1,1,0
22346,22346,España,7.0,7.0,4.0,5.0,2.0,6.0,3.0,1.0,4.0,4.0,8.0,1.0,2.0,1.0,4.0,6.0,7.0,7.0,0.0,1,2.0,3,0,1,3.4285714285714284,1,3.333333333333333,1,1,6.0,2,0,0,0,0,1,0,2,2,1,1,0,0,1,0,1,1,0
12160,12160,Alemania,6.0,7.0,8.0,3.0,1.0,6.0,7.0,6.0,7.0,9.0,7.0,7.0,7.0,7.0,5.0,6.0,6.0,9.0,2.0,0,1.0,1,0,2,7.0,3,6.333333333333333,3,0,7.0,2,0,1,2,3,0,3,2,2,2,2,2,2,2,2,1,1,2
9371,9371,Alemania,6.0,4.0,5.0,4.0,2.0,3.0,4.0,4.0,5.0,7.0,5.0,2.0,4.0,6.0,8.0,4.0,4.0,5.0,6.0,0,2.0,1,1,0,5.285714285714286,2,3.6666666666666665,1,1,5.0,2,0,1,2,2,2,2,2,0,0,0,1,0,0,2,1,1,0
6434,6434,Bélgica,2.0,4.0,3.0,3.0,4.0,6.0,1.0,5.0,2.0,2.0,7.0,2.0,2.0,2.0,10.0,2.0,3.0,8.0,9.0,0,4.0,0,2,1,3.857142857142857,1,4.0,2,2,3.0,1,0,0,0,2,0,0,0,1,1,0,0,2,0,0,1,1,0
51677,51677,Hungría,8.0,9.0,7.0,8.0,2.0,8.0,8.0,8.0,8.0,8.0,9.0,8.0,7.0,8.0,9.0,8.0,8.0,8.0,7.0,2,3.0,7,2,1,8.142857142857142,4,8.0,4,1,8.0,3,2,1,2,3,3,3,2,2,0,2,2,2,2,2,0,0,2
18399,18399,Países Bajos,7.0,6.0,8.0,3.0,2.0,7.0,7.0,6.0,6.0,6.0,7.0,6.0,7.0,6.0,9.0,7.0,7.0,7.0,8.0,0,2.0,2,2,1,6.714285714285714,3,6.666666666666667,3,1,7.0,2,0,0,2,3,0,3,0,1,2,2,2,2,0,1,1,0,2
6577,6577,Bélgica,7.0,7.0,7.0,8.0,4.0,2.0,3.0,0.0,3.0,4.0,5.0,2.0,2.0,1.0,8.0,2.0,1.0,6.0,0.0,0,1.0,0,0,1,3.571428571428572,1,1.6666666666666667,0,2,7.0,2,2,1,0,0,3,0,2,2,1,0,0,0,2,0,1,1,0
15173,15173,Países Bajos,8.0,5.0,5.0,10.0,4.0,10.0,3.0,7.0,5.0,4.0,5.0,5.0,7.0,5.0,1.0,6.0,5.0,5.0,3.0,0,2.0,2,0,0,4.571428571428571,2,6.666666666666667,3,2,6.0,2,2,1,2,3,3,2,2,2,0,2,0,2,1,0,1,1,2
2393,2393,Bélgica,5.0,5.0,3.0,5.0,4.0,6.0,7.0,4.0,1.0,1.0,5.0,1.0,1.0,1.0,9.0,5.0,4.0,9.0,7.0,0,2.0,0,2,2,2.7142857142857144,1,5.666666666666667,2,2,4.333333333333333,1,0,1,0,2,1,0,0,0,0,2,2,0,0,0,1,1,0
13684,13684,Alemania,8.0,5.0,7.0,3.0,1.0,7.0,8.0,6.0,4.0,8.0,6.0,5.0,6.0,5.0,10.0,7.0,5.0,9.0,2.0,0,4.0,1,0,2,6.285714285714286,3,7.0,3,0,6.666666666666667,2,0,1,2,3,0,3,2,0,2,2,2,2,0,2,1,1,0
19888,19888,Países Bajos,8.0,7.0,7.0,6.0,1.0,8.0,7.0,7.0,6.0,6.0,7.0,5.0,6.0,6.0,8.0,6.0,6.0,8.0,8.0,0,2.0,2,2,1,6.285714285714286,3,7.333333333333333,3,0,7.333333333333333,2,2,0,2,3,2,3,2,2,2,2,2,2,0,1,1,1,0
7630,7630,Alemania,8.0,8.0,1.0,5.0,4.0,4.0,3.0,3.0,2.0,2.0,5.0,0.0,1.0,0.0,9.0,3.0,3.0,7.0,5.0,0,2.0,1,1,1,2.7142857142857144,1,3.333333333333333,1,2,5.666666666666667,2,2,1,1,0,1,0,2,2,0,2,0,2,0,0,1,0,0
36908,36908,Portugal,5.0,2.0,3.0,6.0,4.0,5.0,5.0,5.0,1.0,8.0,6.0,1.0,5.0,0.0,7.0,5.0,5.0,5.0,7.0,1,2.0,5,2,0,4.0,2,5.0,2,2,3.333333333333333,1,0,1,0,2,1,2,0,0,0,0,1,0,0,2,1,1,0
53763,53763,Eslovaquia,4.0,4.0,3.0,5.0,3.0,2.0,5.0,2.0,2.0,3.0,3.0,3.0,3.0,3.0,7.0,5.0,5.0,5.0,4.0,2,1.0,8,1,0,3.4285714285714284,1,3.0,1,1,3.6666666666666665,1,2,1,2,0,1,0,2,0,2,0,1,2,0,0,0,1,1
15393,15393,Países Bajos,8.0,5.0,8.0,8.0,1.0,5.0,10.0,7.0,6.0,8.0,6.0,7.0,8.0,7.0,9.0,5.0,4.0,10.0,0.0,0,4.0,2,0,2,7.285714285714286,3,7.333333333333333,3,0,7.0,2,2,0,2,3,3,3,2,0,2,2,2,2,1,2,1,0,2
6096,6096,Bélgica,6.0,4.0,6.0,8.0,2.0,5.0,4.0,5.0,6.0,7.0,6.0,4.0,6.0,4.0,8.0,7.0,5.0,8.0,2.0,0,2.0,0,0,1,5.857142857142857,2,4.666666666666667,2,1,5.333333333333333,2,2,1,2,1,3,3,1,0,0,2,1,0,2,2,1,1,2
7020,7020,Alemania,10.0,10.0,10.0,10.0,1.0,10.0,10.0,10.0,10.0,10.0,5.0,10.0,10.0,10.0,10.0,10.0,10.0,10.0,10.0,0,2.0,1,2,2,9.285714285714286,4,10.0,4,0,10.0,3,2,1,2,3,3,3,2,2,2,2,2,2,2,2,1,0,2
1003,1003,Bélgica,7.0,5.0,7.0,5.0,2.0,7.0,7.0,3.0,6.0,8.0,7.0,5.0,7.0,6.0,5.0,7.0,5.0,9.0,2.0,0,1.0,0,0,2,6.285714285714286,3,5.666666666666667,2,1,6.333333333333333,2,2,1,0,2,2,3,1,0,1,1,2,2,2,2,1,1,2
6954,6954,Bélgica,8.0,9.0,7.0,5.0,2.0,8.0,7.0,7.0,7.0,6.0,5.0,6.0,7.0,5.0,9.0,8.0,7.0,10.0,7.0,0,2.0,0,2,2,6.428571428571429,3,7.333333333333333,3,1,8.0,3,0,1,2,3,1,3,2,2,2,2,2,2,2,1,1,1,2
6412,6412,Bélgica,4.0,5.0,2.0,5.0,1.0,6.0,8.0,8.0,2.0,4.0,8.0,4.0,6.0,4.0,5.0,7.0,3.0,10.0,9.0,0,3.0,0,2,2,4.714285714285714,2,7.333333333333333,3,0,3.6666666666666665,1,0,1,2,3,1,1,2,0,0,1,2,2,0,0,1,1,2
10852,10852,Alemania,7.0,4.0,6.0,6.0,4.0,5.0,4.0,2.0,3.0,5.0,7.0,3.0,5.0,3.0,9.0,3.0,5.0,8.0,3.0,0,2.0,1,0,1,5.0,2,3.6666666666666665,1,2,5.666666666666667,2,2,1,0,2,1,1,2,0,0,2,1,0,0,1,1,1,2
11784,11784,Alemania,8.0,8.0,8.0,2.0,3.0,7.0,6.0,7.0,8.0,9.0,9.0,7.0,7.0,7.0,8.0,4.0,3.0,8.0,5.0,0,2.0,1,1,1,7.857142857142857,3,6.666666666666667,3,1,8.0,3,0,1,2,3,0,3,2,2,2,2,2,2,2,2,0,0,2
50542,50542,Hungría,5.0,5.0,10.0,6.0,4.0,5.0,5.0,5.0,6.0,5.0,5.0,5.0,5.0,5.0,5.0,5.0,5.0,6.0,5.0,2,1.0,7,1,1,5.142857142857143,2,5.0,2,2,6.666666666666667,2,2,1,1,2,1,2,0,0,2,2,1,2,2,1,1,1,0
16137,16137,Países Bajos,6.0,3.0,7.0,6.0,2.0,5.0,2.0,4.0,5.0,6.0,5.0,5.0,3.0,6.0,9.0,5.0,5.0,8.0,3.0,0,1.0,2,0,1,5.571428571428571,2,3.6666666666666665,1,1,5.333333333333333,2,0,1,0,2,2,2,0,0,0,1,0,0,2,1,1,1,0
27666,27666,España,5.0,6.0,5.0,4.0,3.0,5.0,6.0,6.0,5.0,6.0,5.0,5.0,5.0,5.0,6.0,6.0,5.0,6.0,3.0,1,3.0,3,0,1,5.285714285714286,2,5.666666666666667,2,1,5.333333333333333,2,1,1,0,2,1,2,0,1,1,1,2,2,0,1,1,1,1
60884,60884,Eslovaquia,4.0,3.0,2.0,5.0,2.0,2.0,3.0,4.0,3.0,4.0,2.0,4.0,4.0,4.0,2.0,2.0,4.0,4.0,2.0,2,2.0,8,0,0,3.2857142857142856,1,3.0,1,1,3.0,1,0,1,2,0,2,0,1,0,0,0,0,0,1,0,1,1,0
3538,3538,Bélgica,7.0,5.0,5.0,7.0,3.0,7.0,7.0,7.0,1.0,4.0,3.0,2.0,4.0,1.0,5.0,6.0,3.0,10.0,5.0,0,4.0,0,1,2,2.857142857142857,1,7.0,3,1,5.666666666666667,2,2,1,2,3,3,0,0,0,2,2,2,2,0,0,1,1,0
54063,54063,Eslovaquia,4.0,5.0,4.0,6.0,4.0,5.0,3.0,4.0,2.0,8.0,10.0,0.0,8.0,0.0,0.0,5.0,5.0,5.0,5.0,2,3.0,8,1,0,4.0,2,4.0,2,2,4.333333333333333,1,0,1,0,1,2,2,2,0,2,0,0,1,0,2,0,1,2
31322,31322,Italia,5.0,5.0,5.0,6.0,3.0,6.0,4.0,6.0,5.0,6.0,6.0,5.0,6.0,5.0,7.0,7.0,7.0,7.0,2.0,1,2.0,4,0,1,5.714285714285714,2,5.333333333333333,2,1,5.0,2,1,1,0,2,2,2,1,2,1,1,1,2,2,1,1,1,0
31972,31972,Italia,6.0,5.0,6.0,2.0,2.0,6.0,4.0,6.0,7.0,8.0,6.0,5.0,7.0,7.0,10.0,9.0,8.0,8.0,6.0,1,2.0,4,1,1,7.142857142857143,3,5.333333333333333,2,1,5.666666666666667,2,0,1,0,1,0,3,0,0,2,2,1,2,2,2,1,1,2
34528,34528,Portugal,7.0,1.0,1.0,6.0,4.0,5.0,5.0,5.0,5.0,3.0,5.0,2.0,5.0,2.0,9.0,5.0,3.0,7.0,10.0,1,1.0,5,2,1,4.428571428571429,2,5.0,2,2,3.0,1,0,0,2,1,1,1,0,0,0,0,1,0,1,0,1,1,0
236,236,Bélgica,8.0,5.0,7.0,2.0,3.0,7.0,1.0,0.0,5.0,8.0,9.0,5.0,5.0,5.0,6.0,8.0,5.0,9.0,0.0,0,1.0,0,0,2,6.142857142857143,3,2.6666666666666665,1,1,6.666666666666667,2,0,1,0,0,0,3,2,1,2,0,0,0,0,2,0,1,0
24634,24634,España,4.0,7.0,6.0,6.0,3.0,5.0,5.0,2.0,6.0,6.0,8.0,3.0,5.0,3.0,8.0,5.0,5.0,7.0,2.0,1,2.0,3,0,1,5.571428571428571,2,4.0,2,1,5.666666666666667,2,0,1,2,2,1,2,2,2,1,2,1,0,0,1,1,1,0
42447,42447,Croacia,2.0,2.0,2.0,10.0,4.0,3.0,0.0,2.0,3.0,2.0,1.0,0.0,3.0,2.0,4.0,2.0,3.0,5.0,2.0,1,1.0,6,0,0,2.142857142857143,1,1.6666666666666667,0,2,2.0,0,2,1,0,0,3,0,0,0,0,2,0,0,0,0,1,1,0
30378,30378,Italia,7.0,3.0,5.0,5.0,4.0,4.0,5.0,2.0,2.0,3.0,5.0,3.0,3.0,0.0,8.0,6.0,6.0,8.0,4.0,1,1.0,4,1,1,3.4285714285714284,1,3.6666666666666665,1,2,5.0,2,0,1,2,2,1,0,0,0,0,2,1,0,0,0,1,1,0
44827,44827,Hungría,3.0,2.0,2.0,3.0,2.0,5.0,6.0,5.0,4.0,6.0,4.0,5.0,5.0,5.0,7.0,3.0,5.0,8.0,7.0,2,1.0,7,2,1,5.142857142857143,2,5.333333333333333,2,1,2.333333333333333,0,0,1,1,2,0,2,0,0,0,2,2,2,2,1,1,1,1
30907,30907,Italia,6.0,5.0,6.0,7.0,2.0,6.0,3.0,6.0,6.0,5.0,6.0,4.0,6.0,4.0,7.0,4.0,3.0,7.0,7.0,1,3.0,4,2,1,5.428571428571429,2,5.0,2,1,5.666666666666667,2,2,1,1,2,3,2,1,0,0,2,0,1,0,1,1,1,2
54197,54197,Eslovaquia,3.0,4.0,4.0,5.0,3.0,4.0,4.0,4.0,4.0,3.0,4.0,2.0,3.0,3.0,9.0,2.0,2.0,5.0,6.0,2,3.0,8,1,0,4.0,2,4.0,2,1,3.6666666666666665,1,1,1,0,2,1,2,0,0,2,2,1,0,1,0,0,1,2
11599,11599,Alemania,7.0,5.0,7.0,3.0,1.0,8.0,9.0,6.0,5.0,9.0,9.0,4.0,7.0,5.0,9.0,7.0,6.0,9.0,0.0,0,2.0,1,0,2,6.857142857142857,3,7.666666666666667,3,0,6.333333333333333,2,0,1,2,3,0,3,0,0,1,2,2,0,2,2,0,1,2
6241,6241,Bélgica,3.0,4.0,2.0,5.0,4.0,9.0,6.0,7.0,7.0,7.0,7.0,5.0,7.0,8.0,7.0,4.0,8.0,9.0,1.0,0,2.0,0,0,2,6.857142857142857,3,7.333333333333333,3,2,3.0,1,2,1,2,3,2,3,0,0,0,2,2,2,2,2,1,1,2
54017,54017,Eslovaquia,3.0,2.0,9.0,9.0,3.0,3.0,2.0,10.0,7.0,8.0,10.0,5.0,8.0,5.0,9.0,2.0,2.0,5.0,10.0,2,4.0,8,2,0,7.428571428571429,3,5.0,2,1,4.666666666666667,1,2,0,1,1,3,3,0,0,2,0,0,2,2,2,0,1,2
53992,53992,Eslovaquia,3.0,3.0,2.0,3.0,3.0,4.0,3.0,2.0,3.0,3.0,4.0,1.0,3.0,3.0,10.0,3.0,5.0,6.0,8.0,2,2.0,8,2,1,3.857142857142857,1,3.0,1,1,2.6666666666666665,1,0,0,2,0,0,0,0,0,0,2,0,2,2,0,1,1,0
44408,44408,Hungría,8.0,5.0,5.0,7.0,3.0,5.0,6.0,6.0,7.0,8.0,7.0,7.0,7.0,8.0,4.0,2.0,2.0,7.0,7.0,2,1.0,7,2,1,6.857142857142857,3,5.666666666666667,2,1,6.0,2,2,1,0,2,3,3,2,0,0,0,2,2,2,2,1,1,2
46027,46027,Hungría,3.0,5.0,5.0,7.0,3.0,7.0,3.0,7.0,9.0,8.0,8.0,7.0,7.0,7.0,10.0,3.0,4.0,8.0,6.0,2,1.0,7,1,1,8.0,4,5.666666666666667,2,1,4.333333333333333,1,2,1,2,1,3,3,0,0,2,2,0,2,2,2,1,0,2
54811,54811,Eslovaquia,3.0,4.0,2.0,5.0,2.0,7.0,3.0,4.0,6.0,3.0,4.0,5.0,5.0,4.0,10.0,4.0,4.0,6.0,8.0,2,2.0,8,2,1,5.285714285714286,2,4.666666666666667,2,1,3.0,1,0,0,0,2,2,2,0,2,0,0,0,0,2,0,1,1,2
19435,19435,Países Bajos,3.0,6.0,6.0,7.0,4.0,5.0,8.0,7.0,9.0,8.0,8.0,5.0,8.0,6.0,7.0,2.0,3.0,9.0,5.0,0,3.0,2,1,2,7.285714285714286,3,6.666666666666667,3,2,5.0,2,2,1,2,3,3,3,0,1,1,0,2,2,2,2,1,1,2
38132,38132,Portugal,8.0,5.0,8.0,2.0,1.0,6.0,5.0,5.0,6.0,4.0,7.0,6.0,8.0,6.0,6.0,8.0,8.0,7.0,2.0,1,2.0,5,0,1,6.142857142857143,3,5.333333333333333,2,0,7.0,2,0,1,0,1,0,3,2,0,2,0,1,2,2,0,1,0,2
45115,45115,Hungría,6.0,6.0,6.0,5.0,3.0,5.0,5.0,2.0,6.0,7.0,7.0,3.0,3.0,5.0,7.0,4.0,4.0,7.0,5.0,2,1.0,7,1,1,5.428571428571429,2,4.0,2,1,6.0,2,0,1,2,1,2,1,0,0,0,0,1,1,0,2,1,1,0
23129,23129,España,4.0,7.0,6.0,6.0,2.0,7.0,7.0,6.0,6.0,8.0,9.0,6.0,7.0,7.0,8.0,2.0,2.0,3.0,3.0,1,3.0,3,0,0,7.285714285714286,3,6.666666666666667,3,1,5.666666666666667,2,0,1,2,3,1,3,0,2,2,0,2,2,2,2,1,0,2
28654,28654,Italia,3.0,4.0,6.0,4.0,3.0,4.0,3.0,5.0,6.0,7.0,8.0,3.0,4.0,3.0,8.0,5.0,3.0,8.0,6.0,1,1.0,4,1,1,5.571428571428571,2,4.0,2,1,4.333333333333333,1,0,1,0,1,2,2,0,2,1,0,0,1,0,2,1,1,2
14099,14099,Países Bajos,4.0,5.0,3.0,6.0,2.0,6.0,6.0,4.0,3.0,6.0,6.0,4.0,5.0,4.0,7.0,5.0,5.0,8.0,8.0,0,2.0,2,2,1,5.0,2,5.333333333333333,2,1,4.0,1,0,1,0,2,2,1,1,1,2,2,2,2,0,1,1,1,1
33930,33930,Portugal,5.0,3.0,7.0,8.0,2.0,5.0,2.0,5.0,4.0,2.0,4.0,4.0,5.0,4.0,6.0,8.0,3.0,4.0,7.0,1,2.0,5,2,0,4.142857142857143,2,4.0,2,1,5.0,2,2,1,2,1,3,1,1,1,2,2,0,2,0,0,1,1,0
18541,18541,Países Bajos,8.0,6.0,8.0,4.0,2.0,7.0,7.0,6.0,6.0,9.0,8.0,7.0,7.0,6.0,8.0,7.0,7.0,9.0,1.0,0,2.0,2,0,2,7.285714285714286,3,6.666666666666667,3,1,7.333333333333333,2,0,1,2,3,2,3,2,2,2,1,2,1,0,2,1,0,2
62033,62033,Eslovaquia,3.0,4.0,2.0,5.0,2.0,4.0,3.0,2.0,8.0,7.0,8.0,5.0,5.0,4.0,9.0,3.0,3.0,7.0,2.0,2,2.0,8,0,1,6.571428571428571,3,3.0,1,1,3.0,1,0,1,2,0,1,3,0,2,0,2,0,0,2,2,1,1,0
55011,55011,Eslovaquia,2.0,2.0,2.0,2.0,2.0,5.0,2.0,5.0,5.0,2.0,5.0,0.0,2.0,2.0,3.0,5.0,5.0,8.0,7.0,2,2.0,8,2,1,2.7142857142857144,1,4.0,2,1,2.0,0,0,1,1,2,0,0,0,0,0,2,0,2,0,0,1,1,0
39863,39863,Portugal,3.0,0.0,0.0,3.0,2.0,10.0,5.0,3.0,7.0,5.0,8.0,5.0,5.0,6.0,8.0,7.0,4.0,7.0,10.0,1,3.0,5,2,1,6.285714285714286,3,6.0,3,1,1.0,0,0,0,2,3,0,3,0,0,0,2,1,2,2,1,1,1,1
9444,9444,Alemania,7.0,6.0,4.0,5.0,2.0,6.0,3.0,5.0,5.0,3.0,6.0,4.0,7.0,5.0,6.0,8.0,5.0,5.0,2.0,0,5.0,1,0,0,5.142857142857143,2,4.666666666666667,2,1,5.666666666666667,2,2,1,1,2,1,1,1,1,2,0,0,0,1,0,1,1,2
12764,12764,Alemania,1.0,5.0,5.0,5.0,1.0,0.0,2.0,3.0,4.0,5.0,9.0,5.0,4.0,5.0,9.0,0.0,2.0,3.0,0.0,0,1.0,1,0,0,5.857142857142857,2,1.6666666666666667,0,0,3.6666666666666665,1,2,1,0,0,1,3,0,2,0,0,0,0,0,1,0,1,2
43397,43397,Croacia,2.0,4.0,3.0,5.0,3.0,2.0,2.0,2.0,1.0,1.0,3.0,2.0,1.0,1.0,5.0,5.0,7.0,6.0,7.0,1,2.0,6,2,1,2.0,1,2.0,1,1,3.0,1,2,1,0,0,2,0,0,0,0,0,0,2,0,0,1,1,0
24512,24512,España,7.0,1.0,4.0,2.0,3.0,9.0,6.0,4.0,7.0,5.0,7.0,1.0,7.0,1.0,8.0,5.0,5.0,10.0,5.0,1,3.0,3,1,2,5.142857142857143,2,6.333333333333333,3,1,4.0,1,0,1,2,3,0,1,1,0,0,2,2,2,2,1,1,1,2
47854,47854,Hungría,5.0,4.0,4.0,7.0,3.0,4.0,7.0,5.0,5.0,3.0,5.0,3.0,3.0,5.0,10.0,5.0,4.0,4.0,2.0,2,2.0,7,0,0,4.857142857142857,2,5.333333333333333,2,1,4.333333333333333,1,2,1,2,2,3,2,0,1,1,2,2,2,2,0,1,1,2
41907,41907,Croacia,1.0,1.0,1.0,7.0,2.0,5.0,5.0,3.0,8.0,5.0,6.0,2.0,5.0,2.0,8.0,2.0,2.0,8.0,9.0,1,2.0,6,2,1,5.142857142857143,2,4.333333333333333,2,1,1.0,0,2,0,2,1,3,1,0,0,0,0,1,2,2,1,1,1,2
35526,35526,Portugal,4.0,4.0,5.0,4.0,3.0,6.0,5.0,7.0,3.0,5.0,9.0,3.0,6.0,3.0,7.0,2.0,2.0,7.0,8.0,1,2.0,5,2,1,5.142857142857143,2,6.0,3,1,4.333333333333333,1,0,0,0,3,2,1,2,2,1,0,1,2,0,1,1,1,0
18304,18304,Países Bajos,6.0,4.0,7.0,6.0,1.0,6.0,7.0,7.0,5.0,6.0,6.0,6.0,6.0,6.0,5.0,4.0,4.0,8.0,5.0,0,2.0,2,1,1,5.714285714285714,2,6.666666666666667,3,0,5.666666666666667,2,1,1,2,3,1,2,2,2,1,0,2,2,1,1,1,1,2
43078,43078,Croacia,8.0,0.0,3.0,8.0,2.0,2.0,2.0,0.0,5.0,1.0,5.0,0.0,0.0,0.0,9.0,5.0,5.0,9.0,7.0,1,1.0,6,2,2,2.857142857142857,1,1.3333333333333333,0,1,3.6666666666666665,1,2,1,0,0,3,0,2,0,2,0,0,0,0,0,1,1,0
50383,50383,Hungría,2.0,1.0,1.0,6.0,3.0,4.0,3.0,2.0,3.0,3.0,3.0,2.0,2.0,1.0,8.0,5.0,5.0,3.0,1.0,2,3.0,7,0,0,3.142857142857143,1,3.0,1,1,1.3333333333333333,0,0,1,2,0,1,0,0,0,0,2,0,2,0,0,1,1,0
40258,40258,Portugal,6.0,0.0,3.0,8.0,3.0,6.0,0.0,0.0,6.0,4.0,6.0,4.0,4.0,4.0,5.0,8.0,9.0,8.0,6.0,1,2.0,5,1,1,4.714285714285714,2,2.0,1,1,3.0,1,2,1,0,0,3,1,2,0,2,2,0,0,0,0,1,1,0
13857,13857,Alemania,5.0,5.0,7.0,5.0,1.0,5.0,5.0,7.0,6.0,8.0,8.0,5.0,5.0,5.0,7.0,7.0,5.0,6.0,2.0,0,2.0,1,0,1,6.285714285714286,3,5.666666666666667,2,0,5.666666666666667,2,0,1,1,1,1,3,2,1,2,0,1,2,0,2,1,1,2
27466,27466,España,5.0,0.0,5.0,4.0,3.0,4.0,4.0,4.0,5.0,5.0,7.0,2.0,6.0,0.0,8.0,5.0,5.0,7.0,1.0,1,3.0,3,0,1,4.714285714285714,2,4.0,2,1,3.333333333333333,1,1,0,1,2,2,2,2,0,2,0,1,2,0,1,1,1,0
41820,41820,Croacia,5.0,0.0,5.0,2.0,3.0,0.0,0.0,0.0,0.0,2.0,8.0,0.0,0.0,0.0,10.0,0.0,3.0,8.0,7.0,1,2.0,6,2,1,2.857142857142857,1,0.0,0,1,3.333333333333333,1,0,1,0,0,0,0,2,0,2,0,0,0,0,0,1,1,0
42300,42300,Croacia,6.0,5.0,6.0,6.0,4.0,7.0,8.0,6.0,5.0,7.0,7.0,7.0,6.0,7.0,6.0,3.0,2.0,8.0,8.0,1,2.0,6,2,1,6.428571428571429,3,7.0,3,2,5.666666666666667,2,2,1,2,3,2,3,2,1,0,2,2,2,2,2,1,0,0
55861,55861,Eslovaquia,6.0,6.0,6.0,5.0,4.0,7.0,7.0,7.0,7.0,7.0,7.0,7.0,5.0,6.0,2.0,2.0,4.0,5.0,5.0,2,1.0,8,1,0,5.857142857142857,2,7.0,3,2,6.0,2,2,1,2,3,1,3,2,0,1,1,2,2,2,2,1,0,2
55182,55182,Eslovaquia,0.0,0.0,0.0,0.0,1.0,0.0,0.0,4.0,0.0,0.0,6.0,0.0,0.0,3.0,9.0,0.0,0.0,8.0,8.0,2,3.0,8,2,1,2.571428571428572,1,1.3333333333333333,0,0,0.0,0,0,0,0,0,0,0,0,0,0,0,0,0,0,0,1,1,0
18567,18567,Países Bajos,8.0,7.0,7.0,6.0,2.0,7.0,6.0,7.0,5.0,6.0,8.0,7.0,7.0,7.0,9.0,7.0,5.0,8.0,6.0,0,3.0,2,1,1,7.0,3,6.666666666666667,3,1,7.333333333333333,2,1,1,2,3,1,3,2,2,2,0,2,2,0,1,1,0,2
56717,56717,Eslovaquia,5.0,5.0,5.0,9.0,4.0,4.0,5.0,3.0,5.0,5.0,5.0,5.0,5.0,5.0,10.0,4.0,4.0,5.0,3.0,2,1.0,8,0,0,5.714285714285714,2,4.0,2,2,5.0,2,2,1,2,1,3,2,2,2,0,1,1,1,2,1,1,1,2
10269,10269,Alemania,5.0,1.0,3.0,1.0,3.0,6.0,6.0,4.0,3.0,4.0,2.0,2.0,5.0,3.0,5.0,10.0,10.0,8.0,6.0,0,2.0,1,1,1,3.4285714285714284,1,5.333333333333333,2,1,3.0,1,0,1,1,2,0,0,2,0,2,1,2,1,1,0,1,1,0
24482,24482,España,2.0,3.0,3.0,4.0,4.0,3.0,6.0,7.0,5.0,2.0,7.0,3.0,5.0,2.0,8.0,3.0,2.0,7.0,4.0,1,2.0,3,1,1,4.571428571428571,2,5.333333333333333,2,2,2.6666666666666665,1,2,1,2,2,1,1,0,1,0,0,2,2,0,0,1,1,2
45278,45278,Hungría,3.0,7.0,5.0,3.0,1.0,6.0,6.0,7.0,5.0,7.0,7.0,7.0,7.0,0.0,9.0,1.0,2.0,8.0,5.0,2,3.0,7,1,1,6.0,3,6.333333333333333,3,0,5.0,2,0,1,2,3,0,3,0,2,0,1,2,2,0,2,1,0,2
732,732,Bélgica,0.0,2.0,5.0,8.0,4.0,10.0,8.0,5.0,10.0,5.0,10.0,6.0,8.0,8.0,5.0,5.0,5.0,10.0,8.0,0,1.0,0,2,2,7.428571428571429,3,7.666666666666667,3,2,2.333333333333333,0,2,1,2,3,3,3,0,0,2,2,2,1,2,1,0,0,2
33070,33070,Italia,4.0,5.0,6.0,4.0,2.0,5.0,6.0,3.0,4.0,7.0,7.0,4.0,3.0,4.0,7.0,7.0,6.0,7.0,6.0,1,1.0,4,1,1,5.142857142857143,2,4.666666666666667,2,1,5.0,2,0,1,2,1,2,2,2,1,2,1,2,2,1,2,1,1,0
29007,29007,Italia,4.0,2.0,4.0,6.0,3.0,7.0,7.0,7.0,6.0,2.0,8.0,4.0,7.0,4.0,7.0,5.0,5.0,8.0,6.0,1,3.0,4,1,1,5.428571428571429,2,7.0,3,1,3.333333333333333,1,2,1,2,3,1,2,0,0,0,2,2,2,2,0,1,1,2
5617,5617,Bélgica,9.0,0.0,7.0,5.0,4.0,0.0,6.0,0.0,0.0,0.0,0.0,0.0,0.0,0.0,6.0,0.0,2.0,10.0,0.0,0,1.0,0,0,2,0.8571428571428571,0,2.0,1,2,5.333333333333333,2,0,1,0,0,1,0,2,0,2,0,2,0,0,0,0,1,0
43037,43037,Croacia,7.0,5.0,7.0,5.0,3.0,5.0,4.0,5.0,4.0,4.0,5.0,4.0,4.0,4.0,8.0,5.0,5.0,6.0,5.0,1,5.0,6,1,1,4.714285714285714,2,4.666666666666667,2,1,6.333333333333333,2,0,1,2,2,2,2,1,2,2,2,1,2,1,0,1,1,0
780,780,Bélgica,5.0,1.0,2.0,4.0,2.0,5.0,4.0,6.0,5.0,3.0,3.0,6.0,5.0,5.0,9.0,5.0,4.0,9.0,7.0,0,1.0,0,2,2,5.142857142857143,2,5.0,2,1,2.6666666666666665,1,2,1,2,1,2,2,1,0,0,0,1,0,2,0,1,0,0
27417,27417,España,8.0,5.0,10.0,3.0,3.0,8.0,3.0,2.0,9.0,9.0,9.0,9.0,8.0,9.0,9.0,8.0,8.0,10.0,7.0,1,2.0,3,2,2,8.857142857142858,4,4.333333333333333,2,1,7.666666666666667,3,0,1,0,2,0,3,2,0,2,2,0,0,2,2,0,0,2
56841,56841,Eslovaquia,7.0,4.0,7.0,7.0,3.0,9.0,5.0,8.0,9.0,7.0,6.0,6.0,8.0,6.0,7.0,9.0,9.0,7.0,6.0,2,1.0,8,1,1,7.0,3,7.333333333333333,3,1,6.0,2,2,1,2,3,3,3,1,2,1,2,1,2,2,2,1,1,2
40768,40768,Croacia,7.0,8.0,7.0,2.0,3.0,6.0,2.0,2.0,5.0,3.0,9.0,2.0,2.0,0.0,9.0,7.0,6.0,8.0,3.0,1,3.0,6,0,1,4.285714285714286,2,3.333333333333333,1,1,7.333333333333333,2,0,1,0,0,0,2,0,2,1,2,0,2,0,0,0,1,0
57653,57653,Eslovaquia,5.0,5.0,4.0,4.0,4.0,5.0,5.0,5.0,2.0,4.0,6.0,1.0,5.0,1.0,3.0,4.0,3.0,7.0,2.0,2,2.0,8,0,1,3.142857142857143,1,5.0,2,2,4.666666666666667,1,2,1,0,2,1,0,1,0,2,0,1,2,0,0,1,1,1
27792,27792,España,5.0,5.0,4.0,4.0,2.0,8.0,6.0,7.0,7.0,6.0,7.0,6.0,6.0,6.0,6.0,8.0,8.0,8.0,0.0,1,4.0,3,0,1,6.285714285714286,3,7.0,3,1,4.666666666666667,1,0,1,2,3,2,3,2,0,2,2,2,2,2,1,1,0,0
36596,36596,Portugal,1.0,7.0,1.0,5.0,1.0,7.0,0.0,0.0,0.0,0.0,5.0,0.0,0.0,0.0,8.0,9.0,4.0,9.0,5.0,1,3.0,5,1,2,1.8571428571428568,0,2.333333333333333,1,0,3.0,1,2,1,0,0,2,0,0,2,0,1,0,0,0,0,1,1,0
27561,27561,España,5.0,6.0,4.0,5.0,3.0,3.0,2.0,3.0,7.0,3.0,5.0,5.0,5.0,5.0,6.0,8.0,7.0,3.0,5.0,1,2.0,3,1,0,5.142857142857143,2,2.6666666666666665,1,1,5.0,2,2,1,0,0,1,2,0,0,2,1,0,2,2,0,1,1,1
59320,59320,Eslovaquia,5.0,3.0,5.0,5.0,3.0,5.0,4.0,5.0,5.0,5.0,5.0,5.0,5.0,5.0,4.0,5.0,4.0,7.0,5.0,2,2.0,8,1,1,4.857142857142857,2,4.666666666666667,2,1,4.333333333333333,1,0,1,0,1,2,2,2,1,0,1,1,0,1,1,1,1,0
35106,35106,Portugal,3.0,5.0,2.0,4.0,2.0,4.0,4.0,3.0,6.0,5.0,7.0,4.0,6.0,4.0,7.0,7.0,5.0,7.0,4.0,1,2.0,5,1,1,5.571428571428571,2,3.6666666666666665,1,1,3.333333333333333,1,1,1,2,2,1,2,0,0,0,0,1,2,2,1,1,1,0
21617,21617,España,2.0,3.0,5.0,3.0,3.0,7.0,7.0,6.0,8.0,7.0,7.0,6.0,8.0,6.0,7.0,6.0,5.0,8.0,5.0,1,4.0,3,1,1,7.0,3,6.666666666666667,3,1,3.333333333333333,1,0,1,2,3,0,3,0,1,0,2,2,0,2,2,1,0,2
47083,47083,Hungría,5.0,7.0,5.0,5.0,3.0,2.0,2.0,5.0,3.0,5.0,3.0,0.0,6.0,4.0,6.0,3.0,5.0,7.0,10.0,2,2.0,7,2,1,3.857142857142857,1,3.0,1,1,5.666666666666667,2,1,0,1,0,2,0,2,2,0,0,0,2,2,1,1,1,0
57803,57803,Eslovaquia,8.0,9.0,8.0,5.0,2.0,4.0,5.0,4.0,8.0,9.0,8.0,3.0,6.0,3.0,5.0,5.0,6.0,7.0,9.0,2,2.0,8,2,1,6.0,3,4.333333333333333,2,1,8.333333333333334,3,1,0,1,1,1,3,2,2,2,0,1,0,2,2,1,1,1
60281,60281,Eslovaquia,4.0,7.0,7.0,4.0,4.0,3.0,4.0,3.0,7.0,7.0,8.0,7.0,7.0,6.0,4.0,4.0,4.0,3.0,6.0,2,2.0,8,1,0,6.571428571428571,3,3.333333333333333,1,2,6.0,2,2,1,0,0,1,3,2,2,0,2,1,2,2,2,1,0,2
55147,55147,Eslovaquia,3.0,5.0,3.0,8.0,3.0,4.0,6.0,4.0,8.0,6.0,10.0,2.0,3.0,4.0,8.0,7.0,5.0,8.0,7.0,2,2.0,8,2,1,5.857142857142857,2,4.666666666666667,2,1,3.6666666666666665,1,2,1,2,1,3,3,0,2,0,2,2,2,2,1,1,1,0
25933,25933,España,6.0,6.0,7.0,5.0,4.0,7.0,2.0,4.0,5.0,7.0,7.0,0.0,5.0,2.0,5.0,7.0,5.0,8.0,2.0,1,2.0,3,0,1,4.428571428571429,2,4.333333333333333,2,2,6.333333333333333,2,1,1,0,1,1,1,0,1,0,0,0,2,1,2,1,1,0
24400,24400,España,5.0,6.0,4.0,5.0,3.0,3.0,6.0,3.0,6.0,2.0,6.0,2.0,3.0,2.0,10.0,4.0,4.0,8.0,3.0,1,2.0,3,0,1,4.428571428571429,2,4.0,2,1,5.0,2,2,1,0,2,1,2,0,0,0,2,2,0,1,0,1,1,2
2938,2938,Bélgica,5.0,3.0,5.0,5.0,2.0,6.0,6.0,7.0,4.0,5.0,8.0,5.0,7.0,5.0,9.0,6.0,5.0,8.0,10.0,0,1.0,0,2,1,6.142857142857143,3,6.333333333333333,3,1,4.333333333333333,1,1,1,2,3,1,3,0,2,2,2,2,2,2,1,1,1,2
41113,41113,Croacia,3.0,8.0,9.0,7.0,2.0,4.0,5.0,8.0,5.0,0.0,5.0,3.0,3.0,3.0,8.0,6.0,4.0,7.0,6.0,1,1.0,6,1,1,3.857142857142857,1,5.666666666666667,2,1,6.666666666666667,2,2,1,1,2,3,0,0,2,2,2,1,2,0,0,1,1,2
46340,46340,Hungría,4.0,4.0,4.0,3.0,3.0,8.0,1.0,8.0,6.0,9.0,8.0,5.0,8.0,3.0,8.0,4.0,4.0,9.0,9.0,2,2.0,7,2,2,6.714285714285714,3,5.666666666666667,2,1,4.0,1,0,0,2,2,0,3,2,2,2,2,0,2,0,2,1,1,2
26602,26602,España,1.0,2.0,4.0,8.0,2.0,2.0,2.0,0.0,0.0,1.0,4.0,0.0,2.0,4.0,6.0,5.0,2.0,8.0,6.0,1,3.0,3,1,1,2.4285714285714284,1,1.3333333333333333,0,1,2.333333333333333,0,2,1,0,0,3,0,0,0,2,0,0,0,0,0,1,1,0
9627,9627,Alemania,5.0,5.0,1.0,5.0,3.0,8.0,5.0,0.0,5.0,5.0,5.0,5.0,5.0,5.0,5.0,5.0,7.0,3.0,7.0,0,2.0,1,2,0,5.0,2,4.333333333333333,2,1,3.6666666666666665,1,0,1,2,2,1,1,1,2,0,2,1,0,1,1,1,1,2
31774,31774,Italia,5.0,6.0,4.0,4.0,2.0,7.0,7.0,7.0,6.0,5.0,6.0,5.0,5.0,5.0,7.0,6.0,6.0,8.0,9.0,1,1.0,4,2,1,5.571428571428571,2,7.0,3,1,5.0,2,2,0,2,3,2,1,0,0,2,1,2,2,0,1,1,1,0
29231,29231,Italia,1.0,1.0,1.0,6.0,3.0,1.0,1.0,1.0,1.0,1.0,2.0,0.0,1.0,0.0,9.0,2.0,2.0,5.0,9.0,1,1.0,4,2,0,2.0,1,1.0,0,1,1.0,0,0,0,0,0,1,0,0,0,0,0,0,0,0,0,0,1,0
11980,11980,Alemania,8.0,5.0,5.0,6.0,2.0,0.0,10.0,0.0,0.0,0.0,8.0,0.0,0.0,0.0,8.0,7.0,6.0,10.0,6.0,0,2.0,1,1,2,2.2857142857142856,1,3.333333333333333,1,1,6.0,2,1,1,2,0,1,0,2,0,1,0,2,0,0,0,1,0,0
92,92,Bélgica,3.0,1.0,4.0,2.0,4.0,0.0,0.0,1.0,0.0,5.0,5.0,0.0,0.0,0.0,8.0,0.0,4.0,0.0,0.0,0,5.0,0,0,0,2.571428571428572,1,0.3333333333333333,0,2,2.6666666666666665,1,0,0,0,0,0,0,0,0,2,0,0,0,0,1,1,1,0
32447,32447,Italia,1.0,2.0,7.0,7.0,3.0,5.0,3.0,2.0,2.0,7.0,8.0,2.0,7.0,1.0,7.0,7.0,3.0,6.0,4.0,1,1.0,4,1,1,4.857142857142857,2,3.333333333333333,1,1,3.333333333333333,1,2,1,1,0,3,1,0,0,1,0,0,0,0,2,1,1,2
4561,4561,Bélgica,5.0,5.0,5.0,6.0,4.0,6.0,7.0,7.0,3.0,6.0,8.0,4.0,5.0,4.0,4.0,4.0,3.0,8.0,8.0,0,2.0,0,2,1,4.857142857142857,2,6.666666666666667,3,2,5.0,2,2,0,2,3,1,2,2,1,2,0,2,2,2,1,1,1,2
32792,32792,Italia,5.0,8.0,5.0,5.0,4.0,3.0,3.0,3.0,5.0,3.0,6.0,2.0,4.0,2.0,4.0,0.0,1.0,8.0,6.0,1,2.0,4,1,1,3.7142857142857135,1,3.0,1,2,6.0,2,0,1,0,0,2,0,2,2,1,2,0,1,0,0,1,1,2
57960,57960,Eslovaquia,6.0,4.0,6.0,3.0,3.0,5.0,4.0,4.0,5.0,5.0,6.0,2.0,5.0,3.0,3.0,4.0,5.0,5.0,6.0,2,2.0,8,1,0,4.142857142857143,2,4.333333333333333,2,1,5.333333333333333,2,0,1,1,2,0,1,0,2,0,0,1,0,2,1,1,1,0
10526,10526,Alemania,10.0,10.0,0.0,5.0,1.0,5.0,5.0,0.0,5.0,10.0,10.0,5.0,7.0,5.0,7.0,5.0,5.0,7.0,0.0,0,2.0,1,0,1,7.0,3,3.333333333333333,1,0,6.666666666666667,2,1,1,2,0,2,3,2,2,0,2,1,0,2,2,0,1,2
24772,24772,España,2.0,9.0,2.0,5.0,3.0,5.0,7.0,8.0,5.0,5.0,5.0,1.0,3.0,1.0,10.0,5.0,5.0,9.0,2.0,1,5.0,3,0,2,4.285714285714286,2,6.666666666666667,3,1,4.333333333333333,1,0,1,2,3,1,2,0,2,0,0,2,2,0,1,1,1,0
41410,41410,Croacia,0.0,5.0,0.0,5.0,3.0,3.0,4.0,3.0,3.0,4.0,6.0,1.0,4.0,1.0,8.0,3.0,10.0,10.0,10.0,1,1.0,6,2,2,3.857142857142857,1,3.333333333333333,1,1,1.6666666666666667,0,1,0,1,0,1,0,0,0,0,1,1,0,2,0,1,1,2
5552,5552,Bélgica,7.0,6.0,7.0,3.0,2.0,7.0,5.0,6.0,7.0,9.0,6.0,6.0,8.0,5.0,9.0,7.0,5.0,8.0,0.0,0,1.0,0,0,1,7.142857142857143,3,6.0,3,1,6.666666666666667,2,0,0,0,3,0,3,0,1,0,2,1,1,2,2,1,0,2
20844,20844,Países Bajos,7.0,8.0,8.0,3.0,1.0,7.0,6.0,5.0,8.0,8.0,8.0,7.0,7.0,7.0,2.0,8.0,8.0,8.0,0.0,0,4.0,2,0,1,6.714285714285714,3,6.0,3,0,7.666666666666667,3,0,1,1,3,0,3,2,2,2,0,2,2,2,2,1,0,2
29220,29220,Italia,6.0,4.0,7.0,8.0,4.0,3.0,4.0,4.0,0.0,4.0,5.0,0.0,2.0,2.0,7.0,0.0,2.0,7.0,5.0,1,2.0,4,1,1,2.857142857142857,1,3.6666666666666665,1,2,5.666666666666667,2,2,1,1,2,3,0,1,0,2,0,1,1,0,0,1,1,0
56501,56501,Eslovaquia,7.0,5.0,4.0,8.0,2.0,6.0,3.0,3.0,4.0,3.0,5.0,2.0,2.0,2.0,5.0,8.0,4.0,7.0,10.0,2,1.0,8,2,1,3.2857142857142856,1,4.0,2,1,5.333333333333333,2,2,1,2,2,3,0,2,1,0,0,0,2,0,0,1,1,0
60417,60417,Eslovaquia,6.0,6.0,5.0,9.0,4.0,0.0,2.0,0.0,1.0,1.0,1.0,1.0,1.0,1.0,2.0,4.0,3.0,5.0,2.0,2,1.0,8,0,0,1.1428571428571428,0,0.6666666666666666,0,2,5.666666666666667,2,2,1,0,0,3,0,2,2,2,0,0,0,0,0,1,1,0
46713,46713,Hungría,4.0,3.0,2.0,3.0,3.0,7.0,5.0,6.0,8.0,7.0,4.0,3.0,5.0,0.0,9.0,4.0,3.0,8.0,6.0,2,2.0,7,1,1,5.142857142857143,2,6.0,3,1,3.0,1,0,1,0,3,0,1,1,0,0,0,1,2,2,2,1,1,0
61013,61013,Eslovaquia,7.0,7.0,3.0,6.0,3.0,7.0,6.0,5.0,1.0,0.0,1.0,0.0,1.0,1.0,1.0,4.0,3.0,7.0,8.0,2,1.0,8,2,1,0.7142857142857143,0,6.0,3,1,5.666666666666667,2,0,0,0,3,1,0,2,2,0,0,2,2,0,0,0,1,0
56126,56126,Eslovaquia,3.0,5.0,4.0,6.0,3.0,5.0,3.0,3.0,6.0,4.0,3.0,4.0,4.0,4.0,5.0,4.0,5.0,7.0,6.0,2,3.0,8,1,1,4.285714285714286,2,3.6666666666666665,1,1,4.0,1,0,1,2,2,2,2,0,1,2,2,0,0,2,0,1,1,0
61975,61975,Eslovaquia,2.0,5.0,0.0,5.0,1.0,8.0,0.0,10.0,0.0,5.0,2.0,5.0,5.0,5.0,3.0,0.0,0.0,5.0,5.0,2,1.0,8,1,0,3.571428571428572,1,6.0,3,0,2.333333333333333,0,0,1,0,3,1,0,0,1,0,2,0,2,0,1,1,1,2
22465,22465,España,5.0,5.0,4.0,8.0,2.0,8.0,6.0,8.0,8.0,6.0,8.0,6.0,8.0,6.0,5.0,6.0,6.0,8.0,8.0,1,3.0,3,2,1,6.714285714285714,3,7.333333333333333,3,1,4.666666666666667,1,2,0,2,3,3,3,2,0,0,2,2,2,2,1,1,1,2
25671,25671,España,2.0,0.0,0.0,0.0,2.0,7.0,0.0,8.0,6.0,6.0,7.0,0.0,0.0,3.0,7.0,10.0,10.0,5.0,0.0,1,2.0,3,0,0,4.142857142857143,2,5.0,2,1,0.6666666666666666,0,0,1,0,2,0,1,0,0,0,0,0,2,0,1,1,1,0
9174,9174,Alemania,8.0,6.0,7.0,6.0,2.0,7.0,8.0,7.0,5.0,7.0,7.0,6.0,6.0,6.0,9.0,5.0,6.0,8.0,7.0,0,1.0,1,2,1,6.571428571428571,3,7.333333333333333,3,1,7.0,2,2,1,2,3,2,3,2,1,0,2,2,2,0,2,1,0,0
59350,59350,Eslovaquia,8.0,8.0,8.0,0.0,4.0,4.0,1.0,3.0,7.0,7.0,7.0,7.0,7.0,7.0,10.0,2.0,2.0,5.0,10.0,2,2.0,8,2,0,7.428571428571429,3,2.6666666666666665,1,2,8.0,3,0,1,0,0,0,3,2,2,2,2,0,2,2,2,1,0,2
13406,13406,Alemania,6.0,4.0,5.0,4.0,2.0,7.0,2.0,2.0,5.0,6.0,8.0,4.0,4.0,5.0,8.0,5.0,5.0,7.0,3.0,0,1.0,1,0,1,5.714285714285714,2,3.6666666666666665,1,1,5.0,2,1,1,0,1,1,1,1,0,2,0,0,2,0,1,1,1,0
26353,26353,España,5.0,4.0,5.0,5.0,3.0,4.0,3.0,3.0,5.0,6.0,8.0,4.0,5.0,4.0,5.0,6.0,6.0,6.0,3.0,1,2.0,3,0,1,5.285714285714286,2,3.333333333333333,1,1,4.666666666666667,1,0,1,2,0,1,2,0,2,2,2,0,2,1,1,1,1,1
53068,53068,Hungría,7.0,8.0,8.0,8.0,3.0,8.0,8.0,8.0,6.0,10.0,9.0,7.0,8.0,7.0,8.0,7.0,6.0,10.0,1.0,2,2.0,7,0,2,7.857142857142857,3,8.0,4,1,7.666666666666667,3,2,1,2,3,3,3,1,2,2,2,2,2,0,2,0,0,2
44393,44393,Hungría,4.0,3.0,2.0,4.0,3.0,4.0,3.0,4.0,1.0,2.0,3.0,3.0,2.0,3.0,8.0,3.0,3.0,3.0,4.0,2,1.0,7,1,0,3.142857142857143,1,3.6666666666666665,1,1,3.0,1,0,1,1,2,1,0,0,0,0,2,0,1,0,0,1,1,0
51473,51473,Hungría,6.0,4.0,4.0,5.0,2.0,7.0,6.0,7.0,5.0,7.0,8.0,7.0,7.0,6.0,8.0,3.0,5.0,6.0,5.0,2,1.0,7,1,1,6.857142857142857,3,6.666666666666667,3,1,4.666666666666667,1,1,1,2,3,1,3,0,2,0,0,2,2,2,2,1,0,2
60241,60241,Eslovaquia,7.0,6.0,8.0,5.0,3.0,4.0,4.0,3.0,9.0,6.0,9.0,4.0,3.0,2.0,0.0,6.0,4.0,8.0,2.0,2,2.0,8,0,1,4.714285714285714,2,3.6666666666666665,1,1,7.0,2,0,1,0,2,1,1,0,0,2,2,1,0,2,1,1,1,2
29018,29018,Italia,4.0,4.0,6.0,4.0,3.0,5.0,8.0,4.0,6.0,7.0,8.0,5.0,5.0,4.0,10.0,5.0,4.0,7.0,5.0,1,1.0,4,1,1,6.428571428571429,3,5.666666666666667,2,1,4.666666666666667,1,0,1,0,1,2,3,2,0,2,2,2,0,0,2,1,1,0
17013,17013,Países Bajos,7.0,5.0,5.0,6.0,2.0,4.0,3.0,2.0,3.0,4.0,6.0,3.0,4.0,3.0,9.0,6.0,7.0,7.0,6.0,0,2.0,2,1,1,4.571428571428571,2,3.0,1,1,5.666666666666667,2,2,1,0,0,2,2,0,0,1,2,0,2,0,0,1,1,0
12688,12688,Alemania,5.0,5.0,5.0,7.0,4.0,3.0,5.0,3.0,5.0,5.0,5.0,5.0,5.0,5.0,6.0,5.0,5.0,7.0,5.0,0,1.0,1,1,1,5.142857142857143,2,3.6666666666666665,1,2,5.0,2,2,1,1,2,3,2,2,1,2,2,1,2,2,1,1,1,2
54995,54995,Eslovaquia,5.0,1.0,5.0,9.0,2.0,3.0,3.0,3.0,9.0,1.0,5.0,2.0,2.0,2.0,6.0,5.0,5.0,5.0,1.0,2,2.0,8,0,0,3.857142857142857,1,3.0,1,1,3.6666666666666665,1,2,1,2,0,3,0,1,0,0,0,0,2,2,0,1,1,0
14762,14762,Países Bajos,8.0,5.0,7.0,6.0,2.0,5.0,6.0,5.0,6.0,7.0,7.0,6.0,3.0,6.0,8.0,7.0,5.0,8.0,5.0,0,3.0,2,1,1,6.142857142857143,3,5.333333333333333,2,1,6.666666666666667,2,0,1,2,2,1,3,2,2,0,0,2,0,0,2,1,0,0
47045,47045,Hungría,6.0,5.0,6.0,4.0,2.0,6.0,6.0,8.0,5.0,8.0,9.0,6.0,9.0,0.0,5.0,5.0,5.0,8.0,4.0,2,2.0,7,1,1,6.0,3,6.666666666666667,3,1,5.666666666666667,2,1,1,2,3,2,3,0,2,1,1,2,2,0,2,0,0,2
36891,36891,Portugal,4.0,3.0,8.0,3.0,3.0,0.0,0.0,0.0,5.0,7.0,9.0,0.0,0.0,0.0,9.0,10.0,8.0,8.0,3.0,1,2.0,5,0,1,4.285714285714286,2,0.0,0,1,5.0,2,0,1,0,0,0,2,0,1,2,0,0,0,0,2,0,1,0
40545,40545,Portugal,6.0,1.0,0.0,7.0,3.0,4.0,3.0,1.0,2.0,3.0,5.0,1.0,2.0,2.0,8.0,3.0,4.0,8.0,5.0,1,3.0,5,1,1,3.2857142857142856,1,2.6666666666666665,1,1,2.333333333333333,0,2,1,0,0,3,0,1,0,0,0,0,0,0,0,1,1,0
36656,36656,Portugal,8.0,8.0,8.0,7.0,3.0,3.0,4.0,2.0,3.0,3.0,10.0,3.0,3.0,3.0,8.0,7.0,2.0,8.0,7.0,1,2.0,5,2,1,4.714285714285714,2,3.0,1,1,8.0,3,2,1,2,0,3,1,2,2,2,1,1,0,0,0,0,1,0
55696,55696,Eslovaquia,2.0,2.0,1.0,5.0,2.0,7.0,5.0,7.0,5.0,5.0,4.0,4.0,4.0,4.0,8.0,1.0,3.0,5.0,7.0,2,2.0,8,2,0,4.857142857142857,2,6.333333333333333,3,1,1.6666666666666667,0,2,1,2,3,2,1,0,0,0,2,1,2,2,1,1,1,2
39554,39554,Portugal,4.0,5.0,3.0,8.0,4.0,5.0,3.0,4.0,6.0,5.0,7.0,1.0,2.0,1.0,5.0,3.0,5.0,5.0,8.0,1,3.0,5,2,0,3.857142857142857,1,4.0,2,2,4.0,1,2,0,1,2,3,0,0,0,1,2,0,2,2,1,1,1,0
13226,13226,Alemania,6.0,5.0,2.0,3.0,1.0,1.0,2.0,4.0,4.0,4.0,3.0,2.0,4.0,5.0,3.0,9.0,8.0,5.0,7.0,0,2.0,1,2,0,3.571428571428572,1,2.333333333333333,1,0,4.333333333333333,1,0,1,0,0,0,0,0,2,0,0,0,0,2,0,1,1,2
37335,37335,Portugal,7.0,3.0,7.0,2.0,2.0,5.0,0.0,0.0,5.0,2.0,1.0,3.0,5.0,0.0,6.0,5.0,5.0,5.0,2.0,1,1.0,5,0,0,3.142857142857143,1,1.6666666666666667,0,1,5.666666666666667,2,0,1,0,0,0,0,2,1,0,2,0,0,0,0,1,1,0
29209,29209,Italia,5.0,3.0,5.0,9.0,4.0,6.0,2.0,4.0,6.0,6.0,8.0,3.0,7.0,3.0,7.0,1.0,4.0,8.0,10.0,1,2.0,4,2,1,5.714285714285714,2,4.0,2,2,4.333333333333333,1,2,0,2,1,3,2,1,0,1,2,0,2,2,1,1,1,2
35965,35965,Portugal,5.0,7.0,9.0,5.0,4.0,4.0,2.0,2.0,5.0,7.0,8.0,2.0,7.0,1.0,7.0,8.0,5.0,7.0,5.0,1,2.0,5,1,1,5.285714285714286,2,2.6666666666666665,1,2,7.0,2,1,1,0,0,2,2,0,2,2,2,0,0,0,2,1,1,2
9703,9703,Alemania,8.0,3.0,5.0,6.0,2.0,2.0,7.0,0.0,10.0,4.0,4.0,3.0,10.0,3.0,8.0,10.0,10.0,8.0,5.0,0,2.0,1,1,1,6.0,3,3.0,1,1,5.333333333333333,2,2,1,2,0,1,3,2,0,1,0,2,0,2,0,1,1,2
18248,18248,Países Bajos,3.0,4.0,5.0,3.0,2.0,5.0,6.0,7.0,6.0,5.0,8.0,6.0,5.0,6.0,10.0,6.0,6.0,9.0,0.0,0,2.0,2,0,2,6.571428571428571,3,6.0,3,1,4.0,1,0,1,2,3,0,3,0,0,1,0,2,2,0,1,1,1,1
39349,39349,Portugal,5.0,2.0,0.0,7.0,1.0,2.0,1.0,0.0,4.0,5.0,5.0,1.0,5.0,1.0,7.0,4.0,2.0,5.0,7.0,1,2.0,5,2,0,4.0,2,1.0,0,0,2.333333333333333,0,2,1,0,0,3,2,2,0,0,0,0,0,2,1,1,0,0
52513,52513,Hungría,6.0,3.0,7.0,5.0,4.0,3.0,3.0,2.0,6.0,5.0,7.0,2.0,3.0,2.0,5.0,6.0,5.0,8.0,5.0,2,3.0,7,1,1,4.285714285714286,2,2.6666666666666665,1,2,5.333333333333333,2,1,1,0,0,2,2,0,0,0,2,0,0,1,1,1,1,0
25030,25030,España,5.0,2.0,4.0,5.0,4.0,4.0,1.0,2.0,2.0,1.0,6.0,0.0,3.0,0.0,9.0,6.0,6.0,8.0,1.0,1,1.0,3,0,1,3.0,1,2.333333333333333,1,2,3.6666666666666665,1,2,1,0,0,2,0,0,0,0,2,0,0,0,0,1,0,2
34268,34268,Portugal,7.0,7.0,7.0,5.0,4.0,6.0,4.0,6.0,6.0,7.0,7.0,4.0,7.0,3.0,5.0,3.0,4.0,9.0,3.0,1,2.0,5,0,2,5.571428571428571,2,5.333333333333333,2,2,7.0,2,0,1,0,2,1,1,0,2,1,2,1,1,2,2,1,1,2
30683,30683,Italia,8.0,3.0,8.0,3.0,2.0,6.0,2.0,0.0,5.0,3.0,4.0,2.0,3.0,4.0,8.0,8.0,5.0,7.0,2.0,1,1.0,4,0,1,4.142857142857143,2,2.6666666666666665,1,1,6.333333333333333,2,0,1,0,0,0,2,2,2,2,0,0,0,1,0,0,1,0
31494,31494,Italia,9.0,7.0,9.0,5.0,2.0,6.0,3.0,1.0,4.0,5.0,8.0,3.0,1.0,2.0,9.0,8.0,8.0,8.0,7.0,1,2.0,4,2,1,4.571428571428571,2,3.333333333333333,1,1,8.333333333333334,3,0,1,0,0,1,2,2,2,2,2,0,0,2,1,1,1,0
46869,46869,Hungría,6.0,6.0,7.0,6.0,3.0,5.0,7.0,5.0,3.0,5.0,5.0,4.0,5.0,6.0,5.0,7.0,6.0,10.0,10.0,2,2.0,7,2,2,4.714285714285714,2,5.666666666666667,2,1,6.333333333333333,2,2,0,1,2,2,2,1,2,2,0,2,0,2,1,1,1,2
32043,32043,Italia,4.0,2.0,3.0,5.0,3.0,7.0,0.0,2.0,8.0,9.0,9.0,1.0,5.0,0.0,5.0,3.0,6.0,7.0,7.0,1,1.0,4,2,1,5.285714285714286,2,3.0,1,1,3.0,1,2,1,2,0,1,2,2,0,2,2,0,2,2,2,0,1,0
41008,41008,Croacia,7.0,6.0,7.0,6.0,3.0,6.0,5.0,4.0,3.0,2.0,1.0,2.0,3.0,2.0,8.0,1.0,3.0,8.0,5.0,1,2.0,6,1,1,3.0,1,5.0,2,1,6.666666666666667,2,1,1,0,2,2,0,0,0,2,2,1,0,0,0,0,1,0
51208,51208,Hungría,5.0,3.0,0.0,8.0,3.0,8.0,8.0,8.0,3.0,8.0,8.0,5.0,6.0,5.0,5.0,0.0,3.0,8.0,5.0,2,1.0,7,1,1,5.714285714285714,2,8.0,4,1,2.6666666666666665,1,2,1,2,3,3,2,2,2,0,2,2,2,1,2,1,1,2
50462,50462,Hungría,5.0,5.0,3.0,5.0,2.0,5.0,5.0,4.0,6.0,5.0,6.0,5.0,5.0,5.0,5.0,3.0,3.0,6.0,8.0,2,2.0,7,2,1,5.285714285714286,2,4.666666666666667,2,1,4.333333333333333,1,0,0,0,2,1,1,2,1,2,0,1,0,1,1,1,1,2
38834,38834,Portugal,5.0,1.0,3.0,3.0,2.0,7.0,3.0,4.0,7.0,4.0,7.0,5.0,6.0,0.0,7.0,2.0,2.0,7.0,1.0,1,1.0,5,0,1,5.142857142857143,2,4.666666666666667,2,1,3.0,1,0,1,2,2,0,1,0,0,2,2,0,2,2,0,1,1,0
24117,24117,España,5.0,5.0,5.0,0.0,2.0,4.0,5.0,4.0,1.0,2.0,6.0,3.0,3.0,3.0,8.0,10.0,8.0,9.0,0.0,1,3.0,3,0,2,3.7142857142857135,1,4.333333333333333,2,1,5.0,2,0,1,0,2,0,0,2,1,0,1,1,0,0,0,1,1,2
4100,4100,Bélgica,7.0,7.0,7.0,8.0,1.0,3.0,2.0,7.0,8.0,6.0,7.0,6.0,6.0,4.0,7.0,5.0,7.0,8.0,7.0,0,1.0,0,2,1,6.285714285714286,3,4.0,2,0,7.0,2,2,1,1,1,3,3,2,2,2,2,0,2,2,1,1,0,1
23081,23081,España,7.0,5.0,5.0,4.0,3.0,8.0,5.0,6.0,8.0,6.0,8.0,4.0,8.0,4.0,6.0,7.0,5.0,10.0,10.0,1,2.0,3,2,2,6.285714285714286,3,6.333333333333333,3,1,5.666666666666667,2,0,0,2,3,2,3,2,0,2,2,1,2,2,1,1,1,2
2438,2438,Bélgica,4.0,7.0,4.0,2.0,2.0,6.0,5.0,6.0,6.0,3.0,4.0,5.0,4.0,5.0,6.0,6.0,7.0,7.0,5.0,0,3.0,0,1,1,4.714285714285714,2,5.666666666666667,2,1,5.0,2,0,1,2,2,0,1,1,2,0,1,1,0,2,0,0,1,0
37337,37337,Portugal,5.0,1.0,1.0,7.0,3.0,4.0,3.0,3.0,1.0,1.0,5.0,0.0,1.0,0.0,8.0,5.0,6.0,10.0,5.0,1,1.0,5,1,2,2.2857142857142856,1,3.333333333333333,1,1,2.333333333333333,0,2,1,0,0,3,0,1,0,0,1,0,0,0,0,1,0,0
37381,37381,Portugal,4.0,4.0,6.0,5.0,3.0,7.0,4.0,5.0,6.0,7.0,7.0,4.0,6.0,3.0,10.0,4.0,4.0,7.0,7.0,1,4.0,5,2,1,6.142857142857143,3,5.333333333333333,2,1,4.666666666666667,1,2,1,1,2,1,3,0,1,2,2,1,2,0,2,1,1,0
6057,6057,Bélgica,6.0,7.0,6.0,2.0,2.0,6.0,6.0,4.0,6.0,4.0,7.0,4.0,7.0,5.0,8.0,8.0,9.0,9.0,5.0,0,3.0,0,1,2,5.857142857142857,2,5.333333333333333,2,1,6.333333333333333,2,0,1,2,2,0,3,2,2,0,1,2,2,0,0,1,1,2
10575,10575,Alemania,5.0,3.0,7.0,5.0,3.0,5.0,4.0,4.0,4.0,6.0,6.0,4.0,4.0,3.0,6.0,3.0,3.0,8.0,5.0,0,3.0,1,1,1,4.714285714285714,2,4.333333333333333,2,1,5.0,2,1,1,2,2,1,1,2,2,0,2,1,0,2,1,1,1,1
27442,27442,España,0.0,0.0,0.0,1.0,4.0,0.0,0.0,0.0,0.0,0.0,10.0,0.0,0.0,0.0,10.0,0.0,0.0,10.0,6.0,1,2.0,3,1,2,2.857142857142857,1,0.0,0,2,0.0,0,0,1,0,0,0,0,0,0,0,0,0,0,0,0,0,0,0
58949,58949,Eslovaquia,9.0,4.0,8.0,5.0,3.0,6.0,1.0,3.0,6.0,4.0,5.0,5.0,5.0,4.0,4.0,1.0,6.0,8.0,8.0,2,3.0,8,2,1,4.714285714285714,2,3.333333333333333,1,1,7.0,2,1,0,1,0,1,1,2,2,2,0,0,0,0,0,1,1,0
46278,46278,Hungría,6.0,7.0,6.0,6.0,3.0,6.0,3.0,7.0,4.0,5.0,9.0,5.0,7.0,5.0,7.0,7.0,8.0,8.0,0.0,2,2.0,7,0,1,6.0,3,5.333333333333333,2,1,6.333333333333333,2,0,1,0,1,1,3,2,2,1,0,0,2,0,1,0,1,2
21202,21202,España,7.0,5.0,5.0,5.0,2.0,6.0,3.0,3.0,5.0,8.0,8.0,4.0,7.0,2.0,5.0,7.0,5.0,9.0,2.0,1,2.0,3,0,2,5.571428571428571,2,4.0,2,1,5.666666666666667,2,0,1,0,1,1,2,2,0,0,2,0,0,1,2,1,1,2
35165,35165,Portugal,5.0,4.0,0.0,7.0,3.0,8.0,3.0,6.0,6.0,4.0,8.0,3.0,6.0,2.0,7.0,7.0,2.0,9.0,3.0,1,1.0,5,0,2,5.142857142857143,2,5.666666666666667,2,1,3.0,1,2,1,0,1,3,1,2,0,0,2,0,0,0,0,1,1,0
53007,53007,Hungría,7.0,7.0,5.0,3.0,2.0,4.0,3.0,1.0,4.0,3.0,3.0,1.0,3.0,2.0,6.0,10.0,10.0,5.0,0.0,2,1.0,7,0,0,3.142857142857143,1,2.6666666666666665,1,1,6.333333333333333,2,0,0,0,0,0,0,2,2,0,0,0,0,0,0,1,0,2
53913,53913,Eslovaquia,5.0,5.0,5.0,5.0,4.0,3.0,2.0,3.0,0.0,0.0,6.0,0.0,0.0,0.0,7.0,5.0,6.0,8.0,4.0,2,1.0,8,1,1,1.8571428571428568,0,2.6666666666666665,1,2,5.0,2,1,1,0,0,1,0,0,0,2,0,0,0,0,0,1,1,0
46228,46228,Hungría,3.0,5.0,6.0,5.0,1.0,2.0,2.0,1.0,9.0,9.0,10.0,5.0,6.0,6.0,6.0,1.0,5.0,5.0,5.0,2,1.0,7,1,0,7.285714285714286,3,1.6666666666666667,0,0,4.666666666666667,1,2,1,0,0,2,3,0,2,0,0,0,0,2,2,0,1,1
6197,6197,Bélgica,1.0,2.0,0.0,5.0,4.0,3.0,3.0,1.0,0.0,0.0,1.0,0.0,1.0,0.0,7.0,0.0,0.0,9.0,3.0,0,4.0,0,0,2,1.2857142857142858,0,2.333333333333333,1,2,1.0,0,1,1,0,0,1,0,0,0,0,1,0,0,0,0,1,1,0
48563,48563,Hungría,5.0,5.0,2.0,3.0,3.0,2.0,2.0,0.0,6.0,2.0,2.0,2.0,2.0,2.0,9.0,1.0,2.0,1.0,1.0,2,1.0,7,0,0,3.571428571428572,1,1.3333333333333333,0,1,4.0,1,0,1,0,0,0,0,2,1,0,0,0,0,1,0,1,1,0
57757,57757,Eslovaquia,2.0,1.0,1.0,5.0,4.0,1.0,0.0,0.0,0.0,0.0,0.0,0.0,0.0,0.0,2.0,5.0,0.0,10.0,1.0,2,1.0,8,0,2,0.2857142857142857,0,0.3333333333333333,0,2,1.3333333333333333,0,1,1,0,0,2,0,0,0,0,0,0,0,0,0,1,1,0
52609,52609,Hungría,3.0,5.0,1.0,6.0,4.0,5.0,7.0,6.0,5.0,5.0,3.0,4.0,3.0,4.0,7.0,2.0,3.0,5.0,1.0,2,1.0,7,0,0,4.428571428571429,2,6.0,3,2,3.0,1,2,1,1,3,2,2,0,0,0,2,2,2,0,1,1,1,1
24653,24653,España,5.0,5.0,5.0,0.0,1.0,0.0,0.0,0.0,5.0,0.0,5.0,6.0,6.0,5.0,8.0,4.0,5.0,5.0,0.0,1,3.0,3,0,0,5.0,2,0.0,0,0,5.0,2,0,1,0,0,0,2,2,1,0,0,0,0,0,0,1,0,1
59535,59535,Eslovaquia,3.0,3.0,4.0,6.0,3.0,7.0,2.0,0.0,5.0,1.0,8.0,0.0,0.0,1.0,7.0,8.0,5.0,7.0,6.0,2,2.0,8,1,1,3.142857142857143,1,3.0,1,1,3.333333333333333,1,0,1,0,0,2,0,0,0,0,0,0,0,2,0,1,0,0
57868,57868,Eslovaquia,8.0,4.0,5.0,0.0,3.0,2.0,4.0,2.0,0.0,1.0,1.0,1.0,2.0,2.0,10.0,4.0,2.0,9.0,0.0,2,3.0,8,0,2,2.4285714285714284,1,2.6666666666666665,1,1,5.666666666666667,2,0,1,0,0,0,0,2,1,2,0,1,0,0,0,1,1,0
48866,48866,Hungría,5.0,5.0,5.0,5.0,2.0,2.0,3.0,2.0,5.0,2.0,5.0,2.0,2.0,2.0,10.0,5.0,5.0,7.0,2.0,2,1.0,7,0,1,4.0,2,2.333333333333333,1,1,5.0,2,2,1,0,0,2,1,1,0,0,0,0,1,2,0,1,1,0
558,558,Bélgica,6.0,4.0,7.0,3.0,4.0,7.0,6.0,6.0,6.0,6.0,7.0,6.0,6.0,6.0,8.0,5.0,8.0,8.0,7.0,0,2.0,0,2,1,6.428571428571429,3,6.333333333333333,3,2,5.666666666666667,2,0,1,2,3,0,3,2,0,2,1,2,0,2,1,1,0,0
50869,50869,Hungría,6.0,6.0,6.0,6.0,3.0,6.0,6.0,7.0,7.0,6.0,7.0,7.0,6.0,7.0,5.0,2.0,3.0,8.0,1.0,2,1.0,7,0,1,6.428571428571429,3,6.333333333333333,3,1,6.0,2,2,1,2,3,2,3,0,2,2,0,2,2,2,1,1,0,0
16251,16251,Países Bajos,10.0,6.0,8.0,6.0,4.0,4.0,4.0,4.0,0.0,4.0,5.0,5.0,0.0,6.0,7.0,5.0,8.0,8.0,6.0,0,3.0,2,1,1,3.857142857142857,1,4.0,2,2,8.0,3,0,1,0,2,2,0,2,1,2,0,1,0,0,0,1,1,0
52,52,Bélgica,7.0,3.0,8.0,6.0,3.0,5.0,7.0,5.0,3.0,7.0,9.0,4.0,4.0,5.0,10.0,6.0,4.0,9.0,0.0,0,2.0,0,0,2,6.0,3,5.666666666666667,2,1,6.0,2,1,1,2,1,1,3,2,2,2,0,2,2,1,2,0,1,0
11955,11955,Alemania,8.0,3.0,5.0,0.0,3.0,10.0,8.0,6.0,7.0,7.0,7.0,5.0,5.0,5.0,5.0,5.0,5.0,8.0,0.0,0,2.0,1,0,1,5.857142857142857,2,8.0,4,1,5.333333333333333,2,0,1,2,3,0,3,2,2,2,2,2,1,2,2,1,1,2
7261,7261,Alemania,3.0,4.0,7.0,4.0,1.0,6.0,5.0,5.0,3.0,9.0,9.0,5.0,6.0,5.0,8.0,7.0,7.0,1.0,5.0,0,2.0,1,1,0,6.428571428571429,3,5.333333333333333,2,0,4.666666666666667,1,1,1,2,2,2,3,0,2,2,1,1,2,0,2,0,1,0
53020,53020,Hungría,2.0,4.0,1.0,0.0,3.0,3.0,3.0,3.0,3.0,2.0,2.0,3.0,2.0,2.0,7.0,2.0,2.0,3.0,0.0,2,2.0,7,0,0,3.0,1,3.0,1,1,2.333333333333333,0,0,1,0,0,0,0,0,1,0,2,0,2,1,0,1,1,0
43928,43928,Hungría,8.0,5.0,5.0,10.0,2.0,5.0,5.0,5.0,0.0,5.0,5.0,1.0,4.0,2.0,8.0,5.0,5.0,8.0,5.0,2,2.0,7,1,1,3.571428571428572,1,5.0,2,1,6.0,2,2,1,2,2,3,0,2,2,0,1,1,0,0,1,1,1,1
42476,42476,Croacia,5.0,0.0,4.0,10.0,4.0,6.0,5.0,0.0,5.0,7.0,8.0,0.0,0.0,0.0,10.0,0.0,1.0,9.0,5.0,1,2.0,6,1,2,4.285714285714286,2,3.6666666666666665,1,2,3.0,1,2,1,2,2,3,2,1,0,0,2,1,0,2,2,1,1,0
11843,11843,Alemania,6.0,5.0,4.0,6.0,1.0,6.0,4.0,6.0,4.0,5.0,9.0,5.0,8.0,6.0,8.0,7.0,5.0,6.0,7.0,0,1.0,1,2,1,6.428571428571429,3,5.333333333333333,2,0,5.0,2,0,1,0,2,1,3,0,0,1,1,1,0,0,1,0,1,2
42905,42905,Croacia,5.0,7.0,7.0,8.0,4.0,8.0,6.0,5.0,7.0,4.0,3.0,2.0,5.0,1.0,5.0,0.0,2.0,7.0,5.0,1,2.0,6,1,1,3.857142857142857,1,6.333333333333333,3,2,6.333333333333333,2,2,1,2,3,3,0,2,2,1,2,2,2,2,0,1,1,0
21224,21224,España,2.0,7.0,2.0,1.0,4.0,3.0,7.0,2.0,1.0,7.0,8.0,1.0,1.0,0.0,7.0,2.0,3.0,8.0,7.0,1,3.0,3,2,1,3.571428571428572,1,4.0,2,2,3.6666666666666665,1,0,1,2,2,0,0,0,2,0,1,2,0,0,2,1,0,0
24069,24069,España,7.0,7.0,7.0,7.0,1.0,8.0,3.0,1.0,8.0,5.0,7.0,3.0,8.0,3.0,8.0,8.0,5.0,8.0,7.0,1,2.0,3,2,1,6.0,3,4.0,2,0,7.0,2,2,1,2,1,3,3,2,2,0,2,0,0,2,1,1,1,2
35579,35579,Portugal,7.0,3.0,0.0,8.0,3.0,8.0,5.0,9.0,9.0,8.0,10.0,6.0,9.0,9.0,8.0,0.0,2.0,3.0,9.0,1,2.0,5,2,0,8.428571428571429,4,7.333333333333333,3,1,3.333333333333333,1,2,0,2,3,3,3,2,0,0,2,1,2,2,2,1,0,2
25078,25078,España,5.0,5.0,4.0,7.0,2.0,7.0,6.0,3.0,5.0,5.0,7.0,5.0,5.0,5.0,8.0,1.0,3.0,8.0,3.0,1,2.0,3,0,1,5.714285714285714,2,5.333333333333333,2,1,4.666666666666667,1,2,1,0,2,3,1,2,0,0,2,2,0,0,1,1,1,0
50535,50535,Hungría,5.0,5.0,0.0,10.0,1.0,8.0,7.0,3.0,4.0,10.0,10.0,10.0,10.0,9.0,5.0,1.0,1.0,7.0,7.0,2,1.0,7,2,1,8.285714285714286,4,6.0,3,0,3.333333333333333,1,2,1,1,3,3,3,2,0,0,2,2,0,2,2,0,0,2
4869,4869,Bélgica,5.0,5.0,5.0,5.0,3.0,5.0,5.0,6.0,5.0,5.0,7.0,3.0,3.0,4.0,8.0,5.0,3.0,8.0,2.0,0,1.0,0,0,1,5.0,2,5.333333333333333,2,1,5.0,2,1,1,0,2,1,1,1,2,0,0,1,2,1,1,1,1,0
29713,29713,Italia,4.0,3.0,2.0,3.0,4.0,3.0,5.0,1.0,8.0,8.0,9.0,2.0,5.0,0.0,4.0,3.0,2.0,10.0,9.0,1,2.0,4,2,2,5.142857142857143,2,3.0,1,2,3.0,1,0,0,0,0,0,2,1,0,0,0,1,0,2,2,0,1,2
33328,33328,Italia,6.0,4.0,7.0,6.0,2.0,4.0,0.0,4.0,0.0,1.0,5.0,2.0,0.0,0.0,10.0,2.0,5.0,7.0,2.0,1,2.0,4,0,1,2.571428571428572,1,2.6666666666666665,1,1,5.666666666666667,2,2,1,0,0,1,0,0,1,2,1,0,0,0,0,1,1,0
26734,26734,España,7.0,7.0,5.0,7.0,2.0,6.0,8.0,7.0,6.0,5.0,9.0,2.0,6.0,1.0,6.0,2.0,3.0,7.0,6.0,1,3.0,3,1,1,5.0,2,7.0,3,1,6.333333333333333,2,2,1,2,3,3,2,0,2,2,0,2,2,2,1,0,1,2
9838,9838,Alemania,5.0,5.0,7.0,5.0,2.0,2.0,6.0,3.0,3.0,4.0,4.0,2.0,2.0,2.0,8.0,2.0,1.0,9.0,5.0,0,2.0,1,1,2,3.571428571428572,1,3.6666666666666665,1,1,5.666666666666667,2,1,1,2,1,1,0,0,2,0,0,2,0,0,0,0,1,0
30824,30824,Italia,7.0,8.0,7.0,4.0,3.0,6.0,5.0,6.0,6.0,7.0,8.0,4.0,5.0,4.0,5.0,7.0,7.0,6.0,6.0,1,2.0,4,1,1,5.571428571428571,2,5.666666666666667,2,1,7.333333333333333,2,0,1,0,2,2,2,2,2,0,0,1,0,1,2,1,1,2
852,852,Bélgica,5.0,5.0,4.0,5.0,4.0,5.0,5.0,5.0,5.0,5.0,5.0,5.0,5.0,5.0,9.0,5.0,5.0,10.0,8.0,0,2.0,0,2,2,5.571428571428571,2,5.0,2,2,4.666666666666667,1,0,0,0,1,2,1,2,0,2,2,1,1,1,1,1,1,1
38655,38655,Portugal,7.0,5.0,4.0,8.0,1.0,6.0,7.0,6.0,6.0,7.0,4.0,6.0,6.0,5.0,7.0,4.0,5.0,6.0,6.0,1,1.0,5,1,1,5.857142857142857,2,6.333333333333333,3,0,5.333333333333333,2,2,1,2,3,3,3,2,0,2,2,2,2,1,2,1,0,2
25878,25878,España,5.0,6.0,5.0,5.0,3.0,0.0,5.0,0.0,0.0,0.0,5.0,0.0,0.0,0.0,8.0,5.0,5.0,7.0,6.0,1,3.0,3,1,1,1.8571428571428568,0,1.6666666666666667,0,1,5.333333333333333,2,2,1,0,0,2,0,2,2,0,0,1,0,0,0,1,1,0
22166,22166,España,7.0,4.0,6.0,2.0,2.0,8.0,7.0,6.0,6.0,2.0,8.0,5.0,6.0,4.0,6.0,7.0,5.0,7.0,2.0,1,3.0,3,0,1,5.285714285714286,2,7.0,3,1,5.666666666666667,2,0,1,2,3,0,1,0,2,1,2,2,2,0,0,1,1,1
31362,31362,Italia,0.0,0.0,3.0,2.0,4.0,4.0,4.0,3.0,6.0,4.0,6.0,0.0,2.0,0.0,8.0,7.0,8.0,8.0,0.0,1,1.0,4,0,1,3.7142857142857135,1,3.6666666666666665,1,2,1.0,0,0,1,1,1,0,0,0,0,0,2,1,2,2,0,1,1,0
11609,11609,Alemania,4.0,5.0,3.0,5.0,1.0,2.0,4.0,4.0,0.0,0.0,8.0,0.0,0.0,0.0,5.0,7.0,7.0,8.0,0.0,0,3.0,1,0,1,1.8571428571428568,0,3.333333333333333,1,0,4.0,1,2,1,2,0,2,0,2,2,0,0,1,0,0,0,1,1,0
10366,10366,Alemania,7.0,10.0,5.0,6.0,2.0,9.0,5.0,8.0,6.0,0.0,5.0,4.0,5.0,5.0,9.0,5.0,6.0,8.0,9.0,0,3.0,1,2,1,4.857142857142857,2,7.333333333333333,3,1,7.333333333333333,2,1,0,2,3,2,2,2,2,1,2,1,2,0,0,1,1,0
25053,25053,España,3.0,2.0,3.0,5.0,2.0,2.0,4.0,3.0,3.0,2.0,5.0,4.0,2.0,4.0,7.0,6.0,2.0,7.0,7.0,1,2.0,3,2,1,3.857142857142857,1,3.0,1,1,2.6666666666666665,1,0,1,0,0,1,0,0,0,1,0,1,2,2,0,1,1,0
437,437,Bélgica,5.0,5.0,5.0,5.0,3.0,5.0,5.0,2.0,3.0,6.0,5.0,2.0,1.0,2.0,8.0,0.0,2.0,8.0,0.0,0,3.0,0,0,1,3.857142857142857,1,4.0,2,1,5.0,2,0,1,0,2,2,0,0,1,2,0,1,1,2,1,1,1,0
59624,59624,Eslovaquia,5.0,2.0,7.0,6.0,3.0,6.0,5.0,5.0,8.0,7.0,6.0,3.0,3.0,3.0,5.0,6.0,3.0,6.0,2.0,2,1.0,8,0,1,5.0,2,5.333333333333333,2,1,4.666666666666667,1,0,1,0,1,1,1,1,0,1,0,1,1,2,2,1,1,0
25190,25190,España,7.0,3.0,8.0,1.0,3.0,0.0,3.0,2.0,4.0,0.0,5.0,0.0,0.0,0.0,5.0,7.0,9.0,9.0,1.0,1,2.0,3,0,2,2.0,1,1.6666666666666667,0,1,6.0,2,0,1,0,0,0,0,1,1,2,0,0,2,1,0,1,0,0
32427,32427,Italia,5.0,7.0,5.0,0.0,4.0,5.0,6.0,5.0,5.0,0.0,3.0,0.0,0.0,0.0,8.0,5.0,5.0,10.0,5.0,1,2.0,4,1,2,2.2857142857142856,1,5.333333333333333,2,2,5.666666666666667,2,0,1,0,2,0,0,0,2,0,2,2,0,0,0,0,0,0
34614,34614,Portugal,3.0,3.0,3.0,5.0,4.0,7.0,2.0,2.0,2.0,1.0,4.0,1.0,2.0,1.0,7.0,2.0,3.0,6.0,5.0,1,2.0,5,1,1,2.571428571428572,1,3.6666666666666665,1,2,3.0,1,0,1,0,1,1,0,0,2,2,0,0,0,0,0,1,0,0
25936,25936,España,5.0,4.0,5.0,7.0,4.0,4.0,3.0,0.0,6.0,3.0,4.0,0.0,1.0,5.0,8.0,5.0,4.0,6.0,8.0,1,4.0,3,2,1,3.857142857142857,1,2.333333333333333,1,2,4.666666666666667,1,2,0,0,0,3,0,0,0,1,1,0,0,1,0,1,1,0
5900,5900,Bélgica,5.0,0.0,3.0,5.0,3.0,3.0,3.0,2.0,3.0,3.0,4.0,2.0,2.0,2.0,6.0,5.0,4.0,7.0,6.0,0,1.0,0,1,1,3.142857142857143,1,2.6666666666666665,1,1,2.6666666666666665,1,2,1,0,0,1,0,2,0,2,0,0,1,1,0,0,1,0
36456,36456,Portugal,2.0,3.0,5.0,2.0,2.0,5.0,0.0,0.0,10.0,5.0,0.0,5.0,5.0,5.0,10.0,0.0,0.0,5.0,10.0,1,3.0,5,2,0,5.714285714285714,2,1.6666666666666667,0,1,3.333333333333333,1,0,0,0,0,0,1,0,2,1,2,0,0,2,1,1,1,2
28237,28237,Italia,2.0,4.0,5.0,5.0,3.0,2.0,5.0,1.0,5.0,3.0,3.0,4.0,4.0,0.0,9.0,5.0,10.0,5.0,5.0,1,1.0,4,1,0,4.0,2,2.6666666666666665,1,1,3.6666666666666665,1,0,1,0,0,2,2,0,0,0,0,1,0,2,0,1,1,1
30144,30144,Italia,8.0,7.0,8.0,7.0,4.0,8.0,7.0,8.0,8.0,8.0,8.0,5.0,7.0,4.0,9.0,4.0,4.0,7.0,8.0,1,2.0,4,2,1,7.0,3,7.666666666666667,3,2,7.666666666666667,3,2,1,2,3,3,3,2,2,2,2,2,2,2,2,1,1,2
24060,24060,España,0.0,8.0,10.0,2.0,2.0,1.0,2.0,3.0,0.0,1.0,1.0,2.0,4.0,1.0,7.0,10.0,10.0,10.0,0.0,1,2.0,3,0,2,2.2857142857142856,1,2.0,1,1,6.0,2,0,1,0,0,0,0,0,2,2,0,0,0,0,0,1,1,2
50271,50271,Hungría,7.0,7.0,7.0,5.0,3.0,2.0,2.0,2.0,4.0,3.0,8.0,4.0,3.0,3.0,8.0,5.0,5.0,10.0,0.0,2,2.0,7,0,2,4.714285714285714,2,2.0,1,1,7.0,2,1,1,0,0,2,2,0,2,0,0,0,2,2,0,1,1,2
41554,41554,Croacia,10.0,10.0,10.0,0.0,4.0,0.0,0.0,0.0,6.0,0.0,6.0,0.0,6.0,0.0,6.0,3.0,5.0,3.0,0.0,1,5.0,6,0,0,3.4285714285714284,1,0.0,0,2,10.0,3,0,1,0,0,0,0,2,2,2,0,0,0,0,0,1,1,1
42675,42675,Croacia,2.0,2.0,2.0,7.0,4.0,5.0,3.0,3.0,0.0,0.0,7.0,2.0,0.0,2.0,7.0,6.0,5.0,10.0,8.0,1,2.0,6,2,2,2.571428571428572,1,3.6666666666666665,1,2,2.0,0,2,1,0,1,3,0,0,0,0,2,0,2,0,0,1,1,0
10956,10956,Alemania,5.0,4.0,2.0,5.0,3.0,4.0,4.0,4.0,6.0,5.0,7.0,4.0,6.0,3.0,7.0,4.0,3.0,6.0,0.0,0,4.0,1,0,1,5.428571428571429,2,4.0,2,1,3.6666666666666665,1,1,1,2,2,2,2,0,2,0,1,1,0,0,1,1,1,1
59373,59373,Eslovaquia,6.0,7.0,5.0,4.0,3.0,4.0,2.0,9.0,4.0,2.0,6.0,3.0,1.0,5.0,5.0,2.0,3.0,8.0,7.0,2,2.0,8,2,1,3.7142857142857135,1,5.0,2,1,6.0,2,2,1,0,2,2,0,1,2,2,2,0,2,0,0,1,1,0
24012,24012,España,8.0,5.0,6.0,5.0,3.0,6.0,6.0,4.0,8.0,9.0,10.0,6.0,7.0,3.0,10.0,7.0,6.0,8.0,5.0,1,2.0,3,1,1,7.571428571428571,3,5.333333333333333,2,1,6.333333333333333,2,2,1,0,1,2,3,2,2,2,2,2,0,2,2,0,0,2
8262,8262,Alemania,3.0,2.0,3.0,4.0,3.0,7.0,5.0,3.0,3.0,7.0,7.0,2.0,3.0,2.0,5.0,7.0,8.0,8.0,2.0,0,2.0,1,0,1,4.142857142857143,2,5.0,2,1,2.6666666666666665,1,2,1,2,2,2,2,0,0,2,0,1,2,0,2,1,1,1
59967,59967,Eslovaquia,6.0,5.0,5.0,7.0,3.0,3.0,3.0,2.0,4.0,3.0,5.0,2.0,1.0,2.0,2.0,4.0,5.0,8.0,2.0,2,2.0,8,0,1,2.7142857142857144,1,2.6666666666666665,1,1,5.333333333333333,2,2,1,0,0,3,0,1,1,2,0,0,1,2,0,1,1,0
54886,54886,Eslovaquia,5.0,7.0,8.0,6.0,3.0,7.0,5.0,8.0,3.0,6.0,8.0,3.0,8.0,5.0,9.0,5.0,5.0,7.0,9.0,2,2.0,8,2,1,6.0,3,6.666666666666667,3,1,6.666666666666667,2,0,0,2,3,2,3,0,2,2,0,1,2,1,1,1,1,2
38975,38975,Portugal,3.0,4.0,4.0,8.0,2.0,5.0,3.0,3.0,6.0,4.0,7.0,2.0,4.0,2.0,8.0,4.0,4.0,6.0,4.0,1,2.0,5,1,1,4.714285714285714,2,3.6666666666666665,1,1,3.6666666666666665,1,2,1,2,2,3,1,0,0,2,2,0,2,0,0,1,1,2
53663,53663,Eslovaquia,2.0,4.0,2.0,5.0,3.0,5.0,4.0,3.0,4.0,2.0,4.0,3.0,3.0,3.0,3.0,4.0,4.0,5.0,8.0,2,2.0,8,2,0,3.142857142857143,1,4.0,2,1,2.6666666666666665,1,0,1,0,2,2,0,0,2,0,1,1,2,0,0,1,1,1
25981,25981,España,6.0,3.0,4.0,3.0,3.0,9.0,3.0,7.0,9.0,4.0,8.0,4.0,8.0,3.0,8.0,9.0,5.0,9.0,5.0,1,3.0,3,1,2,6.285714285714286,3,6.333333333333333,3,1,4.333333333333333,1,0,1,2,3,0,3,2,1,2,2,0,2,2,0,1,1,2
49279,49279,Hungría,2.0,9.0,2.0,10.0,3.0,10.0,10.0,10.0,5.0,9.0,4.0,9.0,10.0,5.0,10.0,3.0,3.0,10.0,10.0,2,2.0,7,2,2,7.428571428571429,3,10.0,4,1,4.333333333333333,1,2,1,2,3,3,3,0,2,0,2,2,2,0,2,1,0,2
56466,56466,Eslovaquia,6.0,5.0,4.0,4.0,2.0,4.0,6.0,5.0,7.0,8.0,7.0,5.0,9.0,5.0,7.0,5.0,5.0,7.0,5.0,2,2.0,8,1,1,6.857142857142857,3,5.0,2,1,5.0,2,1,1,2,2,2,3,1,0,2,2,2,0,2,2,1,1,2
58179,58179,Eslovaquia,2.0,2.0,2.0,5.0,3.0,2.0,5.0,2.0,1.0,0.0,0.0,0.0,0.0,0.0,6.0,1.0,2.0,7.0,1.0,2,1.0,8,0,1,1.0,0,3.0,1,1,2.0,0,1,1,0,0,2,0,0,0,0,0,1,2,0,0,1,1,0
9994,9994,Alemania,6.0,3.0,3.0,5.0,3.0,2.0,3.0,3.0,1.0,8.0,8.0,2.0,4.0,2.0,8.0,3.0,3.0,5.0,0.0,0,1.0,1,0,0,4.714285714285714,2,2.6666666666666665,1,1,4.0,1,1,0,0,0,2,2,1,1,2,0,0,0,0,2,1,1,0
30349,30349,Italia,7.0,3.0,5.0,8.0,2.0,6.0,5.0,4.0,6.0,7.0,8.0,6.0,6.0,0.0,8.0,6.0,5.0,7.0,7.0,1,1.0,4,2,1,5.857142857142857,2,5.0,2,1,5.0,2,2,1,2,2,3,3,0,0,0,2,1,2,0,2,1,0,2
749,749,Bélgica,5.0,2.0,3.0,2.0,1.0,2.0,3.0,3.0,2.0,5.0,6.0,2.0,5.0,4.0,8.0,4.0,2.0,5.0,1.0,0,1.0,0,0,0,4.571428571428571,2,2.6666666666666665,1,0,3.333333333333333,1,0,1,0,0,0,2,0,0,0,0,0,0,0,1,1,1,0
41670,41670,Croacia,6.0,7.0,5.0,10.0,4.0,7.0,6.0,7.0,5.0,5.0,8.0,5.0,5.0,5.0,10.0,10.0,10.0,7.0,10.0,1,1.0,6,2,1,6.142857142857143,3,6.666666666666667,3,2,6.0,2,2,1,2,3,3,3,2,2,2,2,2,2,2,1,1,1,2
6571,6571,Bélgica,5.0,5.0,4.0,4.0,1.0,4.0,4.0,1.0,4.0,2.0,6.0,4.0,2.0,5.0,9.0,5.0,8.0,6.0,5.0,0,3.0,0,1,1,4.571428571428571,2,3.0,1,0,4.666666666666667,1,1,1,0,0,1,2,1,2,0,2,1,0,2,0,1,1,0
27758,27758,España,6.0,5.0,5.0,5.0,3.0,5.0,7.0,6.0,7.0,6.0,5.0,5.0,7.0,0.0,8.0,7.0,8.0,6.0,0.0,1,2.0,3,0,1,5.428571428571429,2,6.0,3,1,5.333333333333333,2,0,0,0,3,1,1,2,1,2,2,2,2,2,1,1,1,2
28936,28936,Italia,8.0,8.0,8.0,6.0,3.0,7.0,7.0,7.0,8.0,8.0,8.0,7.0,8.0,7.0,8.0,7.0,5.0,7.0,7.0,1,1.0,4,2,1,7.714285714285714,3,7.0,3,1,8.0,3,2,1,2,3,1,3,2,2,2,1,2,2,2,2,1,0,2
11140,11140,Alemania,7.0,5.0,4.0,3.0,2.0,7.0,4.0,5.0,5.0,6.0,8.0,4.0,5.0,4.0,7.0,7.0,5.0,6.0,5.0,0,1.0,1,1,1,5.571428571428571,2,5.333333333333333,2,1,5.333333333333333,2,0,1,2,2,0,2,2,2,2,2,1,1,2,1,1,1,0
40755,40755,Croacia,5.0,7.0,3.0,3.0,4.0,4.0,3.0,1.0,1.0,2.0,5.0,0.0,0.0,0.0,10.0,5.0,5.0,10.0,0.0,1,2.0,6,0,2,2.571428571428572,1,2.6666666666666665,1,2,5.0,2,0,1,0,0,0,0,0,2,2,2,0,0,0,0,1,1,0
42182,42182,Croacia,8.0,6.0,5.0,0.0,2.0,3.0,3.0,3.0,3.0,6.0,7.0,0.0,0.0,0.0,10.0,5.0,8.0,7.0,3.0,1,2.0,6,0,1,3.7142857142857135,1,3.0,1,1,6.333333333333333,2,0,1,0,0,0,0,2,2,0,1,0,0,2,1,1,1,0
53182,53182,Hungría,3.0,2.0,2.0,8.0,3.0,2.0,0.0,0.0,1.0,2.0,4.0,1.0,0.0,2.0,10.0,5.0,5.0,8.0,5.0,2,1.0,7,1,1,2.857142857142857,1,0.6666666666666666,0,1,2.333333333333333,0,2,1,0,0,3,0,0,0,0,0,0,0,0,0,1,1,0
37979,37979,Portugal,6.0,5.0,1.0,5.0,4.0,2.0,2.0,2.0,3.0,2.0,5.0,1.0,2.0,2.0,10.0,5.0,3.0,7.0,6.0,1,3.0,5,1,1,3.571428571428572,1,2.0,1,2,4.0,1,1,1,0,0,2,0,2,2,0,0,0,2,2,0,1,1,0
62622,62622,Eslovaquia,4.0,2.0,2.0,0.0,3.0,6.0,2.0,2.0,8.0,8.0,8.0,4.0,4.0,4.0,3.0,2.0,1.0,7.0,5.0,2,1.0,8,1,1,5.571428571428571,2,3.333333333333333,1,1,2.6666666666666665,1,0,1,0,0,0,1,2,0,0,0,0,0,2,2,1,1,2
11441,11441,Alemania,7.0,5.0,8.0,4.0,2.0,8.0,8.0,7.0,6.0,9.0,9.0,7.0,8.0,7.0,9.0,6.0,7.0,8.0,0.0,0,2.0,1,0,1,7.857142857142857,3,7.666666666666667,3,1,6.666666666666667,2,1,1,2,3,1,3,1,2,2,2,2,2,0,2,0,0,2
20289,20289,Países Bajos,5.0,7.0,5.0,5.0,4.0,7.0,3.0,5.0,3.0,7.0,8.0,2.0,4.0,3.0,4.0,4.0,5.0,7.0,4.0,0,1.0,2,1,1,4.428571428571429,2,5.0,2,2,5.666666666666667,2,0,1,2,2,1,2,2,2,0,1,0,0,0,2,1,1,0
59634,59634,Eslovaquia,2.0,4.0,4.0,5.0,1.0,6.0,4.0,2.0,2.0,4.0,6.0,4.0,4.0,4.0,6.0,8.0,5.0,10.0,5.0,2,1.0,8,1,2,4.285714285714286,2,4.0,2,0,3.333333333333333,1,2,1,0,1,1,2,0,1,2,2,1,1,0,0,1,1,1
34572,34572,Portugal,4.0,4.0,3.0,6.0,2.0,4.0,3.0,2.0,2.0,0.0,4.0,0.0,3.0,1.0,7.0,4.0,6.0,6.0,9.0,1,2.0,5,2,1,2.4285714285714284,1,3.0,1,1,3.6666666666666665,1,2,0,2,0,2,0,0,2,0,2,0,0,0,0,1,1,0
9266,9266,Alemania,5.0,4.0,7.0,0.0,1.0,7.0,8.0,1.0,8.0,1.0,6.0,5.0,9.0,9.0,9.0,10.0,9.0,5.0,8.0,0,2.0,1,2,0,6.714285714285714,3,5.333333333333333,2,0,5.333333333333333,2,0,0,2,2,0,3,2,1,2,2,2,0,2,0,1,1,2
55429,55429,Eslovaquia,3.0,4.0,2.0,8.0,3.0,7.0,7.0,7.0,7.0,6.0,5.0,5.0,6.0,4.0,5.0,7.0,8.0,7.0,3.0,2,1.0,8,0,1,5.428571428571429,2,7.0,3,1,3.0,1,2,1,2,3,3,2,0,0,0,2,2,2,2,1,1,1,2
16565,16565,Países Bajos,8.0,7.0,8.0,6.0,1.0,7.0,7.0,4.0,4.0,7.0,7.0,6.0,8.0,7.0,2.0,7.0,4.0,9.0,0.0,0,2.0,2,0,2,5.857142857142857,2,6.0,3,0,7.666666666666667,3,0,1,0,3,1,3,2,2,2,0,2,1,0,2,1,1,2
58422,58422,Eslovaquia,9.0,6.0,1.0,2.0,2.0,9.0,4.0,8.0,6.0,7.0,7.0,7.0,7.0,7.0,7.0,4.0,6.0,7.0,1.0,2,1.0,8,0,1,6.857142857142857,3,7.0,3,1,5.333333333333333,2,0,1,2,3,0,3,2,0,0,2,1,2,0,2,1,0,2
46399,46399,Hungría,5.0,5.0,5.0,4.0,2.0,4.0,2.0,3.0,4.0,4.0,4.0,2.0,3.0,2.0,8.0,5.0,5.0,6.0,5.0,2,3.0,7,1,1,3.857142857142857,1,3.0,1,1,5.0,2,1,1,2,0,1,0,0,1,2,2,0,0,0,0,1,1,0
45862,45862,Hungría,5.0,4.0,6.0,4.0,1.0,0.0,2.0,0.0,8.0,1.0,4.0,1.0,0.0,1.0,5.0,7.0,7.0,6.0,0.0,2,1.0,7,0,1,2.857142857142857,1,0.6666666666666666,0,0,5.0,2,0,1,0,0,1,0,0,1,2,0,0,0,2,0,1,0,0
50524,50524,Hungría,3.0,3.0,3.0,6.0,2.0,1.0,0.0,0.0,4.0,2.0,3.0,3.0,3.0,2.0,7.0,4.0,4.0,8.0,10.0,2,1.0,7,2,1,3.4285714285714284,1,0.3333333333333333,0,1,3.0,1,2,0,0,0,1,0,0,0,2,0,0,0,0,0,1,1,1
18498,18498,Países Bajos,7.0,5.0,7.0,3.0,3.0,7.0,7.0,6.0,6.0,6.0,7.0,6.0,6.0,6.0,8.0,3.0,6.0,8.0,3.0,0,4.0,2,0,1,6.428571428571429,3,6.666666666666667,3,1,6.333333333333333,2,0,1,2,3,0,3,0,2,2,0,2,0,0,1,1,0,0
46645,46645,Hungría,8.0,8.0,8.0,10.0,2.0,7.0,7.0,7.0,7.0,7.0,6.0,7.0,7.0,7.0,7.0,6.0,6.0,9.0,0.0,2,1.0,7,0,2,6.857142857142857,3,7.0,3,1,8.0,3,2,1,2,3,3,3,2,2,2,2,2,2,2,2,1,0,2
21337,21337,España,6.0,5.0,8.0,5.0,4.0,7.0,8.0,8.0,6.0,7.0,8.0,5.0,7.0,0.0,4.0,7.0,5.0,10.0,10.0,1,4.0,3,2,2,5.285714285714286,2,7.666666666666667,3,2,6.333333333333333,2,0,0,2,3,1,1,2,2,2,0,2,2,2,2,1,1,2
9279,9279,Alemania,8.0,6.0,9.0,3.0,2.0,4.0,8.0,6.0,8.0,10.0,10.0,5.0,10.0,6.0,9.0,10.0,9.0,9.0,2.0,0,4.0,1,0,2,8.285714285714286,4,6.0,3,1,7.666666666666667,3,0,1,0,3,0,3,2,2,2,0,2,2,2,2,0,1,2
30855,30855,Italia,5.0,3.0,8.0,10.0,3.0,0.0,8.0,0.0,0.0,10.0,10.0,0.0,5.0,0.0,8.0,0.0,0.0,10.0,10.0,1,2.0,4,2,2,4.714285714285714,2,2.6666666666666665,1,1,5.333333333333333,2,2,0,0,0,3,2,1,0,2,0,2,0,0,2,0,0,2
37765,37765,Portugal,6.0,5.0,6.0,5.0,2.0,5.0,3.0,2.0,8.0,8.0,8.0,2.0,5.0,2.0,6.0,3.0,4.0,6.0,6.0,1,3.0,5,1,1,5.571428571428571,2,3.333333333333333,1,1,5.666666666666667,2,1,1,0,0,2,2,2,0,1,0,0,2,2,2,1,1,2
32615,32615,Italia,5.0,5.0,5.0,8.0,1.0,6.0,5.0,8.0,1.0,1.0,5.0,2.0,7.0,2.0,8.0,5.0,0.0,4.0,5.0,1,1.0,4,1,0,3.7142857142857135,1,6.333333333333333,3,0,5.0,2,2,1,2,3,3,0,1,2,2,0,1,2,0,0,1,1,2
3427,3427,Bélgica,7.0,3.0,3.0,8.0,3.0,0.0,2.0,2.0,5.0,0.0,7.0,1.0,0.0,3.0,8.0,0.0,0.0,9.0,2.0,0,1.0,0,0,2,3.4285714285714284,1,1.3333333333333333,0,1,4.333333333333333,1,2,1,0,0,3,0,1,0,2,0,0,0,1,0,1,1,0
56096,56096,Eslovaquia,0.0,1.0,0.0,5.0,1.0,2.0,5.0,2.0,1.0,2.0,5.0,1.0,2.0,1.0,4.0,5.0,5.0,5.0,5.0,2,3.0,8,1,0,2.2857142857142856,1,3.0,1,0,0.3333333333333333,0,1,1,1,0,1,0,0,0,0,0,1,2,0,0,1,0,0
39328,39328,Portugal,5.0,4.0,5.0,7.0,4.0,8.0,4.0,9.0,7.0,9.0,9.0,3.0,6.0,1.0,6.0,7.0,4.0,7.0,6.0,1,2.0,5,1,1,5.857142857142857,2,7.0,3,2,4.666666666666667,1,2,1,2,3,3,3,1,1,0,2,1,2,2,2,0,1,1
48520,48520,Hungría,6.0,7.0,7.0,7.0,2.0,6.0,6.0,6.0,8.0,7.0,8.0,5.0,5.0,6.0,5.0,4.0,4.0,7.0,3.0,2,1.0,7,0,1,6.285714285714286,3,6.0,3,1,6.666666666666667,2,2,1,2,3,3,3,0,2,2,2,2,0,2,2,1,1,0
54810,54810,Eslovaquia,4.0,4.0,4.0,3.0,3.0,8.0,6.0,8.0,6.0,3.0,5.0,3.0,4.0,4.0,5.0,7.0,7.0,8.0,7.0,2,1.0,8,2,1,4.285714285714286,2,7.333333333333333,3,1,4.0,1,0,1,2,3,0,1,2,1,2,2,2,2,2,0,1,1,1
62312,62312,Eslovaquia,5.0,3.0,0.0,5.0,4.0,2.0,2.0,2.0,2.0,2.0,3.0,0.0,0.0,0.0,2.0,0.0,0.0,5.0,4.0,2,2.0,8,1,0,1.2857142857142858,0,2.0,1,2,2.6666666666666665,1,0,1,0,0,2,0,1,2,0,0,0,2,0,0,0,0,0
6717,6717,Bélgica,4.0,0.0,6.0,3.0,3.0,6.0,4.0,7.0,7.0,8.0,3.0,0.0,4.0,5.0,6.0,5.0,5.0,7.0,3.0,0,2.0,0,0,1,4.714285714285714,2,5.666666666666667,2,1,3.333333333333333,1,0,1,0,1,0,2,1,0,2,0,1,2,2,2,1,1,1
5525,5525,Bélgica,8.0,3.0,6.0,7.0,3.0,5.0,6.0,7.0,5.0,7.0,3.0,4.0,5.0,3.0,9.0,5.0,5.0,8.0,0.0,0,4.0,0,0,1,5.142857142857143,2,6.0,3,1,5.666666666666667,2,2,1,2,3,3,2,2,0,0,1,2,2,0,2,1,1,2
48294,48294,Hungría,0.0,5.0,0.0,5.0,4.0,0.0,0.0,0.0,0.0,0.0,0.0,0.0,0.0,0.0,9.0,3.0,3.0,5.0,7.0,2,1.0,7,2,0,1.2857142857142858,0,0.0,0,2,1.6666666666666667,0,2,1,0,0,2,0,0,1,0,0,0,0,0,0,1,1,0
36065,36065,Portugal,5.0,5.0,5.0,4.0,4.0,7.0,7.0,8.0,8.0,4.0,7.0,1.0,6.0,2.0,7.0,10.0,10.0,8.0,5.0,1,1.0,5,1,1,5.0,2,7.333333333333333,3,2,5.0,2,1,1,2,3,2,2,2,2,2,2,2,2,2,0,1,1,2
7683,7683,Alemania,2.0,1.0,0.0,2.0,2.0,3.0,5.0,3.0,1.0,3.0,3.0,1.0,3.0,1.0,10.0,5.0,5.0,9.0,0.0,0,2.0,1,0,2,3.142857142857143,1,3.6666666666666665,1,1,1.0,0,0,0,0,2,0,0,0,0,0,1,1,2,0,0,0,1,2
53060,53060,Hungría,5.0,4.0,4.0,5.0,4.0,2.0,2.0,0.0,4.0,2.0,4.0,0.0,0.0,0.0,8.0,5.0,5.0,5.0,4.0,2,2.0,7,1,0,2.571428571428572,1,1.3333333333333333,0,2,4.333333333333333,1,0,1,0,0,2,0,1,1,1,0,0,0,1,0,0,1,0
43751,43751,Hungría,5.0,3.0,3.0,7.0,3.0,4.0,3.0,2.0,5.0,3.0,8.0,2.0,2.0,2.0,8.0,3.0,3.0,8.0,5.0,2,1.0,7,1,1,4.285714285714286,2,3.0,1,1,3.6666666666666665,1,2,1,0,0,3,2,1,0,0,2,0,2,1,0,1,1,0
55667,55667,Eslovaquia,4.0,4.0,2.0,7.0,2.0,3.0,6.0,4.0,5.0,3.0,3.0,2.0,3.0,2.0,1.0,7.0,5.0,8.0,7.0,2,2.0,8,2,1,2.7142857142857144,1,4.333333333333333,2,1,3.333333333333333,1,2,1,2,2,3,0,2,1,0,1,2,2,2,0,1,1,0
1838,1838,Bélgica,8.0,1.0,3.0,6.0,3.0,8.0,6.0,5.0,8.0,8.0,6.0,6.0,7.0,7.0,8.0,4.0,4.0,8.0,0.0,0,2.0,0,0,1,7.142857142857143,3,6.333333333333333,3,1,4.0,1,0,1,2,3,2,3,2,0,2,2,2,0,2,2,1,0,2
61737,61737,Eslovaquia,5.0,4.0,0.0,5.0,3.0,5.0,3.0,1.0,5.0,4.0,5.0,0.0,0.0,1.0,10.0,3.0,2.0,7.0,9.0,2,2.0,8,2,1,3.571428571428572,1,3.0,1,1,3.0,1,2,1,0,0,2,0,0,2,0,2,0,0,1,0,1,0,0
45627,45627,Hungría,4.0,5.0,5.0,7.0,2.0,5.0,6.0,5.0,5.0,3.0,3.0,3.0,3.0,3.0,7.0,4.0,3.0,8.0,6.0,2,1.0,7,1,1,3.857142857142857,1,5.333333333333333,2,1,4.666666666666667,1,2,1,0,1,3,0,2,0,2,0,2,0,2,0,1,1,2
38918,38918,Portugal,8.0,3.0,2.0,7.0,4.0,3.0,1.0,2.0,5.0,2.0,3.0,1.0,2.0,1.0,7.0,3.0,2.0,6.0,10.0,1,2.0,5,2,1,3.0,1,2.0,1,2,4.333333333333333,1,2,0,0,0,3,0,2,1,0,2,0,0,2,0,0,1,0
57732,57732,Eslovaquia,5.0,3.0,5.0,4.0,2.0,2.0,3.0,3.0,5.0,5.0,5.0,2.0,4.0,2.0,0.0,5.0,5.0,5.0,5.0,2,3.0,8,1,0,3.2857142857142856,1,2.6666666666666665,1,1,4.333333333333333,1,0,1,0,0,1,0,0,1,2,0,0,2,0,1,1,1,0
6843,6843,Bélgica,8.0,7.0,7.0,5.0,2.0,6.0,5.0,6.0,5.0,5.0,7.0,6.0,5.0,5.0,8.0,4.0,4.0,6.0,6.0,0,2.0,0,1,1,5.857142857142857,2,5.666666666666667,2,1,7.333333333333333,2,0,1,0,1,2,3,2,2,0,2,1,2,2,1,1,1,0
39275,39275,Portugal,5.0,3.0,5.0,7.0,2.0,5.0,2.0,5.0,7.0,0.0,3.0,3.0,4.0,1.0,6.0,1.0,1.0,1.0,4.0,1,2.0,5,1,0,3.4285714285714284,1,4.0,2,1,4.333333333333333,1,2,1,2,2,3,0,2,0,2,2,0,2,2,0,0,1,1
15548,15548,Países Bajos,7.0,8.0,6.0,7.0,2.0,7.0,4.0,6.0,5.0,6.0,6.0,4.0,5.0,5.0,8.0,7.0,5.0,8.0,2.0,0,2.0,2,0,1,5.571428571428571,2,5.666666666666667,2,1,7.0,2,2,1,2,1,3,2,2,2,1,0,1,0,0,1,1,1,2
61923,61923,Eslovaquia,6.0,6.0,6.0,5.0,3.0,6.0,7.0,3.0,8.0,4.0,5.0,0.0,0.0,0.0,8.0,8.0,6.0,8.0,2.0,2,1.0,8,0,1,3.571428571428572,1,5.333333333333333,2,1,6.0,2,2,1,2,2,2,0,0,0,2,0,2,0,2,0,1,1,0
6908,6908,Bélgica,5.0,6.0,3.0,5.0,4.0,5.0,4.0,2.0,2.0,7.0,6.0,0.0,1.0,0.0,8.0,4.0,1.0,10.0,5.0,0,4.0,0,1,2,3.4285714285714284,1,3.6666666666666665,1,2,4.666666666666667,1,2,1,2,1,1,0,1,2,2,2,1,2,0,2,1,1,0
731,731,Bélgica,6.0,4.0,3.0,7.0,1.0,6.0,4.0,2.0,5.0,7.0,7.0,5.0,6.0,4.0,8.0,5.0,3.0,9.0,7.0,0,2.0,0,2,2,6.0,3,4.0,2,0,4.333333333333333,1,2,1,2,2,3,3,2,2,0,0,1,0,1,2,1,1,0
21333,21333,España,6.0,6.0,6.0,7.0,2.0,5.0,7.0,7.0,6.0,3.0,6.0,6.0,6.0,0.0,9.0,4.0,4.0,7.0,5.0,1,2.0,3,1,1,5.142857142857143,2,6.333333333333333,3,1,6.0,2,2,1,2,3,3,2,1,2,1,0,2,2,1,0,1,0,0
42919,42919,Croacia,5.0,5.0,4.0,5.0,4.0,3.0,3.0,2.0,0.0,1.0,3.0,0.0,0.0,1.0,7.0,4.0,5.0,8.0,7.0,1,2.0,6,2,1,1.7142857142857142,0,2.6666666666666665,1,2,4.666666666666667,1,2,1,0,0,1,0,0,2,1,2,0,0,0,0,1,1,0
59295,59295,Eslovaquia,7.0,6.0,7.0,4.0,3.0,7.0,1.0,5.0,6.0,5.0,6.0,6.0,7.0,6.0,2.0,5.0,5.0,7.0,0.0,2,1.0,8,0,1,5.428571428571429,2,4.333333333333333,2,1,6.666666666666667,2,2,0,2,1,1,2,0,0,2,2,0,2,1,1,1,1,2
45941,45941,Hungría,8.0,7.0,2.0,7.0,1.0,7.0,7.0,8.0,7.0,8.0,9.0,8.0,8.0,9.0,7.0,7.0,8.0,8.0,8.0,2,3.0,7,2,1,8.0,4,7.333333333333333,3,0,5.666666666666667,2,2,1,2,3,3,3,2,2,0,0,2,2,2,2,0,0,2
28313,28313,Italia,6.0,6.0,7.0,5.0,3.0,3.0,3.0,5.0,7.0,8.0,9.0,3.0,7.0,0.0,4.0,9.0,9.0,6.0,10.0,1,1.0,4,2,1,5.428571428571429,2,3.6666666666666665,1,1,6.333333333333333,2,1,0,2,1,2,1,2,0,0,1,0,1,2,2,0,1,2
50595,50595,Hungría,6.0,3.0,5.0,9.0,3.0,10.0,5.0,6.0,3.0,5.0,5.0,4.0,7.0,5.0,5.0,7.0,4.0,8.0,8.0,2,2.0,7,2,1,4.857142857142857,2,7.0,3,1,4.666666666666667,1,2,1,2,3,3,2,2,1,2,2,1,0,0,1,1,1,2
2858,2858,Bélgica,0.0,5.0,5.0,5.0,3.0,7.0,8.0,7.0,5.0,5.0,8.0,2.0,5.0,2.0,8.0,8.0,5.0,10.0,9.0,0,2.0,0,2,2,5.0,2,7.333333333333333,3,1,3.333333333333333,1,2,1,2,3,1,2,0,0,0,1,2,2,2,1,1,1,2
30246,30246,Italia,6.0,4.0,6.0,7.0,3.0,5.0,3.0,2.0,5.0,3.0,7.0,3.0,3.0,3.0,6.0,5.0,4.0,8.0,7.0,1,1.0,4,2,1,4.285714285714286,2,3.333333333333333,1,1,5.333333333333333,2,2,1,2,0,3,1,2,2,1,0,0,1,0,0,1,1,2
53369,53369,Hungría,7.0,6.0,2.0,9.0,3.0,8.0,7.0,7.0,2.0,7.0,8.0,5.0,6.0,3.0,9.0,4.0,3.0,9.0,7.0,2,2.0,7,2,2,5.714285714285714,2,7.333333333333333,3,1,5.0,2,2,1,2,3,3,2,2,0,0,2,2,2,0,2,1,1,1
60051,60051,Eslovaquia,4.0,8.0,4.0,1.0,1.0,8.0,6.0,6.0,1.0,8.0,10.0,4.0,2.0,1.0,7.0,0.0,0.0,10.0,8.0,2,1.0,8,2,2,4.714285714285714,2,6.666666666666667,3,0,5.333333333333333,2,0,1,2,3,0,2,2,2,2,2,2,2,0,2,0,1,0
55550,55550,Eslovaquia,5.0,5.0,6.0,1.0,3.0,5.0,5.0,4.0,5.0,4.0,5.0,5.0,4.0,5.0,10.0,5.0,5.0,5.0,9.0,2,2.0,8,2,0,5.428571428571429,2,4.666666666666667,2,1,5.333333333333333,2,0,1,2,1,0,1,0,0,2,1,1,0,2,0,1,1,2
33926,33926,Portugal,3.0,5.0,3.0,5.0,3.0,6.0,5.0,6.0,3.0,4.0,7.0,4.0,4.0,4.0,8.0,5.0,6.0,9.0,5.0,1,2.0,5,1,2,4.857142857142857,2,5.666666666666667,2,1,3.6666666666666665,1,1,1,2,1,1,2,0,0,0,0,1,2,0,0,1,1,0
59097,59097,Eslovaquia,0.0,5.0,0.0,5.0,3.0,1.0,0.0,0.0,1.0,0.0,2.0,0.0,0.0,1.0,8.0,5.0,5.0,1.0,6.0,2,2.0,8,1,0,1.7142857142857142,0,0.3333333333333333,0,1,1.6666666666666667,0,2,1,0,0,1,0,0,0,0,0,0,0,0,0,1,0,0
57192,57192,Eslovaquia,8.0,7.0,9.0,8.0,3.0,9.0,5.0,7.0,6.0,2.0,4.0,3.0,3.0,6.0,3.0,4.0,6.0,7.0,5.0,2,3.0,8,1,1,3.857142857142857,1,7.0,3,1,8.0,3,2,1,2,3,3,0,2,2,2,2,1,2,2,0,0,1,0
53806,53806,Eslovaquia,4.0,5.0,6.0,7.0,3.0,5.0,6.0,5.0,2.0,3.0,4.0,2.0,3.0,3.0,7.0,7.0,8.0,7.0,9.0,2,1.0,8,2,1,3.4285714285714284,1,5.333333333333333,2,1,5.0,2,2,0,2,2,3,0,2,2,0,0,2,2,0,0,1,1,2
57984,57984,Eslovaquia,5.0,2.0,2.0,2.0,2.0,3.0,2.0,2.0,1.0,3.0,3.0,5.0,1.0,5.0,4.0,4.0,4.0,5.0,5.0,2,2.0,8,1,0,3.142857142857143,1,2.333333333333333,1,1,3.0,1,0,1,0,0,0,0,2,0,0,0,0,1,0,0,1,1,0
8381,8381,Alemania,4.0,5.0,0.0,5.0,3.0,4.0,2.0,5.0,4.0,4.0,4.0,4.0,4.0,2.0,7.0,5.0,0.0,5.0,0.0,0,2.0,1,0,0,4.142857142857143,2,3.6666666666666665,1,1,3.0,1,1,1,2,1,2,1,0,0,0,2,0,2,2,0,1,1,0
29272,29272,Italia,6.0,5.0,5.0,4.0,2.0,6.0,3.0,3.0,4.0,6.0,7.0,2.0,3.0,2.0,8.0,4.0,5.0,8.0,6.0,1,2.0,4,1,1,4.571428571428571,2,4.0,2,1,5.333333333333333,2,2,1,1,2,1,2,2,1,0,0,0,1,2,1,1,1,1
16954,16954,Países Bajos,8.0,4.0,7.0,5.0,2.0,9.0,3.0,3.0,2.0,7.0,8.0,3.0,5.0,3.0,7.0,7.0,8.0,6.0,5.0,0,3.0,2,1,1,5.0,2,5.0,2,1,6.333333333333333,2,0,1,2,2,1,1,2,1,2,2,0,2,0,2,1,1,2
43143,43143,Croacia,7.0,3.0,6.0,5.0,3.0,3.0,5.0,3.0,4.0,2.0,3.0,1.0,2.0,1.0,9.0,3.0,3.0,8.0,6.0,1,1.0,6,1,1,3.142857142857143,1,3.6666666666666665,1,1,5.333333333333333,2,0,1,2,2,2,0,0,2,2,1,1,0,0,0,0,1,0
1851,1851,Bélgica,7.0,5.0,6.0,0.0,3.0,6.0,5.0,5.0,4.0,7.0,5.0,4.0,5.0,5.0,10.0,7.0,7.0,9.0,8.0,0,2.0,0,2,2,5.714285714285714,2,5.333333333333333,2,1,6.0,2,0,0,2,2,0,2,2,2,1,0,1,2,2,2,1,1,0
39071,39071,Portugal,5.0,2.0,0.0,8.0,4.0,2.0,1.0,2.0,5.0,6.0,6.0,3.0,6.0,3.0,6.0,4.0,5.0,6.0,6.0,1,2.0,5,1,1,5.0,2,1.6666666666666667,0,2,2.333333333333333,0,2,1,0,0,3,2,1,0,0,0,0,2,1,1,1,1,2
49013,49013,Hungría,4.0,2.0,5.0,10.0,2.0,5.0,3.0,2.0,4.0,5.0,2.0,5.0,2.0,0.0,10.0,3.0,4.0,3.0,4.0,2,2.0,7,1,0,4.0,2,3.333333333333333,1,1,3.6666666666666665,1,2,1,2,0,3,1,2,0,2,2,0,2,0,1,1,1,0
168,168,Bélgica,7.0,5.0,5.0,5.0,2.0,8.0,3.0,5.0,6.0,2.0,5.0,2.0,4.0,5.0,9.0,8.0,7.0,7.0,2.0,0,2.0,0,0,1,4.714285714285714,2,5.333333333333333,2,1,5.666666666666667,2,0,1,0,2,1,1,2,2,0,2,0,0,0,0,1,1,2
35263,35263,Portugal,7.0,7.0,7.0,1.0,4.0,0.0,0.0,0.0,0.0,0.0,5.0,0.0,0.0,0.0,7.0,3.0,2.0,7.0,8.0,1,2.0,5,2,1,1.7142857142857142,0,0.0,0,2,7.0,2,0,0,0,0,0,0,1,2,0,0,0,0,0,0,1,0,0
16563,16563,Países Bajos,7.0,5.0,6.0,4.0,3.0,6.0,5.0,4.0,7.0,4.0,6.0,5.0,6.0,7.0,7.0,4.0,5.0,9.0,8.0,0,4.0,2,2,2,6.0,3,5.0,2,1,6.0,2,2,0,0,2,2,3,2,2,0,1,1,2,2,0,1,1,0
25035,25035,España,5.0,2.0,7.0,6.0,2.0,6.0,4.0,5.0,8.0,5.0,8.0,3.0,6.0,5.0,3.0,5.0,7.0,6.0,7.0,1,4.0,3,2,1,5.428571428571429,2,5.0,2,1,4.666666666666667,1,1,1,0,1,1,2,0,0,2,2,1,2,2,1,1,1,0
44018,44018,Hungría,5.0,5.0,5.0,5.0,4.0,3.0,3.0,3.0,5.0,5.0,3.0,3.0,5.0,0.0,4.0,5.0,5.0,5.0,0.0,2,1.0,7,0,0,3.571428571428572,1,3.0,1,2,5.0,2,2,1,0,0,1,0,1,0,0,0,0,0,2,1,0,1,2
31471,31471,Italia,6.0,6.0,7.0,3.0,3.0,7.0,6.0,7.0,6.0,7.0,7.0,5.0,7.0,6.0,7.0,6.0,5.0,8.0,4.0,1,3.0,4,1,1,6.428571428571429,3,6.666666666666667,3,1,6.333333333333333,2,0,1,2,3,0,3,1,2,1,1,2,2,0,2,1,1,2
24786,24786,España,7.0,7.0,3.0,5.0,4.0,4.0,4.0,0.0,4.0,6.0,9.0,0.0,0.0,0.0,9.0,5.0,5.0,8.0,6.0,1,4.0,3,1,1,4.0,2,2.6666666666666665,1,2,5.666666666666667,2,0,1,0,0,1,1,1,2,2,2,1,0,1,1,0,1,0
5911,5911,Bélgica,7.0,4.0,7.0,5.0,3.0,4.0,4.0,4.0,4.0,4.0,6.0,4.0,4.0,4.0,5.0,4.0,6.0,7.0,7.0,0,2.0,0,2,1,4.428571428571429,2,4.0,2,1,6.0,2,0,1,2,2,2,2,1,2,1,0,1,2,0,0,1,1,2
25420,25420,España,8.0,9.0,8.0,8.0,2.0,5.0,7.0,9.0,6.0,3.0,5.0,5.0,5.0,0.0,10.0,6.0,5.0,9.0,7.0,1,2.0,3,2,2,4.857142857142857,2,7.0,3,1,8.333333333333334,3,2,1,2,3,3,2,2,2,2,1,2,2,2,0,1,1,2
18605,18605,Países Bajos,7.0,6.0,6.0,8.0,2.0,7.0,8.0,6.0,6.0,6.0,7.0,4.0,8.0,5.0,9.0,9.0,5.0,8.0,6.0,0,2.0,2,1,1,6.428571428571429,3,7.0,3,1,6.333333333333333,2,2,1,2,3,3,3,2,1,0,0,2,2,0,1,1,1,2
32830,32830,Italia,8.0,5.0,6.0,7.0,3.0,6.0,5.0,7.0,2.0,5.0,8.0,1.0,2.0,1.0,10.0,2.0,3.0,9.0,8.0,1,1.0,4,2,2,4.142857142857143,2,6.0,3,1,6.333333333333333,2,2,0,1,3,3,1,2,1,0,2,1,2,0,1,1,0,0
4400,4400,Bélgica,5.0,4.0,5.0,5.0,4.0,3.0,4.0,2.0,5.0,9.0,9.0,3.0,5.0,5.0,9.0,4.0,7.0,8.0,8.0,0,3.0,0,2,1,6.428571428571429,3,3.0,1,2,4.666666666666667,1,0,1,0,0,1,3,2,2,0,2,1,2,0,2,0,1,2
13762,13762,Alemania,8.0,7.0,10.0,8.0,1.0,7.0,9.0,7.0,4.0,8.0,9.0,5.0,7.0,5.0,10.0,10.0,7.0,8.0,9.0,0,4.0,1,2,1,6.857142857142857,3,7.666666666666667,3,0,8.333333333333334,3,2,0,2,3,3,3,2,2,2,2,2,2,1,2,0,1,2
5201,5201,Bélgica,6.0,5.0,7.0,6.0,3.0,7.0,4.0,2.0,8.0,6.0,7.0,4.0,3.0,4.0,7.0,4.0,1.0,8.0,6.0,0,1.0,0,1,1,5.571428571428571,2,4.333333333333333,2,1,6.0,2,0,1,0,2,1,1,0,2,2,0,1,1,2,1,1,1,0
22787,22787,España,5.0,8.0,7.0,5.0,1.0,8.0,7.0,7.0,7.0,10.0,10.0,6.0,7.0,6.0,10.0,7.0,10.0,9.0,7.0,1,3.0,3,2,2,8.0,4,7.333333333333333,3,0,6.666666666666667,2,1,1,2,3,1,3,2,2,0,2,2,2,2,2,0,0,2
60047,60047,Eslovaquia,6.0,3.0,3.0,5.0,2.0,9.0,8.0,9.0,9.0,5.0,10.0,5.0,7.0,5.0,8.0,0.0,3.0,10.0,9.0,2,1.0,8,2,2,7.0,3,8.666666666666666,4,1,4.0,1,1,0,2,3,1,3,0,0,0,2,2,2,2,1,0,1,2
29859,29859,Italia,2.0,4.0,6.0,0.0,1.0,3.0,0.0,0.0,1.0,0.0,5.0,0.0,0.0,1.0,3.0,0.0,0.0,3.0,2.0,1,1.0,4,0,0,1.4285714285714286,0,1.0,0,0,4.0,1,0,1,0,0,0,0,0,0,0,0,0,0,0,0,1,1,0
61067,61067,Eslovaquia,6.0,7.0,3.0,6.0,3.0,10.0,10.0,6.0,10.0,10.0,10.0,10.0,10.0,10.0,10.0,5.0,5.0,6.0,10.0,2,1.0,8,2,1,10.0,4,8.666666666666666,4,1,5.333333333333333,2,2,0,2,3,1,3,0,2,0,2,2,1,2,2,0,1,2
19507,19507,Países Bajos,5.0,6.0,3.0,5.0,1.0,6.0,6.0,4.0,3.0,5.0,6.0,4.0,5.0,5.0,8.0,4.0,6.0,7.0,0.0,0,4.0,2,0,1,5.142857142857143,2,5.333333333333333,2,0,4.666666666666667,1,0,1,2,2,2,2,1,1,0,0,2,1,0,1,1,1,0
52048,52048,Hungría,7.0,7.0,6.0,10.0,2.0,3.0,2.0,1.0,0.0,7.0,7.0,1.0,0.0,3.0,7.0,0.0,0.0,7.0,0.0,2,1.0,7,0,1,3.571428571428572,1,2.0,1,1,6.666666666666667,2,2,1,0,0,3,0,0,2,2,2,0,0,0,2,1,1,0
22190,22190,España,0.0,0.0,0.0,5.0,3.0,5.0,10.0,0.0,5.0,5.0,10.0,0.0,5.0,0.0,10.0,6.0,5.0,7.0,6.0,1,4.0,3,1,1,5.0,2,5.0,2,1,0.0,0,1,1,0,1,1,2,0,0,0,2,2,0,1,1,0,1,2
13793,13793,Alemania,5.0,5.0,3.0,4.0,1.0,7.0,5.0,3.0,5.0,5.0,5.0,5.0,5.0,5.0,5.0,5.0,5.0,7.0,0.0,0,4.0,1,0,1,5.0,2,5.0,2,0,4.333333333333333,1,1,0,0,1,2,2,2,0,0,2,1,2,0,1,1,1,1
9407,9407,Alemania,8.0,5.0,8.0,5.0,2.0,8.0,5.0,7.0,5.0,9.0,9.0,6.0,7.0,6.0,5.0,10.0,10.0,9.0,7.0,0,2.0,1,2,2,6.714285714285714,3,6.666666666666667,3,1,7.0,2,2,1,2,3,1,3,2,0,2,2,1,2,0,2,0,0,2
43663,43663,Hungría,2.0,3.0,0.0,5.0,4.0,4.0,3.0,3.0,5.0,6.0,6.0,2.0,3.0,3.0,9.0,5.0,5.0,3.0,5.0,2,2.0,7,1,0,4.857142857142857,2,3.333333333333333,1,2,1.6666666666666667,0,0,1,2,0,2,2,0,1,0,2,0,2,2,1,1,1,2
47478,47478,Hungría,10.0,0.0,0.0,5.0,4.0,0.0,3.0,3.0,0.0,0.0,10.0,0.0,0.0,0.0,5.0,3.0,6.0,8.0,7.0,2,2.0,7,2,1,2.142857142857143,1,2.0,1,2,3.333333333333333,1,1,1,0,0,2,0,2,0,0,0,0,2,0,0,0,1,0
14209,14209,Países Bajos,6.0,6.0,6.0,5.0,3.0,6.0,6.0,6.0,6.0,4.0,7.0,5.0,6.0,6.0,8.0,4.0,8.0,8.0,6.0,0,3.0,2,1,1,6.0,3,6.0,3,1,6.0,2,1,1,0,3,1,3,1,0,0,2,2,2,2,0,1,1,2
21578,21578,España,2.0,8.0,4.0,3.0,4.0,7.0,0.0,6.0,4.0,2.0,4.0,0.0,3.0,0.0,6.0,8.0,7.0,8.0,5.0,1,2.0,3,1,1,2.7142857142857144,1,4.333333333333333,2,2,4.666666666666667,1,0,1,0,1,0,0,0,2,0,0,0,2,0,0,1,1,0
20470,20470,Países Bajos,8.0,8.0,5.0,3.0,3.0,4.0,5.0,5.0,1.0,8.0,9.0,5.0,3.0,7.0,8.0,3.0,5.0,5.0,0.0,0,2.0,2,0,0,5.857142857142857,2,4.666666666666667,2,1,7.0,2,0,1,0,2,0,3,2,2,0,2,1,2,0,2,0,1,2
20313,20313,Países Bajos,7.0,5.0,7.0,7.0,2.0,6.0,7.0,6.0,6.0,7.0,7.0,6.0,6.0,5.0,8.0,6.0,6.0,7.0,4.0,0,4.0,2,1,1,6.428571428571429,3,6.333333333333333,3,1,6.333333333333333,2,2,1,2,3,3,3,0,0,1,0,2,2,2,2,1,0,0
45489,45489,Hungría,8.0,5.0,5.0,5.0,4.0,4.0,6.0,4.0,5.0,5.0,8.0,2.0,5.0,2.0,8.0,4.0,6.0,9.0,0.0,2,1.0,7,0,2,5.0,2,4.666666666666667,2,2,6.0,2,2,0,1,2,2,2,2,1,2,2,2,1,0,1,1,1,1
56049,56049,Eslovaquia,6.0,6.0,5.0,6.0,3.0,4.0,5.0,4.0,7.0,4.0,4.0,5.0,6.0,5.0,6.0,5.0,5.0,9.0,9.0,2,1.0,8,2,2,5.285714285714286,2,4.333333333333333,2,1,5.666666666666667,2,0,0,0,1,1,2,2,1,2,2,1,2,2,0,1,1,2
3421,3421,Bélgica,7.0,6.0,6.0,5.0,2.0,6.0,6.0,5.0,6.0,6.0,7.0,6.0,6.0,6.0,9.0,6.0,6.0,9.0,7.0,0,2.0,0,2,2,6.571428571428571,3,5.666666666666667,2,1,6.333333333333333,2,0,1,0,2,1,3,0,2,1,2,2,2,1,1,1,0,1
46001,46001,Hungría,3.0,4.0,4.0,5.0,4.0,2.0,2.0,1.0,6.0,4.0,4.0,5.0,3.0,5.0,4.0,7.0,5.0,5.0,0.0,2,2.0,7,0,0,4.428571428571429,2,1.6666666666666667,0,2,3.6666666666666665,1,2,1,0,0,1,2,0,0,1,0,0,0,1,0,1,1,2
46521,46521,Hungría,7.0,5.0,8.0,5.0,4.0,1.0,1.0,1.0,4.0,4.0,5.0,4.0,4.0,3.0,4.0,5.0,5.0,9.0,6.0,2,1.0,7,1,2,4.0,2,1.0,0,2,6.666666666666667,2,2,1,0,0,2,2,0,0,2,0,0,0,2,0,1,1,1
40047,40047,Portugal,4.0,4.0,4.0,4.0,3.0,5.0,4.0,4.0,6.0,5.0,6.0,5.0,5.0,5.0,5.0,8.0,8.0,7.0,8.0,1,1.0,5,2,1,5.285714285714286,2,4.333333333333333,2,1,4.0,1,1,0,2,2,2,1,1,2,2,2,1,2,1,1,1,1,0
56255,56255,Eslovaquia,6.0,4.0,5.0,3.0,4.0,2.0,4.0,4.0,3.0,2.0,2.0,2.0,2.0,2.0,10.0,4.0,3.0,5.0,8.0,2,2.0,8,2,0,3.2857142857142856,1,3.333333333333333,1,2,5.0,2,0,0,2,0,0,0,0,0,2,0,1,0,1,0,1,1,0
55037,55037,Eslovaquia,6.0,8.0,8.0,2.0,2.0,7.0,2.0,1.0,7.0,7.0,8.0,6.0,8.0,9.0,8.0,0.0,1.0,6.0,0.0,2,2.0,8,0,1,7.571428571428571,3,3.333333333333333,1,1,7.333333333333333,2,0,1,2,0,0,3,1,2,2,0,0,0,2,2,1,0,2
28304,28304,Italia,6.0,4.0,4.0,1.0,2.0,7.0,6.0,5.0,4.0,8.0,6.0,4.0,6.0,3.0,7.0,5.0,6.0,8.0,8.0,1,1.0,4,2,1,5.428571428571429,2,6.0,3,1,4.666666666666667,1,0,0,0,3,0,1,2,0,0,0,2,0,0,2,1,1,0
40859,40859,Croacia,6.0,6.0,5.0,5.0,4.0,3.0,6.0,2.0,3.0,2.0,5.0,1.0,2.0,1.0,1.0,5.0,5.0,8.0,5.0,1,2.0,6,1,1,2.142857142857143,1,3.6666666666666665,1,2,5.666666666666667,2,0,1,0,2,1,0,2,0,0,2,2,0,2,0,1,0,0
17129,17129,Países Bajos,4.0,3.0,7.0,5.0,3.0,2.0,2.0,2.0,0.0,0.0,0.0,3.0,3.0,0.0,7.0,0.0,0.0,9.0,7.0,0,2.0,2,2,2,1.8571428571428568,0,2.0,1,1,4.666666666666667,1,0,1,0,0,1,0,0,0,0,0,0,2,0,0,1,1,0
20731,20731,Países Bajos,9.0,7.0,7.0,2.0,2.0,8.0,7.0,7.0,7.0,7.0,7.0,7.0,7.0,7.0,7.0,6.0,7.0,8.0,4.0,0,2.0,2,1,1,7.0,3,7.333333333333333,3,1,7.666666666666667,3,0,1,2,3,0,3,2,2,1,2,2,2,2,2,1,1,2
3685,3685,Bélgica,4.0,3.0,4.0,4.0,3.0,6.0,4.0,4.0,2.0,5.0,6.0,4.0,5.0,3.0,10.0,3.0,4.0,7.0,2.0,0,2.0,0,0,1,5.0,2,4.666666666666667,2,1,3.6666666666666665,1,1,1,1,2,2,2,0,1,0,0,1,1,0,1,1,1,0
42430,42430,Croacia,3.0,2.0,4.0,3.0,1.0,9.0,5.0,9.0,10.0,7.0,9.0,10.0,9.0,10.0,7.0,7.0,8.0,7.0,6.0,1,1.0,6,1,1,8.857142857142858,4,7.666666666666667,3,0,3.0,1,0,1,2,3,0,3,0,0,2,2,1,2,2,2,1,1,2
62509,62509,Eslovaquia,9.0,6.0,4.0,8.0,4.0,4.0,8.0,6.0,4.0,8.0,7.0,7.0,7.0,4.0,3.0,2.0,3.0,8.0,6.0,2,2.0,8,1,1,5.714285714285714,2,6.0,3,2,6.333333333333333,2,2,1,0,3,3,2,2,1,1,2,2,2,1,2,1,0,2
56069,56069,Eslovaquia,9.0,7.0,2.0,3.0,4.0,5.0,7.0,7.0,10.0,9.0,5.0,5.0,10.0,5.0,10.0,5.0,7.0,5.0,5.0,2,2.0,8,1,0,7.714285714285714,3,6.333333333333333,3,2,6.0,2,0,1,2,3,0,3,2,2,0,0,2,2,2,2,1,1,2
28635,28635,Italia,4.0,3.0,4.0,5.0,1.0,1.0,2.0,0.0,8.0,8.0,7.0,2.0,5.0,0.0,9.0,7.0,3.0,7.0,0.0,1,3.0,4,0,1,5.571428571428571,2,1.0,0,0,3.6666666666666665,1,1,0,0,0,1,2,2,2,2,0,0,0,2,2,1,1,0
30301,30301,Italia,4.0,4.0,5.0,5.0,3.0,6.0,4.0,4.0,6.0,6.0,7.0,5.0,5.0,6.0,5.0,3.0,4.0,7.0,7.0,1,1.0,4,2,1,5.714285714285714,2,4.666666666666667,2,1,4.333333333333333,1,2,1,2,2,1,2,1,2,1,2,1,2,2,1,1,1,0
59717,59717,Eslovaquia,3.0,2.0,4.0,5.0,2.0,7.0,7.0,6.0,5.0,5.0,4.0,5.0,6.0,4.0,10.0,4.0,5.0,5.0,8.0,2,1.0,8,2,0,5.571428571428571,2,6.666666666666667,3,1,3.0,1,1,0,2,3,2,2,0,0,2,2,2,2,1,1,1,1,2
14955,14955,Países Bajos,7.0,7.0,5.0,7.0,4.0,6.0,5.0,6.0,3.0,3.0,6.0,6.0,5.0,5.0,8.0,4.0,3.0,7.0,7.0,0,1.0,2,2,1,5.142857142857143,2,5.666666666666667,2,2,6.333333333333333,2,2,1,2,2,3,2,2,2,2,2,1,2,0,0,1,0,0
51410,51410,Hungría,6.0,9.0,3.0,5.0,3.0,2.0,4.0,6.0,7.0,2.0,5.0,5.0,7.0,7.0,9.0,9.0,7.0,8.0,4.0,2,2.0,7,1,1,6.0,3,4.0,2,1,6.0,2,2,1,2,2,2,3,0,2,0,0,1,0,2,0,1,1,2
44741,44741,Hungría,1.0,5.0,5.0,7.0,4.0,3.0,3.0,3.0,6.0,3.0,3.0,3.0,4.0,0.0,9.0,7.0,5.0,4.0,9.0,2,1.0,7,2,0,4.0,2,3.0,1,2,3.6666666666666665,1,2,0,0,0,3,2,0,0,0,2,0,0,2,0,1,1,1
43920,43920,Hungría,4.0,6.0,7.0,6.0,3.0,8.0,2.0,5.0,4.0,8.0,8.0,4.0,4.0,4.0,10.0,10.0,9.0,8.0,10.0,2,2.0,7,2,1,6.0,3,5.0,2,1,5.666666666666667,2,1,0,1,2,1,3,0,0,0,2,0,0,0,2,1,1,0
42907,42907,Croacia,5.0,5.0,5.0,4.0,4.0,2.0,2.0,1.0,0.0,0.0,0.0,0.0,0.0,0.0,9.0,3.0,3.0,5.0,4.0,1,2.0,6,1,0,1.2857142857142858,0,1.6666666666666667,0,2,5.0,2,1,1,0,0,2,0,1,1,0,0,0,0,0,0,0,1,0
53056,53056,Hungría,6.0,8.0,6.0,6.0,2.0,6.0,6.0,5.0,4.0,6.0,8.0,7.0,5.0,7.0,3.0,5.0,4.0,5.0,0.0,2,1.0,7,0,0,5.714285714285714,2,5.666666666666667,2,1,6.666666666666667,2,0,0,0,1,2,1,2,2,2,2,2,1,0,1,1,0,0
46024,46024,Hungría,2.0,3.0,5.0,8.0,3.0,3.0,3.0,2.0,3.0,6.0,5.0,0.0,5.0,1.0,3.0,2.0,5.0,8.0,5.0,2,2.0,7,1,1,3.2857142857142856,1,2.6666666666666665,1,1,3.333333333333333,1,2,1,0,0,3,0,0,0,1,1,0,0,2,1,1,1,0
219,219,Bélgica,5.0,5.0,5.0,7.0,3.0,6.0,7.0,6.0,5.0,7.0,8.0,5.0,7.0,5.0,9.0,7.0,3.0,8.0,0.0,0,1.0,0,0,1,6.571428571428571,3,6.333333333333333,3,1,5.0,2,2,1,2,3,3,3,2,2,1,2,2,2,2,2,1,1,2
55724,55724,Eslovaquia,7.0,6.0,7.0,7.0,4.0,3.0,5.0,3.0,5.0,2.0,3.0,2.0,2.0,3.0,6.0,6.0,6.0,7.0,0.0,2,2.0,8,0,1,3.2857142857142856,1,3.6666666666666665,1,2,6.666666666666667,2,2,0,0,2,3,0,2,0,2,0,1,2,2,0,1,1,0
59159,59159,Eslovaquia,5.0,7.0,4.0,5.0,3.0,6.0,5.0,4.0,2.0,3.0,5.0,1.0,3.0,1.0,7.0,2.0,2.0,7.0,10.0,2,3.0,8,2,1,3.142857142857143,1,5.0,2,1,5.333333333333333,2,0,0,0,1,1,0,0,2,2,0,1,0,0,0,1,1,1
45012,45012,Hungría,6.0,7.0,6.0,7.0,2.0,10.0,7.0,7.0,3.0,5.0,5.0,5.0,5.0,2.0,5.0,4.0,4.0,8.0,5.0,2,2.0,7,1,1,4.285714285714286,2,8.0,4,1,6.333333333333333,2,2,1,2,3,3,2,1,2,1,2,2,2,2,1,1,1,0
47414,47414,Hungría,7.0,7.0,7.0,8.0,4.0,4.0,7.0,5.0,10.0,10.0,10.0,7.0,10.0,5.0,10.0,8.0,5.0,8.0,5.0,2,3.0,7,1,1,8.857142857142858,4,5.333333333333333,2,2,7.0,2,2,1,0,1,3,3,2,2,2,2,2,2,2,2,0,0,2
54999,54999,Eslovaquia,5.0,5.0,6.0,5.0,4.0,0.0,1.0,3.0,2.0,5.0,4.0,0.0,3.0,0.0,4.0,0.0,6.0,5.0,0.0,2,1.0,8,0,0,2.571428571428572,1,1.3333333333333333,0,2,5.333333333333333,2,2,1,0,0,2,0,2,0,0,0,0,2,0,1,1,1,2
986,986,Bélgica,8.0,7.0,5.0,5.0,3.0,5.0,7.0,6.0,7.0,7.0,4.0,6.0,4.0,5.0,10.0,6.0,7.0,8.0,4.0,0,1.0,0,1,1,6.142857142857143,3,6.0,3,1,6.666666666666667,2,1,1,2,3,1,3,2,2,0,2,2,0,2,2,1,0,2
27953,27953,España,6.0,5.0,5.0,0.0,2.0,8.0,5.0,9.0,10.0,7.0,10.0,9.0,10.0,10.0,10.0,7.0,10.0,7.0,0.0,1,2.0,3,0,1,9.428571428571429,4,7.333333333333333,3,1,5.333333333333333,2,0,0,2,3,0,3,2,0,0,2,1,2,2,2,0,0,2
32014,32014,Italia,7.0,4.0,7.0,5.0,3.0,4.0,3.0,3.0,3.0,5.0,7.0,3.0,3.0,2.0,6.0,2.0,3.0,7.0,6.0,1,3.0,4,1,1,4.142857142857143,2,3.333333333333333,1,1,6.0,2,2,1,2,0,2,2,0,2,1,2,0,2,2,1,1,1,0
10076,10076,Alemania,8.0,7.0,5.0,5.0,2.0,7.0,5.0,5.0,4.0,8.0,8.0,4.0,5.0,5.0,7.0,6.0,6.0,8.0,5.0,0,5.0,1,1,1,5.857142857142857,2,5.666666666666667,2,1,6.666666666666667,2,0,1,0,1,2,3,2,2,0,0,1,2,2,2,1,1,0
31806,31806,Italia,3.0,8.0,6.0,6.0,3.0,4.0,5.0,2.0,2.0,2.0,2.0,1.0,1.0,1.0,7.0,2.0,3.0,8.0,7.0,1,2.0,4,2,1,2.2857142857142856,1,3.6666666666666665,1,1,5.666666666666667,2,0,1,0,2,1,0,0,2,2,0,1,2,0,0,1,1,0
36673,36673,Portugal,3.0,2.0,3.0,5.0,4.0,3.0,1.0,7.0,1.0,6.0,5.0,1.0,4.0,2.0,10.0,5.0,7.0,8.0,8.0,1,3.0,5,2,1,4.142857142857143,2,3.6666666666666665,1,2,2.6666666666666665,1,1,1,2,1,1,2,0,0,2,2,0,2,0,1,1,1,2
3695,3695,Bélgica,7.0,5.0,6.0,5.0,3.0,4.0,5.0,0.0,3.0,2.0,6.0,2.0,0.0,2.0,8.0,3.0,2.0,8.0,7.0,0,1.0,0,2,1,3.2857142857142856,1,3.0,1,1,6.0,2,0,1,2,0,2,0,2,1,2,0,1,0,0,0,1,1,0
7276,7276,Alemania,4.0,5.0,1.0,5.0,2.0,9.0,9.0,9.0,8.0,10.0,10.0,2.0,10.0,4.0,8.0,8.0,5.0,3.0,10.0,0,2.0,1,2,0,7.428571428571429,3,9.0,4,1,3.333333333333333,1,0,1,2,3,1,3,2,2,0,2,2,2,2,2,0,1,2
49722,49722,Hungría,0.0,0.0,9.0,0.0,3.0,7.0,2.0,10.0,7.0,9.0,9.0,1.0,1.0,1.0,6.0,0.0,0.0,7.0,0.0,2,1.0,7,0,1,4.857142857142857,2,6.333333333333333,3,1,3.0,1,0,1,2,3,0,2,0,0,2,2,0,2,2,2,0,0,0
13912,13912,Alemania,8.0,6.0,3.0,3.0,1.0,8.0,3.0,2.0,4.0,5.0,7.0,3.0,5.0,2.0,5.0,5.0,5.0,8.0,2.0,0,4.0,1,0,1,4.428571428571429,2,4.333333333333333,2,0,5.666666666666667,2,0,1,0,2,0,1,2,0,0,2,0,0,0,1,1,1,2
28637,28637,Italia,6.0,6.0,6.0,3.0,2.0,6.0,6.0,6.0,7.0,8.0,9.0,5.0,6.0,5.0,6.0,7.0,7.0,8.0,10.0,1,3.0,4,2,1,6.571428571428571,3,6.0,3,1,6.0,2,0,0,0,3,0,3,1,2,1,2,2,2,2,2,0,1,1
28617,28617,Italia,3.0,3.0,3.0,7.0,3.0,7.0,6.0,6.0,5.0,6.0,7.0,5.0,4.0,4.0,10.0,4.0,4.0,7.0,5.0,1,1.0,4,1,1,5.857142857142857,2,6.333333333333333,3,1,3.0,1,2,1,2,3,3,3,0,0,2,1,2,1,0,1,1,1,0
36400,36400,Portugal,4.0,3.0,3.0,6.0,4.0,2.0,1.0,1.0,1.0,2.0,5.0,1.0,3.0,1.0,10.0,2.0,3.0,3.0,7.0,1,4.0,5,2,0,3.2857142857142856,1,1.3333333333333333,0,2,3.333333333333333,1,1,1,0,0,1,0,0,2,0,0,0,0,0,0,1,1,1
36535,36535,Portugal,7.0,5.0,4.0,2.0,1.0,3.0,3.0,3.0,6.0,3.0,5.0,0.0,6.0,2.0,8.0,3.0,4.0,9.0,2.0,1,1.0,5,0,2,4.285714285714286,2,3.0,1,0,5.333333333333333,2,0,1,2,0,0,2,2,0,2,2,0,0,1,0,1,1,2
9857,9857,Alemania,5.0,5.0,5.0,5.0,2.0,2.0,8.0,5.0,2.0,6.0,8.0,5.0,2.0,0.0,9.0,8.0,5.0,8.0,2.0,0,4.0,1,0,1,4.571428571428571,2,5.0,2,1,5.0,2,0,1,2,1,2,2,0,2,0,0,2,2,0,1,1,1,0
48159,48159,Hungría,4.0,3.0,6.0,7.0,3.0,6.0,5.0,5.0,5.0,4.0,5.0,4.0,5.0,3.0,7.0,4.0,5.0,7.0,1.0,2,2.0,7,0,1,4.714285714285714,2,5.333333333333333,2,1,4.333333333333333,1,2,1,0,1,3,2,0,0,0,2,1,2,2,0,1,1,2
41465,41465,Croacia,7.0,4.0,5.0,1.0,4.0,3.0,3.0,3.0,4.0,6.0,7.0,2.0,2.0,2.0,8.0,5.0,5.0,8.0,3.0,1,3.0,6,0,1,4.428571428571429,2,3.0,1,2,5.333333333333333,2,0,1,0,0,0,2,0,0,0,0,0,1,1,1,1,1,0
38470,38470,Portugal,5.0,5.0,0.0,5.0,2.0,4.0,1.0,4.0,0.0,5.0,7.0,0.0,0.0,0.0,5.0,7.0,5.0,5.0,10.0,1,2.0,5,2,0,2.4285714285714284,1,3.0,1,1,3.333333333333333,1,2,0,0,0,2,0,2,2,0,2,0,1,0,1,1,0,0
60452,60452,Eslovaquia,7.0,3.0,3.0,6.0,3.0,5.0,3.0,5.0,5.0,3.0,5.0,4.0,2.0,5.0,8.0,6.0,7.0,5.0,8.0,2,2.0,8,2,0,4.571428571428571,2,4.333333333333333,2,1,4.333333333333333,1,2,0,0,2,1,1,2,2,0,2,0,2,0,0,1,1,0
30335,30335,Italia,5.0,7.0,6.0,7.0,1.0,7.0,2.0,6.0,2.0,6.0,8.0,4.0,6.0,4.0,8.0,10.0,0.0,8.0,8.0,1,1.0,4,2,1,5.428571428571429,2,5.0,2,0,6.0,2,2,0,0,2,3,1,2,2,0,2,0,2,0,1,1,1,2
18250,18250,Países Bajos,6.0,4.0,6.0,0.0,2.0,1.0,6.0,1.0,2.0,5.0,7.0,0.0,1.0,0.0,6.0,7.0,9.0,8.0,0.0,0,3.0,2,0,1,3.0,1,2.6666666666666665,1,1,5.333333333333333,2,0,1,0,0,0,0,0,1,2,0,2,0,0,1,1,0,0
41705,41705,Croacia,2.0,5.0,5.0,5.0,4.0,2.0,0.0,0.0,2.0,0.0,0.0,0.0,0.0,0.0,2.0,0.0,0.0,9.0,0.0,1,3.0,6,0,2,0.5714285714285714,0,0.6666666666666666,0,2,4.0,1,1,0,0,0,2,0,0,2,0,0,0,0,0,0,0,1,0
34625,34625,Portugal,4.0,3.0,5.0,10.0,4.0,3.0,4.0,3.0,3.0,3.0,5.0,1.0,2.0,3.0,9.0,6.0,3.0,7.0,7.0,1,1.0,5,2,1,3.7142857142857135,1,3.333333333333333,1,2,4.0,1,2,1,0,0,3,0,0,2,0,0,1,0,2,0,1,1,0
45384,45384,Hungría,5.0,6.0,6.0,6.0,2.0,7.0,6.0,6.0,7.0,7.0,6.0,6.0,7.0,5.0,7.0,3.0,3.0,5.0,5.0,2,4.0,7,1,0,6.428571428571429,3,6.333333333333333,3,1,5.666666666666667,2,1,1,2,3,1,3,1,0,0,2,2,2,2,2,1,0,2
25001,25001,España,1.0,1.0,1.0,3.0,4.0,6.0,8.0,8.0,5.0,5.0,5.0,3.0,4.0,3.0,10.0,7.0,8.0,10.0,1.0,1,3.0,3,0,2,5.0,2,7.333333333333333,3,2,1.0,0,0,0,2,3,0,1,0,0,0,0,2,2,0,1,1,1,2
38617,38617,Portugal,8.0,1.0,0.0,8.0,2.0,2.0,3.0,2.0,2.0,4.0,4.0,5.0,6.0,5.0,6.0,5.0,2.0,10.0,5.0,1,2.0,5,1,2,4.571428571428571,2,2.333333333333333,1,1,3.0,1,2,1,0,0,3,2,2,0,0,0,0,0,0,0,1,1,0
9572,9572,Alemania,8.0,7.0,8.0,2.0,1.0,7.0,8.0,8.0,8.0,4.0,8.0,5.0,7.0,5.0,10.0,5.0,7.0,10.0,3.0,0,2.0,1,0,2,6.714285714285714,3,7.666666666666667,3,0,7.666666666666667,3,0,1,2,3,0,3,2,2,2,1,2,2,2,0,1,1,2
42458,42458,Croacia,6.0,5.0,6.0,8.0,4.0,8.0,2.0,3.0,0.0,2.0,3.0,0.0,2.0,0.0,6.0,5.0,5.0,10.0,8.0,1,2.0,6,2,2,1.8571428571428568,0,4.333333333333333,2,2,5.666666666666667,2,2,0,0,2,3,0,2,2,0,2,0,2,0,0,1,1,0
30501,30501,Italia,4.0,5.0,5.0,3.0,3.0,5.0,5.0,4.0,7.0,6.0,6.0,5.0,3.0,5.0,2.0,7.0,6.0,6.0,4.0,1,1.0,4,1,1,4.857142857142857,2,4.666666666666667,2,1,4.666666666666667,1,0,1,0,2,0,2,2,2,0,2,1,2,2,1,1,1,0
5049,5049,Bélgica,7.0,9.0,7.0,7.0,1.0,7.0,8.0,8.0,7.0,9.0,9.0,6.0,7.0,4.0,6.0,8.0,8.0,7.0,0.0,0,3.0,0,0,1,6.857142857142857,3,7.666666666666667,3,0,7.666666666666667,3,2,1,2,3,3,3,2,2,2,0,2,2,2,2,0,0,2
33979,33979,Portugal,7.0,6.0,7.0,3.0,3.0,8.0,5.0,7.0,6.0,5.0,7.0,5.0,6.0,5.0,8.0,8.0,7.0,8.0,2.0,1,2.0,5,0,1,6.0,3,6.666666666666667,3,1,6.666666666666667,2,0,1,2,3,0,3,0,0,0,2,1,2,1,1,1,1,2
47313,47313,Hungría,7.0,6.0,6.0,4.0,3.0,4.0,4.0,5.0,7.0,1.0,3.0,3.0,2.0,3.0,8.0,4.0,5.0,5.0,4.0,2,2.0,7,1,0,3.857142857142857,1,4.333333333333333,2,1,6.333333333333333,2,1,1,2,1,2,0,2,2,0,1,1,2,2,0,0,1,0
21312,21312,España,0.0,5.0,0.0,5.0,4.0,5.0,0.0,6.0,5.0,5.0,10.0,5.0,5.0,5.0,4.0,0.0,0.0,7.0,10.0,1,3.0,3,2,1,5.571428571428571,2,3.6666666666666665,1,2,1.6666666666666667,0,0,0,0,1,2,2,0,2,0,1,0,0,2,1,0,1,0
1773,1773,Bélgica,8.0,8.0,3.0,10.0,2.0,0.0,4.0,0.0,0.0,0.0,0.0,2.0,2.0,2.0,7.0,6.0,4.0,4.0,4.0,0,1.0,0,1,0,1.8571428571428568,0,1.3333333333333333,0,1,6.333333333333333,2,2,1,0,0,3,0,2,2,0,0,1,0,0,0,1,1,0
4170,4170,Bélgica,5.0,4.0,4.0,3.0,3.0,4.0,3.0,4.0,6.0,7.0,7.0,5.0,6.0,4.0,6.0,4.0,4.0,4.0,3.0,0,1.0,0,0,0,5.857142857142857,2,3.6666666666666665,1,1,4.333333333333333,1,0,1,0,2,0,3,2,0,0,2,0,0,0,2,1,1,0
39551,39551,Portugal,7.0,5.0,6.0,6.0,2.0,6.0,5.0,6.0,6.0,6.0,7.0,6.0,6.0,6.0,7.0,7.0,6.0,7.0,2.0,1,2.0,5,0,1,6.285714285714286,3,5.666666666666667,2,1,6.0,2,1,1,0,1,2,3,2,2,2,2,1,2,2,1,1,1,1
36161,36161,Portugal,5.0,1.0,1.0,3.0,4.0,3.0,3.0,3.0,1.0,2.0,5.0,5.0,1.0,1.0,8.0,3.0,3.0,5.0,5.0,1,1.0,5,1,0,3.2857142857142856,1,3.0,1,2,2.333333333333333,0,0,1,0,0,0,0,2,0,0,1,0,2,0,0,1,1,0
45847,45847,Hungría,4.0,7.0,3.0,5.0,4.0,0.0,0.0,0.0,5.0,3.0,4.0,0.0,0.0,0.0,8.0,3.0,2.0,7.0,8.0,2,1.0,7,2,1,2.857142857142857,1,0.0,0,2,4.666666666666667,1,1,0,0,0,1,0,2,2,0,0,0,0,1,0,1,0,0
59168,59168,Eslovaquia,3.0,4.0,0.0,2.0,3.0,0.0,2.0,1.0,0.0,0.0,0.0,0.0,0.0,0.0,0.0,0.0,5.0,4.0,2.0,2,2.0,8,0,0,0.0,0,1.0,0,1,2.333333333333333,0,0,1,0,0,0,0,0,0,0,0,0,0,0,0,1,1,0
45463,45463,Hungría,5.0,5.0,4.0,5.0,4.0,2.0,3.0,2.0,0.0,3.0,3.0,0.0,1.0,0.0,8.0,1.0,5.0,4.0,0.0,2,2.0,7,0,0,2.142857142857143,1,2.333333333333333,1,2,4.666666666666667,1,1,1,0,0,1,0,2,2,1,0,0,0,0,0,1,1,0
35645,35645,Portugal,4.0,2.0,3.0,4.0,3.0,4.0,3.0,4.0,4.0,4.0,6.0,3.0,4.0,3.0,9.0,3.0,4.0,5.0,5.0,1,2.0,5,1,0,4.714285714285714,2,3.6666666666666665,1,1,3.0,1,2,1,0,1,1,2,2,0,0,2,0,2,2,0,1,1,0
43735,43735,Hungría,4.0,4.0,4.0,10.0,2.0,10.0,10.0,10.0,5.0,8.0,8.0,8.0,10.0,7.0,5.0,0.0,0.0,8.0,9.0,2,2.0,7,2,1,7.285714285714286,3,10.0,4,1,4.0,1,2,0,2,3,3,3,2,0,2,2,2,2,2,2,1,0,2
57957,57957,Eslovaquia,4.0,3.0,5.0,2.0,3.0,2.0,4.0,1.0,7.0,2.0,3.0,1.0,1.0,6.0,7.0,3.0,5.0,1.0,7.0,2,2.0,8,2,0,3.857142857142857,1,2.333333333333333,1,1,4.0,1,0,1,0,0,0,0,0,1,0,0,1,0,2,0,1,0,0
18315,18315,Países Bajos,7.0,4.0,5.0,4.0,3.0,4.0,3.0,0.0,0.0,7.0,7.0,3.0,0.0,3.0,6.0,4.0,6.0,8.0,3.0,0,4.0,2,0,1,3.7142857142857135,1,2.333333333333333,1,1,5.333333333333333,2,1,1,0,0,1,0,1,1,0,2,0,0,0,2,1,1,0
37712,37712,Portugal,3.0,3.0,1.0,5.0,4.0,0.0,0.0,5.0,3.0,2.0,10.0,0.0,5.0,0.0,10.0,7.0,2.0,6.0,7.0,1,2.0,5,2,1,4.285714285714286,2,1.6666666666666667,0,2,2.333333333333333,0,0,1,0,0,1,1,0,2,0,0,0,2,0,0,0,1,2
61883,61883,Eslovaquia,6.0,4.0,7.0,4.0,2.0,3.0,3.0,1.0,7.0,8.0,7.0,6.0,6.0,6.0,10.0,7.0,7.0,9.0,2.0,2,1.0,8,0,2,7.142857142857143,3,2.333333333333333,1,1,5.666666666666667,2,1,1,0,0,1,3,0,2,0,2,0,0,2,2,1,1,1
50478,50478,Hungría,8.0,7.0,7.0,2.0,2.0,4.0,2.0,2.0,4.0,8.0,8.0,2.0,6.0,2.0,6.0,3.0,3.0,8.0,2.0,2,1.0,7,0,1,5.142857142857143,2,2.6666666666666665,1,1,7.333333333333333,2,0,1,0,0,0,2,2,2,0,1,0,0,2,2,1,1,0
21941,21941,España,8.0,6.0,6.0,7.0,3.0,8.0,7.0,5.0,5.0,9.0,9.0,7.0,6.0,4.0,9.0,4.0,6.0,10.0,0.0,1,2.0,3,0,2,7.0,3,6.666666666666667,3,1,6.666666666666667,2,2,1,2,3,3,3,2,2,2,2,2,2,0,2,0,0,2
42052,42052,Croacia,3.0,3.0,3.0,3.0,4.0,2.0,0.0,2.0,1.0,2.0,1.0,0.0,0.0,0.0,10.0,3.0,3.0,2.0,0.0,1,1.0,6,0,0,2.0,1,1.3333333333333333,0,2,3.0,1,0,1,0,0,0,0,0,0,0,0,0,2,0,0,0,0,0
3711,3711,Bélgica,7.0,6.0,8.0,5.0,3.0,8.0,5.0,6.0,2.0,4.0,6.0,4.0,2.0,4.0,9.0,6.0,6.0,8.0,5.0,0,1.0,0,1,1,4.428571428571429,2,6.333333333333333,3,1,7.0,2,0,1,2,3,2,1,1,1,2,2,1,1,0,0,1,1,0
57339,57339,Eslovaquia,4.0,5.0,5.0,6.0,2.0,5.0,5.0,5.0,6.0,4.0,4.0,4.0,5.0,5.0,9.0,6.0,8.0,10.0,5.0,2,1.0,8,1,2,5.285714285714286,2,5.0,2,1,4.666666666666667,1,0,1,1,2,2,1,2,0,1,0,1,2,0,0,1,1,1
37827,37827,Portugal,3.0,3.0,3.0,8.0,4.0,3.0,2.0,2.0,3.0,3.0,5.0,2.0,3.0,2.0,7.0,2.0,2.0,3.0,7.0,1,1.0,5,2,0,3.571428571428572,1,2.333333333333333,1,2,3.0,1,2,1,0,0,3,0,0,0,2,2,0,0,0,0,1,1,1
699,699,Bélgica,6.0,5.0,7.0,6.0,1.0,9.0,3.0,4.0,7.0,4.0,8.0,5.0,9.0,5.0,9.0,9.0,9.0,8.0,0.0,0,4.0,0,0,1,6.714285714285714,3,5.333333333333333,2,0,6.0,2,1,0,1,1,1,3,2,1,2,2,0,0,2,0,1,1,2
57071,57071,Eslovaquia,1.0,0.0,2.0,7.0,2.0,3.0,2.0,2.0,0.0,0.0,1.0,0.0,0.0,0.0,7.0,0.0,5.0,8.0,9.0,2,1.0,8,2,1,1.1428571428571428,0,2.333333333333333,1,1,1.0,0,2,0,0,0,3,0,0,0,0,1,0,0,0,0,1,1,0
4860,4860,Bélgica,7.0,5.0,4.0,3.0,1.0,1.0,3.0,5.0,7.0,7.0,6.0,3.0,6.0,1.0,8.0,7.0,4.0,10.0,9.0,0,2.0,0,2,2,5.428571428571429,2,3.0,1,0,5.333333333333333,2,0,0,0,0,0,1,2,0,2,0,0,2,2,2,1,1,0
45247,45247,Hungría,3.0,3.0,5.0,5.0,2.0,3.0,2.0,2.0,5.0,4.0,5.0,2.0,5.0,2.0,6.0,4.0,7.0,5.0,5.0,2,3.0,7,1,0,4.142857142857143,2,2.333333333333333,1,1,3.6666666666666665,1,0,1,0,0,2,2,0,2,0,2,0,2,0,0,1,1,1
57828,57828,Eslovaquia,1.0,1.0,1.0,9.0,4.0,3.0,4.0,3.0,4.0,4.0,3.0,1.0,4.0,1.0,8.0,5.0,3.0,7.0,10.0,2,3.0,8,2,1,3.571428571428572,1,3.333333333333333,1,2,1.0,0,2,0,0,0,3,0,0,0,0,0,1,0,2,0,1,1,2
18475,18475,Países Bajos,4.0,2.0,5.0,5.0,1.0,5.0,3.0,3.0,0.0,6.0,4.0,2.0,3.0,6.0,7.0,7.0,4.0,5.0,8.0,0,3.0,2,2,0,4.0,2,3.6666666666666665,1,0,3.6666666666666665,1,0,0,2,1,1,2,2,0,2,2,0,2,0,1,0,1,1
22934,22934,España,5.0,3.0,5.0,2.0,1.0,9.0,7.0,7.0,9.0,9.0,9.0,6.0,10.0,7.0,3.0,8.0,1.0,8.0,3.0,1,4.0,3,0,1,7.571428571428571,3,7.666666666666667,3,0,4.333333333333333,1,0,1,2,3,0,3,0,0,2,2,2,2,2,2,0,0,2
15442,15442,Países Bajos,10.0,6.0,7.0,5.0,2.0,5.0,7.0,6.0,5.0,3.0,9.0,5.0,5.0,5.0,8.0,10.0,10.0,9.0,5.0,0,3.0,2,1,2,5.714285714285714,2,6.0,3,1,7.666666666666667,3,2,1,1,3,1,2,2,1,2,2,2,2,1,0,1,1,0
10324,10324,Alemania,3.0,5.0,5.0,5.0,2.0,6.0,5.0,3.0,5.0,6.0,8.0,5.0,7.0,5.0,8.0,6.0,5.0,6.0,2.0,0,3.0,1,0,1,6.285714285714286,3,4.666666666666667,2,1,4.333333333333333,1,1,1,2,2,2,3,0,1,1,2,1,2,0,1,1,1,2
7375,7375,Alemania,9.0,9.0,9.0,1.0,1.0,10.0,7.0,4.0,6.0,8.0,10.0,7.0,9.0,7.0,7.0,7.0,10.0,10.0,0.0,0,2.0,1,0,2,7.714285714285714,3,7.0,3,0,9.0,3,0,1,2,3,0,3,2,2,2,2,2,0,2,2,0,0,2
10121,10121,Alemania,4.0,6.0,6.0,6.0,2.0,9.0,5.0,7.0,6.0,7.0,8.0,7.0,6.0,6.0,9.0,8.0,7.0,7.0,8.0,0,1.0,1,2,1,7.0,3,7.0,3,1,5.333333333333333,2,0,0,2,3,1,3,0,0,1,2,1,2,2,2,1,1,0
53603,53603,Eslovaquia,7.0,8.0,4.0,4.0,3.0,5.0,4.0,1.0,5.0,4.0,6.0,2.0,2.0,2.0,3.0,6.0,5.0,7.0,0.0,2,1.0,8,0,1,3.4285714285714284,1,3.333333333333333,1,1,6.333333333333333,2,1,1,0,0,1,0,2,2,2,2,1,0,0,0,1,1,0
50924,50924,Hungría,8.0,0.0,8.0,5.0,4.0,2.0,2.0,2.0,5.0,8.0,8.0,0.0,0.0,0.0,9.0,1.0,1.0,10.0,5.0,2,2.0,7,1,2,4.285714285714286,2,2.0,1,2,5.333333333333333,2,1,1,0,0,1,1,2,0,2,0,0,2,2,2,1,1,0
22723,22723,España,6.0,0.0,5.0,5.0,3.0,4.0,0.0,0.0,0.0,2.0,2.0,0.0,0.0,0.0,5.0,5.0,5.0,6.0,5.0,1,3.0,3,1,1,1.2857142857142858,0,1.3333333333333333,0,1,3.6666666666666665,1,1,1,0,0,1,0,1,0,1,2,0,0,0,0,1,1,0
50668,50668,Hungría,3.0,4.0,5.0,10.0,4.0,0.0,1.0,0.0,4.0,5.0,6.0,4.0,5.0,5.0,6.0,0.0,0.0,8.0,0.0,2,2.0,7,0,1,5.0,2,0.3333333333333333,0,2,4.0,1,2,1,0,0,3,1,0,0,1,0,0,0,2,1,1,1,0
23258,23258,España,3.0,5.0,2.0,5.0,4.0,5.0,5.0,5.0,1.0,8.0,6.0,1.0,3.0,1.0,6.0,5.0,5.0,8.0,9.0,1,3.0,3,2,1,3.7142857142857135,1,5.0,2,2,3.333333333333333,1,0,0,2,1,2,0,0,1,0,2,1,2,0,2,1,1,0
15228,15228,Países Bajos,5.0,6.0,6.0,5.0,4.0,0.0,0.0,0.0,0.0,2.0,0.0,0.0,3.0,0.0,9.0,0.0,0.0,7.0,0.0,0,4.0,2,0,1,2.0,1,0.0,0,2,5.666666666666667,2,1,1,0,0,1,0,2,0,0,0,0,0,0,0,1,1,0
16878,16878,Países Bajos,5.0,5.0,5.0,3.0,3.0,4.0,2.0,2.0,4.0,5.0,5.0,5.0,4.0,4.0,8.0,5.0,5.0,8.0,6.0,0,1.0,2,1,1,5.0,2,2.6666666666666665,1,1,5.0,2,0,1,0,0,0,2,0,2,2,2,0,2,2,1,1,1,2
12194,12194,Alemania,5.0,3.0,1.0,5.0,1.0,3.0,2.0,2.0,2.0,5.0,7.0,3.0,3.0,3.0,4.0,3.0,3.0,5.0,5.0,0,3.0,1,1,0,3.857142857142857,1,2.333333333333333,1,0,3.0,1,0,1,0,0,2,0,2,2,0,1,0,1,0,1,1,1,0
22126,22126,España,7.0,6.0,7.0,1.0,4.0,5.0,6.0,5.0,6.0,6.0,8.0,6.0,6.0,6.0,8.0,3.0,8.0,7.0,7.0,1,2.0,3,2,1,6.571428571428571,3,5.333333333333333,2,2,6.666666666666667,2,0,1,1,2,0,3,2,1,2,0,2,1,2,1,1,0,2
42014,42014,Croacia,5.0,5.0,5.0,6.0,2.0,7.0,6.0,6.0,2.0,3.0,2.0,2.0,1.0,2.0,5.0,8.0,7.0,9.0,5.0,1,1.0,6,1,2,2.4285714285714284,1,6.333333333333333,3,1,5.0,2,0,1,2,3,1,0,2,1,0,1,2,0,0,0,0,1,0
59177,59177,Eslovaquia,4.0,6.0,4.0,4.0,3.0,2.0,2.0,8.0,1.0,1.0,1.0,1.0,1.0,1.0,3.0,5.0,7.0,8.0,2.0,2,2.0,8,0,1,1.2857142857142858,0,4.0,2,1,4.666666666666667,1,1,1,2,1,1,0,2,0,2,0,0,2,0,0,1,1,0
38267,38267,Portugal,8.0,7.0,8.0,3.0,2.0,7.0,5.0,5.0,9.0,8.0,8.0,7.0,7.0,5.0,10.0,8.0,8.0,7.0,2.0,1,3.0,5,0,1,7.714285714285714,3,5.666666666666667,2,1,7.666666666666667,3,0,1,0,2,0,3,2,2,2,1,1,1,2,2,1,0,2
20386,20386,Países Bajos,8.0,5.0,7.0,3.0,2.0,8.0,8.0,5.0,7.0,7.0,7.0,8.0,7.0,7.0,7.0,7.0,6.0,8.0,4.0,0,2.0,2,1,1,7.142857142857143,3,7.0,3,1,6.666666666666667,2,0,1,2,3,0,3,2,1,0,2,2,0,2,2,1,0,2
4420,4420,Bélgica,7.0,5.0,3.0,5.0,2.0,2.0,3.0,3.0,1.0,2.0,3.0,1.0,2.0,1.0,9.0,0.0,2.0,8.0,2.0,0,2.0,0,0,1,2.7142857142857144,1,2.6666666666666665,1,1,5.0,2,0,1,0,0,1,0,0,1,2,0,0,0,0,0,1,1,0
54388,54388,Eslovaquia,8.0,7.0,8.0,4.0,2.0,7.0,8.0,8.0,8.0,7.0,7.0,7.0,7.0,4.0,0.0,7.0,6.0,8.0,6.0,2,1.0,8,1,1,5.714285714285714,2,7.666666666666667,3,1,7.666666666666667,3,0,1,2,3,1,1,2,2,2,2,2,2,2,2,1,0,2
6699,6699,Bélgica,4.0,5.0,2.0,4.0,3.0,9.0,7.0,8.0,9.0,9.0,8.0,7.0,8.0,4.0,6.0,6.0,7.0,7.0,10.0,0,4.0,0,2,1,7.285714285714286,3,8.0,4,1,3.6666666666666665,1,2,0,2,3,2,3,2,2,0,2,2,2,2,2,1,0,2
9051,9051,Alemania,5.0,5.0,5.0,2.0,4.0,5.0,8.0,4.0,5.0,2.0,2.0,5.0,5.0,5.0,6.0,5.0,6.0,7.0,1.0,0,2.0,1,0,1,4.285714285714286,2,5.666666666666667,2,2,5.0,2,0,0,0,2,0,2,1,1,2,2,2,0,2,0,1,1,2
59418,59418,Eslovaquia,3.0,2.0,2.0,7.0,3.0,4.0,1.0,3.0,5.0,3.0,3.0,4.0,5.0,3.0,5.0,1.0,2.0,5.0,5.0,2,1.0,8,1,0,4.0,2,2.6666666666666665,1,1,2.333333333333333,0,2,1,0,0,3,1,0,0,0,0,0,0,1,0,1,1,2
39056,39056,Portugal,5.0,3.0,3.0,5.0,4.0,2.0,2.0,2.0,4.0,7.0,7.0,2.0,5.0,2.0,6.0,3.0,5.0,6.0,5.0,1,3.0,5,1,1,4.714285714285714,2,2.0,1,2,3.6666666666666665,1,2,1,0,0,1,2,1,2,1,0,0,0,0,2,1,1,0
23921,23921,España,6.0,2.0,6.0,3.0,3.0,4.0,7.0,4.0,5.0,5.0,5.0,2.0,5.0,2.0,8.0,8.0,7.0,8.0,1.0,1,2.0,3,0,1,4.571428571428571,2,5.0,2,1,4.666666666666667,1,0,0,2,1,0,1,2,0,2,1,2,0,2,1,1,1,2
54080,54080,Eslovaquia,5.0,6.0,7.0,4.0,1.0,7.0,8.0,4.0,5.0,6.0,7.0,3.0,4.0,3.0,3.0,5.0,5.0,8.0,7.0,2,1.0,8,2,1,4.428571428571429,2,6.333333333333333,3,0,6.0,2,2,1,2,3,1,1,1,0,0,1,2,2,0,1,1,1,0
34524,34524,Portugal,7.0,5.0,7.0,3.0,3.0,8.0,3.0,6.0,5.0,5.0,10.0,4.0,7.0,4.0,8.0,5.0,6.0,10.0,5.0,1,2.0,5,1,2,6.142857142857143,3,5.666666666666667,2,1,6.333333333333333,2,0,1,0,2,0,3,0,0,2,2,0,2,2,1,0,1,2
22374,22374,España,5.0,3.0,8.0,3.0,1.0,3.0,4.0,1.0,6.0,1.0,5.0,2.0,1.0,2.0,10.0,9.0,5.0,8.0,0.0,1,3.0,3,0,1,3.857142857142857,1,2.6666666666666665,1,0,5.333333333333333,2,0,1,0,0,0,0,1,0,2,2,1,0,0,0,1,1,0
51806,51806,Hungría,5.0,4.0,5.0,6.0,3.0,7.0,5.0,7.0,7.0,6.0,5.0,5.0,6.0,6.0,6.0,3.0,5.0,7.0,5.0,2,3.0,7,1,1,5.857142857142857,2,6.333333333333333,3,1,4.666666666666667,1,1,1,2,3,1,3,2,2,2,2,1,2,2,1,1,1,2
59977,59977,Eslovaquia,1.0,1.0,3.0,4.0,3.0,8.0,6.0,4.0,3.0,2.0,3.0,1.0,1.0,3.0,10.0,6.0,6.0,7.0,8.0,2,1.0,8,2,1,3.2857142857142856,1,6.0,3,1,1.6666666666666667,0,0,0,0,3,2,0,0,0,2,2,2,2,0,0,1,1,0
25075,25075,España,5.0,0.0,5.0,10.0,2.0,10.0,0.0,0.0,5.0,10.0,10.0,0.0,0.0,0.0,10.0,5.0,5.0,10.0,0.0,1,4.0,3,0,2,5.0,2,3.333333333333333,1,1,3.333333333333333,1,2,1,1,0,3,2,2,0,1,2,0,0,2,2,0,1,0
14687,14687,Países Bajos,6.0,8.0,6.0,4.0,1.0,8.0,7.0,7.0,6.0,6.0,7.0,7.0,6.0,6.0,8.0,6.0,8.0,8.0,7.0,0,2.0,2,2,1,6.571428571428571,3,7.333333333333333,3,0,6.666666666666667,2,2,1,2,3,1,3,1,2,0,2,2,2,2,1,1,0,1
15405,15405,Países Bajos,5.0,5.0,4.0,10.0,1.0,5.0,7.0,5.0,1.0,7.0,8.0,5.0,5.0,3.0,8.0,2.0,5.0,8.0,7.0,0,2.0,2,2,1,5.285714285714286,2,5.666666666666667,2,0,4.666666666666667,1,2,1,2,2,3,2,2,0,2,0,2,0,0,2,1,1,0
54764,54764,Eslovaquia,7.0,4.0,7.0,4.0,3.0,6.0,4.0,4.0,7.0,5.0,6.0,2.0,3.0,3.0,6.0,5.0,5.0,8.0,2.0,2,2.0,8,0,1,4.571428571428571,2,4.666666666666667,2,1,6.0,2,2,1,2,1,2,2,1,0,1,2,1,0,2,1,1,1,0
24526,24526,España,8.0,5.0,6.0,1.0,1.0,6.0,5.0,4.0,7.0,6.0,9.0,8.0,8.0,8.0,7.0,8.0,8.0,6.0,5.0,1,3.0,3,1,1,7.571428571428571,3,5.0,2,0,6.333333333333333,2,0,1,2,1,0,3,2,0,2,0,1,2,2,1,0,0,2
28716,28716,Italia,4.0,4.0,5.0,4.0,2.0,8.0,6.0,7.0,8.0,7.0,7.0,6.0,7.0,6.0,9.0,7.0,9.0,8.0,6.0,1,1.0,4,1,1,7.142857142857143,3,7.0,3,1,4.333333333333333,1,1,1,2,3,1,3,0,0,2,2,2,2,2,2,1,0,2
8027,8027,Alemania,9.0,8.0,6.0,1.0,3.0,6.0,5.0,4.0,5.0,4.0,7.0,4.0,5.0,4.0,8.0,4.0,6.0,8.0,0.0,0,2.0,1,0,1,5.285714285714286,2,5.0,2,1,7.666666666666667,3,0,1,2,2,0,2,2,2,0,1,1,2,0,0,1,1,2
61279,61279,Eslovaquia,3.0,6.0,3.0,1.0,3.0,5.0,3.0,3.0,7.0,4.0,4.0,4.0,5.0,3.0,5.0,5.0,5.0,5.0,5.0,2,1.0,8,1,0,4.571428571428571,2,3.6666666666666665,1,1,4.0,1,0,1,2,2,0,2,0,2,2,0,0,0,2,0,1,1,2
45302,45302,Hungría,8.0,8.0,8.0,8.0,3.0,7.0,7.0,7.0,6.0,7.0,7.0,4.0,8.0,3.0,5.0,8.0,8.0,8.0,8.0,2,3.0,7,2,1,5.714285714285714,2,7.0,3,1,8.0,3,2,0,2,3,3,2,2,2,2,0,2,2,1,2,1,1,2
20309,20309,Países Bajos,7.0,7.0,5.0,8.0,2.0,6.0,6.0,6.0,5.0,7.0,7.0,6.0,6.0,6.0,7.0,5.0,7.0,8.0,0.0,0,2.0,2,0,1,6.285714285714286,3,6.0,3,1,6.333333333333333,2,2,1,2,3,3,3,0,2,0,0,2,0,2,2,1,0,0
13634,13634,Alemania,5.0,2.0,4.0,3.0,2.0,7.0,7.0,3.0,6.0,7.0,9.0,6.0,5.0,6.0,7.0,2.0,5.0,9.0,6.0,0,1.0,1,1,2,6.571428571428571,3,5.666666666666667,2,1,3.6666666666666665,1,0,1,0,1,0,3,0,0,1,1,2,2,2,2,0,0,2
10333,10333,Alemania,5.0,1.0,5.0,5.0,1.0,7.0,5.0,4.0,3.0,5.0,5.0,5.0,8.0,5.0,7.0,5.0,2.0,9.0,6.0,0,3.0,1,1,2,5.428571428571429,2,5.333333333333333,2,0,3.6666666666666665,1,0,1,2,1,2,2,2,0,1,0,1,0,1,1,1,1,2
44972,44972,Hungría,0.0,0.0,0.0,10.0,3.0,0.0,0.0,0.0,0.0,0.0,0.0,0.0,0.0,0.0,7.0,0.0,0.0,0.0,5.0,2,2.0,7,1,0,1.0,0,0.0,0,1,0.0,0,2,1,0,0,3,0,0,0,0,0,0,0,0,0,1,1,0
42499,42499,Croacia,5.0,4.0,5.0,6.0,4.0,4.0,0.0,2.0,5.0,2.0,4.0,1.0,1.0,1.0,0.0,1.0,3.0,1.0,10.0,1,1.0,6,2,0,2.0,1,2.0,1,2,4.666666666666667,1,0,0,0,0,1,0,1,0,2,0,0,2,0,0,1,1,0
55157,55157,Eslovaquia,3.0,3.0,2.0,3.0,4.0,4.0,3.0,5.0,3.0,2.0,3.0,3.0,3.0,2.0,5.0,4.0,4.0,6.0,5.0,2,1.0,8,1,1,3.0,1,4.0,2,2,2.6666666666666665,1,0,1,2,1,0,0,0,2,0,2,0,0,0,0,0,1,0
38262,38262,Portugal,5.0,3.0,5.0,9.0,3.0,5.0,6.0,4.0,5.0,4.0,3.0,3.0,5.0,2.0,5.0,5.0,4.0,4.0,5.0,1,1.0,5,1,0,3.857142857142857,1,5.0,2,1,4.333333333333333,1,2,1,0,1,3,0,0,0,1,0,2,2,2,0,0,1,2
37273,37273,Portugal,6.0,4.0,5.0,5.0,3.0,3.0,2.0,3.0,6.0,2.0,4.0,2.0,5.0,2.0,9.0,5.0,5.0,5.0,5.0,1,2.0,5,1,0,4.285714285714286,2,2.6666666666666665,1,1,5.0,2,0,1,0,0,1,1,2,0,2,2,0,2,0,0,1,1,2
39661,39661,Portugal,4.0,3.0,3.0,5.0,2.0,4.0,4.0,3.0,5.0,7.0,7.0,2.0,7.0,3.0,10.0,5.0,5.0,9.0,6.0,1,2.0,5,1,2,5.857142857142857,2,3.6666666666666665,1,1,3.333333333333333,1,0,1,0,1,1,3,0,0,1,1,1,0,1,2,1,1,2
4454,4454,Bélgica,0.0,3.0,2.0,9.0,2.0,6.0,9.0,8.0,4.0,6.0,6.0,9.0,7.0,9.0,9.0,1.0,0.0,2.0,0.0,0,1.0,0,0,0,7.142857142857143,3,7.666666666666667,3,1,1.6666666666666667,0,2,1,2,3,3,3,0,2,0,0,2,2,1,1,1,0,2
50815,50815,Hungría,6.0,5.0,5.0,7.0,4.0,7.0,3.0,5.0,5.0,5.0,6.0,2.0,4.0,1.0,8.0,5.0,2.0,7.0,8.0,2,2.0,7,2,1,4.428571428571429,2,5.0,2,2,5.333333333333333,2,2,0,0,2,3,2,2,2,1,0,0,0,1,1,1,1,0
39178,39178,Portugal,7.0,7.0,7.0,2.0,1.0,8.0,6.0,6.0,8.0,7.0,7.0,7.0,8.0,7.0,9.0,8.0,8.0,8.0,0.0,1,3.0,5,0,1,7.571428571428571,3,6.666666666666667,3,0,7.0,2,0,0,2,3,0,3,0,2,0,2,2,2,2,2,1,0,2
33279,33279,Italia,7.0,7.0,8.0,5.0,1.0,2.0,7.0,0.0,0.0,3.0,8.0,1.0,1.0,0.0,7.0,7.0,5.0,10.0,8.0,1,2.0,4,2,2,2.857142857142857,1,3.0,1,0,7.333333333333333,2,0,0,2,0,1,0,0,2,2,0,2,0,0,0,1,0,0
911,911,Bélgica,6.0,3.0,7.0,4.0,2.0,5.0,5.0,3.0,7.0,4.0,5.0,3.0,5.0,3.0,10.0,5.0,5.0,7.0,1.0,0,2.0,0,0,1,5.285714285714286,2,4.333333333333333,2,1,5.333333333333333,2,0,1,2,2,2,2,0,1,2,0,1,0,2,0,1,1,2
27344,27344,España,6.0,2.0,6.0,2.0,1.0,3.0,2.0,1.0,1.0,2.0,7.0,0.0,1.0,0.0,9.0,5.0,6.0,7.0,0.0,1,3.0,3,0,1,2.857142857142857,1,2.0,1,0,4.666666666666667,1,0,1,0,0,0,0,2,0,0,0,0,0,0,0,1,1,0
46007,46007,Hungría,6.0,4.0,6.0,5.0,4.0,6.0,4.0,4.0,6.0,7.0,7.0,4.0,5.0,2.0,7.0,4.0,3.0,7.0,1.0,2,1.0,7,0,1,5.428571428571429,2,4.666666666666667,2,2,5.333333333333333,2,2,1,0,2,2,1,0,2,0,1,1,0,2,2,1,1,2
50767,50767,Hungría,5.0,5.0,4.0,7.0,3.0,5.0,5.0,4.0,4.0,4.0,3.0,5.0,4.0,4.0,5.0,3.0,4.0,7.0,3.0,2,2.0,7,0,1,4.142857142857143,2,4.666666666666667,2,1,4.666666666666667,1,2,1,2,2,3,2,2,2,2,2,1,2,2,0,1,1,0
33405,33405,Italia,3.0,5.0,5.0,3.0,2.0,7.0,4.0,6.0,8.0,8.0,8.0,6.0,8.0,5.0,9.0,5.0,6.0,8.0,7.0,1,2.0,4,2,1,7.428571428571429,3,5.666666666666667,2,1,4.333333333333333,1,0,1,1,1,0,3,0,2,2,2,1,0,2,2,1,0,2
21077,21077,España,6.0,3.0,7.0,3.0,2.0,6.0,6.0,6.0,6.0,4.0,6.0,4.0,6.0,4.0,6.0,8.0,8.0,8.0,4.0,1,3.0,3,1,1,5.142857142857143,2,6.0,3,1,5.333333333333333,2,0,1,1,3,0,1,2,2,0,0,2,0,0,0,1,1,2
4980,4980,Bélgica,6.0,7.0,7.0,5.0,3.0,8.0,6.0,8.0,5.0,5.0,5.0,5.0,5.0,5.0,7.0,8.0,5.0,6.0,4.0,0,4.0,0,1,1,5.285714285714286,2,7.333333333333333,3,1,6.666666666666667,2,0,1,2,3,2,2,0,2,1,2,2,2,0,1,1,1,2
25999,25999,España,2.0,2.0,3.0,7.0,4.0,5.0,5.0,5.0,5.0,5.0,5.0,5.0,5.0,5.0,7.0,3.0,3.0,6.0,8.0,1,5.0,3,2,1,5.285714285714286,2,5.0,2,2,2.333333333333333,0,2,0,0,1,3,2,0,0,1,0,1,0,2,1,1,1,1
17564,17564,Países Bajos,7.0,4.0,7.0,4.0,4.0,6.0,6.0,5.0,1.0,8.0,7.0,2.0,2.0,3.0,5.0,3.0,5.0,8.0,0.0,0,2.0,2,0,1,4.0,2,5.666666666666667,2,2,6.0,2,1,1,2,1,1,1,2,0,2,2,2,1,0,2,1,1,0
746,746,Bélgica,5.0,5.0,5.0,5.0,4.0,5.0,4.0,5.0,3.0,5.0,5.0,3.0,3.0,3.0,7.0,5.0,5.0,7.0,2.0,0,2.0,0,0,1,4.142857142857143,2,4.666666666666667,2,2,5.0,2,1,1,2,2,1,1,2,0,1,2,1,2,1,1,1,1,0
45425,45425,Hungría,6.0,7.0,7.0,7.0,4.0,6.0,6.0,7.0,7.0,6.0,6.0,4.0,5.0,5.0,7.0,7.0,7.0,5.0,6.0,2,1.0,7,1,0,5.714285714285714,2,6.333333333333333,3,2,6.666666666666667,2,2,1,2,3,3,2,0,2,1,2,2,2,2,1,1,1,0
9299,9299,Alemania,8.0,4.0,5.0,4.0,2.0,6.0,8.0,3.0,2.0,4.0,8.0,3.0,5.0,3.0,6.0,5.0,5.0,8.0,6.0,0,3.0,1,1,1,4.428571428571429,2,5.666666666666667,2,1,5.666666666666667,2,2,1,2,2,1,2,2,1,2,0,2,0,0,0,1,1,0
28012,28012,Italia,5.0,5.0,4.0,7.0,4.0,3.0,5.0,5.0,6.0,6.0,6.0,3.0,5.0,0.0,5.0,5.0,3.0,5.0,6.0,1,1.0,4,1,0,4.428571428571429,2,4.333333333333333,2,2,4.666666666666667,1,2,1,2,2,3,2,2,0,2,2,1,0,2,1,1,1,1
24574,24574,España,5.0,5.0,5.0,3.0,3.0,7.0,5.0,6.0,6.0,6.0,6.0,4.0,6.0,5.0,5.0,7.0,5.0,7.0,5.0,1,2.0,3,1,1,5.428571428571429,2,6.0,3,1,5.0,2,0,1,1,3,0,1,0,0,0,2,1,0,0,1,1,1,2
53893,53893,Eslovaquia,8.0,8.0,7.0,4.0,3.0,4.0,3.0,2.0,8.0,5.0,5.0,1.0,3.0,1.0,4.0,6.0,7.0,9.0,10.0,2,1.0,8,2,2,3.857142857142857,1,3.0,1,1,7.666666666666667,3,1,0,0,0,2,0,2,2,2,0,0,0,2,1,1,1,1
20452,20452,Países Bajos,6.0,4.0,7.0,4.0,3.0,7.0,6.0,6.0,6.0,7.0,7.0,4.0,5.0,5.0,8.0,7.0,6.0,8.0,7.0,0,3.0,2,2,1,6.0,3,6.333333333333333,3,1,5.666666666666667,2,0,1,2,3,2,3,0,0,0,2,2,2,2,2,1,1,2
56197,56197,Eslovaquia,3.0,3.0,0.0,5.0,2.0,5.0,5.0,0.0,5.0,5.0,0.0,0.0,5.0,0.0,9.0,5.0,5.0,7.0,0.0,2,1.0,8,0,1,3.4285714285714284,1,3.333333333333333,1,1,2.0,0,1,1,0,0,1,0,0,0,0,1,1,0,2,1,1,1,2
12419,12419,Alemania,7.0,6.0,4.0,4.0,2.0,6.0,6.0,4.0,5.0,8.0,7.0,6.0,6.0,5.0,2.0,6.0,6.0,9.0,4.0,0,3.0,1,1,2,5.571428571428571,2,5.333333333333333,2,1,5.666666666666667,2,1,1,2,2,2,2,2,1,1,2,2,2,1,2,1,0,2
34546,34546,Portugal,5.0,5.0,5.0,5.0,2.0,2.0,2.0,0.0,0.0,5.0,8.0,0.0,0.0,0.0,10.0,4.0,5.0,6.0,2.0,1,3.0,5,0,1,3.2857142857142856,1,1.3333333333333333,0,1,5.0,2,2,1,0,0,1,0,2,2,0,0,0,0,0,1,1,1,0
40832,40832,Croacia,5.0,0.0,3.0,7.0,3.0,5.0,0.0,3.0,6.0,8.0,7.0,3.0,4.0,2.0,9.0,4.0,5.0,8.0,4.0,1,2.0,6,1,1,5.571428571428571,2,2.6666666666666665,1,1,2.6666666666666665,1,2,1,0,0,3,1,0,0,2,2,0,0,0,2,1,1,2
49995,49995,Hungría,7.0,3.0,3.0,5.0,4.0,3.0,2.0,4.0,5.0,3.0,6.0,1.0,2.0,1.0,7.0,2.0,2.0,9.0,5.0,2,1.0,7,1,2,3.571428571428572,1,3.0,1,2,4.333333333333333,1,0,1,0,0,1,0,0,2,0,2,0,0,0,0,1,1,0
20760,20760,Países Bajos,8.0,5.0,7.0,3.0,2.0,7.0,7.0,5.0,7.0,8.0,7.0,6.0,7.0,6.0,6.0,7.0,8.0,9.0,0.0,0,3.0,2,0,2,6.714285714285714,3,6.333333333333333,3,1,6.666666666666667,2,0,1,2,3,0,3,2,0,0,1,2,2,2,2,1,0,2
23782,23782,España,8.0,6.0,9.0,2.0,2.0,2.0,0.0,3.0,6.0,4.0,3.0,1.0,4.0,1.0,6.0,7.0,8.0,9.0,0.0,1,4.0,3,0,2,3.571428571428572,1,1.6666666666666667,0,1,7.666666666666667,3,0,0,0,0,0,0,2,1,2,0,0,2,0,0,0,1,2
21850,21850,España,6.0,5.0,4.0,8.0,3.0,8.0,8.0,8.0,8.0,9.0,10.0,6.0,8.0,4.0,8.0,8.0,7.0,9.0,8.0,1,2.0,3,2,2,7.571428571428571,3,8.0,4,1,5.0,2,2,0,2,3,3,3,2,2,0,2,2,2,2,2,0,0,2
37560,37560,Portugal,8.0,5.0,6.0,7.0,2.0,7.0,2.0,6.0,5.0,10.0,7.0,5.0,10.0,0.0,6.0,4.0,4.0,10.0,1.0,1,1.0,5,0,2,6.142857142857143,3,5.0,2,1,6.333333333333333,2,2,1,2,1,3,3,2,1,2,2,0,0,1,2,1,1,2
39883,39883,Portugal,7.0,7.0,8.0,3.0,2.0,8.0,5.0,6.0,6.0,6.0,7.0,5.0,6.0,6.0,10.0,9.0,9.0,9.0,1.0,1,4.0,5,0,2,6.571428571428571,3,6.333333333333333,3,1,7.333333333333333,2,0,1,2,3,0,3,0,2,2,2,1,2,2,1,1,1,2
59027,59027,Eslovaquia,7.0,4.0,7.0,5.0,2.0,8.0,5.0,8.0,9.0,8.0,8.0,7.0,7.0,5.0,8.0,4.0,5.0,9.0,9.0,2,2.0,8,2,2,7.428571428571429,3,7.0,3,1,6.0,2,2,0,2,3,1,3,2,0,1,2,1,2,2,2,1,0,2
43346,43346,Croacia,6.0,4.0,5.0,5.0,3.0,5.0,4.0,3.0,3.0,4.0,5.0,2.0,4.0,2.0,10.0,4.0,7.0,8.0,9.0,1,1.0,6,2,1,4.285714285714286,2,4.0,2,1,5.0,2,2,0,0,2,2,2,0,2,1,0,1,0,2,0,1,1,1
62508,62508,Eslovaquia,2.0,1.0,3.0,5.0,2.0,1.0,5.0,3.0,0.0,2.0,1.0,2.0,1.0,1.0,6.0,3.0,0.0,9.0,5.0,2,2.0,8,1,2,1.8571428571428568,0,3.0,1,1,2.0,0,0,1,0,0,1,0,0,0,1,0,1,2,0,0,1,1,0
14184,14184,Países Bajos,3.0,1.0,0.0,4.0,1.0,7.0,6.0,6.0,6.0,7.0,8.0,6.0,7.0,6.0,8.0,6.0,4.0,8.0,7.0,0,2.0,2,2,1,6.857142857142857,3,6.333333333333333,3,0,1.3333333333333333,0,1,1,2,3,1,3,0,0,0,2,2,1,1,2,1,0,2
15836,15836,Países Bajos,7.0,3.0,5.0,6.0,1.0,8.0,5.0,8.0,7.0,8.0,10.0,7.0,8.0,7.0,10.0,4.0,5.0,10.0,10.0,0,3.0,2,2,2,8.142857142857142,4,7.0,3,0,5.0,2,0,0,2,3,2,3,1,2,0,2,1,2,2,2,0,0,2
16911,16911,Países Bajos,7.0,5.0,3.0,8.0,2.0,7.0,5.0,7.0,6.0,5.0,5.0,6.0,7.0,6.0,7.0,4.0,3.0,9.0,5.0,0,2.0,2,1,2,6.0,3,6.333333333333333,3,1,5.0,2,2,1,2,3,3,3,2,2,2,0,1,2,0,1,1,0,2
8683,8683,Alemania,8.0,5.0,5.0,6.0,2.0,9.0,8.0,6.0,5.0,8.0,8.0,6.0,7.0,6.0,7.0,8.0,7.0,9.0,2.0,0,1.0,1,0,2,6.714285714285714,3,7.666666666666667,3,1,6.0,2,2,1,2,3,1,3,2,0,2,2,2,0,1,2,1,0,2
54443,54443,Eslovaquia,8.0,2.0,6.0,4.0,3.0,2.0,4.0,6.0,5.0,5.0,5.0,5.0,5.0,5.0,4.0,2.0,2.0,6.0,6.0,2,1.0,8,1,1,4.857142857142857,2,4.0,2,1,5.333333333333333,2,1,1,2,1,1,2,2,0,1,0,1,1,2,1,1,1,2
30450,30450,Italia,3.0,3.0,3.0,6.0,3.0,5.0,5.0,4.0,7.0,5.0,8.0,3.0,6.0,0.0,9.0,7.0,6.0,7.0,8.0,1,2.0,4,2,1,5.428571428571429,2,4.666666666666667,2,1,3.0,1,2,0,2,2,2,2,0,1,2,0,1,0,2,1,1,1,1
21898,21898,España,6.0,5.0,5.0,6.0,4.0,2.0,1.0,6.0,3.0,2.0,7.0,0.0,5.0,0.0,5.0,5.0,5.0,6.0,5.0,1,2.0,3,1,1,3.142857142857143,1,3.0,1,2,5.333333333333333,2,1,1,0,0,2,0,2,2,2,0,0,2,2,0,1,1,0
7540,7540,Alemania,7.0,5.0,4.0,5.0,3.0,9.0,1.0,5.0,4.0,6.0,6.0,4.0,5.0,4.0,5.0,8.0,4.0,9.0,10.0,0,1.0,1,2,2,4.857142857142857,2,5.0,2,1,5.333333333333333,2,2,0,2,1,2,2,1,2,0,2,0,2,2,1,1,1,2
11917,11917,Alemania,5.0,6.0,6.0,3.0,2.0,6.0,7.0,3.0,3.0,6.0,7.0,3.0,4.0,3.0,4.0,7.0,7.0,8.0,5.0,0,2.0,1,1,1,4.285714285714286,2,5.333333333333333,2,1,5.666666666666667,2,0,1,2,1,0,1,1,2,2,2,2,2,2,1,1,1,0
1083,1083,Bélgica,7.0,6.0,7.0,4.0,1.0,7.0,4.0,3.0,4.0,8.0,7.0,6.0,7.0,5.0,0.0,8.0,8.0,8.0,3.0,0,1.0,0,0,1,5.285714285714286,2,4.666666666666667,2,0,6.666666666666667,2,1,1,2,1,2,2,1,2,2,1,1,2,0,2,1,1,2
30076,30076,Italia,7.0,7.0,2.0,5.0,3.0,6.0,5.0,5.0,7.0,6.0,7.0,5.0,5.0,5.0,9.0,5.0,4.0,8.0,8.0,1,1.0,4,2,1,6.285714285714286,3,5.333333333333333,2,1,5.333333333333333,2,1,0,1,2,1,3,2,2,0,0,1,1,2,1,1,1,1
47279,47279,Hungría,7.0,8.0,8.0,5.0,3.0,9.0,7.0,8.0,8.0,9.0,9.0,8.0,9.0,8.0,9.0,5.0,4.0,8.0,9.0,2,1.0,7,2,1,8.571428571428571,4,8.0,4,1,7.666666666666667,3,2,1,2,3,2,3,2,2,2,2,2,2,2,2,0,0,2
48965,48965,Hungría,5.0,5.0,4.0,5.0,2.0,4.0,5.0,5.0,6.0,6.0,6.0,6.0,0.0,2.0,2.0,2.0,3.0,10.0,0.0,2,1.0,7,0,2,4.0,2,4.666666666666667,2,1,4.666666666666667,1,1,1,0,2,2,2,2,0,2,0,1,1,0,1,1,0,0
19789,19789,Países Bajos,7.0,7.0,7.0,3.0,2.0,8.0,8.0,7.0,6.0,8.0,8.0,6.0,7.0,6.0,7.0,7.0,4.0,8.0,0.0,0,4.0,2,0,1,6.857142857142857,3,7.666666666666667,3,1,7.0,2,0,1,2,3,0,3,0,2,0,2,2,2,0,2,1,0,2
19437,19437,Países Bajos,8.0,8.0,7.0,6.0,1.0,8.0,4.0,7.0,7.0,8.0,8.0,8.0,7.0,7.0,8.0,4.0,5.0,8.0,0.0,0,4.0,2,0,1,7.571428571428571,3,6.333333333333333,3,0,7.666666666666667,3,0,1,2,3,2,3,2,2,1,2,1,2,2,2,1,0,2
56003,56003,Eslovaquia,5.0,7.0,7.0,5.0,3.0,3.0,6.0,1.0,4.0,2.0,3.0,1.0,2.0,1.0,10.0,8.0,5.0,7.0,6.0,2,1.0,8,1,1,3.2857142857142856,1,3.333333333333333,1,1,6.333333333333333,2,2,1,0,0,2,0,0,2,1,2,2,0,0,0,0,1,0
43771,43771,Hungría,5.0,6.0,9.0,6.0,3.0,7.0,5.0,6.0,7.0,7.0,7.0,6.0,7.0,5.0,5.0,3.0,4.0,8.0,5.0,2,1.0,7,1,1,6.285714285714286,3,6.0,3,1,6.666666666666667,2,0,1,2,3,2,3,0,2,2,2,1,0,2,2,1,0,2
48256,48256,Hungría,3.0,3.0,3.0,4.0,2.0,5.0,6.0,6.0,8.0,1.0,6.0,8.0,5.0,5.0,6.0,0.0,3.0,9.0,0.0,2,2.0,7,0,2,5.571428571428571,2,5.666666666666667,2,1,3.0,1,2,1,2,1,1,1,0,2,1,1,2,0,2,0,1,0,0
47472,47472,Hungría,5.0,5.0,4.0,3.0,2.0,5.0,2.0,3.0,5.0,6.0,5.0,5.0,5.0,5.0,7.0,0.0,2.0,5.0,3.0,2,1.0,7,0,0,5.428571428571429,2,3.333333333333333,1,1,4.666666666666667,1,0,1,0,0,0,2,0,1,0,2,0,2,2,1,1,1,2
8406,8406,Alemania,6.0,4.0,7.0,4.0,3.0,4.0,4.0,1.0,7.0,6.0,5.0,0.0,3.0,2.0,7.0,8.0,8.0,8.0,2.0,0,2.0,1,0,1,4.285714285714286,2,3.0,1,1,5.666666666666667,2,0,1,1,0,2,2,1,2,2,2,1,0,2,1,1,0,1
34396,34396,Portugal,6.0,3.0,6.0,3.0,2.0,7.0,4.0,5.0,7.0,6.0,8.0,5.0,6.0,4.0,9.0,5.0,5.0,7.0,6.0,1,2.0,5,1,1,6.428571428571429,3,5.333333333333333,2,1,5.0,2,0,1,1,2,0,3,1,1,0,1,1,1,2,1,1,1,1
47835,47835,Hungría,5.0,4.0,7.0,7.0,3.0,7.0,7.0,5.0,4.0,7.0,4.0,3.0,4.0,7.0,7.0,5.0,4.0,6.0,0.0,2,2.0,7,0,1,5.142857142857143,2,6.333333333333333,3,1,5.333333333333333,2,2,1,2,3,3,2,0,2,1,2,2,0,0,2,1,1,0
22347,22347,España,1.0,2.0,1.0,2.0,1.0,2.0,2.0,9.0,4.0,10.0,7.0,7.0,6.0,4.0,7.0,0.0,1.0,9.0,0.0,1,3.0,3,0,2,6.428571428571429,3,4.333333333333333,2,0,1.3333333333333333,0,0,1,2,1,0,3,0,0,0,0,0,2,0,2,1,0,2
12333,12333,Alemania,6.0,6.0,6.0,4.0,3.0,9.0,7.0,5.0,6.0,9.0,9.0,4.0,7.0,6.0,4.0,7.0,7.0,9.0,9.0,0,2.0,1,2,2,6.428571428571429,3,7.0,3,1,6.0,2,2,1,2,3,1,3,2,2,1,2,2,1,0,2,0,1,2
44726,44726,Hungría,5.0,5.0,6.0,7.0,4.0,0.0,3.0,0.0,3.0,3.0,3.0,0.0,2.0,0.0,8.0,5.0,5.0,8.0,4.0,2,1.0,7,1,1,2.7142857142857144,1,1.0,0,2,5.333333333333333,2,2,1,0,0,3,0,0,0,2,0,0,0,2,0,1,1,0
45916,45916,Hungría,4.0,6.0,4.0,5.0,2.0,8.0,5.0,7.0,5.0,8.0,7.0,7.0,7.0,6.0,8.0,8.0,5.0,6.0,5.0,2,1.0,7,1,1,6.857142857142857,3,6.666666666666667,3,1,4.666666666666667,1,0,1,2,3,1,3,1,0,2,2,1,2,0,2,1,0,2
2443,2443,Bélgica,2.0,1.0,2.0,5.0,1.0,6.0,5.0,6.0,2.0,5.0,8.0,8.0,8.0,8.0,8.0,6.0,5.0,6.0,7.0,0,2.0,0,2,1,6.714285714285714,3,5.666666666666667,2,0,1.6666666666666667,0,1,1,0,2,1,3,0,0,0,1,1,2,0,1,1,0,2
7795,7795,Alemania,6.0,4.0,6.0,5.0,4.0,2.0,4.0,2.0,5.0,8.0,7.0,1.0,2.0,2.0,7.0,9.0,5.0,9.0,1.0,0,1.0,1,0,2,4.571428571428571,2,2.6666666666666665,1,2,5.333333333333333,2,0,1,0,0,2,2,2,0,2,0,1,2,2,2,1,1,0
1026,1026,Bélgica,7.0,7.0,6.0,7.0,2.0,7.0,4.0,6.0,7.0,4.0,7.0,7.0,8.0,6.0,9.0,5.0,3.0,7.0,2.0,0,4.0,0,0,1,6.857142857142857,3,5.666666666666667,2,1,6.666666666666667,2,2,1,0,1,3,3,2,2,0,2,1,2,2,0,1,0,2
48513,48513,Hungría,7.0,4.0,6.0,5.0,4.0,3.0,5.0,5.0,6.0,3.0,5.0,4.0,3.0,3.0,8.0,2.0,3.0,7.0,2.0,2,1.0,7,0,1,4.571428571428571,2,4.333333333333333,2,2,5.666666666666667,2,2,1,0,1,2,2,1,0,2,2,1,0,1,0,1,1,2
60913,60913,Eslovaquia,0.0,5.0,5.0,7.0,1.0,5.0,3.0,5.0,5.0,7.0,7.0,0.0,0.0,5.0,10.0,2.0,3.0,10.0,8.0,2,1.0,8,2,2,4.857142857142857,2,4.333333333333333,2,0,3.333333333333333,1,2,0,0,1,3,1,0,2,2,2,0,0,1,2,1,1,0
52347,52347,Hungría,5.0,0.0,3.0,5.0,3.0,2.0,2.0,2.0,5.0,6.0,9.0,1.0,2.0,1.0,5.0,2.0,1.0,9.0,8.0,2,2.0,7,2,2,4.142857142857143,2,2.0,1,1,2.6666666666666665,1,0,0,0,0,2,2,1,0,2,0,0,2,2,1,0,1,0
55213,55213,Eslovaquia,8.0,2.0,5.0,5.0,3.0,7.0,6.0,8.0,4.0,7.0,7.0,5.0,7.0,4.0,10.0,6.0,6.0,6.0,3.0,2,2.0,8,0,1,6.285714285714286,3,7.0,3,1,5.0,2,0,1,2,3,2,3,2,0,2,2,2,2,2,2,1,1,2
18518,18518,Países Bajos,7.0,6.0,8.0,7.0,2.0,8.0,7.0,8.0,7.0,6.0,7.0,7.0,8.0,7.0,7.0,5.0,5.0,9.0,3.0,0,2.0,2,0,2,7.0,3,7.666666666666667,3,1,7.0,2,2,1,2,3,3,3,1,2,2,2,2,2,2,1,1,0,2
20711,20711,Países Bajos,8.0,7.0,5.0,3.0,2.0,7.0,8.0,7.0,7.0,7.0,7.0,7.0,7.0,6.0,8.0,5.0,5.0,9.0,5.0,0,4.0,2,1,2,7.0,3,7.333333333333333,3,1,6.666666666666667,2,0,1,2,3,0,3,2,2,0,2,2,2,2,2,1,0,2
32766,32766,Italia,3.0,1.0,2.0,5.0,4.0,4.0,1.0,1.0,5.0,4.0,5.0,1.0,1.0,1.0,5.0,4.0,3.0,7.0,3.0,1,1.0,4,0,1,3.142857142857143,1,2.0,1,2,2.0,0,1,1,0,0,1,0,0,0,0,0,0,0,2,0,1,0,0
22599,22599,España,3.0,4.0,3.0,6.0,4.0,3.0,1.0,1.0,0.0,7.0,7.0,0.0,0.0,0.0,5.0,3.0,3.0,8.0,9.0,1,2.0,3,2,1,2.7142857142857144,1,1.6666666666666667,0,2,3.333333333333333,1,2,0,0,0,1,0,0,0,1,2,0,0,0,2,1,1,0
49431,49431,Hungría,9.0,9.0,6.0,1.0,2.0,0.0,0.0,0.0,3.0,0.0,1.0,0.0,1.0,1.0,9.0,5.0,5.0,6.0,1.0,2,2.0,7,0,1,2.142857142857143,1,0.0,0,1,8.0,3,0,0,0,0,0,0,2,2,2,0,0,0,0,0,1,0,0
18026,18026,Países Bajos,6.0,6.0,7.0,3.0,2.0,5.0,6.0,4.0,1.0,7.0,8.0,4.0,5.0,3.0,7.0,5.0,5.0,8.0,2.0,0,3.0,2,0,1,5.0,2,5.0,2,1,6.333333333333333,2,0,1,2,1,0,2,2,0,0,0,2,2,0,2,1,1,0
9165,9165,Alemania,9.0,8.0,8.0,2.0,1.0,8.0,8.0,2.0,5.0,6.0,4.0,2.0,3.0,2.0,6.0,7.0,9.0,8.0,5.0,0,2.0,1,1,1,4.0,2,6.0,3,0,8.333333333333334,3,0,1,0,3,0,1,2,2,2,2,2,0,0,1,1,1,2
2080,2080,Bélgica,2.0,3.0,4.0,5.0,4.0,3.0,2.0,3.0,4.0,1.0,7.0,1.0,4.0,0.0,7.0,4.0,5.0,9.0,2.0,0,3.0,0,0,2,3.4285714285714284,1,2.6666666666666665,1,2,3.0,1,1,1,0,0,1,0,0,1,2,0,0,2,2,0,1,1,1
23220,23220,España,8.0,3.0,7.0,4.0,2.0,4.0,4.0,7.0,2.0,0.0,6.0,2.0,2.0,4.0,8.0,5.0,5.0,7.0,0.0,1,2.0,3,0,1,3.4285714285714284,1,5.0,2,1,6.0,2,0,1,0,1,2,0,2,0,0,0,1,2,0,0,1,1,0
9672,9672,Alemania,5.0,8.0,5.0,5.0,1.0,3.0,8.0,5.0,2.0,5.0,7.0,3.0,5.0,3.0,5.0,5.0,3.0,7.0,3.0,0,3.0,1,0,1,4.285714285714286,2,5.333333333333333,2,0,6.0,2,0,1,1,2,2,1,2,2,0,0,2,0,0,1,1,1,0
12805,12805,Alemania,2.0,8.0,2.0,5.0,3.0,3.0,3.0,3.0,3.0,4.0,9.0,2.0,2.0,1.0,9.0,3.0,2.0,7.0,5.0,0,4.0,1,1,1,4.285714285714286,2,3.0,1,1,4.0,1,0,1,0,0,2,1,0,2,0,0,0,2,0,0,0,1,0
58427,58427,Eslovaquia,2.0,3.0,1.0,3.0,3.0,8.0,7.0,7.0,9.0,7.0,9.0,7.0,7.0,8.0,7.0,6.0,5.0,7.0,7.0,2,1.0,8,2,1,7.714285714285714,3,7.333333333333333,3,1,2.0,0,0,1,2,3,0,3,0,1,0,2,2,2,2,2,0,0,2
14429,14429,Países Bajos,5.0,3.0,3.0,4.0,2.0,4.0,4.0,2.0,2.0,4.0,6.0,2.0,3.0,3.0,9.0,3.0,4.0,8.0,7.0,0,2.0,2,2,1,4.142857142857143,2,3.333333333333333,1,1,3.6666666666666665,1,1,1,1,0,2,2,2,0,2,0,1,2,0,0,1,1,2
17432,17432,Países Bajos,5.0,8.0,7.0,5.0,3.0,8.0,8.0,8.0,5.0,7.0,8.0,6.0,6.0,8.0,7.0,5.0,2.0,9.0,6.0,0,3.0,2,1,2,6.714285714285714,3,8.0,4,1,6.666666666666667,2,2,1,2,3,1,3,2,2,2,2,2,2,0,2,1,0,2
1486,1486,Bélgica,8.0,8.0,8.0,5.0,3.0,8.0,5.0,5.0,8.0,8.0,7.0,7.0,7.0,7.0,8.0,4.0,5.0,7.0,6.0,0,1.0,0,1,1,7.428571428571429,3,6.0,3,1,8.0,3,1,1,0,3,2,3,2,2,2,2,1,0,2,2,1,0,2
47648,47648,Hungría,8.0,0.0,7.0,5.0,4.0,5.0,2.0,2.0,6.0,6.0,5.0,3.0,5.0,3.0,5.0,5.0,7.0,4.0,8.0,2,1.0,7,2,0,4.714285714285714,2,3.0,1,2,5.0,2,0,0,0,0,2,2,2,0,2,0,0,2,1,1,1,1,2
3455,3455,Bélgica,8.0,5.0,8.0,3.0,2.0,7.0,7.0,5.0,5.0,5.0,9.0,5.0,7.0,5.0,7.0,10.0,5.0,7.0,3.0,0,2.0,0,0,1,6.142857142857143,3,6.333333333333333,3,1,7.0,2,0,1,2,3,0,3,2,2,2,0,2,2,1,1,0,1,2
31071,31071,Italia,6.0,5.0,6.0,6.0,2.0,6.0,5.0,5.0,6.0,5.0,6.0,3.0,5.0,3.0,6.0,6.0,5.0,10.0,8.0,1,1.0,4,2,2,4.857142857142857,2,5.333333333333333,2,1,5.666666666666667,2,0,0,2,2,2,1,2,0,0,1,1,2,2,1,1,1,0
40418,40418,Portugal,8.0,6.0,7.0,7.0,2.0,6.0,5.0,6.0,6.0,3.0,7.0,3.0,6.0,4.0,7.0,5.0,8.0,8.0,3.0,1,3.0,5,0,1,5.142857142857143,2,5.666666666666667,2,1,7.0,2,2,1,2,2,3,1,2,0,0,2,1,1,0,0,1,1,0
48847,48847,Hungría,0.0,0.0,0.0,5.0,4.0,3.0,1.0,3.0,0.0,0.0,0.0,0.0,0.0,0.0,7.0,4.0,5.0,3.0,0.0,2,1.0,7,0,0,1.0,0,2.333333333333333,1,2,0.0,0,2,1,0,0,1,0,0,0,0,0,0,0,0,0,0,1,0
57953,57953,Eslovaquia,3.0,3.0,3.0,4.0,3.0,2.0,5.0,2.0,5.0,2.0,3.0,1.0,3.0,1.0,6.0,4.0,5.0,8.0,8.0,2,1.0,8,2,1,3.0,1,3.0,1,1,3.0,1,2,0,0,0,2,0,0,0,0,0,1,0,0,0,1,1,0
51042,51042,Hungría,6.0,4.0,6.0,2.0,4.0,2.0,3.0,2.0,3.0,3.0,4.0,3.0,3.0,3.0,8.0,5.0,5.0,5.0,7.0,2,1.0,7,2,0,3.857142857142857,1,2.333333333333333,1,2,5.333333333333333,2,0,1,0,0,0,0,1,2,1,0,0,1,0,0,1,1,1
1619,1619,Bélgica,8.0,3.0,4.0,5.0,4.0,8.0,0.0,5.0,3.0,5.0,8.0,4.0,0.0,2.0,6.0,5.0,5.0,8.0,7.0,0,2.0,0,2,1,4.0,2,4.333333333333333,2,2,5.0,2,2,1,1,2,2,1,2,0,2,2,0,2,2,1,1,1,0
33467,33467,Italia,2.0,2.0,0.0,9.0,2.0,6.0,3.0,8.0,2.0,7.0,9.0,3.0,3.0,3.0,3.0,6.0,2.0,8.0,2.0,1,2.0,4,0,1,4.285714285714286,2,5.666666666666667,2,1,1.3333333333333333,0,2,1,2,2,3,1,0,0,0,2,0,2,0,2,0,1,2
43118,43118,Croacia,9.0,2.0,5.0,2.0,4.0,1.0,2.0,0.0,0.0,0.0,2.0,0.0,0.0,0.0,8.0,2.0,3.0,10.0,7.0,1,2.0,6,2,2,1.4285714285714286,0,1.0,0,2,5.333333333333333,2,0,1,0,0,0,0,2,0,2,0,0,0,0,0,1,0,0
57706,57706,Eslovaquia,7.0,5.0,7.0,1.0,2.0,7.0,4.0,5.0,4.0,8.0,9.0,5.0,7.0,5.0,6.0,5.0,5.0,7.0,9.0,2,1.0,8,2,1,6.285714285714286,3,5.333333333333333,2,1,6.333333333333333,2,0,1,1,2,0,3,0,0,1,1,1,2,2,2,1,1,2
53691,53691,Eslovaquia,7.0,8.0,5.0,3.0,3.0,3.0,6.0,0.0,7.0,5.0,10.0,4.0,8.0,4.0,6.0,4.0,7.0,7.0,5.0,2,2.0,8,1,1,6.285714285714286,3,3.0,1,1,6.666666666666667,2,0,1,2,0,0,3,0,2,0,1,2,0,2,1,0,1,2
56963,56963,Eslovaquia,5.0,2.0,5.0,5.0,1.0,0.0,1.0,0.0,5.0,3.0,5.0,3.0,3.0,3.0,10.0,3.0,3.0,7.0,3.0,2,2.0,8,0,1,4.571428571428571,2,0.3333333333333333,0,0,4.0,1,1,1,0,0,2,2,0,0,2,0,0,0,1,0,1,1,1
36252,36252,Portugal,6.0,0.0,3.0,5.0,3.0,5.0,2.0,5.0,5.0,4.0,4.0,3.0,4.0,0.0,9.0,7.0,5.0,7.0,5.0,1,1.0,5,1,1,4.142857142857143,2,4.0,2,1,3.0,1,2,1,0,1,1,2,0,0,2,1,0,0,0,0,1,1,0
8932,8932,Alemania,4.0,4.0,6.0,6.0,2.0,8.0,1.0,6.0,1.0,8.0,8.0,3.0,3.0,2.0,5.0,7.0,5.0,4.0,7.0,0,2.0,1,2,0,4.285714285714286,2,5.0,2,1,4.666666666666667,1,2,1,1,2,2,2,2,2,0,2,0,2,0,2,1,1,2
58698,58698,Eslovaquia,7.0,7.0,7.0,5.0,3.0,6.0,6.0,6.0,4.0,3.0,3.0,3.0,3.0,3.0,4.0,4.0,5.0,7.0,6.0,2,2.0,8,1,1,3.2857142857142856,1,6.0,3,1,7.0,2,2,1,2,3,2,0,0,2,0,0,2,0,0,0,1,1,2
61724,61724,Eslovaquia,4.0,4.0,2.0,5.0,3.0,3.0,2.0,4.0,1.0,2.0,4.0,3.0,2.0,3.0,5.0,1.0,1.0,5.0,8.0,2,1.0,8,2,0,2.857142857142857,1,3.0,1,1,3.333333333333333,1,0,0,0,0,1,0,2,1,0,1,0,0,0,0,1,1,0
43598,43598,Hungría,8.0,8.0,4.0,5.0,4.0,6.0,5.0,5.0,5.0,8.0,8.0,5.0,5.0,5.0,10.0,0.0,0.0,8.0,10.0,2,1.0,7,2,1,6.571428571428571,3,5.333333333333333,2,2,6.666666666666667,2,1,0,0,2,2,3,2,2,2,2,1,1,0,2,1,1,0
55316,55316,Eslovaquia,2.0,1.0,3.0,0.0,3.0,5.0,6.0,8.0,5.0,2.0,5.0,2.0,3.0,1.0,8.0,3.0,7.0,8.0,8.0,2,1.0,8,2,1,3.7142857142857135,1,6.333333333333333,3,1,2.0,0,0,0,2,3,0,0,0,0,0,0,2,2,2,0,1,1,0
14120,14120,Países Bajos,10.0,5.0,10.0,5.0,2.0,8.0,7.0,7.0,6.0,9.0,6.0,6.0,8.0,7.0,8.0,7.0,7.0,9.0,7.0,0,3.0,2,2,2,7.142857142857143,3,7.333333333333333,3,1,8.333333333333334,3,0,1,2,3,2,3,2,0,2,2,2,2,0,2,1,1,2
60516,60516,Eslovaquia,1.0,3.0,1.0,0.0,4.0,0.0,0.0,0.0,0.0,3.0,5.0,0.0,2.0,0.0,3.0,0.0,1.0,5.0,1.0,2,1.0,8,0,0,1.8571428571428568,0,0.0,0,2,1.6666666666666667,0,0,1,0,0,0,0,0,2,0,0,0,0,0,0,1,1,0
30539,30539,Italia,2.0,0.0,3.0,4.0,3.0,3.0,4.0,2.0,3.0,3.0,4.0,0.0,1.0,0.0,8.0,4.0,6.0,5.0,8.0,1,1.0,4,2,0,2.7142857142857144,1,3.0,1,1,1.6666666666666667,0,0,0,1,0,2,0,0,0,0,0,1,2,2,0,0,1,0
34459,34459,Portugal,7.0,4.0,8.0,3.0,2.0,5.0,1.0,4.0,8.0,8.0,8.0,5.0,5.0,8.0,7.0,9.0,7.0,8.0,8.0,1,4.0,5,2,1,7.0,3,3.333333333333333,1,1,6.333333333333333,2,0,0,0,0,0,3,0,0,2,0,0,2,2,2,1,1,1
40159,40159,Portugal,3.0,4.0,4.0,7.0,4.0,5.0,8.0,8.0,3.0,2.0,5.0,2.0,2.0,2.0,8.0,5.0,5.0,6.0,6.0,1,2.0,5,1,1,3.4285714285714284,1,7.0,3,2,3.6666666666666665,1,2,1,2,3,3,0,0,0,0,0,2,2,2,0,1,1,0
10117,10117,Alemania,3.0,1.0,2.0,5.0,3.0,2.0,5.0,1.0,0.0,5.0,2.0,0.0,0.0,0.0,1.0,1.0,5.0,1.0,5.0,0,3.0,1,1,0,1.1428571428571428,0,2.6666666666666665,1,1,2.0,0,0,1,0,0,2,0,0,0,0,0,1,0,0,1,1,1,0
1454,1454,Bélgica,6.0,4.0,7.0,6.0,1.0,6.0,3.0,6.0,6.0,4.0,3.0,5.0,6.0,6.0,8.0,6.0,5.0,7.0,4.0,0,1.0,0,1,1,5.428571428571429,2,5.0,2,0,5.666666666666667,2,0,1,0,2,2,2,2,0,2,0,0,2,0,0,1,1,0
26028,26028,España,8.0,0.0,2.0,10.0,1.0,0.0,0.0,0.0,10.0,0.0,10.0,3.0,0.0,3.0,10.0,0.0,0.0,9.0,6.0,1,3.0,3,1,2,5.142857142857143,2,0.0,0,0,3.333333333333333,1,2,1,0,0,3,1,2,0,0,0,0,0,2,0,0,1,0
50697,50697,Hungría,9.0,8.0,7.0,5.0,2.0,7.0,3.0,4.0,9.0,8.0,9.0,6.0,7.0,6.0,5.0,4.0,5.0,4.0,8.0,2,2.0,7,2,0,7.142857142857143,3,4.666666666666667,2,1,8.0,3,1,0,1,1,2,3,2,2,0,2,0,1,2,2,0,0,2
61758,61758,Eslovaquia,5.0,3.0,4.0,1.0,1.0,2.0,2.0,4.0,2.0,4.0,5.0,3.0,6.0,4.0,10.0,4.0,3.0,4.0,8.0,2,1.0,8,2,0,4.857142857142857,2,2.6666666666666665,1,0,4.0,1,0,0,0,0,0,2,1,1,0,0,0,2,0,0,1,1,0
2659,2659,Bélgica,4.0,3.0,7.0,4.0,3.0,9.0,3.0,6.0,8.0,8.0,7.0,5.0,7.0,6.0,9.0,7.0,5.0,5.0,0.0,0,1.0,0,0,0,7.142857142857143,3,6.0,3,1,4.666666666666667,1,2,1,1,3,2,3,1,2,2,2,0,2,2,2,1,1,2
47906,47906,Hungría,4.0,5.0,3.0,3.0,2.0,5.0,2.0,2.0,5.0,3.0,5.0,2.0,3.0,2.0,8.0,5.0,7.0,8.0,5.0,2,2.0,7,1,1,4.0,2,3.0,1,1,4.0,1,0,1,0,0,0,1,1,2,2,1,0,0,1,0,1,1,2
48684,48684,Hungría,0.0,3.0,2.0,5.0,4.0,5.0,3.0,5.0,0.0,5.0,7.0,0.0,0.0,0.0,8.0,5.0,5.0,10.0,10.0,2,1.0,7,2,2,2.857142857142857,1,4.333333333333333,2,2,1.6666666666666667,0,1,0,2,1,1,0,0,2,0,2,0,2,0,1,1,0,0
40618,40618,Croacia,5.0,5.0,5.0,0.0,3.0,5.0,8.0,5.0,5.0,5.0,5.0,5.0,5.0,5.0,5.0,5.0,5.0,5.0,10.0,1,2.0,6,2,0,5.0,2,6.0,3,1,5.0,2,0,0,0,3,0,2,2,0,2,0,2,0,2,1,1,1,2
7671,7671,Alemania,8.0,5.0,0.0,0.0,1.0,4.0,4.0,5.0,5.0,8.0,5.0,2.0,5.0,6.0,7.0,5.0,7.0,10.0,7.0,0,2.0,1,2,2,5.428571428571429,2,4.333333333333333,2,0,4.333333333333333,1,0,1,2,2,0,2,2,2,0,0,1,2,1,2,1,1,0
21434,21434,España,6.0,7.0,4.0,2.0,2.0,5.0,6.0,5.0,4.0,2.0,3.0,1.0,5.0,0.0,6.0,8.0,9.0,5.0,5.0,1,2.0,3,1,0,3.0,1,5.333333333333333,2,1,5.666666666666667,2,0,1,0,2,0,0,1,2,0,1,2,1,2,0,1,1,2
26838,26838,España,6.0,6.0,6.0,6.0,3.0,5.0,6.0,5.0,5.0,6.0,7.0,5.0,6.0,0.0,8.0,5.0,4.0,7.0,7.0,1,2.0,3,2,1,5.285714285714286,2,5.333333333333333,2,1,6.0,2,0,1,2,2,1,1,0,0,2,1,2,0,2,1,1,1,0
36275,36275,Portugal,7.0,5.0,7.0,3.0,2.0,8.0,8.0,7.0,8.0,8.0,8.0,6.0,8.0,7.0,8.0,6.0,7.0,8.0,7.0,1,5.0,5,2,1,7.571428571428571,3,7.666666666666667,3,1,6.333333333333333,2,0,1,2,3,0,3,0,1,0,2,2,2,2,2,1,0,2
35391,35391,Portugal,2.0,3.0,1.0,5.0,3.0,8.0,7.0,8.0,8.0,10.0,10.0,2.0,8.0,2.0,8.0,3.0,6.0,5.0,2.0,1,2.0,5,0,0,6.857142857142857,3,7.666666666666667,3,1,2.0,0,2,1,2,3,1,3,0,2,0,2,2,2,2,2,0,1,2
7016,7016,Alemania,8.0,8.0,8.0,0.0,3.0,3.0,2.0,5.0,8.0,9.0,9.0,8.0,8.0,5.0,8.0,7.0,7.0,5.0,0.0,0,2.0,1,0,0,7.857142857142857,3,3.333333333333333,1,1,8.0,3,0,1,1,0,0,3,2,2,2,1,0,2,2,2,0,0,2
45800,45800,Hungría,4.0,8.0,3.0,3.0,4.0,4.0,5.0,3.0,6.0,5.0,7.0,1.0,3.0,2.0,5.0,5.0,3.0,5.0,4.0,2,1.0,7,1,0,4.142857142857143,2,4.0,2,2,5.0,2,0,1,2,2,0,2,2,2,2,1,1,2,2,1,1,1,2
58387,58387,Eslovaquia,8.0,10.0,5.0,10.0,3.0,3.0,7.0,6.0,5.0,5.0,0.0,0.0,0.0,0.0,7.0,10.0,10.0,7.0,10.0,2,2.0,8,2,1,2.4285714285714284,1,5.333333333333333,2,1,7.666666666666667,3,2,0,0,2,3,0,2,2,0,2,2,2,1,1,0,1,0
29178,29178,Italia,0.0,0.0,0.0,9.0,3.0,6.0,8.0,8.0,7.0,7.0,8.0,7.0,6.0,8.0,9.0,1.0,1.0,9.0,5.0,1,2.0,4,1,2,7.428571428571429,3,7.333333333333333,3,1,0.0,0,2,1,2,3,3,3,0,0,0,0,2,2,2,2,1,0,2
10591,10591,Alemania,5.0,2.0,6.0,7.0,1.0,6.0,6.0,4.0,0.0,2.0,7.0,1.0,4.0,0.0,6.0,1.0,2.0,8.0,0.0,0,2.0,1,0,1,2.857142857142857,1,5.333333333333333,2,0,4.333333333333333,1,2,0,0,1,3,0,1,0,1,0,2,0,0,0,1,1,1
32052,32052,Italia,6.0,5.0,6.0,5.0,3.0,6.0,2.0,3.0,4.0,3.0,5.0,1.0,4.0,1.0,6.0,9.0,6.0,5.0,5.0,1,1.0,4,1,0,3.4285714285714284,1,3.6666666666666665,1,1,5.666666666666667,2,0,1,0,1,2,0,2,1,2,0,0,0,2,0,1,1,2
34910,34910,Portugal,6.0,5.0,7.0,6.0,3.0,5.0,5.0,5.0,6.0,4.0,6.0,3.0,5.0,3.0,7.0,6.0,6.0,6.0,5.0,1,1.0,5,1,1,4.857142857142857,2,5.0,2,1,6.0,2,1,1,2,2,1,1,0,1,2,2,1,2,1,0,1,1,0
38285,38285,Portugal,7.0,7.0,7.0,3.0,2.0,3.0,3.0,3.0,3.0,4.0,5.0,4.0,7.0,0.0,8.0,6.0,5.0,7.0,2.0,1,1.0,5,0,1,4.428571428571429,2,3.0,1,1,7.0,2,0,1,1,0,0,2,2,2,1,0,0,2,0,0,1,1,2
50348,50348,Hungría,4.0,4.0,3.0,2.0,4.0,3.0,2.0,2.0,6.0,3.0,5.0,2.0,4.0,2.0,9.0,2.0,2.0,3.0,1.0,2,2.0,7,0,0,4.428571428571429,2,2.333333333333333,1,2,3.6666666666666665,1,0,1,0,0,0,2,0,2,0,2,0,0,2,0,1,1,0
60714,60714,Eslovaquia,6.0,7.0,6.0,6.0,3.0,4.0,4.0,8.0,6.0,5.0,3.0,3.0,2.0,3.0,9.0,6.0,4.0,7.0,10.0,2,1.0,8,2,1,4.428571428571429,2,5.333333333333333,2,1,6.333333333333333,2,1,0,2,1,1,2,2,2,0,0,1,2,2,1,1,1,0
31125,31125,Italia,5.0,4.0,6.0,2.0,2.0,0.0,4.0,1.0,4.0,5.0,6.0,2.0,2.0,2.0,8.0,5.0,4.0,8.0,1.0,1,2.0,4,0,1,4.142857142857143,2,1.6666666666666667,0,1,5.0,2,0,0,0,0,0,2,2,2,2,0,1,0,1,1,1,1,0
32235,32235,Italia,5.0,5.0,6.0,5.0,3.0,1.0,3.0,0.0,6.0,4.0,7.0,0.0,2.0,0.0,6.0,7.0,10.0,8.0,10.0,1,1.0,4,2,1,3.571428571428572,1,1.3333333333333333,0,1,5.333333333333333,2,2,0,0,0,1,0,0,2,0,0,0,0,2,0,1,1,0
8130,8130,Alemania,5.0,7.0,5.0,8.0,2.0,5.0,6.0,7.0,5.0,7.0,8.0,3.0,3.0,3.0,4.0,5.0,5.0,9.0,5.0,0,3.0,1,1,2,4.714285714285714,2,6.0,3,1,5.666666666666667,2,2,1,2,3,3,2,0,2,0,2,2,2,2,2,1,1,2
25588,25588,España,7.0,4.0,8.0,3.0,1.0,8.0,7.0,8.0,10.0,8.0,8.0,10.0,10.0,10.0,4.0,8.0,5.0,7.0,0.0,1,3.0,3,0,1,8.571428571428571,4,7.666666666666667,3,0,6.333333333333333,2,0,1,2,3,0,3,2,0,2,2,2,2,2,2,1,1,2
26825,26825,España,7.0,7.0,7.0,2.0,1.0,5.0,1.0,5.0,6.0,6.0,7.0,6.0,6.0,6.0,10.0,10.0,10.0,5.0,5.0,1,3.0,3,1,0,6.714285714285714,3,3.6666666666666665,1,0,7.0,2,0,1,1,1,0,3,1,2,2,2,0,0,0,1,1,0,0
43121,43121,Croacia,0.0,1.0,4.0,5.0,4.0,5.0,6.0,4.0,4.0,2.0,4.0,0.0,0.0,0.0,9.0,7.0,2.0,8.0,7.0,1,1.0,6,2,1,2.7142857142857144,1,5.0,2,2,1.6666666666666667,0,0,1,2,2,1,0,0,0,0,2,2,2,2,0,1,1,0
28796,28796,Italia,8.0,8.0,2.0,5.0,4.0,7.0,7.0,5.0,2.0,5.0,6.0,3.0,3.0,1.0,3.0,0.0,0.0,4.0,5.0,1,1.0,4,1,0,3.2857142857142856,1,6.333333333333333,3,2,6.0,2,0,1,2,3,1,0,2,2,0,0,2,0,0,1,1,1,0
29984,29984,Italia,4.0,5.0,3.0,5.0,3.0,5.0,3.0,3.0,2.0,3.0,6.0,2.0,2.0,2.0,8.0,2.0,3.0,3.0,4.0,1,1.0,4,1,0,3.571428571428572,1,3.6666666666666665,1,1,4.0,1,2,1,0,1,2,0,0,0,2,1,0,0,0,0,1,1,0
32061,32061,Italia,6.0,6.0,7.0,4.0,3.0,5.0,6.0,6.0,6.0,6.0,5.0,5.0,6.0,5.0,5.0,6.0,6.0,9.0,2.0,1,1.0,4,0,2,5.428571428571429,2,5.666666666666667,2,1,6.333333333333333,2,0,1,0,1,2,2,2,2,0,2,2,2,1,1,1,1,1
48460,48460,Hungría,3.0,1.0,6.0,3.0,1.0,2.0,2.0,2.0,6.0,3.0,6.0,1.0,1.0,1.0,9.0,6.0,4.0,5.0,5.0,2,1.0,7,1,0,3.857142857142857,1,2.0,1,0,3.333333333333333,1,0,1,0,0,0,0,0,0,2,0,0,0,2,0,1,1,0
44138,44138,Hungría,5.0,6.0,3.0,4.0,4.0,0.0,0.0,0.0,8.0,6.0,6.0,0.0,0.0,3.0,5.0,5.0,5.0,8.0,0.0,2,2.0,7,0,1,4.0,2,0.0,0,2,4.666666666666667,1,2,0,0,0,1,1,2,1,0,0,0,0,2,1,1,1,0
58021,58021,Eslovaquia,3.0,2.0,3.0,1.0,3.0,4.0,3.0,3.0,4.0,3.0,4.0,3.0,3.0,4.0,4.0,2.0,3.0,4.0,7.0,2,1.0,8,2,0,3.571428571428572,1,3.333333333333333,1,1,2.6666666666666665,1,0,1,0,0,0,0,0,0,1,2,0,1,2,0,1,1,1
53334,53334,Hungría,3.0,3.0,3.0,4.0,3.0,4.0,5.0,3.0,4.0,4.0,5.0,4.0,4.0,4.0,10.0,2.0,4.0,10.0,10.0,2,1.0,7,2,2,5.0,2,4.0,2,1,3.0,1,2,0,0,2,2,2,0,0,2,1,1,0,2,0,1,1,2
61584,61584,Eslovaquia,3.0,5.0,3.0,5.0,2.0,6.0,4.0,5.0,6.0,4.0,5.0,3.0,3.0,4.0,5.0,4.0,6.0,7.0,4.0,2,2.0,8,1,1,4.285714285714286,2,5.0,2,1,3.6666666666666665,1,2,1,0,2,2,2,0,0,2,2,1,0,0,0,1,1,0
38356,38356,Portugal,6.0,8.0,5.0,5.0,4.0,5.0,2.0,1.0,8.0,2.0,5.0,1.0,2.0,1.0,9.0,5.0,4.0,6.0,8.0,1,2.0,5,2,1,4.0,2,2.6666666666666665,1,2,6.333333333333333,2,1,1,0,0,1,2,2,2,1,0,0,0,2,0,1,1,0
5156,5156,Bélgica,7.0,6.0,8.0,7.0,4.0,6.0,6.0,4.0,5.0,7.0,7.0,4.0,3.0,4.0,7.0,7.0,5.0,7.0,5.0,0,2.0,0,1,1,5.285714285714286,2,5.333333333333333,2,2,7.0,2,2,1,2,1,3,2,2,2,2,2,2,0,1,2,1,1,1
53119,53119,Hungría,7.0,7.0,8.0,5.0,3.0,8.0,8.0,8.0,8.0,8.0,8.0,8.0,8.0,8.0,7.0,8.0,8.0,8.0,8.0,2,3.0,7,2,1,7.857142857142857,3,8.0,4,1,7.333333333333333,2,0,0,2,3,1,3,1,2,2,2,2,2,2,2,1,1,2
7705,7705,Alemania,9.0,2.0,7.0,8.0,1.0,3.0,7.0,1.0,0.0,5.0,5.0,0.0,0.0,0.0,5.0,5.0,2.0,8.0,7.0,0,2.0,1,2,1,2.142857142857143,1,3.6666666666666665,1,0,6.0,2,2,1,2,1,3,0,2,0,0,2,2,0,0,1,1,1,0
54958,54958,Eslovaquia,6.0,3.0,3.0,8.0,1.0,5.0,3.0,3.0,9.0,5.0,4.0,3.0,8.0,2.0,6.0,3.0,9.0,2.0,10.0,2,2.0,8,2,0,5.285714285714286,2,3.6666666666666665,1,0,4.0,1,2,0,1,1,3,1,2,0,2,2,0,2,2,1,1,1,2
51838,51838,Hungría,0.0,0.0,0.0,1.0,4.0,2.0,1.0,2.0,7.0,6.0,10.0,7.0,0.0,5.0,5.0,3.0,2.0,10.0,2.0,2,1.0,7,0,2,5.714285714285714,2,1.6666666666666667,0,2,0.0,0,0,1,0,0,0,2,0,0,0,0,0,2,2,1,1,0,0
31897,31897,Italia,3.0,3.0,3.0,4.0,4.0,7.0,5.0,6.0,5.0,5.0,4.0,2.0,5.0,2.0,8.0,9.0,6.0,7.0,7.0,1,2.0,4,2,1,4.428571428571429,2,6.0,3,2,3.0,1,2,1,2,3,2,1,0,0,2,2,1,1,1,1,1,1,1
7466,7466,Alemania,7.0,8.0,7.0,5.0,3.0,8.0,7.0,7.0,6.0,6.0,7.0,5.0,6.0,5.0,9.0,8.0,8.0,10.0,3.0,0,2.0,1,0,2,6.285714285714286,3,7.333333333333333,3,1,7.333333333333333,2,2,1,2,3,1,3,2,2,1,2,2,2,0,1,1,1,0
52047,52047,Hungría,2.0,7.0,5.0,10.0,2.0,9.0,6.0,9.0,6.0,9.0,9.0,6.0,10.0,5.0,9.0,3.0,8.0,8.0,8.0,2,3.0,7,2,1,7.714285714285714,3,8.0,4,1,4.666666666666667,1,2,1,2,3,3,3,0,2,0,2,2,2,0,2,0,0,2
55815,55815,Eslovaquia,7.0,7.0,7.0,9.0,4.0,6.0,7.0,6.0,8.0,7.0,8.0,7.0,5.0,7.0,1.0,2.0,2.0,9.0,8.0,2,2.0,8,2,2,6.142857142857143,3,6.333333333333333,3,2,7.0,2,2,1,2,3,3,3,1,2,2,2,2,2,2,2,1,0,2
49022,49022,Hungría,8.0,8.0,8.0,4.0,3.0,5.0,4.0,4.0,2.0,6.0,6.0,7.0,7.0,7.0,8.0,5.0,5.0,7.0,0.0,2,1.0,7,0,1,6.142857142857143,3,4.333333333333333,2,1,8.0,3,0,1,0,2,1,3,2,2,2,2,1,2,0,1,1,0,2
27968,27968,España,7.0,5.0,6.0,8.0,3.0,7.0,7.0,5.0,7.0,8.0,8.0,6.0,7.0,6.0,10.0,5.0,4.0,7.0,6.0,1,2.0,3,1,1,7.428571428571429,3,6.333333333333333,3,1,6.0,2,2,1,2,3,3,3,0,2,1,2,2,2,2,2,1,0,2
24712,24712,España,6.0,6.0,6.0,3.0,3.0,3.0,6.0,7.0,3.0,2.0,7.0,5.0,8.0,5.0,7.0,3.0,3.0,10.0,5.0,1,2.0,3,1,2,5.285714285714286,2,5.333333333333333,2,1,6.0,2,0,1,2,1,0,2,1,0,0,1,2,2,0,0,1,1,2
28895,28895,Italia,6.0,5.0,7.0,1.0,3.0,5.0,4.0,2.0,7.0,7.0,7.0,5.0,7.0,6.0,8.0,7.0,7.0,7.0,4.0,1,1.0,4,1,1,6.714285714285714,3,3.6666666666666665,1,1,6.0,2,0,1,2,1,0,3,1,0,2,1,1,1,2,2,1,1,2
17309,17309,Países Bajos,7.0,5.0,6.0,4.0,2.0,4.0,5.0,8.0,6.0,4.0,8.0,7.0,4.0,6.0,9.0,5.0,4.0,9.0,7.0,0,1.0,2,2,2,6.285714285714286,3,5.666666666666667,2,1,6.0,2,2,1,0,1,1,3,0,2,0,1,1,2,2,0,1,0,0
14508,14508,Países Bajos,6.0,5.0,3.0,5.0,2.0,3.0,6.0,5.0,4.0,6.0,1.0,4.0,5.0,4.0,8.0,3.0,3.0,7.0,8.0,0,4.0,2,2,1,4.571428571428571,2,4.666666666666667,2,1,4.666666666666667,1,0,0,0,2,1,2,0,2,1,2,2,1,0,1,1,1,1
33173,33173,Italia,0.0,1.0,0.0,5.0,4.0,6.0,5.0,6.0,5.0,5.0,5.0,5.0,5.0,5.0,6.0,6.0,6.0,6.0,0.0,1,2.0,4,0,1,5.142857142857143,2,5.666666666666667,2,2,0.3333333333333333,0,0,1,2,2,2,2,0,0,0,1,1,2,0,1,1,1,0
21961,21961,España,3.0,3.0,2.0,4.0,4.0,5.0,6.0,5.0,5.0,5.0,5.0,4.0,4.0,6.0,8.0,6.0,6.0,6.0,9.0,1,2.0,3,2,1,5.285714285714286,2,5.333333333333333,2,2,2.6666666666666665,1,1,0,2,1,2,2,0,1,0,0,2,2,2,1,1,1,0
1740,1740,Bélgica,3.0,5.0,3.0,1.0,3.0,0.0,0.0,0.0,2.0,0.0,5.0,2.0,4.0,2.0,8.0,0.0,0.0,8.0,5.0,0,1.0,0,1,1,3.2857142857142856,1,0.0,0,1,3.6666666666666665,1,0,1,0,0,0,0,0,1,1,0,0,0,0,0,1,1,2
61105,61105,Eslovaquia,4.0,1.0,0.0,6.0,3.0,7.0,5.0,6.0,3.0,0.0,2.0,4.0,0.0,3.0,4.0,0.0,0.0,3.0,5.0,2,2.0,8,1,0,2.2857142857142856,1,6.0,3,1,1.6666666666666667,0,2,1,2,3,2,0,1,0,0,2,1,2,1,0,1,1,0
29900,29900,Italia,7.0,7.0,7.0,8.0,2.0,5.0,7.0,6.0,6.0,6.0,8.0,4.0,5.0,3.0,10.0,1.0,1.0,7.0,5.0,1,1.0,4,1,1,6.0,3,6.0,3,1,7.0,2,2,1,2,3,3,3,0,2,0,0,2,2,0,1,1,1,0
8841,8841,Alemania,10.0,7.0,4.0,5.0,2.0,7.0,5.0,5.0,0.0,6.0,8.0,3.0,6.0,2.0,6.0,3.0,3.0,10.0,5.0,0,3.0,1,1,2,4.428571428571429,2,5.666666666666667,2,1,7.0,2,1,1,0,2,2,2,2,2,0,1,1,0,0,1,1,1,2
7588,7588,Alemania,8.0,5.0,10.0,1.0,1.0,10.0,4.0,2.0,8.0,7.0,10.0,5.0,10.0,8.0,10.0,10.0,5.0,9.0,0.0,0,1.0,1,0,2,8.285714285714286,4,5.333333333333333,2,0,7.666666666666667,3,0,1,2,2,0,3,2,1,2,2,1,2,2,2,0,1,2
57982,57982,Eslovaquia,3.0,0.0,0.0,9.0,3.0,0.0,3.0,4.0,5.0,4.0,4.0,5.0,5.0,5.0,4.0,5.0,5.0,4.0,10.0,2,1.0,8,2,0,4.571428571428571,2,2.333333333333333,1,1,1.0,0,2,1,0,0,3,1,0,0,0,0,0,0,2,0,0,1,2
40111,40111,Portugal,2.0,2.0,3.0,5.0,4.0,7.0,4.0,5.0,6.0,5.0,7.0,4.0,6.0,4.0,9.0,6.0,4.0,7.0,3.0,1,2.0,5,0,1,5.857142857142857,2,5.333333333333333,2,2,2.333333333333333,0,2,1,1,2,2,3,0,0,0,0,1,0,0,1,1,1,0
22715,22715,España,7.0,8.0,6.0,5.0,3.0,6.0,2.0,2.0,5.0,4.0,8.0,9.0,6.0,5.0,5.0,4.0,3.0,7.0,9.0,1,3.0,3,2,1,6.0,3,3.333333333333333,1,1,7.0,2,1,0,0,0,1,3,2,2,1,1,0,1,1,0,1,1,2
42573,42573,Croacia,3.0,6.0,7.0,4.0,3.0,2.0,2.0,2.0,6.0,3.0,7.0,1.0,1.0,1.0,6.0,9.0,5.0,6.0,4.0,1,1.0,6,1,1,3.571428571428572,1,2.0,1,1,5.333333333333333,2,0,1,0,0,1,0,0,0,2,0,0,2,0,0,1,1,0
18952,18952,Países Bajos,6.0,4.0,7.0,8.0,2.0,7.0,5.0,5.0,2.0,6.0,6.0,5.0,5.0,5.0,8.0,2.0,3.0,7.0,0.0,0,4.0,2,0,1,5.285714285714286,2,5.666666666666667,2,1,5.666666666666667,2,2,1,2,2,3,1,1,0,2,0,1,2,0,1,1,1,1
39216,39216,Portugal,9.0,9.0,8.0,6.0,2.0,6.0,2.0,3.0,5.0,4.0,8.0,2.0,6.0,2.0,9.0,9.0,7.0,9.0,4.0,1,2.0,5,1,2,5.142857142857143,2,3.6666666666666665,1,1,8.666666666666666,3,0,1,2,2,2,1,2,2,2,0,0,2,1,0,1,1,2
28400,28400,Italia,2.0,2.0,2.0,4.0,4.0,6.0,6.0,6.0,2.0,3.0,3.0,3.0,3.0,0.0,7.0,3.0,3.0,6.0,4.0,1,1.0,4,1,1,3.0,1,6.0,3,2,2.0,0,2,1,0,3,1,0,0,0,0,0,2,2,0,0,1,1,0
32561,32561,Italia,4.0,4.0,4.0,5.0,3.0,5.0,5.0,5.0,4.0,4.0,6.0,5.0,6.0,5.0,0.0,6.0,5.0,8.0,1.0,1,1.0,4,0,1,4.285714285714286,2,5.0,2,1,4.0,1,1,1,1,1,1,2,2,0,2,0,1,2,2,0,1,1,0
21884,21884,España,8.0,8.0,8.0,5.0,3.0,2.0,0.0,2.0,0.0,2.0,9.0,0.0,4.0,0.0,7.0,8.0,9.0,6.0,4.0,1,3.0,3,1,1,3.142857142857143,1,1.3333333333333333,0,1,8.0,3,0,1,0,0,2,0,2,2,2,0,0,0,0,0,0,0,1
19850,19850,Países Bajos,5.0,5.0,0.0,8.0,3.0,3.0,3.0,3.0,2.0,3.0,1.0,2.0,2.0,2.0,8.0,3.0,2.0,5.0,3.0,0,4.0,2,0,0,2.857142857142857,1,3.0,1,1,3.333333333333333,1,2,1,1,0,3,0,1,2,0,1,0,1,0,0,1,1,0
51143,51143,Hungría,6.0,7.0,7.0,3.0,2.0,5.0,5.0,5.0,7.0,9.0,8.0,6.0,7.0,6.0,7.0,5.0,6.0,7.0,5.0,2,1.0,7,1,1,7.142857142857143,3,5.0,2,1,6.666666666666667,2,0,1,2,2,0,3,1,2,0,0,1,2,2,2,1,0,2
12914,12914,Alemania,5.0,2.0,2.0,5.0,2.0,3.0,5.0,3.0,3.0,2.0,3.0,2.0,3.0,3.0,3.0,5.0,5.0,5.0,3.0,0,2.0,1,0,0,2.7142857142857144,1,3.6666666666666665,1,1,3.0,1,0,1,0,1,2,0,0,0,0,0,1,2,0,0,1,1,1
4716,4716,Bélgica,6.0,6.0,5.0,3.0,2.0,5.0,6.0,5.0,4.0,2.0,4.0,5.0,5.0,5.0,6.0,5.0,5.0,8.0,6.0,0,2.0,0,1,1,4.428571428571429,2,5.333333333333333,2,1,5.666666666666667,2,0,1,2,2,0,1,0,0,0,1,2,0,0,0,1,1,1
62486,62486,Eslovaquia,7.0,10.0,5.0,0.0,2.0,0.0,0.0,0.0,0.0,5.0,10.0,0.0,0.0,0.0,5.0,0.0,5.0,8.0,8.0,2,3.0,8,2,1,2.857142857142857,1,0.0,0,1,7.333333333333333,2,0,0,0,0,0,0,2,2,2,0,0,0,0,1,0,1,0
2581,2581,Bélgica,5.0,5.0,7.0,5.0,4.0,7.0,7.0,8.0,7.0,6.0,5.0,6.0,7.0,7.0,4.0,6.0,8.0,9.0,6.0,0,4.0,0,1,2,6.0,3,7.333333333333333,3,2,5.666666666666667,2,0,1,2,3,2,3,1,1,2,0,2,2,2,1,1,0,2
48080,48080,Hungría,8.0,8.0,9.0,5.0,4.0,5.0,3.0,3.0,5.0,5.0,7.0,3.0,5.0,3.0,8.0,5.0,5.0,8.0,5.0,2,1.0,7,1,1,5.142857142857143,2,3.6666666666666665,1,2,8.333333333333334,3,0,1,2,2,2,1,2,2,2,2,0,2,0,1,1,1,1
62482,62482,Eslovaquia,3.0,3.0,6.0,2.0,1.0,7.0,6.0,7.0,8.0,8.0,8.0,8.0,8.0,8.0,9.0,5.0,5.0,8.0,8.0,2,4.0,8,2,1,8.142857142857142,4,6.666666666666667,3,0,4.0,1,0,0,2,3,0,3,0,2,2,2,2,2,2,2,1,1,2
43253,43253,Croacia,9.0,7.0,4.0,5.0,3.0,7.0,8.0,5.0,7.0,7.0,7.0,4.0,5.0,4.0,8.0,8.0,8.0,8.0,4.0,1,3.0,6,1,1,6.0,3,6.666666666666667,3,1,6.666666666666667,2,1,1,2,3,1,3,2,2,1,2,2,1,2,2,1,1,0
59079,59079,Eslovaquia,3.0,5.0,5.0,5.0,3.0,5.0,5.0,5.0,5.0,5.0,5.0,5.0,2.0,5.0,1.0,1.0,1.0,8.0,5.0,2,1.0,8,1,1,4.0,2,5.0,2,1,4.333333333333333,1,1,1,1,2,2,2,0,1,1,0,1,1,1,1,1,1,0
14918,14918,Países Bajos,6.0,3.0,4.0,8.0,2.0,4.0,4.0,2.0,4.0,6.0,6.0,4.0,4.0,3.0,8.0,2.0,4.0,10.0,7.0,0,2.0,2,2,2,5.0,2,3.333333333333333,1,1,4.333333333333333,1,2,1,2,0,3,2,0,0,2,2,1,0,2,1,1,1,0
44437,44437,Hungría,5.0,6.0,7.0,6.0,3.0,7.0,6.0,6.0,6.0,6.0,5.0,7.0,6.0,5.0,7.0,6.0,7.0,8.0,7.0,2,1.0,7,2,1,6.0,3,6.333333333333333,3,1,6.0,2,2,1,2,3,1,3,2,1,0,0,2,0,2,1,1,0,1
15649,15649,Países Bajos,8.0,7.0,9.0,4.0,2.0,8.0,6.0,6.0,6.0,7.0,7.0,7.0,8.0,7.0,9.0,5.0,5.0,9.0,0.0,0,1.0,2,0,2,7.285714285714286,3,6.666666666666667,3,1,8.0,3,2,0,2,3,1,3,2,2,2,2,2,0,2,2,1,1,2
28168,28168,Italia,4.0,5.0,7.0,4.0,2.0,7.0,6.0,7.0,7.0,6.0,7.0,6.0,8.0,6.0,4.0,8.0,8.0,8.0,4.0,1,3.0,4,1,1,6.285714285714286,3,6.666666666666667,3,1,5.333333333333333,2,0,1,2,3,1,3,2,2,0,2,2,2,2,1,1,0,2
14314,14314,Países Bajos,8.0,6.0,4.0,5.0,3.0,5.0,5.0,5.0,5.0,5.0,5.0,5.0,5.0,5.0,7.0,5.0,7.0,7.0,5.0,0,2.0,2,1,1,5.285714285714286,2,5.0,2,1,6.0,2,1,1,1,2,1,1,2,0,0,0,1,2,2,1,1,1,0
13551,13551,Alemania,5.0,5.0,5.0,8.0,2.0,5.0,0.0,0.0,3.0,7.0,7.0,3.0,4.0,2.0,8.0,7.0,7.0,7.0,3.0,0,2.0,1,0,1,4.857142857142857,2,1.6666666666666667,0,1,5.0,2,2,1,0,0,3,1,2,0,2,0,0,0,2,2,1,1,0
44979,44979,Hungría,4.0,3.0,4.0,1.0,3.0,2.0,1.0,2.0,2.0,3.0,1.0,2.0,1.0,3.0,2.0,1.0,1.0,9.0,1.0,2,2.0,7,0,2,2.0,1,1.6666666666666667,0,1,3.6666666666666665,1,0,1,0,0,0,0,1,1,0,0,0,0,0,0,1,1,0
44460,44460,Hungría,0.0,3.0,0.0,10.0,2.0,6.0,10.0,10.0,0.0,10.0,7.0,5.0,8.0,5.0,8.0,5.0,3.0,5.0,5.0,2,2.0,7,1,0,6.142857142857143,3,8.666666666666666,4,1,1.0,0,2,1,2,3,3,3,0,0,0,1,2,2,0,2,1,1,2
37089,37089,Portugal,2.0,2.0,2.0,6.0,3.0,0.0,3.0,0.0,0.0,4.0,4.0,8.0,1.0,0.0,7.0,3.0,2.0,2.0,10.0,1,2.0,5,2,0,3.4285714285714284,1,1.0,0,1,2.0,0,2,0,0,0,2,0,0,0,0,0,0,0,0,0,1,1,0
17675,17675,Países Bajos,7.0,5.0,7.0,2.0,2.0,8.0,4.0,6.0,8.0,9.0,8.0,5.0,9.0,7.0,8.0,3.0,4.0,8.0,8.0,0,5.0,2,2,1,7.714285714285714,3,6.0,3,1,6.333333333333333,2,0,0,0,3,0,3,0,0,1,2,1,1,2,2,1,1,2
46974,46974,Hungría,5.0,2.0,5.0,5.0,4.0,3.0,5.0,4.0,7.0,5.0,8.0,3.0,5.0,3.0,6.0,4.0,5.0,10.0,2.0,2,3.0,7,0,2,5.285714285714286,2,4.0,2,2,4.0,1,0,1,2,2,2,2,0,0,2,2,1,2,2,1,1,1,0
11228,11228,Alemania,8.0,5.0,8.0,3.0,2.0,3.0,3.0,3.0,5.0,4.0,6.0,3.0,4.0,5.0,8.0,8.0,9.0,8.0,0.0,0,2.0,1,0,1,5.0,2,3.0,1,1,7.0,2,0,0,1,0,0,2,2,1,2,2,0,2,0,0,1,1,1
51251,51251,Hungría,6.0,6.0,5.0,1.0,2.0,1.0,3.0,2.0,5.0,0.0,7.0,0.0,2.0,0.0,5.0,5.0,5.0,7.0,1.0,2,1.0,7,0,1,2.7142857142857144,1,2.0,1,1,5.666666666666667,2,0,1,0,0,0,0,2,2,2,0,0,0,0,0,1,1,0
27285,27285,España,10.0,1.0,6.0,5.0,4.0,0.0,0.0,10.0,0.0,7.0,7.0,0.0,0.0,0.0,9.0,6.0,5.0,0.0,10.0,1,4.0,3,2,0,3.2857142857142856,1,3.333333333333333,1,2,5.666666666666667,2,1,1,1,0,1,0,2,0,0,0,0,2,0,2,1,1,0
53082,53082,Hungría,5.0,5.0,3.0,10.0,1.0,8.0,7.0,8.0,5.0,10.0,10.0,10.0,10.0,10.0,7.0,0.0,4.0,9.0,0.0,2,2.0,7,0,2,8.857142857142858,4,7.666666666666667,3,0,4.333333333333333,1,2,1,2,3,3,3,1,0,2,2,2,2,2,2,0,0,2
58438,58438,Eslovaquia,9.0,3.0,3.0,4.0,3.0,8.0,6.0,9.0,7.0,7.0,8.0,7.0,7.0,7.0,5.0,6.0,6.0,8.0,5.0,2,1.0,8,1,1,6.857142857142857,3,7.666666666666667,3,1,5.0,2,1,1,2,3,2,3,2,2,1,2,2,2,2,2,1,0,2
48782,48782,Hungría,2.0,2.0,2.0,10.0,4.0,9.0,5.0,9.0,7.0,8.0,7.0,6.0,8.0,6.0,5.0,1.0,1.0,7.0,8.0,2,2.0,7,2,1,6.714285714285714,3,7.666666666666667,3,2,2.0,0,2,0,2,3,3,3,0,0,0,2,1,2,2,2,1,0,2
43294,43294,Croacia,9.0,4.0,6.0,5.0,4.0,2.0,0.0,0.0,0.0,4.0,10.0,0.0,0.0,0.0,5.0,0.0,2.0,8.0,2.0,1,2.0,6,0,1,2.7142857142857144,1,0.6666666666666666,0,2,6.333333333333333,2,0,1,0,0,1,0,2,1,0,0,0,0,0,0,0,1,0
3371,3371,Bélgica,0.0,0.0,0.0,0.0,3.0,0.0,3.0,3.0,5.0,0.0,3.0,3.0,0.0,3.0,8.0,0.0,4.0,10.0,7.0,0,1.0,0,2,2,3.142857142857143,1,2.0,1,1,0.0,0,0,1,0,0,0,0,0,0,0,0,0,2,2,0,1,1,0
31969,31969,Italia,4.0,4.0,5.0,4.0,1.0,8.0,3.0,2.0,7.0,6.0,5.0,5.0,6.0,0.0,7.0,10.0,3.0,7.0,3.0,1,2.0,4,0,1,5.142857142857143,2,4.333333333333333,2,0,4.333333333333333,1,2,1,0,2,1,1,1,0,2,2,0,2,2,1,1,1,0
32060,32060,Italia,3.0,3.0,4.0,6.0,2.0,7.0,7.0,7.0,7.0,8.0,9.0,4.0,8.0,2.0,10.0,3.0,5.0,8.0,6.0,1,1.0,4,1,1,6.857142857142857,3,7.0,3,1,3.333333333333333,1,2,1,2,3,2,3,0,0,2,2,2,2,2,2,0,1,2
41901,41901,Croacia,5.0,5.0,4.0,5.0,3.0,2.0,4.0,3.0,3.0,2.0,5.0,2.0,3.0,1.0,2.0,3.0,0.0,9.0,9.0,1,3.0,6,2,2,2.571428571428572,1,3.0,1,1,4.666666666666667,1,0,0,1,0,2,0,2,1,0,0,1,1,1,0,1,1,0
22351,22351,España,5.0,0.0,5.0,8.0,4.0,0.0,0.0,0.0,0.0,0.0,7.0,0.0,0.0,0.0,2.0,5.0,5.0,8.0,4.0,1,4.0,3,1,1,1.2857142857142858,0,0.0,0,2,3.333333333333333,1,2,1,0,0,3,0,0,0,2,0,0,0,0,0,1,1,0
37358,37358,Portugal,2.0,2.0,2.0,5.0,4.0,6.0,2.0,2.0,3.0,2.0,3.0,3.0,3.0,2.0,8.0,2.0,3.0,5.0,8.0,1,1.0,5,2,0,3.4285714285714284,1,3.333333333333333,1,2,2.0,0,2,0,0,0,2,0,0,0,0,1,0,0,1,0,1,1,0
51466,51466,Hungría,8.0,8.0,8.0,8.0,2.0,6.0,6.0,6.0,6.0,6.0,6.0,6.0,6.0,6.0,6.0,6.0,6.0,8.0,0.0,2,2.0,7,0,1,6.0,3,6.0,3,1,8.0,3,2,1,1,3,3,3,2,2,2,0,2,2,0,1,1,0,1
55334,55334,Eslovaquia,1.0,5.0,1.0,10.0,1.0,1.0,7.0,6.0,5.0,5.0,1.0,5.0,8.0,5.0,8.0,2.0,2.0,10.0,10.0,2,1.0,8,2,2,5.285714285714286,2,4.666666666666667,2,0,2.333333333333333,0,2,0,0,2,3,1,0,0,0,0,2,0,2,1,1,1,2
52645,52645,Hungría,5.0,8.0,3.0,3.0,2.0,3.0,2.0,5.0,7.0,3.0,8.0,5.0,3.0,0.0,7.0,5.0,5.0,5.0,5.0,2,2.0,7,1,0,4.714285714285714,2,3.333333333333333,1,1,5.333333333333333,2,0,1,2,0,0,1,2,2,2,2,0,0,2,0,1,1,0
6916,6916,Bélgica,4.0,4.0,4.0,6.0,3.0,8.0,6.0,4.0,5.0,5.0,5.0,4.0,5.0,4.0,4.0,5.0,5.0,8.0,7.0,0,2.0,0,2,1,4.571428571428571,2,6.0,3,1,4.0,1,0,1,2,3,2,2,2,2,1,2,2,2,0,1,1,1,0
58679,58679,Eslovaquia,7.0,3.0,3.0,5.0,4.0,3.0,3.0,5.0,7.0,6.0,7.0,6.0,5.0,6.0,7.0,3.0,4.0,3.0,8.0,2,2.0,8,2,0,6.285714285714286,3,3.6666666666666665,1,2,4.333333333333333,1,0,0,1,2,2,3,2,1,0,0,0,2,2,1,1,0,2
4583,4583,Bélgica,7.0,5.0,7.0,5.0,2.0,3.0,7.0,2.0,5.0,4.0,7.0,2.0,2.0,3.0,6.0,2.0,3.0,8.0,2.0,0,1.0,0,0,1,4.142857142857143,2,4.0,2,1,6.333333333333333,2,2,1,2,2,1,2,0,0,1,2,2,0,2,0,1,1,0
60734,60734,Eslovaquia,2.0,5.0,7.0,3.0,4.0,0.0,0.0,0.0,3.0,3.0,8.0,0.0,1.0,0.0,10.0,2.0,5.0,7.0,4.0,2,1.0,8,1,1,3.571428571428572,1,0.0,0,2,4.666666666666667,1,0,1,0,0,0,0,0,1,2,0,0,0,2,0,1,1,0
24447,24447,España,2.0,8.0,2.0,4.0,3.0,7.0,4.0,3.0,6.0,5.0,6.0,3.0,5.0,3.0,9.0,5.0,5.0,7.0,0.0,1,2.0,3,0,1,5.285714285714286,2,4.666666666666667,2,1,4.0,1,2,1,0,2,1,1,0,2,0,1,1,0,2,1,1,1,2
35814,35814,Portugal,1.0,0.0,1.0,1.0,3.0,4.0,3.0,2.0,5.0,5.0,4.0,1.0,4.0,1.0,9.0,8.0,5.0,4.0,4.0,1,2.0,5,1,0,4.142857142857143,2,3.0,1,1,0.6666666666666666,0,0,1,2,0,0,1,0,0,0,0,0,2,1,1,1,1,0
13518,13518,Alemania,10.0,5.0,5.0,6.0,1.0,3.0,3.0,0.0,2.0,5.0,9.0,0.0,0.0,3.0,8.0,3.0,2.0,7.0,5.0,0,2.0,1,1,1,3.857142857142857,1,2.0,1,0,6.666666666666667,2,0,1,0,0,2,0,2,0,0,2,0,0,0,1,0,1,0
60277,60277,Eslovaquia,7.0,7.0,7.0,6.0,4.0,0.0,3.0,0.0,7.0,8.0,7.0,0.0,0.0,0.0,2.0,7.0,5.0,7.0,0.0,2,2.0,8,0,1,3.4285714285714284,1,1.0,0,2,7.0,2,1,1,0,0,1,0,2,2,2,0,0,0,2,2,1,1,0
31605,31605,Italia,7.0,5.0,5.0,5.0,2.0,6.0,5.0,8.0,2.0,7.0,7.0,5.0,7.0,5.0,8.0,5.0,5.0,9.0,5.0,1,1.0,4,1,2,5.857142857142857,2,6.333333333333333,3,1,5.666666666666667,2,1,1,2,3,1,3,1,0,0,2,1,2,0,2,1,1,2
41058,41058,Croacia,5.0,3.0,1.0,5.0,4.0,1.0,3.0,1.0,0.0,0.0,3.0,0.0,0.0,0.0,9.0,5.0,2.0,9.0,4.0,1,1.0,6,1,2,1.7142857142857142,0,1.6666666666666667,0,2,3.0,1,1,1,0,0,1,0,0,2,0,0,0,0,0,0,1,1,0
8654,8654,Alemania,5.0,8.0,3.0,4.0,1.0,8.0,3.0,2.0,5.0,7.0,7.0,2.0,5.0,4.0,6.0,6.0,7.0,8.0,7.0,0,1.0,1,2,1,5.142857142857143,2,4.333333333333333,2,0,5.333333333333333,2,1,1,1,1,1,2,1,2,2,2,0,0,2,2,1,1,2
48924,48924,Hungría,6.0,8.0,4.0,10.0,1.0,6.0,2.0,8.0,7.0,5.0,4.0,3.0,9.0,2.0,2.0,5.0,7.0,8.0,1.0,2,2.0,7,0,1,4.571428571428571,2,5.333333333333333,2,0,6.0,2,2,0,2,2,3,2,1,2,0,1,0,2,2,1,1,1,2
43225,43225,Croacia,3.0,3.0,7.0,3.0,3.0,3.0,2.0,2.0,5.0,3.0,7.0,2.0,5.0,2.0,7.0,5.0,7.0,8.0,3.0,1,1.0,6,0,1,4.428571428571429,2,2.333333333333333,1,1,4.333333333333333,1,0,1,0,0,0,2,0,2,1,0,0,0,0,0,1,1,2
8095,8095,Alemania,10.0,7.0,6.0,5.0,2.0,5.0,7.0,6.0,5.0,6.0,9.0,6.0,8.0,7.0,8.0,7.0,7.0,8.0,6.0,0,4.0,1,1,1,7.0,3,6.0,3,1,7.666666666666667,3,2,1,1,3,1,3,2,2,2,1,2,1,1,1,0,0,2
4095,4095,Bélgica,7.0,7.0,8.0,3.0,1.0,5.0,6.0,5.0,6.0,8.0,9.0,6.0,6.0,6.0,8.0,8.0,6.0,8.0,1.0,0,2.0,0,0,1,7.0,3,5.333333333333333,2,0,7.333333333333333,2,0,0,0,2,0,3,0,2,2,0,2,0,2,2,0,0,2
57948,57948,Eslovaquia,5.0,4.0,5.0,7.0,2.0,3.0,5.0,5.0,2.0,1.0,3.0,1.0,2.0,1.0,7.0,5.0,5.0,7.0,8.0,2,1.0,8,2,1,2.4285714285714284,1,4.333333333333333,2,1,4.666666666666667,1,2,1,0,1,3,0,2,0,2,0,1,0,0,0,1,1,0
3320,3320,Bélgica,6.0,7.0,6.0,2.0,3.0,5.0,5.0,6.0,4.0,8.0,8.0,6.0,5.0,4.0,8.0,6.0,5.0,7.0,5.0,0,4.0,0,1,1,6.142857142857143,3,5.333333333333333,2,1,6.333333333333333,2,0,1,2,2,0,3,1,2,0,1,1,0,1,2,1,1,1
51563,51563,Hungría,3.0,5.0,3.0,5.0,3.0,6.0,4.0,6.0,5.0,4.0,6.0,3.0,4.0,3.0,6.0,2.0,3.0,3.0,0.0,2,1.0,7,0,0,4.428571428571429,2,5.333333333333333,2,1,3.6666666666666665,1,1,1,2,1,1,1,0,2,0,2,1,2,1,0,1,1,0
22612,22612,España,0.0,3.0,5.0,7.0,4.0,3.0,3.0,3.0,3.0,3.0,8.0,3.0,5.0,3.0,9.0,3.0,3.0,5.0,6.0,1,4.0,3,1,0,4.857142857142857,2,3.0,1,2,2.6666666666666665,1,2,1,2,0,3,2,0,0,2,1,0,0,2,0,1,1,1
52898,52898,Hungría,6.0,7.0,7.0,5.0,3.0,7.0,7.0,6.0,8.0,7.0,7.0,5.0,4.0,7.0,7.0,3.0,6.0,8.0,6.0,2,1.0,7,1,1,6.428571428571429,3,6.666666666666667,3,1,6.666666666666667,2,1,1,2,3,1,3,0,2,0,2,2,0,2,2,1,1,2
15679,15679,Países Bajos,8.0,6.0,8.0,0.0,1.0,7.0,7.0,4.0,6.0,7.0,7.0,7.0,7.0,8.0,7.0,8.0,8.0,9.0,0.0,0,2.0,2,0,2,7.0,3,6.0,3,0,7.333333333333333,2,0,1,0,3,0,3,2,0,2,0,2,2,0,2,1,0,2
19045,19045,Países Bajos,5.0,7.0,4.0,4.0,3.0,2.0,0.0,1.0,0.0,4.0,7.0,2.0,2.0,0.0,5.0,4.0,2.0,7.0,10.0,0,3.0,2,2,1,2.857142857142857,1,1.0,0,1,5.333333333333333,2,2,0,0,0,1,0,0,2,1,0,0,0,0,0,1,1,0
32115,32115,Italia,7.0,7.0,8.0,4.0,4.0,4.0,6.0,4.0,5.0,6.0,7.0,5.0,5.0,5.0,8.0,8.0,7.0,8.0,7.0,1,1.0,4,2,1,5.857142857142857,2,4.666666666666667,2,2,7.333333333333333,2,1,1,0,1,1,3,0,2,2,2,2,2,1,1,1,1,2
47949,47949,Hungría,3.0,2.0,6.0,8.0,4.0,2.0,3.0,1.0,4.0,3.0,6.0,1.0,3.0,2.0,6.0,5.0,4.0,8.0,1.0,2,2.0,7,0,1,3.571428571428572,1,2.0,1,2,3.6666666666666665,1,2,1,0,0,3,0,0,0,1,0,0,0,0,0,1,1,0
48429,48429,Hungría,0.0,0.0,0.0,10.0,2.0,0.0,0.0,0.0,0.0,0.0,2.0,0.0,0.0,0.0,5.0,0.0,2.0,5.0,5.0,2,1.0,7,1,0,1.0,0,0.0,0,1,0.0,0,2,1,0,0,3,0,0,0,0,0,0,0,0,0,0,1,0
51905,51905,Hungría,8.0,8.0,8.0,7.0,3.0,7.0,7.0,7.0,7.0,7.0,4.0,7.0,8.0,7.0,7.0,4.0,4.0,7.0,0.0,2,1.0,7,0,1,6.714285714285714,3,7.0,3,1,8.0,3,2,0,2,3,3,3,2,2,2,2,2,2,2,2,1,0,2
10962,10962,Alemania,3.0,3.0,4.0,5.0,3.0,5.0,3.0,2.0,4.0,7.0,6.0,0.0,4.0,2.0,8.0,4.0,5.0,7.0,6.0,0,1.0,1,1,1,4.428571428571429,2,3.333333333333333,1,1,3.333333333333333,1,2,1,0,0,2,2,0,0,2,0,0,2,2,2,1,1,0
11029,11029,Alemania,7.0,6.0,5.0,3.0,2.0,6.0,8.0,3.0,5.0,8.0,7.0,3.0,4.0,4.0,8.0,7.0,8.0,8.0,3.0,0,2.0,1,0,1,5.571428571428571,2,5.666666666666667,2,1,6.0,2,0,1,0,1,0,2,2,2,0,2,2,2,0,2,1,1,2
38221,38221,Portugal,6.0,8.0,3.0,4.0,2.0,3.0,3.0,3.0,2.0,1.0,8.0,2.0,1.0,2.0,4.0,3.0,5.0,5.0,4.0,1,3.0,5,1,0,2.857142857142857,1,3.0,1,1,5.666666666666667,2,2,1,2,0,2,0,0,2,2,2,0,2,0,0,1,1,0
47450,47450,Hungría,3.0,7.0,9.0,8.0,1.0,10.0,9.0,10.0,0.0,10.0,10.0,8.0,10.0,6.0,9.0,0.0,0.0,9.0,9.0,2,2.0,7,2,2,7.571428571428571,3,9.666666666666666,4,0,6.333333333333333,2,2,0,2,3,3,3,0,2,2,2,2,2,0,2,0,0,2
26530,26530,España,7.0,5.0,5.0,7.0,4.0,5.0,4.0,4.0,5.0,6.0,6.0,3.0,3.0,3.0,8.0,0.0,5.0,10.0,6.0,1,1.0,3,1,2,4.857142857142857,2,4.333333333333333,2,2,5.666666666666667,2,2,1,0,1,3,1,2,0,2,2,1,0,2,1,1,1,2
32326,32326,Italia,3.0,2.0,3.0,6.0,2.0,7.0,6.0,3.0,6.0,7.0,7.0,3.0,0.0,4.0,10.0,6.0,6.0,6.0,0.0,1,2.0,4,0,1,5.285714285714286,2,5.333333333333333,2,1,2.6666666666666665,1,2,1,2,1,2,2,0,0,0,1,2,0,0,2,1,1,0
2334,2334,Bélgica,3.0,1.0,2.0,5.0,3.0,8.0,2.0,4.0,8.0,9.0,9.0,3.0,7.0,3.0,9.0,6.0,5.0,7.0,10.0,0,1.0,0,2,1,6.857142857142857,3,4.666666666666667,2,1,2.0,0,1,0,1,2,2,3,0,0,0,2,0,1,2,2,0,1,2
26478,26478,España,3.0,5.0,1.0,5.0,4.0,5.0,3.0,2.0,2.0,7.0,8.0,0.0,2.0,0.0,5.0,5.0,5.0,7.0,5.0,1,2.0,3,1,1,3.4285714285714284,1,3.333333333333333,1,2,3.0,1,0,1,2,0,2,0,0,0,0,2,0,2,0,2,1,1,0
11610,11610,Alemania,8.0,7.0,8.0,6.0,3.0,7.0,7.0,7.0,5.0,7.0,7.0,5.0,6.0,5.0,7.0,5.0,5.0,8.0,8.0,0,3.0,1,2,1,6.0,3,7.0,3,1,7.666666666666667,3,1,0,2,3,1,3,2,2,2,2,2,2,2,2,1,1,0
62505,62505,Eslovaquia,5.0,0.0,5.0,8.0,3.0,0.0,1.0,5.0,2.0,0.0,1.0,0.0,0.0,1.0,0.0,0.0,2.0,9.0,8.0,2,1.0,8,2,2,0.5714285714285714,0,2.0,1,1,3.333333333333333,1,2,0,0,0,3,0,1,0,0,0,0,0,0,0,1,1,0
58937,58937,Eslovaquia,2.0,2.0,2.0,5.0,3.0,1.0,1.0,0.0,0.0,0.0,1.0,1.0,0.0,1.0,5.0,2.0,3.0,6.0,8.0,2,1.0,8,2,1,1.1428571428571428,0,0.6666666666666666,0,1,2.0,0,0,0,0,0,2,0,0,0,0,0,0,0,0,0,1,1,0
45695,45695,Hungría,6.0,6.0,5.0,5.0,2.0,5.0,8.0,4.0,5.0,5.0,6.0,5.0,5.0,5.0,5.0,5.0,5.0,4.0,5.0,2,1.0,7,1,0,5.142857142857143,2,5.666666666666667,2,1,5.666666666666667,2,0,1,1,2,2,1,1,0,0,0,2,2,0,1,1,1,0
44312,44312,Hungría,5.0,8.0,3.0,0.0,1.0,8.0,9.0,10.0,10.0,10.0,10.0,8.0,10.0,0.0,5.0,4.0,9.0,10.0,2.0,2,2.0,7,0,2,7.571428571428571,3,9.0,4,0,5.333333333333333,2,0,1,2,3,0,3,2,2,0,2,2,2,2,2,0,0,2
45101,45101,Hungría,6.0,5.0,7.0,7.0,2.0,10.0,8.0,8.0,2.0,4.0,6.0,3.0,4.0,3.0,10.0,4.0,5.0,7.0,4.0,2,1.0,7,1,1,4.571428571428571,2,8.666666666666666,4,1,6.0,2,2,1,2,3,3,1,1,0,2,2,2,2,0,0,1,1,1
37452,37452,Portugal,4.0,4.0,3.0,5.0,2.0,3.0,3.0,4.0,1.0,5.0,5.0,2.0,5.0,1.0,7.0,3.0,4.0,7.0,4.0,1,2.0,5,1,1,3.7142857142857135,1,3.333333333333333,1,1,3.6666666666666665,1,1,1,2,0,2,0,0,0,2,2,0,1,0,1,1,1,1
5373,5373,Bélgica,4.0,6.0,4.0,4.0,3.0,5.0,6.0,5.0,6.0,3.0,3.0,6.0,5.0,5.0,6.0,3.0,4.0,6.0,3.0,0,1.0,0,0,1,4.857142857142857,2,5.333333333333333,2,1,4.666666666666667,1,0,1,0,2,2,2,1,1,1,1,2,0,0,0,1,0,1
26476,26476,España,3.0,5.0,6.0,6.0,4.0,5.0,1.0,2.0,5.0,5.0,8.0,2.0,5.0,3.0,8.0,3.0,2.0,6.0,3.0,1,2.0,3,0,1,5.142857142857143,2,2.6666666666666665,1,2,4.666666666666667,1,0,1,0,0,1,1,0,2,2,1,0,2,0,1,1,1,2
48263,48263,Hungría,5.0,5.0,4.0,4.0,2.0,6.0,4.0,7.0,6.0,8.0,5.0,5.0,5.0,0.0,5.0,4.0,5.0,6.0,6.0,2,1.0,7,1,1,4.857142857142857,2,5.666666666666667,2,1,4.666666666666667,1,1,1,2,1,1,1,2,2,0,1,1,2,1,2,1,1,1
298,298,Bélgica,5.0,6.0,4.0,5.0,2.0,6.0,4.0,7.0,8.0,7.0,8.0,8.0,7.0,8.0,5.0,2.0,1.0,8.0,7.0,0,1.0,0,2,1,7.285714285714286,3,5.666666666666667,2,1,5.0,2,1,1,2,1,1,3,1,2,2,2,1,2,2,2,1,1,2
14381,14381,Países Bajos,5.0,4.0,3.0,10.0,2.0,6.0,1.0,1.0,0.0,7.0,7.0,1.0,3.0,1.0,7.0,2.0,4.0,5.0,0.0,0,3.0,2,0,0,3.7142857142857135,1,2.6666666666666665,1,1,4.0,1,2,1,0,0,3,0,0,0,1,1,0,0,0,2,1,1,0
56337,56337,Eslovaquia,2.0,1.0,2.0,0.0,3.0,3.0,1.0,5.0,8.0,1.0,1.0,1.0,1.0,1.0,5.0,2.0,2.0,2.0,0.0,2,1.0,8,0,0,2.571428571428572,1,3.0,1,1,1.6666666666666667,0,0,1,2,0,0,0,0,0,0,2,0,2,2,0,0,1,0
2795,2795,Bélgica,3.0,7.0,7.0,6.0,4.0,3.0,6.0,1.0,5.0,3.0,8.0,2.0,5.0,1.0,5.0,6.0,6.0,8.0,10.0,0,1.0,0,2,1,4.142857142857143,2,3.333333333333333,1,2,5.666666666666667,2,2,1,0,0,1,2,0,2,1,2,2,0,0,0,1,1,2
8992,8992,Alemania,7.0,7.0,8.0,5.0,4.0,4.0,6.0,3.0,2.0,4.0,4.0,3.0,4.0,3.0,8.0,5.0,5.0,8.0,9.0,0,4.0,1,2,1,4.0,2,4.333333333333333,2,2,7.333333333333333,2,1,1,2,1,1,2,2,2,2,2,2,0,0,0,1,1,0
60303,60303,Eslovaquia,7.0,7.0,7.0,8.0,3.0,8.0,8.0,6.0,5.0,5.0,5.0,9.0,5.0,5.0,5.0,2.0,2.0,8.0,0.0,2,2.0,8,0,1,5.571428571428571,2,7.333333333333333,3,1,7.0,2,2,1,2,3,3,2,1,2,2,2,2,2,0,1,1,1,0
58066,58066,Eslovaquia,5.0,3.0,5.0,5.0,3.0,5.0,4.0,4.0,6.0,3.0,4.0,4.0,3.0,4.0,7.0,4.0,7.0,5.0,1.0,2,1.0,8,0,0,4.428571428571429,2,4.333333333333333,2,1,4.333333333333333,1,1,1,2,1,1,2,2,0,1,1,1,1,1,0,1,1,2
43192,43192,Croacia,0.0,0.0,0.0,4.0,4.0,0.0,0.0,0.0,0.0,0.0,0.0,0.0,0.0,0.0,10.0,0.0,0.0,0.0,7.0,1,1.0,6,2,0,1.4285714285714286,0,0.0,0,2,0.0,0,1,1,0,0,1,0,0,0,0,0,0,0,0,0,1,1,0
23168,23168,España,3.0,9.0,7.0,5.0,3.0,4.0,4.0,5.0,5.0,5.0,9.0,2.0,4.0,3.0,9.0,10.0,8.0,7.0,0.0,1,5.0,3,0,1,5.285714285714286,2,4.333333333333333,2,1,6.333333333333333,2,1,1,1,1,1,1,0,2,1,1,1,0,2,1,0,1,0
7928,7928,Alemania,3.0,1.0,2.0,5.0,3.0,2.0,0.0,0.0,1.0,6.0,7.0,1.0,3.0,1.0,7.0,1.0,3.0,3.0,5.0,0,1.0,1,1,0,3.7142857142857135,1,0.6666666666666666,0,1,2.0,0,0,1,0,0,2,0,0,0,0,0,0,0,0,1,1,1,0
52806,52806,Hungría,4.0,3.0,4.0,3.0,3.0,2.0,2.0,2.0,5.0,6.0,6.0,4.0,5.0,5.0,5.0,3.0,3.0,3.0,6.0,2,1.0,7,1,0,5.142857142857143,2,2.0,1,1,3.6666666666666665,1,0,1,0,0,0,2,2,0,1,0,0,0,2,1,1,1,0
29641,29641,Italia,4.0,4.0,6.0,6.0,2.0,8.0,4.0,6.0,7.0,7.0,8.0,6.0,6.0,5.0,10.0,7.0,6.0,6.0,7.0,1,1.0,4,2,1,7.0,3,6.0,3,1,4.666666666666667,1,2,1,2,3,1,3,0,2,0,2,1,0,2,2,1,1,0
14089,14089,Países Bajos,5.0,4.0,5.0,6.0,2.0,8.0,5.0,5.0,6.0,5.0,4.0,7.0,7.0,7.0,9.0,5.0,5.0,7.0,8.0,0,4.0,2,2,1,6.428571428571429,3,6.0,3,1,4.666666666666667,1,0,0,0,3,1,3,1,1,0,2,1,1,2,1,1,0,2
35123,35123,Portugal,2.0,2.0,3.0,9.0,3.0,4.0,6.0,3.0,5.0,1.0,3.0,1.0,2.0,1.0,9.0,5.0,3.0,6.0,5.0,1,1.0,5,1,1,3.142857142857143,1,4.333333333333333,2,1,2.333333333333333,0,2,1,2,2,3,0,0,0,0,2,2,2,2,0,0,0,0
57058,57058,Eslovaquia,0.0,1.0,2.0,5.0,3.0,0.0,2.0,1.0,4.0,1.0,2.0,2.0,1.0,2.0,9.0,2.0,1.0,6.0,8.0,2,1.0,8,2,1,3.0,1,1.0,0,1,1.0,0,1,0,0,0,1,0,0,0,0,0,0,0,0,0,1,1,0
47250,47250,Hungría,4.0,4.0,3.0,3.0,3.0,3.0,2.0,1.0,3.0,4.0,5.0,0.0,2.0,0.0,9.0,5.0,5.0,5.0,1.0,2,2.0,7,0,0,3.2857142857142856,1,2.0,1,1,3.6666666666666665,1,0,1,0,0,0,0,2,0,0,0,0,0,0,0,1,0,0
35800,35800,Portugal,0.0,0.0,0.0,3.0,3.0,3.0,3.0,3.0,0.0,0.0,6.0,0.0,0.0,0.0,7.0,6.0,4.0,7.0,8.0,1,2.0,5,2,1,1.8571428571428568,0,3.0,1,1,0.0,0,0,1,0,0,0,0,0,0,0,2,0,0,0,0,1,1,0
43273,43273,Croacia,6.0,6.0,6.0,5.0,1.0,5.0,6.0,3.0,7.0,1.0,6.0,3.0,2.0,5.0,6.0,10.0,10.0,8.0,0.0,1,1.0,6,0,1,4.285714285714286,2,4.666666666666667,2,0,6.0,2,0,1,2,2,2,2,2,2,2,0,2,2,2,0,1,1,0
53569,53569,Eslovaquia,5.0,4.0,5.0,8.0,3.0,7.0,6.0,6.0,8.0,8.0,5.0,5.0,7.0,7.0,10.0,6.0,5.0,8.0,8.0,2,2.0,8,2,1,7.142857142857143,3,6.333333333333333,3,1,4.666666666666667,1,2,1,2,3,3,3,1,2,0,0,2,2,2,2,1,1,2
11149,11149,Alemania,10.0,8.0,8.0,4.0,1.0,4.0,8.0,6.0,7.0,7.0,9.0,6.0,6.0,5.0,8.0,8.0,8.0,8.0,0.0,0,2.0,1,0,1,6.857142857142857,3,6.0,3,0,8.666666666666666,3,1,0,2,3,2,3,2,2,2,1,2,0,2,2,0,0,2
30823,30823,Italia,2.0,2.0,3.0,2.0,3.0,3.0,0.0,1.0,4.0,2.0,0.0,0.0,0.0,3.0,8.0,2.0,2.0,5.0,0.0,1,2.0,4,0,0,2.4285714285714284,1,1.3333333333333333,0,1,2.333333333333333,0,0,1,0,0,0,0,0,0,1,1,0,0,2,0,1,0,0
10456,10456,Alemania,7.0,3.0,4.0,3.0,3.0,4.0,3.0,2.0,3.0,7.0,8.0,3.0,3.0,5.0,4.0,4.0,5.0,8.0,7.0,0,2.0,1,2,1,4.714285714285714,2,3.0,1,1,4.666666666666667,1,0,1,2,0,0,2,0,2,0,0,0,0,0,2,1,1,0
44128,44128,Hungría,8.0,10.0,5.0,0.0,2.0,5.0,4.0,5.0,8.0,8.0,8.0,5.0,8.0,3.0,5.0,9.0,9.0,10.0,0.0,2,1.0,7,0,2,6.428571428571429,3,4.666666666666667,2,1,7.666666666666667,3,0,0,2,2,0,3,2,2,2,0,1,2,2,2,1,1,2
47637,47637,Hungría,4.0,4.0,4.0,7.0,4.0,2.0,2.0,2.0,3.0,4.0,5.0,4.0,4.0,4.0,8.0,0.0,0.0,8.0,1.0,2,1.0,7,0,1,4.571428571428571,2,2.0,1,2,4.0,1,2,1,0,0,3,1,2,2,2,0,0,0,0,0,1,1,2
11530,11530,Alemania,7.0,3.0,5.0,5.0,1.0,4.0,8.0,0.0,2.0,6.0,7.0,2.0,2.0,4.0,3.0,5.0,7.0,9.0,4.0,0,2.0,1,1,2,3.7142857142857135,1,4.0,2,0,5.0,2,1,1,0,2,1,0,2,2,0,2,2,0,0,1,1,1,0
52752,52752,Hungría,6.0,6.0,6.0,5.0,2.0,4.0,4.0,4.0,8.0,6.0,8.0,3.0,5.0,2.0,5.0,0.0,5.0,9.0,5.0,2,1.0,7,1,2,5.285714285714286,2,4.0,2,1,6.0,2,2,1,2,2,2,2,0,0,2,2,1,2,2,1,1,1,2
39079,39079,Portugal,5.0,4.0,7.0,7.0,4.0,5.0,4.0,3.0,3.0,0.0,3.0,0.0,0.0,0.0,10.0,4.0,8.0,5.0,6.0,1,2.0,5,1,0,2.2857142857142856,1,4.0,2,2,5.333333333333333,2,2,1,0,1,3,0,0,0,0,0,1,2,2,0,0,1,0
31309,31309,Italia,5.0,5.0,6.0,0.0,3.0,2.0,2.0,4.0,2.0,5.0,5.0,2.0,5.0,2.0,10.0,5.0,5.0,4.0,8.0,1,1.0,4,2,0,4.428571428571429,2,2.6666666666666665,1,1,5.333333333333333,2,0,0,0,0,0,2,2,1,1,0,0,2,0,1,1,1,0
58109,58109,Eslovaquia,6.0,4.0,5.0,8.0,4.0,5.0,7.0,6.0,0.0,0.0,5.0,10.0,4.0,0.0,3.0,5.0,4.0,4.0,5.0,2,2.0,8,1,0,3.142857142857143,1,6.0,3,2,5.0,2,2,1,2,3,3,0,2,2,0,1,2,2,0,0,1,1,2
5966,5966,Bélgica,8.0,6.0,8.0,8.0,2.0,7.0,5.0,5.0,5.0,9.0,9.0,5.0,6.0,5.0,5.0,7.0,7.0,7.0,5.0,0,2.0,0,1,1,6.285714285714286,3,5.666666666666667,2,1,7.333333333333333,2,2,1,2,1,3,3,2,2,2,2,1,0,2,2,0,1,0
19302,19302,Países Bajos,7.0,5.0,6.0,8.0,2.0,4.0,8.0,3.0,4.0,3.0,5.0,4.0,3.0,3.0,9.0,4.0,3.0,8.0,1.0,0,1.0,2,0,1,4.428571428571429,2,5.0,2,1,6.0,2,2,1,0,1,3,2,0,1,0,2,2,0,0,0,1,1,2
36805,36805,Portugal,5.0,4.0,7.0,5.0,4.0,7.0,6.0,6.0,6.0,6.0,7.0,5.0,6.0,4.0,8.0,7.0,4.0,8.0,2.0,1,2.0,5,0,1,6.0,3,6.333333333333333,3,2,5.333333333333333,2,2,1,2,3,2,3,2,0,2,0,2,2,1,1,1,1,0
56207,56207,Eslovaquia,7.0,7.0,7.0,5.0,3.0,6.0,7.0,7.0,6.0,6.0,6.0,7.0,7.0,6.0,0.0,5.0,6.0,6.0,10.0,2,1.0,8,2,1,5.428571428571429,2,6.666666666666667,3,1,7.0,2,2,1,2,3,2,1,1,2,0,2,2,2,0,1,1,0,2
54933,54933,Eslovaquia,6.0,4.0,5.0,8.0,2.0,5.0,4.0,8.0,9.0,9.0,7.0,5.0,7.0,7.0,7.0,5.0,8.0,6.0,3.0,2,3.0,8,0,1,7.285714285714286,3,5.666666666666667,2,1,5.0,2,2,1,0,1,3,3,1,0,0,0,1,2,2,2,1,1,2
29956,29956,Italia,1.0,1.0,0.0,10.0,3.0,7.0,5.0,8.0,4.0,5.0,10.0,2.0,2.0,2.0,4.0,0.0,0.0,9.0,8.0,1,3.0,4,2,2,4.142857142857143,2,6.666666666666667,3,1,0.6666666666666666,0,2,0,2,3,3,2,0,0,0,1,1,2,2,1,0,1,0
46812,46812,Hungría,4.0,4.0,2.0,5.0,4.0,0.0,3.0,2.0,5.0,2.0,2.0,0.0,6.0,0.0,7.0,3.0,3.0,7.0,5.0,2,1.0,7,1,1,3.142857142857143,1,1.6666666666666667,0,2,3.333333333333333,1,1,1,0,0,1,0,1,2,0,0,0,0,2,0,1,1,0
40435,40435,Portugal,5.0,2.0,2.0,5.0,3.0,1.0,0.0,0.0,3.0,6.0,6.0,0.0,0.0,0.0,8.0,5.0,5.0,9.0,8.0,1,1.0,5,2,2,3.2857142857142856,1,0.3333333333333333,0,1,3.0,1,1,0,0,0,2,0,2,0,0,0,0,0,0,1,1,0,0
28219,28219,Italia,4.0,6.0,4.0,5.0,3.0,8.0,8.0,6.0,8.0,10.0,9.0,4.0,6.0,6.0,9.0,6.0,7.0,8.0,5.0,1,1.0,4,1,1,7.428571428571429,3,7.333333333333333,3,1,4.666666666666667,1,1,1,2,3,1,3,2,1,1,2,2,2,2,2,0,1,2
42069,42069,Croacia,5.0,1.0,3.0,5.0,2.0,5.0,0.0,3.0,5.0,5.0,5.0,5.0,5.0,5.0,7.0,2.0,5.0,7.0,7.0,1,1.0,6,2,1,5.285714285714286,2,2.6666666666666665,1,1,3.0,1,0,1,0,0,1,2,0,0,1,0,0,2,2,1,1,1,2
9424,9424,Alemania,7.0,6.0,7.0,6.0,3.0,3.0,4.0,6.0,5.0,8.0,8.0,3.0,7.0,4.0,8.0,4.0,4.0,7.0,0.0,0,1.0,1,0,1,6.142857142857143,3,4.333333333333333,2,1,6.666666666666667,2,2,1,1,2,1,3,2,2,1,0,1,2,0,2,1,1,2
36256,36256,Portugal,4.0,4.0,4.0,3.0,2.0,5.0,2.0,1.0,5.0,0.0,5.0,0.0,0.0,0.0,9.0,8.0,6.0,8.0,4.0,1,1.0,5,1,1,2.7142857142857144,1,2.6666666666666665,1,1,4.0,1,0,1,0,0,0,0,0,0,2,2,0,0,2,0,1,1,0
2246,2246,Bélgica,4.0,3.0,2.0,7.0,2.0,7.0,2.0,6.0,6.0,7.0,7.0,4.0,5.0,4.0,7.0,7.0,5.0,3.0,2.0,0,4.0,0,0,0,5.714285714285714,2,5.0,2,1,3.0,1,2,1,2,2,3,2,2,2,0,0,0,2,0,2,1,1,0
34558,34558,Portugal,3.0,4.0,3.0,10.0,4.0,4.0,5.0,4.0,3.0,4.0,1.0,3.0,4.0,0.0,8.0,4.0,5.0,8.0,8.0,1,3.0,5,2,1,3.2857142857142856,1,4.333333333333333,2,2,3.333333333333333,1,2,1,2,2,3,0,0,1,2,2,1,2,2,0,0,1,0
36057,36057,Portugal,8.0,4.0,7.0,5.0,2.0,1.0,1.0,1.0,5.0,5.0,7.0,0.0,1.0,0.0,7.0,6.0,6.0,7.0,2.0,1,3.0,5,0,1,3.571428571428572,1,1.0,0,1,6.333333333333333,2,1,1,0,0,1,0,2,2,2,0,0,0,2,1,1,1,0
33484,33484,Italia,6.0,5.0,7.0,5.0,3.0,6.0,6.0,6.0,5.0,6.0,9.0,5.0,5.0,6.0,8.0,6.0,6.0,7.0,8.0,1,1.0,4,2,1,6.285714285714286,3,6.0,3,1,6.0,2,1,0,2,3,2,3,0,1,0,2,2,2,0,1,0,1,2
5378,5378,Bélgica,7.0,3.0,4.0,3.0,3.0,7.0,5.0,6.0,7.0,6.0,6.0,4.0,7.0,4.0,8.0,3.0,5.0,7.0,0.0,0,3.0,0,0,1,6.0,3,6.0,3,1,4.666666666666667,1,0,1,0,3,0,3,2,0,2,0,1,0,2,1,1,1,2
10189,10189,Alemania,8.0,6.0,7.0,4.0,3.0,8.0,7.0,6.0,4.0,7.0,9.0,5.0,7.0,4.0,0.0,6.0,5.0,8.0,0.0,0,2.0,1,0,1,5.142857142857143,2,7.0,3,1,7.0,2,1,1,2,3,2,2,2,0,2,2,2,0,2,2,0,1,2
59004,59004,Eslovaquia,9.0,6.0,4.0,0.0,2.0,6.0,8.0,5.0,0.0,5.0,7.0,3.0,5.0,6.0,10.0,4.0,3.0,10.0,8.0,2,2.0,8,2,2,5.142857142857143,2,6.333333333333333,3,1,6.333333333333333,2,0,1,2,3,0,2,2,0,2,2,2,1,0,1,1,1,1
1065,1065,Bélgica,6.0,3.0,3.0,7.0,2.0,3.0,4.0,4.0,3.0,7.0,8.0,4.0,4.0,4.0,8.0,5.0,2.0,8.0,1.0,0,2.0,0,0,1,5.428571428571429,2,3.6666666666666665,1,1,4.0,1,2,1,0,2,3,1,0,2,2,0,1,1,1,2,1,1,2
16810,16810,Países Bajos,7.0,7.0,6.0,6.0,2.0,6.0,6.0,5.0,4.0,4.0,3.0,5.0,6.0,5.0,7.0,4.0,4.0,7.0,7.0,0,3.0,2,2,1,4.857142857142857,2,5.666666666666667,2,1,6.666666666666667,2,2,1,0,1,1,2,0,2,1,0,2,2,0,0,0,1,0
3608,3608,Bélgica,0.0,0.0,0.0,5.0,2.0,0.0,0.0,0.0,0.0,0.0,1.0,0.0,1.0,0.0,8.0,2.0,2.0,5.0,8.0,0,1.0,0,2,0,1.4285714285714286,0,0.0,0,1,0.0,0,0,0,0,0,2,0,0,0,0,0,0,0,0,0,1,1,0
49651,49651,Hungría,4.0,5.0,5.0,4.0,3.0,7.0,5.0,5.0,6.0,7.0,5.0,4.0,3.0,3.0,3.0,3.0,4.0,7.0,2.0,2,2.0,7,0,1,4.428571428571429,2,5.666666666666667,2,1,4.666666666666667,1,1,1,2,1,1,2,2,0,2,2,1,2,0,2,1,1,0
25243,25243,España,5.0,3.0,2.0,7.0,3.0,7.0,1.0,1.0,6.0,6.0,8.0,1.0,2.0,1.0,7.0,3.0,3.0,8.0,5.0,1,3.0,3,1,1,4.428571428571429,2,3.0,1,1,3.333333333333333,1,2,1,0,0,3,2,2,0,0,0,0,0,0,1,1,0,0
47032,47032,Hungría,8.0,7.0,8.0,4.0,3.0,3.0,2.0,3.0,4.0,5.0,6.0,0.0,2.0,0.0,8.0,2.0,5.0,5.0,5.0,2,3.0,7,1,0,3.571428571428572,1,2.6666666666666665,1,1,7.666666666666667,3,2,1,0,0,1,0,2,2,2,2,0,1,0,1,1,0,0
58681,58681,Eslovaquia,3.0,3.0,3.0,2.0,3.0,0.0,2.0,5.0,2.0,1.0,3.0,1.0,1.0,0.0,2.0,3.0,1.0,7.0,8.0,2,2.0,8,2,1,1.4285714285714286,0,2.333333333333333,1,1,3.0,1,0,0,0,0,0,0,0,0,2,0,0,2,0,0,1,1,0
49607,49607,Hungría,8.0,7.0,8.0,4.0,4.0,6.0,4.0,5.0,5.0,5.0,5.0,5.0,5.0,5.0,5.0,3.0,4.0,7.0,8.0,2,2.0,7,2,1,5.0,2,5.0,2,2,7.666666666666667,3,1,0,2,2,1,2,2,2,2,0,1,2,1,1,1,1,2
58982,58982,Eslovaquia,5.0,5.0,7.0,5.0,2.0,5.0,6.0,6.0,8.0,4.0,5.0,7.0,6.0,2.0,1.0,6.0,5.0,8.0,5.0,2,1.0,8,1,1,4.714285714285714,2,5.666666666666667,2,1,5.666666666666667,2,2,1,2,1,1,1,1,2,2,0,2,0,2,0,1,0,0
6415,6415,Bélgica,7.0,6.0,5.0,8.0,2.0,5.0,5.0,4.0,7.0,3.0,4.0,3.0,6.0,3.0,8.0,5.0,5.0,10.0,6.0,0,2.0,0,1,2,4.857142857142857,2,4.666666666666667,2,1,6.0,2,2,1,1,1,3,1,0,2,2,1,1,0,2,0,1,1,0
40429,40429,Portugal,5.0,5.0,5.0,7.0,2.0,6.0,6.0,6.0,4.0,4.0,6.0,3.0,2.0,2.0,8.0,7.0,7.0,10.0,5.0,1,2.0,5,1,2,4.142857142857143,2,6.0,3,1,5.0,2,2,1,2,3,3,2,2,2,0,0,2,0,2,0,1,1,0
35396,35396,Portugal,2.0,3.0,2.0,3.0,4.0,1.0,1.0,1.0,3.0,2.0,6.0,0.0,2.0,0.0,8.0,5.0,3.0,5.0,5.0,1,4.0,5,1,0,3.0,1,1.0,0,2,2.333333333333333,0,0,1,0,0,0,0,0,1,0,0,0,0,0,0,1,1,0
42486,42486,Croacia,0.0,0.0,0.0,10.0,2.0,1.0,5.0,1.0,1.0,1.0,1.0,1.0,1.0,1.0,7.0,3.0,3.0,7.0,3.0,1,2.0,6,0,1,1.8571428571428568,0,2.333333333333333,1,1,0.0,0,2,1,0,0,3,0,0,0,0,0,1,0,0,0,1,0,0
42029,42029,Croacia,6.0,2.0,3.0,0.0,1.0,8.0,0.0,3.0,6.0,5.0,10.0,2.0,2.0,2.0,8.0,7.0,6.0,6.0,10.0,1,2.0,6,2,1,5.0,2,3.6666666666666665,1,0,3.6666666666666665,1,0,0,0,1,0,1,2,0,0,2,0,2,0,1,0,1,0
13410,13410,Alemania,3.0,3.0,0.0,3.0,2.0,2.0,1.0,0.0,7.0,3.0,4.0,3.0,4.0,5.0,5.0,5.0,5.0,2.0,0.0,0,2.0,1,0,0,4.428571428571429,2,1.0,0,1,2.0,0,0,0,0,0,0,2,0,2,0,0,0,0,2,0,1,1,0
2551,2551,Bélgica,7.0,7.0,7.0,5.0,2.0,7.0,7.0,6.0,6.0,6.0,8.0,5.0,5.0,5.0,7.0,7.0,8.0,8.0,2.0,0,4.0,0,0,1,6.0,3,6.666666666666667,3,1,7.0,2,2,1,2,3,1,3,1,2,0,1,2,2,1,1,1,1,1
41350,41350,Croacia,7.0,5.0,7.0,7.0,1.0,7.0,2.0,3.0,6.0,6.0,7.0,4.0,6.0,4.0,10.0,2.0,3.0,5.0,2.0,1,2.0,6,0,0,6.142857142857143,3,4.0,2,0,6.333333333333333,2,2,1,2,2,3,3,2,1,2,1,0,1,0,1,1,1,0
31807,31807,Italia,6.0,5.0,5.0,2.0,3.0,5.0,4.0,4.0,6.0,8.0,9.0,4.0,5.0,5.0,6.0,5.0,5.0,7.0,6.0,1,2.0,4,1,1,6.142857142857143,3,4.333333333333333,2,1,5.333333333333333,2,0,1,0,2,0,3,0,1,1,0,1,0,0,2,0,1,2
1350,1350,Bélgica,8.0,5.0,5.0,5.0,3.0,5.0,3.0,4.0,5.0,5.0,5.0,3.0,5.0,4.0,9.0,8.0,5.0,9.0,5.0,0,1.0,0,1,2,5.142857142857143,2,4.0,2,1,6.0,2,1,1,0,1,2,1,2,0,2,2,0,0,2,1,1,1,1
17831,17831,Países Bajos,7.0,5.0,8.0,5.0,3.0,5.0,6.0,4.0,5.0,5.0,7.0,5.0,4.0,6.0,8.0,5.0,8.0,8.0,0.0,0,3.0,2,0,1,5.714285714285714,2,5.0,2,1,6.666666666666667,2,2,1,1,2,2,2,0,2,2,0,2,0,2,1,1,1,0
32474,32474,Italia,5.0,7.0,5.0,8.0,3.0,5.0,5.0,5.0,5.0,8.0,10.0,1.0,5.0,1.0,6.0,4.0,3.0,6.0,8.0,1,1.0,4,2,1,5.142857142857143,2,5.0,2,1,5.666666666666667,2,2,0,0,1,3,2,2,2,1,0,1,2,0,2,0,1,2
21310,21310,España,8.0,2.0,4.0,6.0,3.0,6.0,1.0,8.0,5.0,5.0,5.0,3.0,4.0,3.0,7.0,0.0,0.0,10.0,1.0,1,4.0,3,0,2,4.571428571428571,2,5.0,2,1,4.666666666666667,1,0,0,1,1,1,2,2,0,0,0,0,2,0,1,1,1,2
35091,35091,Portugal,5.0,1.0,1.0,5.0,4.0,6.0,5.0,2.0,5.0,0.0,8.0,0.0,7.0,0.0,10.0,8.0,5.0,10.0,8.0,1,1.0,5,2,2,4.285714285714286,2,4.333333333333333,2,2,2.333333333333333,0,1,1,0,2,1,1,2,0,0,1,1,0,2,0,1,1,2
20494,20494,Países Bajos,7.0,6.0,5.0,6.0,2.0,4.0,4.0,0.0,5.0,7.0,7.0,5.0,4.0,4.0,8.0,5.0,3.0,7.0,1.0,0,3.0,2,0,1,5.714285714285714,2,2.6666666666666665,1,1,6.0,2,0,1,0,0,2,1,2,2,0,1,1,0,0,2,1,1,2
29551,29551,Italia,7.0,7.0,4.0,3.0,4.0,5.0,4.0,4.0,6.0,6.0,6.0,5.0,6.0,5.0,8.0,8.0,5.0,5.0,3.0,1,2.0,4,0,0,6.0,3,4.333333333333333,2,2,6.0,2,0,1,2,2,0,3,0,2,1,0,1,0,2,1,1,1,1
3688,3688,Bélgica,8.0,3.0,6.0,5.0,3.0,5.0,5.0,4.0,5.0,5.0,8.0,5.0,6.0,4.0,8.0,5.0,5.0,7.0,2.0,0,2.0,0,0,1,5.857142857142857,2,4.666666666666667,2,1,5.666666666666667,2,1,1,0,2,2,3,2,1,2,2,1,0,0,1,1,1,1
58875,58875,Eslovaquia,5.0,8.0,5.0,3.0,1.0,5.0,5.0,7.0,4.0,5.0,9.0,4.0,5.0,5.0,1.0,0.0,0.0,9.0,9.0,2,1.0,8,2,2,4.714285714285714,2,5.666666666666667,2,0,6.0,2,0,0,1,2,0,2,1,2,1,2,1,2,2,1,0,1,1
20136,20136,Países Bajos,8.0,5.0,8.0,6.0,2.0,10.0,8.0,8.0,7.0,8.0,8.0,7.0,8.0,7.0,0.0,7.0,7.0,8.0,2.0,0,2.0,2,0,1,6.428571428571429,3,8.666666666666666,4,1,7.0,2,2,1,2,3,2,3,2,2,2,2,2,2,2,2,1,1,2
13347,13347,Alemania,6.0,6.0,5.0,6.0,1.0,7.0,3.0,5.0,6.0,5.0,5.0,4.0,4.0,3.0,5.0,7.0,3.0,8.0,6.0,0,3.0,1,1,1,4.571428571428571,2,5.0,2,0,5.666666666666667,2,1,1,2,2,2,1,1,0,0,0,0,1,1,1,1,1,2
20931,20931,Países Bajos,7.0,6.0,7.0,5.0,2.0,6.0,8.0,7.0,4.0,7.0,6.0,5.0,5.0,5.0,6.0,6.0,7.0,8.0,7.0,0,2.0,2,2,1,5.428571428571429,2,7.0,3,1,6.666666666666667,2,2,1,2,3,1,2,2,0,1,1,2,2,2,2,1,1,0
23354,23354,España,3.0,4.0,5.0,4.0,4.0,4.0,2.0,2.0,3.0,2.0,5.0,0.0,2.0,0.0,9.0,1.0,4.0,7.0,8.0,1,1.0,3,2,1,3.0,1,2.6666666666666665,1,2,4.0,1,0,0,0,0,2,0,0,0,2,0,0,2,1,0,1,1,0
22565,22565,España,6.0,6.0,6.0,0.0,2.0,3.0,1.0,1.0,3.0,3.0,2.0,0.0,3.0,0.0,6.0,8.0,7.0,8.0,0.0,1,2.0,3,0,1,2.4285714285714284,1,1.6666666666666667,0,1,6.0,2,0,1,0,0,0,0,0,1,0,0,0,0,2,0,0,1,2
26597,26597,España,5.0,2.0,4.0,5.0,2.0,2.0,2.0,0.0,2.0,2.0,5.0,0.0,2.0,0.0,0.0,0.0,2.0,5.0,2.0,1,2.0,3,0,0,1.5714285714285714,0,1.3333333333333333,0,1,3.6666666666666665,1,1,1,0,0,1,0,2,0,2,0,0,0,0,0,1,0,0
59685,59685,Eslovaquia,7.0,5.0,3.0,3.0,1.0,2.0,5.0,5.0,2.0,5.0,5.0,5.0,5.0,5.0,9.0,2.0,3.0,7.0,7.0,2,2.0,8,2,1,5.142857142857143,2,4.0,2,0,5.0,2,0,1,0,1,0,1,2,2,0,0,1,2,0,1,1,1,1
43603,43603,Hungría,7.0,7.0,7.0,5.0,1.0,7.0,4.0,8.0,7.0,7.0,7.0,7.0,7.0,0.0,9.0,7.0,5.0,7.0,6.0,2,2.0,7,1,1,6.285714285714286,3,6.333333333333333,3,0,7.0,2,2,1,2,3,2,3,0,2,0,0,1,2,2,2,1,0,2
14531,14531,Países Bajos,7.0,6.0,6.0,8.0,1.0,8.0,7.0,8.0,7.0,8.0,9.0,7.0,8.0,7.0,9.0,5.0,6.0,9.0,5.0,0,4.0,2,1,2,7.857142857142857,3,7.666666666666667,3,0,6.333333333333333,2,2,1,2,3,3,3,1,2,2,2,2,2,2,2,1,0,2
3089,3089,Bélgica,10.0,7.0,3.0,6.0,3.0,8.0,3.0,3.0,0.0,2.0,0.0,0.0,4.0,0.0,8.0,9.0,7.0,9.0,5.0,0,2.0,0,1,2,2.0,1,4.666666666666667,2,1,6.666666666666667,2,0,1,2,2,2,0,2,2,2,2,0,0,0,0,1,1,2
20826,20826,Países Bajos,6.0,6.0,6.0,6.0,1.0,7.0,6.0,7.0,7.0,8.0,7.0,8.0,8.0,7.0,9.0,7.0,8.0,8.0,4.0,0,1.0,2,1,1,7.714285714285714,3,6.666666666666667,3,0,6.0,2,1,1,2,3,1,3,2,0,0,2,2,2,2,2,1,0,2
6171,6171,Bélgica,8.0,7.0,7.0,3.0,1.0,7.0,7.0,5.0,3.0,5.0,10.0,7.0,7.0,7.0,5.0,7.0,1.0,7.0,5.0,0,3.0,0,1,1,6.285714285714286,3,6.333333333333333,3,0,7.333333333333333,2,0,1,2,3,0,3,2,2,0,1,2,2,1,1,0,0,2
15898,15898,Países Bajos,4.0,4.0,4.0,10.0,1.0,3.0,7.0,3.0,0.0,0.0,6.0,2.0,3.0,2.0,5.0,0.0,0.0,9.0,0.0,0,3.0,2,0,2,2.571428571428572,1,4.333333333333333,2,0,4.0,1,2,1,2,1,3,0,0,2,1,2,2,2,0,0,1,1,2
29680,29680,Italia,7.0,2.0,8.0,3.0,3.0,2.0,2.0,1.0,0.0,2.0,4.0,0.0,2.0,0.0,8.0,5.0,5.0,6.0,7.0,1,1.0,4,2,1,2.2857142857142856,1,1.6666666666666667,0,1,5.666666666666667,2,0,1,0,0,0,0,0,0,2,0,0,0,0,0,1,0,0
10964,10964,Alemania,8.0,7.0,7.0,3.0,2.0,9.0,8.0,7.0,8.0,9.0,8.0,8.0,8.0,7.0,10.0,8.0,8.0,9.0,1.0,0,4.0,1,0,2,8.285714285714286,4,8.0,4,1,7.333333333333333,2,0,1,2,3,0,3,2,2,0,2,2,2,2,2,1,0,2
55250,55250,Eslovaquia,5.0,2.0,5.0,2.0,3.0,7.0,5.0,5.0,4.0,4.0,3.0,4.0,4.0,4.0,4.0,5.0,3.0,5.0,5.0,2,1.0,8,1,0,3.857142857142857,1,5.666666666666667,2,1,4.0,1,0,1,1,2,0,0,1,0,2,0,1,2,0,0,0,1,0
7501,7501,Alemania,7.0,4.0,7.0,2.0,3.0,6.0,5.0,5.0,5.0,4.0,4.0,5.0,6.0,4.0,7.0,6.0,7.0,2.0,2.0,0,2.0,1,0,0,5.0,2,5.333333333333333,2,1,6.0,2,0,1,2,2,0,2,1,0,1,0,1,0,0,0,1,1,0
41988,41988,Croacia,5.0,2.0,8.0,5.0,2.0,0.0,4.0,0.0,5.0,6.0,7.0,1.0,1.0,0.0,7.0,8.0,7.0,10.0,0.0,1,1.0,6,0,2,3.857142857142857,1,1.3333333333333333,0,1,5.0,2,1,1,0,0,1,0,1,0,2,0,1,0,0,1,1,1,0
46574,46574,Hungría,5.0,5.0,4.0,1.0,1.0,0.0,0.0,0.0,8.0,8.0,10.0,5.0,0.0,4.0,8.0,5.0,5.0,10.0,4.0,2,1.0,7,1,2,6.142857142857143,3,0.0,0,0,4.666666666666667,1,0,1,0,0,0,3,0,0,0,0,0,0,2,2,1,1,0
15273,15273,Países Bajos,5.0,3.0,5.0,5.0,3.0,4.0,3.0,4.0,2.0,2.0,3.0,2.0,2.0,2.0,9.0,5.0,4.0,6.0,8.0,0,2.0,2,2,1,3.142857142857143,1,3.6666666666666665,1,1,4.333333333333333,1,0,0,2,1,1,0,0,1,2,0,0,1,0,0,0,1,0
19779,19779,Países Bajos,8.0,3.0,3.0,5.0,4.0,7.0,8.0,6.0,3.0,3.0,7.0,3.0,3.0,4.0,8.0,7.0,7.0,8.0,3.0,0,2.0,2,0,1,4.428571428571429,2,7.0,3,2,4.666666666666667,1,1,1,2,3,1,1,2,0,0,2,2,0,2,0,1,1,0
52969,52969,Hungría,5.0,5.0,5.0,4.0,4.0,0.0,0.0,0.0,0.0,0.0,0.0,0.0,0.0,0.0,1.0,5.0,5.0,10.0,5.0,2,1.0,7,1,2,0.1428571428571428,0,0.0,0,2,5.0,2,1,1,0,0,1,0,2,2,2,0,0,0,0,0,1,0,0
16903,16903,Países Bajos,8.0,7.0,7.0,2.0,2.0,7.0,4.0,3.0,6.0,7.0,7.0,6.0,6.0,6.0,7.0,7.0,7.0,7.0,7.0,0,3.0,2,2,1,6.428571428571429,3,4.666666666666667,2,1,7.333333333333333,2,0,1,2,2,0,3,2,2,2,0,1,2,0,2,1,1,0
3392,3392,Bélgica,7.0,6.0,5.0,5.0,3.0,3.0,5.0,3.0,7.0,7.0,7.0,5.0,7.0,7.0,3.0,4.0,6.0,8.0,5.0,0,1.0,0,1,1,6.142857142857143,3,3.6666666666666665,1,1,6.0,2,2,1,1,1,2,3,2,2,2,2,1,2,2,2,1,1,2
10549,10549,Alemania,7.0,5.0,2.0,5.0,3.0,1.0,4.0,1.0,1.0,3.0,5.0,3.0,3.0,3.0,8.0,1.0,1.0,8.0,8.0,0,4.0,1,2,1,3.7142857142857135,1,2.0,1,1,4.666666666666667,1,1,0,0,0,2,0,0,0,0,0,1,0,0,0,1,1,2
57170,57170,Eslovaquia,1.0,2.0,1.0,3.0,3.0,5.0,1.0,3.0,4.0,4.0,4.0,4.0,4.0,4.0,10.0,1.0,5.0,7.0,5.0,2,2.0,8,1,1,4.857142857142857,2,3.0,1,1,1.3333333333333333,0,0,1,1,0,0,1,0,0,0,0,0,2,1,0,0,1,2
40674,40674,Croacia,4.0,2.0,6.0,5.0,3.0,5.0,2.0,2.0,1.0,2.0,2.0,0.0,1.0,0.0,7.0,0.0,1.0,6.0,6.0,1,1.0,6,1,1,1.8571428571428568,0,3.0,1,1,4.0,1,2,1,2,0,2,0,2,0,1,2,0,2,0,0,1,1,0
29054,29054,Italia,0.0,0.0,0.0,7.0,3.0,6.0,6.0,6.0,7.0,7.0,9.0,6.0,7.0,0.0,8.0,5.0,5.0,7.0,5.0,1,1.0,4,1,1,6.285714285714286,3,6.0,3,1,0.0,0,2,1,2,3,3,3,0,0,0,0,2,0,2,2,0,1,2
6950,6950,Bélgica,7.0,7.0,5.0,5.0,2.0,5.0,4.0,4.0,5.0,7.0,7.0,3.0,3.0,3.0,9.0,5.0,5.0,7.0,5.0,0,4.0,0,1,1,5.285714285714286,2,4.333333333333333,2,1,6.333333333333333,2,2,1,2,2,2,2,1,2,2,2,1,2,2,2,1,1,0
8814,8814,Alemania,8.0,8.0,2.0,5.0,2.0,8.0,8.0,8.0,8.0,10.0,10.0,5.0,5.0,5.0,6.0,5.0,5.0,10.0,5.0,0,3.0,1,1,2,7.0,3,8.0,4,1,6.0,2,1,1,2,3,1,3,2,2,0,2,2,2,2,2,0,1,2
17187,17187,Países Bajos,7.0,4.0,7.0,5.0,3.0,6.0,6.0,6.0,5.0,6.0,6.0,5.0,6.0,5.0,7.0,6.0,7.0,9.0,7.0,0,2.0,2,2,2,5.714285714285714,2,6.0,3,1,6.0,2,2,1,0,3,2,2,2,2,0,0,2,0,0,1,1,1,0
47090,47090,Hungría,6.0,5.0,7.0,5.0,2.0,4.0,5.0,3.0,3.0,6.0,6.0,4.0,6.0,3.0,3.0,5.0,6.0,8.0,6.0,2,1.0,7,1,1,4.428571428571429,2,4.0,2,1,6.0,2,0,1,2,1,1,1,0,2,0,0,1,2,1,1,1,1,2
36909,36909,Portugal,5.0,10.0,4.0,0.0,4.0,0.0,0.0,0.0,0.0,0.0,0.0,0.0,0.0,0.0,9.0,0.0,3.0,0.0,5.0,1,5.0,5,1,0,1.2857142857142858,0,0.0,0,2,6.333333333333333,2,0,1,0,0,0,0,1,2,2,0,0,0,0,0,1,1,0
43206,43206,Croacia,5.0,3.0,2.0,5.0,4.0,8.0,6.0,5.0,2.0,1.0,6.0,1.0,3.0,1.0,4.0,8.0,6.0,6.0,7.0,1,1.0,6,2,1,2.571428571428572,1,6.333333333333333,3,2,3.333333333333333,1,0,1,2,3,1,0,2,2,0,2,2,2,0,0,1,1,1
38960,38960,Portugal,3.0,3.0,4.0,5.0,4.0,5.0,2.0,0.0,0.0,5.0,5.0,0.0,0.0,0.0,8.0,4.0,5.0,7.0,0.0,1,2.0,5,0,1,2.571428571428572,1,2.333333333333333,1,2,3.333333333333333,1,2,0,0,0,1,0,0,0,0,1,0,0,0,1,1,1,0
49981,49981,Hungría,3.0,5.0,3.0,7.0,2.0,4.0,6.0,5.0,8.0,5.0,3.0,2.0,5.0,0.0,7.0,4.0,4.0,8.0,0.0,2,2.0,7,0,1,4.285714285714286,2,5.0,2,1,3.6666666666666665,1,2,1,2,1,3,1,0,0,0,0,2,2,2,1,0,1,0
19442,19442,Países Bajos,3.0,2.0,3.0,6.0,2.0,6.0,6.0,7.0,8.0,8.0,7.0,6.0,7.0,5.0,7.0,5.0,2.0,8.0,8.0,0,2.0,2,2,1,6.857142857142857,3,6.333333333333333,3,1,2.6666666666666665,1,0,0,2,3,2,3,0,0,1,0,2,2,2,2,1,0,2
58400,58400,Eslovaquia,0.0,8.0,0.0,10.0,4.0,7.0,0.0,0.0,8.0,8.0,5.0,5.0,5.0,5.0,7.0,2.0,2.0,5.0,8.0,2,2.0,8,2,0,6.142857142857143,3,2.333333333333333,1,2,2.6666666666666665,1,2,0,0,0,3,3,0,2,0,0,0,0,2,2,1,1,1
60449,60449,Eslovaquia,3.0,4.0,3.0,8.0,4.0,4.0,3.0,5.0,1.0,1.0,1.0,1.0,2.0,0.0,9.0,3.0,2.0,5.0,9.0,2,1.0,8,2,0,2.142857142857143,1,4.0,2,2,3.333333333333333,1,2,0,2,2,3,0,0,0,2,0,0,2,0,0,1,0,0
35782,35782,Portugal,3.0,2.0,4.0,3.0,4.0,4.0,1.0,1.0,7.0,5.0,5.0,0.0,3.0,0.0,5.0,8.0,5.0,8.0,8.0,1,5.0,5,2,1,3.571428571428572,1,2.0,1,2,3.0,1,0,1,0,0,0,0,0,0,2,0,0,0,2,1,1,0,2
61572,61572,Eslovaquia,5.0,4.0,2.0,4.0,3.0,5.0,5.0,6.0,4.0,5.0,3.0,3.0,4.0,3.0,5.0,3.0,4.0,4.0,8.0,2,2.0,8,2,0,3.857142857142857,1,5.333333333333333,2,1,3.6666666666666665,1,0,0,2,1,1,0,2,2,0,0,1,0,2,1,1,1,1
45252,45252,Hungría,6.0,3.0,6.0,3.0,2.0,9.0,3.0,0.0,3.0,9.0,7.0,1.0,2.0,1.0,9.0,3.0,8.0,9.0,4.0,2,2.0,7,1,2,4.571428571428571,2,4.0,2,1,5.0,2,0,1,0,2,0,1,1,2,2,2,0,0,2,2,1,0,0
37053,37053,Portugal,6.0,2.0,5.0,5.0,1.0,6.0,5.0,5.0,6.0,9.0,9.0,6.0,7.0,6.0,10.0,7.0,8.0,9.0,9.0,1,1.0,5,2,2,7.571428571428571,3,5.333333333333333,2,0,4.333333333333333,1,1,1,0,2,1,3,2,0,1,2,1,2,0,2,0,0,2
58928,58928,Eslovaquia,6.0,6.0,6.0,7.0,4.0,7.0,7.0,8.0,8.0,7.0,7.0,7.0,6.0,8.0,8.0,6.0,5.0,8.0,6.0,2,2.0,8,1,1,7.285714285714286,3,7.333333333333333,3,2,6.0,2,2,1,2,3,3,3,2,1,1,2,2,2,2,2,1,1,1
27710,27710,España,8.0,5.0,8.0,5.0,1.0,3.0,3.0,0.0,0.0,2.0,8.0,0.0,2.0,0.0,4.0,10.0,3.0,8.0,5.0,1,2.0,3,1,1,2.2857142857142856,1,2.0,1,0,7.0,2,0,1,0,0,1,0,2,2,2,1,0,0,0,0,1,1,0
17370,17370,Países Bajos,9.0,8.0,8.0,1.0,1.0,8.0,9.0,6.0,8.0,9.0,8.0,7.0,6.0,8.0,8.0,9.0,9.0,7.0,9.0,0,2.0,2,2,1,7.714285714285714,3,7.666666666666667,3,0,8.333333333333334,3,0,0,2,3,0,3,2,2,2,2,2,0,2,2,1,0,0
42819,42819,Croacia,7.0,4.0,5.0,10.0,3.0,5.0,3.0,5.0,2.0,3.0,5.0,3.0,7.0,3.0,10.0,3.0,3.0,7.0,8.0,1,2.0,6,2,1,4.714285714285714,2,4.333333333333333,2,1,5.333333333333333,2,2,0,0,2,3,1,0,0,1,0,0,0,0,0,1,1,2
41669,41669,Croacia,5.0,6.0,0.0,5.0,2.0,5.0,5.0,5.0,5.0,4.0,5.0,4.0,4.0,4.0,7.0,2.0,4.0,9.0,7.0,1,3.0,6,2,2,4.714285714285714,2,5.0,2,1,3.6666666666666665,1,2,1,0,2,2,1,0,2,0,2,1,2,2,0,1,1,2
17889,17889,Países Bajos,7.0,8.0,9.0,7.0,3.0,4.0,3.0,5.0,2.0,2.0,4.0,3.0,1.0,6.0,7.0,3.0,8.0,10.0,9.0,0,3.0,2,2,2,3.571428571428572,1,4.0,2,1,8.0,3,2,1,2,2,3,0,2,2,2,1,0,2,0,0,0,1,0
38726,38726,Portugal,7.0,6.0,7.0,4.0,4.0,5.0,8.0,9.0,5.0,8.0,8.0,2.0,5.0,5.0,7.0,2.0,2.0,9.0,2.0,1,1.0,5,0,2,5.714285714285714,2,7.333333333333333,3,2,6.666666666666667,2,0,1,2,3,1,1,2,0,0,0,2,2,0,2,1,1,2
11755,11755,Alemania,0.0,3.0,0.0,0.0,1.0,3.0,8.0,3.0,4.0,4.0,7.0,4.0,3.0,4.0,6.0,0.0,3.0,5.0,2.0,0,1.0,1,0,0,4.571428571428571,2,4.666666666666667,2,0,1.0,0,0,1,0,2,0,1,0,0,0,1,2,2,2,0,1,1,0
18812,18812,Países Bajos,8.0,6.0,8.0,6.0,2.0,8.0,7.0,6.0,6.0,9.0,9.0,7.0,6.0,7.0,9.0,7.0,7.0,8.0,4.0,0,3.0,2,1,1,7.571428571428571,3,7.0,3,1,7.333333333333333,2,0,1,2,3,2,3,2,2,2,2,2,0,2,2,0,1,0
46142,46142,Hungría,1.0,2.0,3.0,4.0,3.0,2.0,2.0,2.0,3.0,2.0,2.0,2.0,2.0,2.0,6.0,0.0,1.0,8.0,3.0,2,2.0,7,0,1,2.7142857142857144,1,2.0,1,1,2.0,0,1,1,0,0,1,0,0,0,1,0,0,2,0,0,0,1,0
31279,31279,Italia,8.0,2.0,6.0,8.0,3.0,2.0,2.0,3.0,0.0,0.0,4.0,2.0,0.0,1.0,6.0,2.0,0.0,6.0,8.0,1,2.0,4,2,1,1.8571428571428568,0,2.333333333333333,1,1,5.333333333333333,2,2,0,0,0,3,0,2,0,0,0,0,0,0,0,1,1,0
1976,1976,Bélgica,8.0,6.0,7.0,8.0,2.0,8.0,5.0,8.0,7.0,7.0,8.0,8.0,7.0,6.0,4.0,7.0,7.0,9.0,10.0,0,2.0,0,2,2,6.714285714285714,3,7.0,3,1,7.0,2,2,0,2,3,3,3,2,1,0,2,1,2,2,2,1,0,2
30729,30729,Italia,7.0,1.0,8.0,5.0,1.0,5.0,0.0,0.0,6.0,7.0,6.0,6.0,6.0,6.0,5.0,2.0,2.0,7.0,6.0,1,2.0,4,1,1,6.0,3,1.6666666666666667,0,0,5.333333333333333,2,1,1,0,0,2,3,2,0,2,0,0,0,0,2,1,1,2
49877,49877,Hungría,8.0,5.0,5.0,4.0,3.0,6.0,1.0,5.0,7.0,5.0,7.0,4.0,5.0,4.0,5.0,6.0,7.0,10.0,2.0,2,1.0,7,0,2,5.285714285714286,2,4.0,2,1,6.0,2,2,1,0,2,1,2,2,2,0,2,0,2,2,1,1,1,1
60725,60725,Eslovaquia,8.0,10.0,6.0,8.0,3.0,3.0,5.0,0.0,9.0,6.0,9.0,2.0,3.0,2.0,10.0,2.0,5.0,8.0,10.0,2,2.0,8,2,1,5.857142857142857,2,2.6666666666666665,1,1,8.0,3,2,1,0,0,3,3,2,2,2,0,1,0,2,1,0,1,2
50026,50026,Hungría,7.0,3.0,2.0,5.0,3.0,5.0,4.0,4.0,0.0,4.0,5.0,4.0,2.0,4.0,9.0,2.0,3.0,5.0,4.0,2,5.0,7,1,0,4.0,2,4.333333333333333,2,1,4.0,1,0,1,0,2,1,2,2,2,0,1,1,0,0,0,1,1,0
44709,44709,Hungría,6.0,7.0,7.0,9.0,3.0,5.0,3.0,1.0,6.0,8.0,8.0,5.0,5.0,4.0,8.0,2.0,2.0,7.0,6.0,2,3.0,7,1,1,6.285714285714286,3,3.0,1,1,6.666666666666667,2,2,1,0,0,3,3,0,2,1,2,0,0,0,2,1,1,0
10405,10405,Alemania,9.0,6.0,3.0,6.0,4.0,7.0,7.0,6.0,6.0,8.0,8.0,5.0,5.0,6.0,6.0,7.0,4.0,9.0,5.0,0,4.0,1,1,2,6.285714285714286,3,6.666666666666667,3,2,6.0,2,1,1,2,3,1,3,2,0,1,0,2,0,2,2,1,1,0
49404,49404,Hungría,3.0,0.0,3.0,10.0,3.0,0.0,0.0,0.0,0.0,3.0,3.0,0.0,0.0,0.0,0.0,0.0,0.0,7.0,0.0,2,2.0,7,0,1,0.8571428571428571,0,0.0,0,1,2.0,0,2,1,0,0,3,0,0,0,2,0,0,0,0,0,1,1,0
32174,32174,Italia,5.0,6.0,5.0,4.0,3.0,3.0,4.0,4.0,3.0,4.0,4.0,2.0,3.0,2.0,4.0,3.0,2.0,7.0,7.0,1,1.0,4,2,1,3.142857142857143,1,3.6666666666666665,1,1,5.333333333333333,2,0,1,2,2,2,0,0,2,0,2,1,1,0,0,1,1,2
9182,9182,Alemania,5.0,4.0,7.0,8.0,2.0,6.0,6.0,5.0,8.0,6.0,6.0,6.0,7.0,5.0,8.0,5.0,6.0,8.0,7.0,0,4.0,1,2,1,6.571428571428571,3,5.666666666666667,2,1,5.333333333333333,2,2,1,0,2,3,3,2,0,1,2,2,2,2,1,1,0,2
13947,13947,Alemania,2.0,5.0,2.0,5.0,4.0,2.0,3.0,0.0,2.0,5.0,5.0,2.0,2.0,2.0,10.0,1.0,0.0,7.0,5.0,0,1.0,1,1,1,4.0,2,1.6666666666666667,0,2,3.0,1,1,1,0,0,1,2,0,2,0,0,0,0,0,1,1,1,0
4759,4759,Bélgica,7.0,7.0,8.0,6.0,2.0,5.0,5.0,4.0,6.0,4.0,6.0,4.0,6.0,4.0,6.0,4.0,8.0,8.0,3.0,0,1.0,0,0,1,5.142857142857143,2,4.666666666666667,2,1,7.333333333333333,2,0,1,0,2,1,2,0,2,2,2,1,1,0,0,1,1,2
37486,37486,Portugal,7.0,6.0,6.0,4.0,3.0,4.0,6.0,4.0,7.0,8.0,7.0,6.0,6.0,6.0,4.0,4.0,5.0,6.0,7.0,1,1.0,5,2,1,6.285714285714286,3,4.666666666666667,2,1,6.333333333333333,2,1,1,0,2,2,3,0,0,2,2,2,1,2,2,1,0,0
11012,11012,Alemania,7.0,7.0,7.0,2.0,2.0,7.0,2.0,2.0,1.0,8.0,9.0,2.0,4.0,4.0,9.0,4.0,5.0,7.0,9.0,0,2.0,1,2,1,5.285714285714286,2,3.6666666666666665,1,1,7.0,2,0,0,0,1,0,1,0,2,2,0,0,2,0,2,0,1,2
21504,21504,España,4.0,6.0,4.0,5.0,3.0,8.0,5.0,3.0,7.0,8.0,8.0,7.0,7.0,6.0,5.0,4.0,5.0,8.0,5.0,1,2.0,3,1,1,6.857142857142857,3,5.333333333333333,2,1,4.666666666666667,1,1,1,0,2,1,3,0,2,2,2,1,0,2,2,1,0,2
49042,49042,Hungría,2.0,2.0,1.0,5.0,3.0,5.0,2.0,3.0,7.0,7.0,7.0,5.0,7.0,5.0,8.0,3.0,5.0,6.0,3.0,2,1.0,7,0,1,6.571428571428571,3,3.333333333333333,1,1,1.6666666666666667,0,2,1,0,0,2,3,0,0,0,0,0,0,2,2,1,1,2
37276,37276,Portugal,7.0,7.0,5.0,4.0,1.0,7.0,5.0,4.0,10.0,9.0,7.0,6.0,10.0,5.0,7.0,10.0,5.0,8.0,5.0,1,1.0,5,1,1,7.714285714285714,3,5.333333333333333,2,0,6.333333333333333,2,0,1,0,2,1,3,0,2,2,0,1,2,2,2,1,0,2
3856,3856,Bélgica,6.0,7.0,6.0,2.0,2.0,7.0,5.0,5.0,6.0,5.0,6.0,4.0,4.0,4.0,9.0,6.0,5.0,8.0,3.0,0,2.0,0,0,1,5.428571428571429,2,5.666666666666667,2,1,6.333333333333333,2,0,1,1,1,0,1,0,2,0,2,1,2,0,1,1,1,2
38640,38640,Portugal,0.0,2.0,0.0,5.0,3.0,0.0,0.0,0.0,0.0,3.0,3.0,0.0,0.0,0.0,8.0,4.0,2.0,6.0,5.0,1,2.0,5,1,1,2.0,1,0.0,0,1,0.6666666666666666,0,2,1,0,0,1,0,0,0,0,0,0,0,0,0,0,0,0
15321,15321,Países Bajos,5.0,7.0,6.0,4.0,3.0,7.0,7.0,7.0,7.0,8.0,7.0,6.0,7.0,7.0,8.0,6.0,6.0,8.0,9.0,0,4.0,2,2,1,7.142857142857143,3,7.0,3,1,6.0,2,0,0,2,3,2,3,0,2,2,0,2,2,2,2,1,0,2
2820,2820,Bélgica,5.0,6.0,5.0,5.0,3.0,3.0,4.0,3.0,5.0,7.0,8.0,6.0,6.0,5.0,7.0,9.0,6.0,7.0,8.0,0,2.0,0,2,1,6.285714285714286,3,3.333333333333333,1,1,5.333333333333333,2,2,0,1,0,2,3,2,2,0,2,1,1,0,2,1,0,0
3885,3885,Bélgica,8.0,8.0,8.0,3.0,1.0,8.0,6.0,7.0,7.0,7.0,7.0,7.0,8.0,7.0,5.0,7.0,7.0,9.0,0.0,0,2.0,0,0,2,6.857142857142857,3,7.0,3,0,8.0,3,0,1,2,3,0,3,2,2,2,2,2,2,2,2,1,0,2
12504,12504,Alemania,9.0,3.0,2.0,7.0,3.0,7.0,7.0,7.0,7.0,8.0,7.0,6.0,7.0,6.0,5.0,4.0,4.0,7.0,3.0,0,2.0,1,0,1,6.571428571428571,3,7.0,3,1,4.666666666666667,1,2,1,2,3,3,3,2,0,0,0,2,2,2,2,1,0,2
17733,17733,Países Bajos,7.0,3.0,7.0,7.0,2.0,8.0,6.0,4.0,4.0,5.0,7.0,2.0,5.0,2.0,8.0,3.0,3.0,9.0,5.0,0,3.0,2,1,2,4.714285714285714,2,6.0,3,1,5.666666666666667,2,2,1,0,3,3,1,1,0,0,2,2,2,2,1,1,1,0
11769,11769,Alemania,4.0,4.0,3.0,6.0,3.0,7.0,4.0,3.0,3.0,8.0,7.0,3.0,5.0,4.0,8.0,5.0,3.0,9.0,6.0,0,2.0,1,1,2,5.428571428571429,2,4.666666666666667,2,1,3.6666666666666665,1,0,1,2,1,2,2,2,0,0,0,1,0,0,2,1,1,2
31829,31829,Italia,6.0,5.0,7.0,4.0,4.0,4.0,5.0,4.0,2.0,4.0,5.0,4.0,1.0,2.0,6.0,10.0,10.0,4.0,8.0,1,3.0,4,2,0,3.4285714285714284,1,4.333333333333333,2,2,6.0,2,1,0,1,1,1,0,0,2,2,2,1,2,0,0,1,1,0
42010,42010,Croacia,6.0,5.0,6.0,5.0,2.0,8.0,6.0,10.0,5.0,0.0,8.0,0.0,5.0,5.0,5.0,7.0,5.0,7.0,10.0,1,1.0,6,2,1,4.0,2,8.0,4,1,5.666666666666667,2,2,0,2,3,1,1,1,2,2,2,2,2,0,0,1,1,0
51135,51135,Hungría,5.0,6.0,7.0,2.0,3.0,3.0,3.0,3.0,3.0,3.0,4.0,1.0,3.0,1.0,5.0,2.0,4.0,4.0,4.0,2,2.0,7,1,0,2.857142857142857,1,3.0,1,1,6.0,2,0,1,0,0,0,0,2,0,1,2,0,2,0,0,1,1,0
58432,58432,Eslovaquia,1.0,3.0,3.0,4.0,3.0,7.0,3.0,4.0,5.0,7.0,6.0,5.0,6.0,6.0,4.0,2.0,1.0,7.0,5.0,2,1.0,8,1,1,5.571428571428571,2,4.666666666666667,2,1,2.333333333333333,0,1,1,0,1,1,2,0,2,0,1,0,2,0,2,1,1,2
656,656,Bélgica,5.0,3.0,6.0,5.0,4.0,5.0,7.0,5.0,5.0,5.0,5.0,5.0,5.0,5.0,7.0,6.0,4.0,8.0,5.0,0,2.0,0,1,1,5.285714285714286,2,5.666666666666667,2,2,4.666666666666667,1,2,1,2,2,1,2,2,0,1,0,2,2,2,1,1,1,2
48048,48048,Hungría,7.0,6.0,5.0,5.0,4.0,5.0,6.0,5.0,2.0,7.0,10.0,0.0,3.0,0.0,5.0,5.0,5.0,9.0,2.0,2,2.0,7,0,2,3.857142857142857,1,5.333333333333333,2,2,6.0,2,2,1,1,1,2,0,2,1,0,1,2,2,0,2,0,0,0
48223,48223,Hungría,8.0,6.0,3.0,6.0,2.0,4.0,5.0,5.0,6.0,6.0,6.0,3.0,5.0,3.0,9.0,4.0,4.0,7.0,5.0,2,1.0,7,1,1,5.428571428571429,2,4.666666666666667,2,1,5.666666666666667,2,0,1,2,2,2,2,2,2,2,0,1,0,2,1,1,1,0
8293,8293,Alemania,8.0,6.0,8.0,5.0,2.0,9.0,10.0,9.0,7.0,8.0,8.0,7.0,8.0,7.0,10.0,7.0,7.0,10.0,0.0,0,2.0,1,0,2,7.857142857142857,3,9.333333333333334,4,1,7.333333333333333,2,1,1,2,3,2,3,2,2,2,2,2,2,2,2,1,1,2
23053,23053,España,4.0,4.0,5.0,8.0,2.0,1.0,2.0,3.0,6.0,6.0,8.0,2.0,3.0,2.0,7.0,7.0,6.0,6.0,7.0,1,3.0,3,2,1,4.857142857142857,2,2.0,1,1,4.333333333333333,1,2,1,0,0,3,2,0,0,0,0,0,2,0,1,1,1,0
15387,15387,Países Bajos,8.0,7.0,8.0,4.0,2.0,8.0,6.0,5.0,6.0,8.0,6.0,6.0,6.0,7.0,7.0,7.0,5.0,8.0,2.0,0,1.0,2,0,1,6.571428571428571,3,6.333333333333333,3,1,7.666666666666667,3,2,1,2,3,2,3,2,2,2,2,2,0,2,2,1,1,2
31452,31452,Italia,6.0,5.0,6.0,3.0,3.0,4.0,2.0,2.0,6.0,5.0,6.0,4.0,6.0,3.0,9.0,6.0,6.0,6.0,7.0,1,1.0,4,2,1,5.571428571428571,2,2.6666666666666665,1,1,5.666666666666667,2,0,1,0,0,0,2,2,2,0,1,0,0,0,1,1,1,2
22725,22725,España,6.0,4.0,4.0,5.0,2.0,5.0,7.0,3.0,2.0,4.0,6.0,3.0,4.0,3.0,9.0,7.0,5.0,4.0,4.0,1,5.0,3,1,0,4.428571428571429,2,5.0,2,1,4.666666666666667,1,2,1,0,1,2,2,0,2,2,2,2,1,0,0,1,1,0
60548,60548,Eslovaquia,10.0,8.0,4.0,10.0,3.0,5.0,5.0,5.0,4.0,5.0,5.0,5.0,5.0,5.0,5.0,3.0,5.0,8.0,5.0,2,1.0,8,1,1,4.857142857142857,2,5.0,2,1,7.333333333333333,2,2,1,2,2,3,2,2,2,2,1,1,2,0,1,1,1,0
17786,17786,Países Bajos,3.0,7.0,7.0,5.0,1.0,3.0,6.0,4.0,1.0,8.0,8.0,3.0,4.0,3.0,7.0,4.0,5.0,7.0,2.0,0,2.0,2,0,1,4.857142857142857,2,4.333333333333333,2,0,5.666666666666667,2,0,1,2,1,2,2,0,2,0,0,2,2,0,2,1,1,0
15150,15150,Países Bajos,7.0,6.0,8.0,5.0,1.0,7.0,8.0,7.0,4.0,8.0,8.0,7.0,6.0,7.0,8.0,7.0,6.0,7.0,6.0,0,2.0,2,1,1,6.857142857142857,3,7.333333333333333,3,0,7.0,2,0,1,2,3,1,3,2,0,2,2,2,2,0,2,1,1,2
59312,59312,Eslovaquia,4.0,3.0,3.0,3.0,3.0,2.0,3.0,2.0,2.0,1.0,4.0,1.0,2.0,1.0,10.0,5.0,5.0,9.0,3.0,2,2.0,8,0,2,3.0,1,2.333333333333333,1,1,3.333333333333333,1,0,1,0,0,0,0,0,1,0,0,0,2,0,0,1,1,0
40626,40626,Croacia,5.0,5.0,5.0,5.0,3.0,6.0,6.0,6.0,7.0,6.0,5.0,3.0,7.0,4.0,2.0,8.0,5.0,7.0,8.0,1,2.0,6,2,1,4.857142857142857,2,6.0,3,1,5.0,2,2,1,2,3,2,2,0,0,0,2,2,0,2,1,1,1,2
2601,2601,Bélgica,6.0,6.0,3.0,5.0,4.0,6.0,5.0,5.0,4.0,4.0,4.0,4.0,4.0,4.0,5.0,5.0,5.0,9.0,6.0,0,2.0,0,1,2,4.142857142857143,2,5.333333333333333,2,2,5.0,2,2,1,2,2,2,2,0,0,2,1,1,0,0,0,0,1,2
22698,22698,España,4.0,5.0,0.0,0.0,4.0,2.0,2.0,0.0,0.0,0.0,2.0,0.0,2.0,0.0,7.0,9.0,9.0,8.0,7.0,1,3.0,3,2,1,1.5714285714285714,0,1.3333333333333333,0,2,3.0,1,0,1,0,0,0,0,2,1,0,0,0,0,0,0,1,1,0
61619,61619,Eslovaquia,4.0,7.0,3.0,10.0,4.0,6.0,3.0,2.0,8.0,9.0,3.0,3.0,5.0,3.0,5.0,1.0,2.0,5.0,0.0,2,2.0,8,0,0,5.142857142857143,2,3.6666666666666665,1,2,4.666666666666667,1,2,1,1,2,3,1,2,2,2,2,0,0,2,2,0,1,2
62122,62122,Eslovaquia,9.0,0.0,8.0,3.0,1.0,9.0,6.0,8.0,6.0,7.0,8.0,8.0,8.0,8.0,8.0,3.0,4.0,9.0,10.0,2,2.0,8,2,2,7.571428571428571,3,7.666666666666667,3,0,5.666666666666667,2,0,0,2,3,0,3,2,0,2,2,2,2,1,2,1,1,2
14880,14880,Países Bajos,6.0,7.0,2.0,9.0,3.0,6.0,6.0,3.0,10.0,1.0,1.0,1.0,1.0,1.0,4.0,0.0,0.0,6.0,10.0,0,3.0,2,2,1,2.7142857142857144,1,5.0,2,1,5.0,2,2,0,0,2,3,0,2,2,0,1,2,2,2,0,1,1,0
29071,29071,Italia,8.0,7.0,8.0,5.0,4.0,6.0,6.0,6.0,7.0,7.0,8.0,4.0,7.0,4.0,0.0,7.0,7.0,7.0,3.0,1,1.0,4,0,1,5.285714285714286,2,6.0,3,2,7.666666666666667,3,0,1,0,3,1,1,2,2,2,2,2,1,2,2,1,1,2
20175,20175,Países Bajos,7.0,8.0,6.0,5.0,2.0,7.0,8.0,4.0,5.0,6.0,7.0,5.0,6.0,5.0,8.0,5.0,5.0,8.0,4.0,0,2.0,2,1,1,6.0,3,6.333333333333333,3,1,7.0,2,2,1,2,3,1,3,2,2,0,1,2,2,2,1,1,1,2
60700,60700,Eslovaquia,5.0,5.0,0.0,2.0,2.0,2.0,1.0,0.0,6.0,5.0,8.0,5.0,5.0,5.0,9.0,0.0,0.0,5.0,10.0,2,2.0,8,2,0,6.142857142857143,3,1.0,0,1,3.333333333333333,1,0,0,0,0,0,3,2,0,0,0,0,0,2,1,1,1,0
44260,44260,Hungría,3.0,3.0,8.0,1.0,3.0,2.0,4.0,2.0,8.0,6.0,7.0,3.0,6.0,3.0,5.0,6.0,5.0,8.0,1.0,2,1.0,7,0,1,5.428571428571429,2,2.6666666666666665,1,1,4.666666666666667,1,0,1,0,0,0,2,0,0,2,0,1,2,2,1,1,1,2
35810,35810,Portugal,5.0,5.0,5.0,5.0,3.0,2.0,3.0,2.0,4.0,2.0,4.0,2.0,1.0,1.0,7.0,6.0,4.0,6.0,5.0,1,2.0,5,1,1,3.0,1,2.333333333333333,1,1,5.0,2,2,1,0,0,2,0,2,2,2,0,0,1,1,0,1,1,0
49943,49943,Hungría,5.0,3.0,3.0,8.0,2.0,2.0,4.0,0.0,6.0,7.0,7.0,2.0,4.0,4.0,8.0,6.0,7.0,8.0,0.0,2,3.0,7,0,1,5.428571428571429,2,2.0,1,1,3.6666666666666665,1,2,1,0,0,3,1,2,2,2,0,1,0,2,2,1,1,0
58455,58455,Eslovaquia,2.0,7.0,2.0,8.0,3.0,6.0,3.0,3.0,3.0,2.0,3.0,2.0,2.0,2.0,8.0,1.0,1.0,5.0,8.0,2,1.0,8,2,0,3.142857142857143,1,4.0,2,1,3.6666666666666665,1,2,0,0,2,3,0,0,2,0,2,0,0,1,0,1,1,0
36485,36485,Portugal,8.0,5.0,5.0,5.0,4.0,2.0,3.0,3.0,5.0,3.0,8.0,2.0,3.0,2.0,8.0,6.0,2.0,4.0,1.0,1,3.0,5,0,0,4.428571428571429,2,2.6666666666666665,1,2,6.0,2,0,1,0,0,1,1,2,0,2,0,0,1,0,0,1,1,0
16376,16376,Países Bajos,6.0,6.0,7.0,6.0,2.0,6.0,6.0,6.0,5.0,8.0,8.0,6.0,7.0,7.0,6.0,6.0,5.0,8.0,5.0,0,3.0,2,1,1,6.714285714285714,3,6.0,3,1,6.333333333333333,2,1,1,2,3,1,3,2,2,0,2,2,0,1,2,1,0,2
58038,58038,Eslovaquia,2.0,2.0,5.0,0.0,2.0,5.0,2.0,1.0,8.0,2.0,2.0,1.0,4.0,1.0,1.0,1.0,5.0,5.0,9.0,2,2.0,8,2,0,2.7142857142857144,1,2.6666666666666665,1,1,3.0,1,0,0,0,0,0,0,0,0,0,2,0,0,2,0,1,1,1
6366,6366,Bélgica,7.0,2.0,7.0,7.0,1.0,10.0,5.0,5.0,8.0,8.0,9.0,6.0,8.0,6.0,5.0,3.0,5.0,9.0,9.0,0,1.0,0,2,2,7.142857142857143,3,6.666666666666667,3,0,5.333333333333333,2,2,0,2,3,3,3,2,0,0,2,1,0,2,2,0,0,2
33565,33565,Italia,5.0,8.0,6.0,5.0,2.0,7.0,7.0,6.0,5.0,7.0,6.0,4.0,5.0,4.0,7.0,6.0,6.0,8.0,5.0,1,1.0,4,1,1,5.428571428571429,2,6.666666666666667,3,1,6.333333333333333,2,1,1,2,3,2,2,2,2,1,0,2,2,1,2,1,1,2
54111,54111,Eslovaquia,4.0,4.0,5.0,4.0,3.0,5.0,5.0,5.0,8.0,6.0,7.0,5.0,6.0,5.0,4.0,4.0,5.0,8.0,6.0,2,1.0,8,1,1,5.857142857142857,2,5.0,2,1,4.333333333333333,1,2,1,2,1,1,3,0,2,2,0,1,2,2,1,1,1,1
13248,13248,Alemania,5.0,5.0,3.0,4.0,2.0,5.0,5.0,6.0,4.0,3.0,3.0,2.0,4.0,3.0,8.0,3.0,2.0,6.0,7.0,0,2.0,1,2,1,3.857142857142857,1,5.333333333333333,2,1,4.333333333333333,1,1,1,2,1,2,0,1,0,2,0,1,1,1,0,0,1,0
35851,35851,Portugal,6.0,0.0,2.0,5.0,4.0,5.0,2.0,2.0,2.0,5.0,5.0,1.0,1.0,1.0,10.0,4.0,3.0,9.0,5.0,1,2.0,5,1,2,3.571428571428572,1,3.0,1,2,2.6666666666666665,1,2,1,2,0,2,0,2,0,0,2,0,0,0,1,1,0,0
9532,9532,Alemania,7.0,5.0,7.0,5.0,2.0,7.0,7.0,6.0,4.0,6.0,7.0,5.0,6.0,6.0,7.0,6.0,5.0,8.0,6.0,0,4.0,1,1,1,5.857142857142857,2,6.666666666666667,3,1,6.333333333333333,2,2,1,2,3,2,3,0,1,2,0,2,0,2,1,1,1,2
7808,7808,Alemania,5.0,7.0,2.0,0.0,1.0,0.0,0.0,0.0,0.0,1.0,2.0,1.0,1.0,1.0,8.0,3.0,1.0,10.0,0.0,0,2.0,1,0,2,2.0,1,0.0,0,0,4.666666666666667,1,0,1,0,0,0,0,2,2,0,0,0,0,0,0,1,1,0
50430,50430,Hungría,4.0,3.0,3.0,5.0,4.0,3.0,2.0,4.0,3.0,5.0,5.0,2.0,4.0,3.0,9.0,4.0,3.0,2.0,3.0,2,3.0,7,0,0,4.428571428571429,2,3.0,1,2,3.333333333333333,1,0,1,2,0,2,2,2,2,0,2,0,1,0,1,1,1,1
10267,10267,Alemania,8.0,6.0,4.0,4.0,2.0,7.0,5.0,8.0,8.0,8.0,8.0,5.0,8.0,7.0,7.0,5.0,5.0,8.0,6.0,0,2.0,1,1,1,7.285714285714286,3,6.666666666666667,3,1,6.0,2,2,1,2,3,1,3,2,2,2,2,1,2,2,2,1,1,2
33601,33601,Italia,5.0,2.0,0.0,8.0,1.0,5.0,4.0,5.0,5.0,4.0,6.0,4.0,4.0,4.0,6.0,7.0,5.0,7.0,6.0,1,2.0,4,1,1,4.714285714285714,2,4.666666666666667,2,0,2.333333333333333,0,2,1,1,2,3,1,0,0,0,2,1,2,0,0,1,1,0
21423,21423,España,7.0,7.0,2.0,8.0,4.0,6.0,2.0,2.0,7.0,3.0,8.0,1.0,8.0,2.0,6.0,5.0,3.0,9.0,7.0,1,4.0,3,2,2,5.0,2,3.333333333333333,1,2,5.333333333333333,2,2,1,0,0,3,2,0,2,0,0,0,0,2,0,1,1,2
13211,13211,Alemania,9.0,8.0,8.0,5.0,3.0,9.0,6.0,7.0,5.0,8.0,8.0,5.0,8.0,5.0,7.0,5.0,5.0,8.0,5.0,0,3.0,1,1,1,6.571428571428571,3,7.333333333333333,3,1,8.333333333333334,3,0,1,2,3,1,3,2,2,2,2,2,2,0,2,1,1,2
61076,61076,Eslovaquia,6.0,5.0,7.0,7.0,3.0,4.0,2.0,2.0,6.0,7.0,7.0,6.0,5.0,6.0,8.0,2.0,3.0,5.0,5.0,2,2.0,8,1,0,6.428571428571429,3,2.6666666666666665,1,1,6.0,2,2,1,0,0,3,3,0,2,2,2,0,0,2,2,1,0,2
9126,9126,Alemania,5.0,6.0,8.0,6.0,2.0,5.0,4.0,5.0,5.0,7.0,7.0,4.0,4.0,5.0,6.0,7.0,7.0,7.0,4.0,0,2.0,1,1,1,5.428571428571429,2,4.666666666666667,2,1,6.333333333333333,2,2,1,2,1,1,2,2,0,2,0,1,2,2,2,1,1,2
48544,48544,Hungría,9.0,2.0,3.0,5.0,4.0,5.0,3.0,2.0,6.0,5.0,6.0,3.0,3.0,3.0,4.0,5.0,5.0,8.0,8.0,2,1.0,7,2,1,4.285714285714286,2,3.333333333333333,1,2,4.666666666666667,1,0,0,0,0,2,2,2,0,2,0,0,2,2,1,1,1,0
45307,45307,Hungría,3.0,0.0,0.0,8.0,3.0,5.0,3.0,5.0,4.0,5.0,3.0,0.0,5.0,0.0,3.0,5.0,5.0,5.0,0.0,2,3.0,7,0,0,2.857142857142857,1,4.333333333333333,2,1,1.0,0,2,1,0,2,3,0,0,0,0,2,0,0,0,1,1,1,0
32455,32455,Italia,0.0,2.0,2.0,6.0,4.0,7.0,7.0,6.0,6.0,8.0,8.0,6.0,7.0,6.0,7.0,7.0,3.0,7.0,8.0,1,1.0,4,2,1,6.857142857142857,3,6.666666666666667,3,2,1.3333333333333333,0,2,0,2,3,1,3,0,0,0,2,2,1,0,2,1,0,2
6162,6162,Bélgica,7.0,3.0,4.0,3.0,2.0,6.0,3.0,5.0,3.0,8.0,6.0,3.0,7.0,3.0,7.0,3.0,5.0,8.0,8.0,0,2.0,0,2,1,5.285714285714286,2,4.666666666666667,2,1,4.666666666666667,1,0,0,2,2,0,1,2,0,2,2,0,0,0,2,1,1,2
22173,22173,España,7.0,7.0,4.0,8.0,2.0,6.0,5.0,4.0,7.0,7.0,8.0,6.0,7.0,6.0,8.0,3.0,3.0,9.0,7.0,1,2.0,3,2,2,7.0,3,5.0,2,1,6.0,2,2,1,0,1,3,3,2,2,0,2,1,2,2,2,1,0,2
6529,6529,Bélgica,6.0,6.0,6.0,5.0,4.0,5.0,5.0,6.0,5.0,5.0,7.0,0.0,6.0,5.0,8.0,4.0,6.0,8.0,4.0,0,2.0,0,1,1,5.142857142857143,2,5.333333333333333,2,2,6.0,2,1,1,2,2,2,2,2,0,0,0,1,2,1,1,1,1,1
20246,20246,Países Bajos,7.0,4.0,8.0,3.0,3.0,7.0,4.0,4.0,6.0,9.0,8.0,8.0,8.0,6.0,7.0,7.0,8.0,8.0,1.0,0,2.0,2,0,1,7.428571428571429,3,5.0,2,1,6.333333333333333,2,0,0,0,2,0,3,0,1,2,1,1,2,0,2,1,0,2
50761,50761,Hungría,4.0,4.0,8.0,2.0,2.0,4.0,6.0,2.0,7.0,5.0,7.0,3.0,5.0,3.0,5.0,5.0,5.0,6.0,3.0,2,3.0,7,0,1,5.0,2,4.0,2,1,5.333333333333333,2,0,1,2,2,0,2,1,2,2,0,2,2,2,1,1,1,0
388,388,Bélgica,5.0,9.0,5.0,7.0,3.0,5.0,3.0,3.0,5.0,8.0,8.0,3.0,2.0,5.0,8.0,5.0,9.0,9.0,7.0,0,3.0,0,2,2,5.571428571428571,2,3.6666666666666665,1,1,6.333333333333333,2,2,1,0,2,3,2,2,2,2,0,0,2,0,2,1,1,0
7568,7568,Alemania,6.0,7.0,4.0,7.0,2.0,4.0,3.0,3.0,4.0,6.0,6.0,3.0,3.0,5.0,8.0,3.0,3.0,7.0,0.0,0,1.0,1,0,1,5.0,2,3.333333333333333,1,1,5.666666666666667,2,2,1,0,0,3,1,1,2,1,2,0,2,0,1,1,1,0
5420,5420,Bélgica,8.0,5.0,6.0,4.0,3.0,8.0,2.0,3.0,6.0,5.0,7.0,2.0,4.0,4.0,5.0,4.0,7.0,9.0,0.0,0,2.0,0,0,2,4.714285714285714,2,4.333333333333333,2,1,6.333333333333333,2,1,1,2,2,2,2,2,0,0,2,0,0,0,1,1,1,0
48086,48086,Hungría,7.0,6.0,4.0,0.0,3.0,1.0,4.0,1.0,5.0,3.0,4.0,4.0,3.0,4.0,5.0,0.0,2.0,5.0,6.0,2,2.0,7,1,0,4.0,2,2.0,1,1,5.666666666666667,2,0,1,0,0,0,2,0,1,2,0,1,0,0,0,0,1,0
58667,58667,Eslovaquia,6.0,5.0,6.0,7.0,3.0,4.0,5.0,2.0,3.0,2.0,3.0,1.0,3.0,1.0,10.0,6.0,7.0,6.0,7.0,2,1.0,8,2,1,3.2857142857142856,1,3.6666666666666665,1,1,5.666666666666667,2,2,1,2,2,3,0,0,2,2,0,1,2,0,0,1,1,2
13867,13867,Alemania,6.0,6.0,5.0,5.0,2.0,8.0,6.0,6.0,7.0,7.0,8.0,4.0,5.0,5.0,6.0,7.0,6.0,9.0,6.0,0,2.0,1,1,2,6.0,3,6.666666666666667,3,1,5.666666666666667,2,2,1,2,3,1,3,2,1,2,2,2,2,2,2,1,1,0
44499,44499,Hungría,6.0,6.0,8.0,2.0,2.0,1.0,2.0,1.0,3.0,3.0,7.0,8.0,7.0,10.0,10.0,0.0,0.0,8.0,7.0,2,1.0,7,2,1,6.857142857142857,3,1.3333333333333333,0,1,6.666666666666667,2,0,1,0,0,0,3,0,2,2,0,0,0,1,0,1,1,2
30382,30382,Italia,5.0,0.0,6.0,10.0,3.0,0.0,0.0,0.0,0.0,0.0,8.0,0.0,0.0,0.0,8.0,0.0,0.0,10.0,8.0,1,2.0,4,2,2,2.2857142857142856,1,0.0,0,1,3.6666666666666665,1,2,0,0,0,3,0,2,0,2,0,0,0,0,0,1,1,0
5174,5174,Bélgica,6.0,5.0,4.0,5.0,4.0,3.0,4.0,0.0,3.0,0.0,2.0,3.0,2.0,3.0,7.0,2.0,5.0,5.0,6.0,0,1.0,0,1,0,2.857142857142857,1,2.333333333333333,1,2,5.0,2,0,1,0,0,1,0,2,1,2,1,1,0,1,0,1,1,0
31421,31421,Italia,6.0,8.0,7.0,4.0,2.0,3.0,4.0,3.0,6.0,6.0,7.0,5.0,5.0,5.0,10.0,2.0,3.0,5.0,4.0,1,1.0,4,1,0,6.285714285714286,3,3.333333333333333,1,1,7.0,2,1,1,0,0,1,3,2,2,0,2,1,0,0,1,1,1,1
34370,34370,Portugal,9.0,7.0,5.0,2.0,2.0,5.0,1.0,2.0,3.0,3.0,7.0,3.0,5.0,4.0,8.0,2.0,5.0,10.0,0.0,1,1.0,5,0,2,4.714285714285714,2,2.6666666666666665,1,1,7.0,2,0,1,0,0,0,1,2,2,1,2,0,0,2,0,1,1,0
25017,25017,España,8.0,6.0,7.0,3.0,3.0,8.0,6.0,5.0,5.0,5.0,7.0,2.0,7.0,2.0,7.0,9.0,9.0,7.0,1.0,1,2.0,3,0,1,5.0,2,6.333333333333333,3,1,7.0,2,0,0,2,3,0,1,2,1,1,2,2,2,0,1,1,1,2
55115,55115,Eslovaquia,3.0,1.0,3.0,2.0,3.0,8.0,2.0,8.0,5.0,5.0,4.0,6.0,2.0,6.0,7.0,2.0,8.0,7.0,2.0,2,1.0,8,0,1,5.0,2,6.0,3,1,2.333333333333333,0,0,1,0,3,0,2,0,0,0,2,0,2,2,1,1,0,0
51568,51568,Hungría,8.0,5.0,8.0,6.0,2.0,6.0,4.0,4.0,6.0,6.0,7.0,6.0,8.0,0.0,3.0,8.0,5.0,6.0,8.0,2,1.0,7,2,1,5.142857142857143,2,4.666666666666667,2,1,7.0,2,1,0,2,2,1,2,2,1,2,0,1,0,0,1,1,0,2
16659,16659,Países Bajos,6.0,6.0,6.0,7.0,2.0,7.0,6.0,5.0,2.0,7.0,7.0,5.0,7.0,6.0,8.0,5.0,5.0,8.0,8.0,0,3.0,2,2,1,6.0,3,6.0,3,1,6.0,2,2,0,2,3,3,3,1,1,1,0,2,2,0,2,1,1,2
13534,13534,Alemania,8.0,7.0,7.0,5.0,2.0,7.0,6.0,3.0,6.0,8.0,8.0,4.0,6.0,4.0,3.0,9.0,8.0,9.0,5.0,0,2.0,1,1,2,5.571428571428571,2,5.333333333333333,2,1,7.333333333333333,2,1,1,2,1,1,2,2,2,0,2,2,2,0,2,1,1,1
11470,11470,Alemania,6.0,4.0,6.0,6.0,2.0,3.0,7.0,0.0,0.0,5.0,7.0,0.0,1.0,0.0,9.0,4.0,2.0,8.0,0.0,0,2.0,1,0,1,3.142857142857143,1,3.333333333333333,1,1,5.333333333333333,2,2,1,1,0,1,0,1,1,0,2,2,0,0,1,1,1,0
47476,47476,Hungría,3.0,2.0,4.0,5.0,3.0,0.0,4.0,2.0,4.0,2.0,2.0,0.0,0.0,2.0,4.0,5.0,5.0,6.0,3.0,2,2.0,7,0,1,2.0,1,2.0,1,1,3.0,1,0,1,0,0,1,0,0,0,0,0,1,2,0,0,1,0,0
43270,43270,Croacia,6.0,2.0,5.0,3.0,2.0,8.0,5.0,2.0,5.0,2.0,3.0,2.0,8.0,2.0,4.0,10.0,9.0,9.0,0.0,1,2.0,6,0,2,3.7142857142857135,1,5.0,2,1,4.333333333333333,1,0,0,0,2,0,0,1,0,0,2,1,0,0,0,0,1,2
38924,38924,Portugal,0.0,0.0,0.0,0.0,1.0,7.0,0.0,0.0,6.0,7.0,8.0,3.0,4.0,5.0,9.0,0.0,0.0,5.0,3.0,1,2.0,5,0,0,6.0,3,2.333333333333333,1,0,0.0,0,0,1,0,0,0,3,0,0,0,2,0,0,2,2,1,1,2
55719,55719,Eslovaquia,5.0,8.0,2.0,10.0,3.0,5.0,7.0,4.0,9.0,3.0,3.0,3.0,3.0,3.0,9.0,10.0,10.0,8.0,6.0,2,1.0,8,1,1,4.714285714285714,2,5.333333333333333,2,1,5.0,2,2,1,0,2,3,1,2,2,0,1,2,2,2,0,1,1,0
53809,53809,Eslovaquia,4.0,6.0,6.0,6.0,3.0,5.0,7.0,6.0,5.0,6.0,4.0,5.0,5.0,6.0,10.0,7.0,7.0,6.0,8.0,2,1.0,8,2,1,5.857142857142857,2,6.0,3,1,5.333333333333333,2,2,1,2,3,1,3,2,0,1,0,2,2,2,1,1,1,0
2331,2331,Bélgica,5.0,4.0,3.0,7.0,2.0,5.0,6.0,6.0,5.0,2.0,6.0,5.0,5.0,5.0,7.0,6.0,5.0,9.0,7.0,0,1.0,0,2,2,5.0,2,5.666666666666667,2,1,4.0,1,2,1,2,2,3,2,2,2,1,2,2,0,2,0,1,1,2
52939,52939,Hungría,8.0,9.0,9.0,5.0,3.0,7.0,0.0,5.0,7.0,6.0,8.0,5.0,6.0,5.0,4.0,7.0,5.0,8.0,0.0,2,1.0,7,0,1,5.857142857142857,2,4.0,2,1,8.666666666666666,3,0,1,0,2,2,3,2,2,2,0,0,2,2,1,1,1,0
56035,56035,Eslovaquia,7.0,4.0,3.0,9.0,4.0,6.0,6.0,4.0,5.0,4.0,4.0,4.0,5.0,3.0,8.0,5.0,5.0,9.0,9.0,2,2.0,8,2,2,4.714285714285714,2,5.333333333333333,2,2,4.666666666666667,1,2,0,2,1,3,1,0,2,1,2,2,1,2,0,1,1,1
23180,23180,España,7.0,5.0,5.0,5.0,4.0,6.0,5.0,5.0,2.0,5.0,6.0,0.0,2.0,0.0,7.0,7.0,5.0,8.0,3.0,1,4.0,3,0,1,3.142857142857143,1,5.333333333333333,2,2,5.666666666666667,2,2,1,2,1,1,0,2,0,0,2,1,0,0,1,1,0,0
4211,4211,Bélgica,7.0,8.0,7.0,6.0,2.0,2.0,7.0,1.0,3.0,3.0,5.0,3.0,4.0,5.0,6.0,7.0,5.0,7.0,2.0,0,4.0,0,0,1,4.142857142857143,2,3.333333333333333,1,1,7.333333333333333,2,1,1,2,0,2,2,0,2,0,0,2,0,2,0,1,1,0
5928,5928,Bélgica,2.0,2.0,7.0,6.0,3.0,7.0,8.0,9.0,6.0,2.0,5.0,6.0,7.0,5.0,8.0,3.0,6.0,10.0,4.0,0,5.0,0,1,2,5.571428571428571,2,8.0,4,1,3.6666666666666665,1,0,1,2,3,2,1,0,0,0,0,2,2,2,0,1,0,2
19294,19294,Países Bajos,6.0,5.0,6.0,6.0,2.0,7.0,5.0,5.0,4.0,4.0,6.0,6.0,4.0,5.0,9.0,4.0,4.0,8.0,5.0,0,2.0,2,1,1,5.428571428571429,2,5.666666666666667,2,1,5.666666666666667,2,1,1,0,2,1,1,2,0,1,2,1,2,0,0,1,0,2
22775,22775,España,4.0,5.0,3.0,4.0,3.0,3.0,3.0,3.0,4.0,0.0,5.0,0.0,0.0,0.0,10.0,7.0,10.0,10.0,5.0,1,2.0,3,1,2,2.7142857142857144,1,3.0,1,1,4.0,1,0,1,2,0,2,0,2,2,0,1,0,1,0,0,1,1,0
3099,3099,Bélgica,0.0,0.0,0.0,4.0,4.0,5.0,4.0,5.0,0.0,0.0,0.0,0.0,0.0,0.0,9.0,5.0,0.0,3.0,2.0,0,4.0,0,0,0,1.2857142857142858,0,4.666666666666667,2,2,0.0,0,2,1,0,2,2,0,0,0,0,1,1,0,0,0,1,1,0
40289,40289,Portugal,8.0,7.0,8.0,7.0,3.0,3.0,2.0,2.0,4.0,2.0,9.0,2.0,2.0,2.0,5.0,0.0,2.0,9.0,7.0,1,2.0,5,2,2,3.7142857142857135,1,2.333333333333333,1,1,7.666666666666667,3,2,1,0,0,3,0,2,2,2,0,0,0,0,0,0,1,0
27053,27053,España,8.0,3.0,4.0,2.0,1.0,6.0,6.0,5.0,2.0,4.0,5.0,5.0,6.0,5.0,6.0,6.0,6.0,7.0,0.0,1,2.0,3,0,1,4.714285714285714,2,5.666666666666667,2,0,5.0,2,0,0,2,2,0,2,2,0,1,0,2,0,0,0,1,1,0
27064,27064,España,8.0,8.0,7.0,7.0,4.0,7.0,6.0,7.0,7.0,5.0,8.0,7.0,7.0,5.0,10.0,7.0,7.0,10.0,7.0,1,3.0,3,2,2,7.0,3,6.666666666666667,3,2,7.666666666666667,3,2,1,2,3,3,3,2,2,2,1,2,2,2,1,1,0,2
29678,29678,Italia,5.0,6.0,7.0,9.0,2.0,5.0,7.0,5.0,4.0,4.0,8.0,4.0,3.0,4.0,7.0,5.0,5.0,7.0,3.0,1,2.0,4,0,1,4.857142857142857,2,5.666666666666667,2,1,6.0,2,2,1,1,2,3,2,1,2,0,1,2,2,1,0,1,1,0
48956,48956,Hungría,0.0,1.0,0.0,5.0,4.0,0.0,0.0,0.0,2.0,5.0,5.0,0.0,0.0,0.0,8.0,2.0,2.0,8.0,5.0,2,2.0,7,1,1,2.857142857142857,1,0.0,0,2,0.3333333333333333,0,0,1,0,0,1,0,0,0,0,0,0,0,0,1,1,1,0
32168,32168,Italia,1.0,5.0,5.0,5.0,2.0,4.0,0.0,3.0,0.0,2.0,6.0,0.0,3.0,1.0,9.0,0.0,2.0,0.0,5.0,1,2.0,4,1,0,3.0,1,2.333333333333333,1,1,3.6666666666666665,1,2,1,0,0,1,0,0,0,2,0,0,2,0,0,1,1,2
50254,50254,Hungría,6.0,8.0,8.0,8.0,3.0,7.0,7.0,8.0,6.0,7.0,7.0,6.0,5.0,7.0,10.0,5.0,6.0,7.0,2.0,2,3.0,7,0,1,6.857142857142857,3,7.333333333333333,3,1,7.333333333333333,2,2,1,2,3,3,3,2,2,2,2,2,2,1,2,1,0,0
2967,2967,Bélgica,8.0,3.0,8.0,6.0,1.0,7.0,8.0,5.0,8.0,7.0,6.0,6.0,7.0,7.0,6.0,5.0,5.0,8.0,0.0,0,2.0,0,0,1,6.714285714285714,3,6.666666666666667,3,0,6.333333333333333,2,0,1,2,3,1,3,2,2,2,0,2,2,2,2,1,0,2
33743,33743,Portugal,5.0,0.0,3.0,0.0,4.0,1.0,0.0,1.0,0.0,5.0,10.0,0.0,2.0,3.0,5.0,0.0,3.0,5.0,5.0,1,2.0,5,1,0,3.571428571428572,1,0.6666666666666666,0,2,2.6666666666666665,1,0,1,0,0,0,0,2,0,1,0,0,0,0,1,1,1,0
35765,35765,Portugal,5.0,3.0,5.0,10.0,1.0,5.0,1.0,3.0,7.0,2.0,8.0,2.0,2.0,2.0,9.0,1.0,3.0,7.0,6.0,1,2.0,5,1,1,4.571428571428571,2,3.0,1,0,4.333333333333333,1,2,1,2,0,3,1,2,2,2,2,0,2,2,0,1,1,0
60795,60795,Eslovaquia,4.0,6.0,7.0,7.0,1.0,7.0,5.0,4.0,8.0,8.0,5.0,4.0,6.0,3.0,9.0,7.0,8.0,9.0,0.0,2,1.0,8,0,2,6.142857142857143,3,5.333333333333333,2,0,5.666666666666667,2,2,1,0,2,3,3,0,0,0,1,1,0,2,2,1,1,2
37619,37619,Portugal,3.0,2.0,3.0,0.0,1.0,6.0,5.0,5.0,5.0,3.0,5.0,5.0,6.0,5.0,8.0,5.0,5.0,6.0,5.0,1,4.0,5,1,1,5.285714285714286,2,5.333333333333333,2,0,2.6666666666666665,1,0,1,0,2,0,2,0,0,2,2,1,2,2,0,1,1,2
36939,36939,Portugal,6.0,6.0,8.0,4.0,3.0,0.0,0.0,0.0,2.0,3.0,2.0,2.0,5.0,2.0,10.0,2.0,1.0,9.0,8.0,1,2.0,5,2,2,3.7142857142857135,1,0.0,0,1,6.666666666666667,2,1,0,0,0,2,0,2,0,2,0,0,0,0,0,1,1,2
2197,2197,Bélgica,8.0,8.0,7.0,5.0,3.0,8.0,10.0,9.0,7.0,7.0,6.0,7.0,7.0,8.0,9.0,7.0,2.0,7.0,8.0,0,3.0,0,2,1,7.285714285714286,3,9.0,4,1,7.666666666666667,3,2,1,2,3,1,3,2,2,0,2,2,2,2,2,1,0,2
39882,39882,Portugal,8.0,5.0,4.0,2.0,4.0,5.0,5.0,7.0,3.0,0.0,5.0,1.0,3.0,1.0,8.0,3.0,5.0,9.0,5.0,1,2.0,5,1,2,3.0,1,5.666666666666667,2,2,5.666666666666667,2,0,1,2,2,0,0,2,0,0,2,1,2,0,0,1,0,0
53856,53856,Eslovaquia,10.0,5.0,0.0,5.0,4.0,0.0,0.0,0.0,0.0,0.0,0.0,2.0,0.0,1.0,5.0,0.0,0.0,5.0,5.0,2,2.0,8,1,0,1.1428571428571428,0,0.0,0,2,5.0,2,1,1,0,0,2,0,2,1,0,0,0,0,0,0,1,1,0
52990,52990,Hungría,8.0,8.0,10.0,2.0,2.0,5.0,5.0,5.0,5.0,5.0,7.0,5.0,4.0,4.0,8.0,5.0,5.0,7.0,7.0,2,1.0,7,2,1,5.428571428571429,2,5.0,2,1,8.666666666666666,3,0,1,2,1,0,2,2,2,2,2,1,0,1,1,1,1,2
37674,37674,Portugal,2.0,5.0,8.0,3.0,4.0,3.0,4.0,2.0,3.0,4.0,4.0,1.0,1.0,0.0,10.0,5.0,5.0,4.0,2.0,1,3.0,5,0,0,3.2857142857142856,1,3.0,1,2,5.0,2,0,1,2,0,0,0,0,0,2,2,1,2,0,0,1,1,0
52790,52790,Hungría,5.0,4.0,6.0,6.0,2.0,4.0,4.0,4.0,7.0,7.0,6.0,6.0,6.0,0.0,7.0,5.0,5.0,6.0,6.0,2,1.0,7,1,1,5.571428571428571,2,4.0,2,1,5.0,2,1,1,0,1,2,2,2,1,2,2,1,0,2,2,1,0,2
33056,33056,Italia,5.0,3.0,4.0,5.0,2.0,4.0,5.0,6.0,5.0,3.0,4.0,2.0,4.0,0.0,7.0,2.0,6.0,5.0,4.0,1,2.0,4,1,0,3.571428571428572,1,5.0,2,1,4.0,1,1,1,2,2,1,0,2,1,2,0,1,0,0,0,1,1,2
41758,41758,Croacia,5.0,4.0,4.0,4.0,1.0,5.0,7.0,5.0,4.0,6.0,6.0,6.0,6.0,5.0,10.0,3.0,3.0,7.0,8.0,1,3.0,6,2,1,6.142857142857143,3,5.666666666666667,2,0,4.333333333333333,1,1,1,2,1,2,3,0,0,0,2,2,2,2,1,1,1,0
32084,32084,Italia,7.0,7.0,8.0,4.0,2.0,7.0,6.0,6.0,8.0,8.0,8.0,8.0,8.0,8.0,8.0,4.0,3.0,6.0,6.0,1,3.0,4,1,1,8.0,4,6.333333333333333,3,1,7.333333333333333,2,2,1,2,3,1,3,0,2,2,1,2,2,2,2,1,0,2
43667,43667,Hungría,6.0,0.0,7.0,7.0,3.0,5.0,6.0,7.0,0.0,6.0,6.0,4.0,6.0,3.0,8.0,5.0,0.0,10.0,0.0,2,1.0,7,0,2,4.714285714285714,2,6.0,3,1,4.333333333333333,1,2,1,2,3,3,1,0,0,1,1,2,2,0,1,1,1,2
24637,24637,España,6.0,2.0,4.0,1.0,2.0,4.0,3.0,2.0,2.0,2.0,5.0,2.0,2.0,2.0,6.0,5.0,4.0,7.0,0.0,1,2.0,3,0,1,3.0,1,3.0,1,1,4.0,1,0,1,0,0,0,0,0,0,0,2,0,1,0,0,1,1,0
41288,41288,Croacia,0.0,0.0,10.0,5.0,4.0,0.0,4.0,0.0,0.0,0.0,5.0,0.0,0.0,0.0,6.0,0.0,0.0,10.0,10.0,1,1.0,6,2,2,1.5714285714285714,0,1.3333333333333333,0,2,3.333333333333333,1,2,0,0,0,2,0,0,0,2,0,1,0,0,0,1,0,0
45405,45405,Hungría,0.0,0.0,0.0,5.0,4.0,0.0,0.0,0.0,8.0,2.0,6.0,0.0,0.0,0.0,9.0,4.0,0.0,7.0,6.0,2,1.0,7,1,1,3.571428571428572,1,0.0,0,2,0.0,0,2,1,0,0,1,0,0,0,0,0,0,0,2,0,1,1,0
45132,45132,Hungría,5.0,3.0,5.0,5.0,3.0,7.0,2.0,3.0,6.0,3.0,2.0,3.0,1.0,3.0,10.0,7.0,7.0,8.0,0.0,2,2.0,7,0,1,4.0,2,4.0,2,1,4.333333333333333,1,2,1,0,2,1,2,2,2,2,2,0,2,2,0,1,1,0
31378,31378,Italia,7.0,5.0,7.0,7.0,3.0,6.0,7.0,8.0,7.0,8.0,9.0,7.0,8.0,7.0,9.0,7.0,3.0,7.0,8.0,1,1.0,4,2,1,7.857142857142857,3,7.0,3,1,6.333333333333333,2,2,0,2,3,3,3,0,0,2,2,2,2,2,2,0,0,2
1959,1959,Bélgica,2.0,3.0,0.0,3.0,2.0,7.0,6.0,5.0,6.0,8.0,8.0,5.0,6.0,5.0,9.0,6.0,6.0,7.0,8.0,0,1.0,0,2,1,6.714285714285714,3,6.0,3,1,1.6666666666666667,0,0,1,2,3,0,3,0,0,0,2,2,0,0,2,1,1,1
13859,13859,Alemania,5.0,4.0,1.0,5.0,2.0,4.0,5.0,3.0,2.0,2.0,7.0,2.0,4.0,2.0,4.0,5.0,5.0,6.0,5.0,0,2.0,1,1,1,3.2857142857142856,1,4.0,2,1,3.333333333333333,1,1,1,2,2,2,0,2,2,0,2,1,2,0,0,1,1,0
60837,60837,Eslovaquia,5.0,3.0,0.0,7.0,1.0,8.0,7.0,8.0,5.0,5.0,5.0,7.0,7.0,5.0,8.0,2.0,3.0,8.0,0.0,2,2.0,8,0,1,6.0,3,7.666666666666667,3,0,2.6666666666666665,1,2,0,2,3,3,3,2,1,0,2,2,2,0,1,1,0,2
26683,26683,España,5.0,5.0,5.0,5.0,4.0,5.0,0.0,0.0,5.0,0.0,8.0,0.0,5.0,0.0,0.0,5.0,7.0,8.0,0.0,1,2.0,3,0,1,2.571428571428572,1,1.6666666666666667,0,2,5.0,2,0,1,0,0,1,0,0,2,2,2,0,0,1,0,1,1,2
29923,29923,Italia,4.0,2.0,4.0,5.0,2.0,2.0,4.0,3.0,2.0,1.0,2.0,1.0,1.0,2.0,4.0,4.0,5.0,7.0,0.0,1,1.0,4,0,1,1.8571428571428568,0,3.0,1,1,3.333333333333333,1,0,0,0,0,1,0,1,0,0,0,1,2,0,0,1,1,0
24061,24061,España,4.0,7.0,4.0,4.0,1.0,0.0,0.0,0.0,0.0,2.0,7.0,0.0,2.0,3.0,6.0,7.0,7.0,4.0,0.0,1,3.0,3,0,0,2.857142857142857,1,0.0,0,0,5.0,2,1,1,0,0,1,0,2,2,2,0,0,0,0,0,1,1,0
62157,62157,Eslovaquia,10.0,0.0,5.0,5.0,3.0,0.0,0.0,0.0,0.0,0.0,5.0,0.0,0.0,0.0,7.0,0.0,0.0,10.0,5.0,2,1.0,8,1,2,1.7142857142857142,0,0.0,0,1,5.0,2,2,1,0,0,1,0,2,0,0,0,0,0,0,0,1,1,0
1457,1457,Bélgica,5.0,4.0,3.0,0.0,2.0,2.0,3.0,2.0,2.0,2.0,4.0,2.0,2.0,2.0,8.0,3.0,8.0,9.0,8.0,0,1.0,0,2,2,3.142857142857143,1,2.333333333333333,1,1,4.0,1,0,0,0,0,0,0,2,0,2,0,0,2,0,0,1,1,0
51287,51287,Hungría,0.0,3.0,0.0,5.0,4.0,2.0,1.0,1.0,0.0,0.0,0.0,0.0,0.0,0.0,8.0,0.0,0.0,0.0,3.0,2,1.0,7,0,0,1.1428571428571428,0,1.3333333333333333,0,2,1.0,0,2,1,0,0,1,0,0,2,0,0,0,0,0,0,1,1,0
26750,26750,España,5.0,4.0,7.0,5.0,4.0,6.0,3.0,4.0,4.0,2.0,6.0,2.0,5.0,2.0,5.0,5.0,7.0,7.0,5.0,1,4.0,3,1,1,3.7142857142857135,1,4.333333333333333,2,2,5.333333333333333,2,2,1,2,1,2,0,0,0,1,1,0,2,2,0,1,1,2
12775,12775,Alemania,7.0,4.0,3.0,6.0,1.0,7.0,4.0,6.0,5.0,7.0,7.0,5.0,6.0,5.0,8.0,5.0,6.0,7.0,5.0,0,2.0,1,1,1,6.142857142857143,3,5.666666666666667,2,0,4.666666666666667,1,0,1,2,1,2,3,2,0,0,1,1,2,2,2,1,1,1
12384,12384,Alemania,10.0,8.0,5.0,9.0,3.0,8.0,6.0,1.0,1.0,8.0,8.0,0.0,2.0,0.0,8.0,2.0,3.0,8.0,0.0,0,2.0,1,0,1,3.857142857142857,1,5.0,2,1,7.666666666666667,3,2,1,0,2,3,0,2,2,1,2,2,0,0,2,1,0,0
20165,20165,Países Bajos,8.0,7.0,8.0,6.0,3.0,7.0,8.0,5.0,4.0,7.0,7.0,4.0,4.0,4.0,9.0,5.0,5.0,8.0,3.0,0,1.0,2,0,1,5.571428571428571,2,6.666666666666667,3,1,7.666666666666667,3,1,1,2,3,2,2,2,2,2,2,2,2,0,2,1,1,2
6968,6968,Bélgica,3.0,4.0,5.0,6.0,2.0,6.0,7.0,7.0,6.0,7.0,9.0,7.0,8.0,7.0,8.0,8.0,8.0,7.0,6.0,0,1.0,0,1,1,7.428571428571429,3,6.666666666666667,3,1,4.0,1,1,1,2,3,2,3,0,2,2,2,2,2,0,2,0,0,2
49833,49833,Hungría,4.0,2.0,2.0,10.0,4.0,7.0,8.0,8.0,0.0,10.0,10.0,9.0,10.0,7.0,7.0,2.0,4.0,6.0,4.0,2,1.0,7,1,1,7.571428571428571,3,7.666666666666667,3,2,2.6666666666666665,1,2,1,2,3,3,3,2,0,0,2,2,2,0,2,0,1,2
48950,48950,Hungría,8.0,8.0,8.0,6.0,2.0,5.0,4.0,5.0,8.0,6.0,7.0,5.0,5.0,5.0,9.0,1.0,5.0,3.0,5.0,2,1.0,7,1,0,6.428571428571429,3,4.666666666666667,2,1,8.0,3,2,1,0,2,1,3,2,2,2,2,1,2,2,1,1,1,0
59802,59802,Eslovaquia,7.0,3.0,8.0,3.0,3.0,1.0,3.0,5.0,6.0,8.0,8.0,7.0,7.0,7.0,0.0,5.0,2.0,5.0,9.0,2,2.0,8,2,0,6.142857142857143,3,3.0,1,1,6.0,2,0,0,2,0,0,3,0,2,2,0,0,0,0,2,1,0,2
18120,18120,Países Bajos,8.0,6.0,5.0,4.0,4.0,5.0,6.0,6.0,1.0,3.0,6.0,5.0,5.0,5.0,8.0,5.0,5.0,9.0,3.0,0,2.0,2,0,2,4.714285714285714,2,5.666666666666667,2,2,6.333333333333333,2,1,1,2,1,2,1,2,0,1,2,2,0,0,0,1,1,2
4799,4799,Bélgica,7.0,3.0,7.0,4.0,2.0,7.0,8.0,7.0,4.0,7.0,8.0,4.0,6.0,4.0,8.0,6.0,5.0,5.0,2.0,0,2.0,0,0,0,5.857142857142857,2,7.333333333333333,3,1,5.666666666666667,2,0,1,2,3,2,3,2,2,0,2,2,2,1,2,1,1,0
51718,51718,Hungría,8.0,8.0,8.0,6.0,3.0,8.0,8.0,8.0,8.0,9.0,9.0,7.0,8.0,7.0,8.0,5.0,4.0,10.0,2.0,2,1.0,7,0,2,8.0,4,8.0,4,1,8.0,3,1,1,2,3,1,3,2,2,2,2,2,2,2,2,0,0,2
4380,4380,Bélgica,4.0,4.0,6.0,7.0,2.0,5.0,6.0,4.0,5.0,4.0,5.0,3.0,3.0,3.0,7.0,5.0,5.0,7.0,2.0,0,2.0,0,0,1,4.285714285714286,2,5.0,2,1,4.666666666666667,1,2,1,0,2,3,1,1,0,2,1,2,2,2,0,1,1,0
51558,51558,Hungría,2.0,3.0,3.0,5.0,3.0,3.0,3.0,2.0,6.0,2.0,4.0,2.0,2.0,2.0,4.0,3.0,2.0,6.0,0.0,2,2.0,7,0,1,3.142857142857143,1,2.6666666666666665,1,1,2.6666666666666665,1,2,0,0,0,1,0,0,0,2,0,0,1,0,0,1,1,0
51383,51383,Hungría,4.0,3.0,2.0,5.0,4.0,2.0,3.0,3.0,2.0,4.0,6.0,2.0,4.0,1.0,8.0,2.0,1.0,6.0,8.0,2,1.0,7,2,1,3.857142857142857,1,2.6666666666666665,1,2,3.0,1,0,1,0,0,1,0,0,0,0,0,0,0,0,0,1,1,0
28373,28373,Italia,4.0,2.0,3.0,8.0,4.0,6.0,7.0,7.0,2.0,5.0,10.0,4.0,4.0,3.0,9.0,5.0,3.0,4.0,7.0,1,2.0,4,2,0,5.285714285714286,2,6.666666666666667,3,2,3.0,1,2,1,2,3,3,2,0,0,2,2,2,2,0,1,0,1,2
49567,49567,Hungría,6.0,3.0,5.0,6.0,3.0,7.0,6.0,7.0,6.0,8.0,5.0,4.0,6.0,4.0,0.0,5.0,4.0,8.0,2.0,2,2.0,7,0,1,4.714285714285714,2,6.666666666666667,3,1,4.666666666666667,1,0,1,2,3,2,2,2,1,0,0,2,2,2,2,1,1,0
26882,26882,España,6.0,7.0,5.0,7.0,4.0,6.0,5.0,2.0,1.0,4.0,7.0,0.0,1.0,0.0,8.0,5.0,4.0,8.0,5.0,1,3.0,3,1,1,3.0,1,4.333333333333333,2,2,6.0,2,2,1,1,1,3,0,2,2,2,1,1,2,0,0,1,1,0
6267,6267,Bélgica,8.0,6.0,5.0,5.0,3.0,6.0,7.0,7.0,8.0,8.0,7.0,7.0,6.0,6.0,7.0,5.0,5.0,9.0,7.0,0,1.0,0,2,2,7.0,3,6.666666666666667,3,1,6.333333333333333,2,2,1,2,3,1,3,2,2,1,2,2,2,2,2,1,0,0
5074,5074,Bélgica,3.0,1.0,2.0,5.0,4.0,0.0,0.0,0.0,1.0,0.0,0.0,1.0,3.0,2.0,7.0,6.0,7.0,7.0,0.0,0,1.0,0,0,1,2.0,1,0.0,0,2,2.0,0,2,1,0,0,1,0,0,0,0,0,0,0,0,0,0,1,2
18828,18828,Países Bajos,8.0,6.0,8.0,5.0,3.0,6.0,6.0,3.0,5.0,6.0,4.0,7.0,4.0,7.0,9.0,5.0,6.0,8.0,4.0,0,2.0,2,1,1,6.0,3,5.0,2,1,7.333333333333333,2,2,1,0,2,1,3,2,0,2,1,2,2,0,1,1,0,0
17402,17402,Países Bajos,7.0,7.0,5.0,3.0,2.0,4.0,3.0,2.0,5.0,3.0,3.0,3.0,1.0,2.0,8.0,7.0,6.0,8.0,1.0,0,2.0,2,0,1,3.571428571428572,1,3.0,1,1,6.333333333333333,2,0,0,0,0,0,0,2,2,0,2,0,0,0,0,1,1,0
15717,15717,Países Bajos,6.0,6.0,4.0,3.0,3.0,5.0,7.0,5.0,6.0,6.0,8.0,6.0,6.0,6.0,7.0,5.0,4.0,7.0,1.0,0,2.0,2,0,1,6.428571428571429,3,5.666666666666667,2,1,5.333333333333333,2,0,1,0,2,0,3,0,2,2,2,2,0,0,1,1,0,2
45228,45228,Hungría,5.0,6.0,6.0,3.0,3.0,2.0,5.0,3.0,10.0,10.0,10.0,5.0,6.0,5.0,6.0,1.0,6.0,10.0,7.0,2,1.0,7,2,2,7.428571428571429,3,3.333333333333333,1,1,5.666666666666667,2,0,1,2,0,0,3,0,0,2,0,1,2,2,2,0,1,2
9268,9268,Alemania,3.0,7.0,7.0,8.0,2.0,9.0,8.0,7.0,7.0,5.0,8.0,4.0,6.0,3.0,8.0,5.0,5.0,9.0,4.0,0,2.0,1,1,2,5.857142857142857,2,8.0,4,1,5.666666666666667,2,2,1,2,3,3,3,0,2,1,2,2,2,2,1,1,1,0
44338,44338,Hungría,7.0,6.0,8.0,5.0,2.0,8.0,9.0,9.0,8.0,8.0,10.0,9.0,8.0,8.0,8.0,4.0,5.0,8.0,1.0,2,1.0,7,0,1,8.428571428571429,4,8.666666666666666,4,1,7.0,2,2,0,2,3,1,3,0,0,2,2,2,2,2,2,0,0,2
52994,52994,Hungría,3.0,2.0,3.0,6.0,3.0,7.0,5.0,3.0,7.0,7.0,4.0,4.0,3.0,3.0,9.0,3.0,3.0,6.0,2.0,2,2.0,7,0,1,5.285714285714286,2,5.0,2,1,2.6666666666666665,1,2,1,0,2,1,2,0,0,0,0,1,0,2,2,0,1,0
44000,44000,Hungría,9.0,5.0,7.0,4.0,1.0,4.0,3.0,7.0,3.0,2.0,8.0,6.0,8.0,0.0,5.0,5.0,3.0,9.0,0.0,2,2.0,7,0,2,4.571428571428571,2,4.666666666666667,2,0,7.0,2,2,0,2,1,2,2,2,0,1,2,0,2,0,0,1,0,2
54822,54822,Eslovaquia,5.0,3.0,5.0,7.0,3.0,3.0,4.0,4.0,6.0,5.0,5.0,2.0,2.0,3.0,8.0,7.0,5.0,8.0,5.0,2,1.0,8,1,1,4.428571428571429,2,3.6666666666666665,1,1,4.333333333333333,1,2,1,2,2,3,1,1,1,1,2,1,2,0,1,1,1,0
9873,9873,Alemania,6.0,8.0,5.0,3.0,3.0,6.0,8.0,4.0,2.0,4.0,7.0,2.0,3.0,2.0,10.0,8.0,8.0,7.0,3.0,0,2.0,1,0,1,4.285714285714286,2,6.0,3,1,6.333333333333333,2,0,1,2,3,0,2,2,2,1,0,2,2,0,0,1,1,0
32742,32742,Italia,7.0,4.0,6.0,4.0,2.0,2.0,5.0,6.0,6.0,5.0,7.0,4.0,3.0,0.0,8.0,7.0,4.0,7.0,6.0,1,1.0,4,1,1,4.714285714285714,2,4.333333333333333,2,1,5.666666666666667,2,0,1,0,2,2,2,0,0,2,0,1,2,0,1,1,1,0
39993,39993,Portugal,7.0,4.0,4.0,6.0,4.0,3.0,3.0,3.0,7.0,4.0,4.0,0.0,4.0,0.0,4.0,6.0,5.0,8.0,3.0,1,2.0,5,0,1,3.2857142857142856,1,3.0,1,2,5.0,2,1,1,0,0,2,0,0,1,2,1,0,2,2,0,1,1,0
35612,35612,Portugal,6.0,4.0,5.0,6.0,3.0,5.0,4.0,3.0,5.0,6.0,8.0,3.0,3.0,3.0,9.0,5.0,5.0,7.0,9.0,1,5.0,5,2,1,5.285714285714286,2,4.0,2,1,5.0,2,2,1,0,2,1,2,0,0,2,0,1,2,0,1,1,1,1
49459,49459,Hungría,4.0,2.0,2.0,10.0,3.0,0.0,2.0,0.0,0.0,0.0,0.0,0.0,0.0,0.0,6.0,0.0,3.0,8.0,0.0,2,1.0,7,0,1,0.8571428571428571,0,0.6666666666666666,0,1,2.6666666666666665,1,2,1,0,0,3,0,1,0,0,0,0,0,0,0,1,1,0
24059,24059,España,2.0,3.0,2.0,5.0,4.0,4.0,3.0,3.0,3.0,4.0,6.0,1.0,3.0,1.0,3.0,5.0,2.0,7.0,7.0,1,2.0,3,2,1,3.0,1,3.333333333333333,1,2,2.333333333333333,0,0,1,0,0,2,0,0,1,0,2,0,1,2,0,1,1,0
42127,42127,Croacia,3.0,2.0,4.0,6.0,4.0,2.0,4.0,2.0,1.0,4.0,6.0,1.0,3.0,1.0,7.0,2.0,1.0,6.0,6.0,1,1.0,6,1,1,3.2857142857142856,1,2.6666666666666665,1,2,3.0,1,2,1,0,0,1,0,0,0,0,0,1,2,0,0,1,1,2
18449,18449,Países Bajos,7.0,7.0,6.0,5.0,2.0,7.0,7.0,6.0,3.0,4.0,6.0,4.0,4.0,4.0,8.0,7.0,7.0,8.0,0.0,0,1.0,2,0,1,4.714285714285714,2,6.666666666666667,3,1,6.666666666666667,2,0,1,2,3,1,2,2,2,2,0,2,2,2,0,1,1,0
33172,33172,Italia,6.0,4.0,6.0,3.0,3.0,7.0,1.0,6.0,6.0,7.0,8.0,4.0,4.0,4.0,6.0,4.0,4.0,7.0,8.0,1,1.0,4,2,1,5.571428571428571,2,4.666666666666667,2,1,5.333333333333333,2,0,0,1,2,0,2,0,1,0,2,0,2,0,2,1,1,2
28404,28404,Italia,3.0,5.0,6.0,2.0,2.0,7.0,4.0,5.0,7.0,5.0,7.0,3.0,6.0,5.0,8.0,6.0,5.0,8.0,7.0,1,2.0,4,2,1,5.857142857142857,2,5.333333333333333,2,1,4.666666666666667,1,0,1,0,2,0,3,0,2,1,2,1,0,2,1,1,1,0
3992,3992,Bélgica,8.0,8.0,8.0,2.0,4.0,5.0,5.0,5.0,2.0,6.0,8.0,2.0,5.0,2.0,5.0,8.0,8.0,8.0,2.0,0,2.0,0,0,1,4.285714285714286,2,5.0,2,2,8.0,3,0,1,2,1,0,1,2,2,2,2,1,0,0,1,1,1,0
10976,10976,Alemania,6.0,6.0,6.0,8.0,2.0,6.0,9.0,4.0,4.0,8.0,9.0,5.0,8.0,6.0,8.0,8.0,8.0,7.0,2.0,0,2.0,1,0,1,6.857142857142857,3,6.333333333333333,3,1,6.0,2,2,1,2,3,3,3,2,0,2,0,2,0,2,2,0,1,2
57578,57578,Eslovaquia,7.0,4.0,8.0,9.0,1.0,6.0,5.0,6.0,1.0,1.0,7.0,1.0,4.0,1.0,8.0,10.0,10.0,9.0,8.0,2,1.0,8,2,2,3.2857142857142856,1,5.666666666666667,2,0,6.333333333333333,2,2,0,0,1,3,0,2,0,2,2,1,2,0,0,1,1,1
55560,55560,Eslovaquia,6.0,3.0,4.0,8.0,2.0,6.0,5.0,2.0,6.0,5.0,4.0,3.0,0.0,3.0,5.0,0.0,0.0,7.0,3.0,2,1.0,8,0,1,3.7142857142857135,1,4.333333333333333,2,1,4.333333333333333,1,2,1,2,1,3,0,2,0,0,2,1,1,0,1,1,1,0
43196,43196,Croacia,3.0,5.0,9.0,2.0,4.0,5.0,5.0,5.0,7.0,7.0,6.0,7.0,7.0,7.0,7.0,7.0,6.0,8.0,5.0,1,4.0,6,1,1,6.857142857142857,3,5.0,2,2,5.666666666666667,2,0,1,2,1,0,3,0,2,2,0,1,1,2,2,1,1,2
30673,30673,Italia,7.0,4.0,7.0,5.0,2.0,6.0,5.0,6.0,5.0,5.0,9.0,3.0,7.0,6.0,6.0,3.0,3.0,7.0,5.0,1,3.0,4,1,1,5.857142857142857,2,5.666666666666667,2,1,6.0,2,0,1,2,1,1,3,2,2,0,2,1,2,0,1,0,1,2
28846,28846,Italia,7.0,7.0,8.0,5.0,3.0,5.0,5.0,5.0,6.0,4.0,5.0,2.0,3.0,2.0,7.0,6.0,6.0,6.0,6.0,1,1.0,4,1,1,4.142857142857143,2,5.0,2,1,7.333333333333333,2,2,1,2,2,2,2,2,2,2,0,1,0,1,0,1,1,0
16314,16314,Países Bajos,4.0,3.0,4.0,4.0,2.0,4.0,7.0,3.0,4.0,6.0,6.0,0.0,0.0,5.0,7.0,4.0,3.0,8.0,10.0,0,3.0,2,2,1,4.0,2,4.666666666666667,2,1,3.6666666666666665,1,0,0,2,2,1,2,2,2,0,2,2,0,2,1,1,0,0
4157,4157,Bélgica,4.0,3.0,3.0,2.0,3.0,4.0,1.0,3.0,4.0,4.0,6.0,3.0,5.0,3.0,4.0,2.0,3.0,7.0,8.0,0,2.0,0,2,1,4.142857142857143,2,2.6666666666666665,1,1,3.333333333333333,1,0,0,0,0,0,2,2,1,0,2,0,2,2,0,1,1,0
50591,50591,Hungría,6.0,6.0,6.0,9.0,2.0,7.0,7.0,7.0,8.0,8.0,8.0,7.0,8.0,7.0,5.0,3.0,5.0,8.0,1.0,2,1.0,7,0,1,7.285714285714286,3,7.0,3,1,6.0,2,2,1,2,3,3,3,2,2,1,2,2,2,2,2,1,0,2
25368,25368,España,3.0,1.0,3.0,2.0,4.0,5.0,1.0,1.0,10.0,8.0,8.0,5.0,5.0,5.0,10.0,5.0,6.0,8.0,8.0,1,4.0,3,2,1,7.285714285714286,3,2.333333333333333,1,2,2.333333333333333,0,0,0,0,0,0,3,0,0,2,1,0,0,2,2,1,1,0
21314,21314,España,7.0,4.0,6.0,8.0,2.0,4.0,2.0,4.0,3.0,2.0,1.0,1.0,4.0,1.0,5.0,3.0,5.0,7.0,3.0,1,4.0,3,0,1,2.4285714285714284,1,3.333333333333333,1,1,5.666666666666667,2,2,1,2,0,3,0,0,0,1,2,0,1,1,0,1,0,0
39514,39514,Portugal,9.0,5.0,5.0,0.0,1.0,7.0,5.0,5.0,3.0,5.0,5.0,3.0,5.0,3.0,8.0,10.0,10.0,8.0,0.0,1,2.0,5,0,1,4.571428571428571,2,5.666666666666667,2,0,6.333333333333333,2,0,1,0,2,0,2,2,0,2,2,1,2,2,1,1,1,1
3124,3124,Bélgica,5.0,4.0,3.0,6.0,3.0,6.0,7.0,5.0,4.0,4.0,5.0,5.0,5.0,5.0,7.0,5.0,2.0,7.0,6.0,0,3.0,0,1,1,5.0,2,6.0,3,1,4.0,1,0,1,0,3,1,2,1,1,2,2,2,0,2,0,1,1,0
32314,32314,Italia,0.0,0.0,0.0,3.0,3.0,5.0,6.0,5.0,6.0,2.0,7.0,1.0,2.0,1.0,6.0,6.0,5.0,7.0,4.0,1,2.0,4,1,1,3.571428571428572,1,5.333333333333333,2,1,0.0,0,0,1,2,1,0,0,0,0,0,2,2,2,0,0,1,1,0
29254,29254,Italia,5.0,7.0,5.0,5.0,3.0,5.0,5.0,4.0,6.0,6.0,7.0,5.0,6.0,5.0,9.0,6.0,5.0,8.0,8.0,1,1.0,4,2,1,6.285714285714286,3,4.666666666666667,2,1,5.666666666666667,2,0,1,0,1,1,3,1,2,2,0,1,1,1,1,1,1,2
30819,30819,Italia,7.0,7.0,7.0,5.0,2.0,5.0,3.0,2.0,2.0,5.0,6.0,2.0,2.0,2.0,6.0,5.0,5.0,9.0,4.0,1,1.0,4,1,2,3.571428571428572,1,3.333333333333333,1,1,7.0,2,1,1,0,0,1,0,0,2,2,0,0,0,0,1,1,1,0
32859,32859,Italia,6.0,6.0,5.0,5.0,4.0,7.0,7.0,8.0,4.0,5.0,8.0,3.0,5.0,4.0,6.0,5.0,5.0,8.0,2.0,1,1.0,4,0,1,5.0,2,7.333333333333333,3,2,5.666666666666667,2,1,1,2,3,2,2,2,1,1,0,2,2,0,1,1,1,0
42037,42037,Croacia,4.0,0.0,0.0,4.0,4.0,3.0,3.0,2.0,5.0,0.0,2.0,1.0,0.0,3.0,6.0,5.0,5.0,4.0,2.0,1,1.0,6,0,0,2.4285714285714284,1,2.6666666666666665,1,2,1.3333333333333333,0,2,1,0,0,1,0,2,0,0,1,0,2,0,0,1,1,0
2200,2200,Bélgica,5.0,5.0,3.0,4.0,2.0,5.0,6.0,6.0,7.0,6.0,8.0,6.0,4.0,6.0,7.0,3.0,5.0,8.0,2.0,0,1.0,0,0,1,6.285714285714286,3,5.666666666666667,2,1,4.333333333333333,1,0,1,2,2,2,3,2,1,2,2,2,1,2,1,1,0,0
40919,40919,Croacia,10.0,3.0,10.0,0.0,1.0,4.0,2.0,2.0,2.0,2.0,3.0,2.0,2.0,1.0,8.0,4.0,4.0,9.0,9.0,1,1.0,6,2,2,2.857142857142857,1,2.6666666666666665,1,0,7.666666666666667,3,0,0,0,0,0,0,2,2,2,0,0,0,0,0,0,1,0
54939,54939,Eslovaquia,6.0,6.0,7.0,4.0,2.0,5.0,6.0,5.0,7.0,5.0,6.0,3.0,5.0,3.0,10.0,7.0,7.0,8.0,8.0,2,2.0,8,2,1,5.571428571428571,2,5.333333333333333,2,1,6.333333333333333,2,0,0,2,2,1,1,1,2,2,2,2,0,2,1,1,1,0
41106,41106,Croacia,8.0,8.0,8.0,5.0,3.0,4.0,6.0,3.0,6.0,3.0,7.0,2.0,3.0,2.0,5.0,8.0,8.0,9.0,5.0,1,1.0,6,1,2,4.0,2,4.333333333333333,2,1,8.0,3,1,1,2,2,1,2,2,2,2,2,2,0,0,0,1,1,2
31571,31571,Italia,6.0,6.0,7.0,4.0,2.0,5.0,5.0,2.0,6.0,9.0,9.0,5.0,5.0,5.0,5.0,8.0,6.0,8.0,6.0,1,1.0,4,1,1,6.285714285714286,3,4.0,2,1,6.333333333333333,2,0,1,0,1,1,3,2,1,2,0,1,2,2,2,1,1,2
15856,15856,Países Bajos,8.0,5.0,8.0,3.0,2.0,3.0,5.0,3.0,0.0,0.0,2.0,0.0,0.0,0.0,8.0,1.0,2.0,7.0,1.0,0,3.0,2,0,1,1.4285714285714286,0,3.6666666666666665,1,1,7.0,2,0,1,0,2,0,0,2,0,2,0,1,2,0,0,1,1,0
6833,6833,Bélgica,7.0,7.0,7.0,2.0,2.0,7.0,6.0,6.0,7.0,8.0,7.0,6.0,7.0,7.0,9.0,7.0,6.0,8.0,0.0,0,2.0,0,0,1,7.285714285714286,3,6.333333333333333,3,1,7.0,2,0,0,2,3,0,3,1,2,1,2,2,2,2,2,1,1,2
31597,31597,Italia,3.0,3.0,2.0,6.0,3.0,6.0,4.0,6.0,6.0,5.0,6.0,3.0,5.0,0.0,7.0,4.0,3.0,8.0,4.0,1,1.0,4,1,1,4.571428571428571,2,5.333333333333333,2,1,2.6666666666666665,1,0,1,2,2,1,2,0,0,0,0,1,2,0,1,1,1,1
6106,6106,Bélgica,4.0,4.0,3.0,6.0,4.0,5.0,3.0,3.0,3.0,4.0,4.0,2.0,3.0,2.0,5.0,3.0,3.0,7.0,5.0,0,1.0,0,1,1,3.2857142857142856,1,3.6666666666666665,1,2,3.6666666666666665,1,1,1,1,2,1,0,2,2,2,0,0,0,2,0,0,1,0
45696,45696,Hungría,3.0,7.0,8.0,5.0,3.0,0.0,0.0,0.0,7.0,6.0,6.0,3.0,5.0,0.0,8.0,5.0,5.0,8.0,0.0,2,1.0,7,0,1,5.0,2,0.0,0,1,6.0,2,2,1,0,0,1,2,0,2,2,0,0,0,2,1,1,1,0
115,115,Bélgica,3.0,5.0,4.0,10.0,4.0,2.0,4.0,2.0,2.0,2.0,2.0,2.0,2.0,2.0,7.0,1.0,5.0,10.0,0.0,0,2.0,0,0,2,2.7142857142857144,1,2.6666666666666665,1,2,4.0,1,2,1,0,0,3,0,0,2,1,0,1,2,0,0,1,1,0
22771,22771,España,2.0,2.0,5.0,4.0,4.0,7.0,2.0,0.0,5.0,0.0,5.0,0.0,0.0,0.0,10.0,4.0,2.0,7.0,2.0,1,3.0,3,0,1,2.857142857142857,1,3.0,1,2,3.0,1,0,1,2,0,2,0,0,0,0,0,0,0,2,0,1,0,0
35993,35993,Portugal,7.0,5.0,2.0,2.0,3.0,4.0,5.0,4.0,5.0,5.0,8.0,3.0,4.0,3.0,7.0,3.0,3.0,9.0,5.0,1,2.0,5,1,2,5.0,2,4.333333333333333,2,1,4.666666666666667,1,0,1,2,2,0,1,1,2,0,2,1,2,0,1,1,1,2
4992,4992,Bélgica,5.0,5.0,3.0,8.0,1.0,2.0,6.0,2.0,2.0,4.0,6.0,3.0,2.0,3.0,7.0,6.0,4.0,8.0,2.0,0,2.0,0,0,1,3.857142857142857,1,3.333333333333333,1,0,4.333333333333333,1,2,1,0,0,3,0,1,2,1,0,2,0,0,0,1,1,0
2645,2645,Bélgica,7.0,5.0,5.0,3.0,2.0,8.0,7.0,6.0,6.0,6.0,4.0,7.0,6.0,7.0,8.0,5.0,5.0,9.0,8.0,0,1.0,0,2,2,6.285714285714286,3,7.0,3,1,5.666666666666667,2,0,0,2,3,0,3,2,0,0,2,2,0,0,1,1,0,2
23690,23690,España,10.0,10.0,10.0,3.0,3.0,8.0,7.0,9.0,8.0,10.0,10.0,5.0,8.0,6.0,8.0,5.0,8.0,8.0,7.0,1,2.0,3,2,1,7.857142857142857,3,8.0,4,1,10.0,3,0,1,2,3,0,3,2,2,2,2,2,2,2,2,0,1,2
58832,58832,Eslovaquia,5.0,6.0,2.0,7.0,2.0,3.0,7.0,4.0,3.0,2.0,4.0,5.0,3.0,4.0,10.0,4.0,5.0,3.0,7.0,2,2.0,8,2,0,4.428571428571429,2,4.666666666666667,2,1,4.333333333333333,1,2,1,2,2,3,2,2,2,0,0,2,1,2,0,1,1,2
51653,51653,Hungría,6.0,5.0,3.0,5.0,3.0,4.0,4.0,5.0,4.0,4.0,4.0,4.0,4.0,4.0,9.0,5.0,5.0,5.0,7.0,2,2.0,7,2,0,4.714285714285714,2,4.333333333333333,2,1,4.666666666666667,1,2,1,2,2,1,1,0,2,0,0,1,2,0,0,1,1,0
35436,35436,Portugal,6.0,2.0,3.0,4.0,4.0,2.0,2.0,2.0,5.0,5.0,6.0,3.0,4.0,3.0,5.0,5.0,4.0,9.0,6.0,1,2.0,5,1,2,4.428571428571429,2,2.0,1,2,3.6666666666666665,1,0,1,0,0,2,1,2,0,0,0,0,2,2,1,1,1,0
6132,6132,Bélgica,8.0,3.0,4.0,7.0,4.0,10.0,5.0,6.0,1.0,9.0,5.0,4.0,8.0,5.0,7.0,4.0,5.0,9.0,0.0,0,1.0,0,0,2,5.571428571428571,2,7.0,3,2,5.0,2,2,1,2,3,3,2,2,2,2,2,1,2,0,2,1,1,2
9177,9177,Alemania,3.0,3.0,5.0,0.0,1.0,3.0,4.0,3.0,3.0,5.0,5.0,3.0,5.0,3.0,6.0,8.0,6.0,7.0,0.0,0,5.0,1,0,1,4.285714285714286,2,3.333333333333333,1,0,3.6666666666666665,1,0,1,1,0,0,2,0,2,0,2,1,0,0,1,1,1,0
16227,16227,Países Bajos,6.0,6.0,6.0,5.0,2.0,6.0,6.0,4.0,5.0,8.0,7.0,6.0,6.0,6.0,10.0,5.0,4.0,9.0,7.0,0,1.0,2,2,2,6.857142857142857,3,5.333333333333333,2,1,6.0,2,1,1,0,1,1,3,2,2,1,1,2,1,2,2,1,1,0
23826,23826,España,8.0,5.0,5.0,3.0,3.0,2.0,8.0,3.0,1.0,2.0,7.0,1.0,3.0,1.0,9.0,10.0,8.0,8.0,2.0,1,3.0,3,0,1,3.4285714285714284,1,4.333333333333333,2,1,6.0,2,0,1,2,2,0,0,2,1,2,0,2,0,0,0,1,0,0
44715,44715,Hungría,3.0,4.0,5.0,5.0,3.0,2.0,3.0,2.0,6.0,5.0,4.0,3.0,2.0,3.0,6.0,3.0,5.0,8.0,2.0,2,1.0,7,0,1,4.142857142857143,2,2.333333333333333,1,1,4.0,1,0,1,0,0,1,1,0,2,0,0,0,0,0,1,1,1,0
1251,1251,Bélgica,5.0,6.0,5.0,10.0,2.0,0.0,2.0,0.0,6.0,0.0,3.0,4.0,0.0,4.0,5.0,3.0,9.0,7.0,3.0,0,3.0,0,0,1,3.142857142857143,1,0.6666666666666666,0,1,5.333333333333333,2,2,1,0,0,3,0,1,0,1,0,0,0,1,0,1,1,0
49038,49038,Hungría,1.0,5.0,3.0,5.0,4.0,2.0,3.0,0.0,0.0,0.0,0.0,0.0,0.0,0.0,9.0,0.0,2.0,5.0,0.0,2,1.0,7,0,0,1.2857142857142858,0,1.6666666666666667,0,2,3.0,1,2,1,0,0,2,0,0,2,2,0,0,0,0,0,1,1,0
34947,34947,Portugal,7.0,3.0,5.0,5.0,3.0,5.0,5.0,3.0,6.0,5.0,5.0,2.0,4.0,2.0,8.0,4.0,5.0,9.0,3.0,1,2.0,5,0,2,4.571428571428571,2,4.333333333333333,2,1,5.0,2,0,1,1,1,2,2,2,1,0,0,1,0,1,1,1,1,0
61353,61353,Eslovaquia,4.0,6.0,2.0,8.0,2.0,8.0,8.0,9.0,2.0,0.0,2.0,3.0,1.0,1.0,2.0,0.0,2.0,7.0,7.0,2,1.0,8,2,1,1.5714285714285714,0,8.333333333333334,4,1,4.0,1,2,1,2,3,3,0,1,2,0,2,2,2,0,0,1,1,0
29941,29941,Italia,2.0,5.0,4.0,7.0,3.0,6.0,3.0,4.0,4.0,3.0,7.0,1.0,3.0,1.0,9.0,4.0,2.0,3.0,7.0,1,1.0,4,2,0,4.0,2,4.333333333333333,2,1,3.6666666666666665,1,2,1,2,2,3,2,0,0,0,2,0,0,0,0,1,1,0
37357,37357,Portugal,3.0,6.0,7.0,7.0,2.0,6.0,7.0,6.0,7.0,7.0,4.0,2.0,3.0,4.0,4.0,6.0,8.0,8.0,7.0,1,1.0,5,2,1,4.428571428571429,2,6.333333333333333,3,1,5.333333333333333,2,2,1,2,3,3,2,0,2,0,0,2,0,2,2,1,1,0
22480,22480,España,7.0,4.0,6.0,2.0,1.0,1.0,1.0,0.0,2.0,3.0,3.0,1.0,2.0,1.0,10.0,8.0,7.0,6.0,3.0,1,4.0,3,0,1,3.142857142857143,1,0.6666666666666666,0,0,5.666666666666667,2,0,1,0,0,0,0,0,1,2,0,0,0,0,0,1,0,0
36514,36514,Portugal,5.0,7.0,5.0,7.0,4.0,0.0,6.0,2.0,0.0,6.0,8.0,0.0,3.0,1.0,7.0,10.0,3.0,8.0,8.0,1,1.0,5,2,1,3.571428571428572,1,2.6666666666666665,1,2,5.666666666666667,2,2,0,0,0,3,0,0,2,0,0,2,1,0,1,1,0,2
56853,56853,Eslovaquia,8.0,5.0,8.0,7.0,3.0,7.0,6.0,6.0,8.0,6.0,2.0,6.0,9.0,6.0,9.0,9.0,10.0,7.0,4.0,2,2.0,8,1,1,6.571428571428571,3,6.333333333333333,3,1,7.0,2,2,1,2,3,3,3,2,0,2,2,2,0,2,1,0,0,2
33511,33511,Italia,5.0,0.0,0.0,0.0,4.0,5.0,2.0,4.0,4.0,6.0,8.0,0.0,0.0,0.0,7.0,3.0,5.0,10.0,7.0,1,1.0,4,2,2,3.571428571428572,1,3.6666666666666665,1,2,1.6666666666666667,0,0,1,2,1,0,0,2,0,0,0,0,1,0,1,1,1,0
31066,31066,Italia,6.0,6.0,6.0,6.0,2.0,6.0,6.0,6.0,5.0,8.0,8.0,4.0,5.0,4.0,9.0,6.0,7.0,6.0,3.0,1,1.0,4,0,1,6.142857142857143,3,6.0,3,1,6.0,2,0,1,2,3,2,3,0,0,0,0,2,0,2,2,1,1,2
24359,24359,España,3.0,7.0,8.0,9.0,3.0,5.0,5.0,2.0,5.0,4.0,7.0,2.0,3.0,3.0,8.0,6.0,8.0,10.0,10.0,1,3.0,3,2,2,4.571428571428571,2,4.0,2,1,6.0,2,2,0,1,2,3,1,0,2,2,0,1,2,1,0,1,1,2
56268,56268,Eslovaquia,6.0,5.0,5.0,5.0,3.0,6.0,5.0,4.0,5.0,6.0,8.0,4.0,4.0,3.0,10.0,5.0,7.0,10.0,4.0,2,3.0,8,1,2,5.714285714285714,2,5.0,2,1,5.333333333333333,2,0,1,2,2,2,2,0,0,2,0,1,2,0,1,1,1,1
50690,50690,Hungría,3.0,4.0,1.0,5.0,4.0,2.0,2.0,3.0,4.0,1.0,2.0,1.0,2.0,1.0,2.0,0.0,0.0,3.0,0.0,2,1.0,7,0,0,1.8571428571428568,0,2.333333333333333,1,2,2.6666666666666665,1,0,1,0,0,2,0,0,1,0,0,0,1,2,0,1,1,0
38687,38687,Portugal,8.0,5.0,8.0,4.0,2.0,3.0,3.0,3.0,6.0,8.0,8.0,4.0,6.0,5.0,9.0,5.0,5.0,7.0,4.0,1,3.0,5,1,1,6.571428571428571,3,3.0,1,1,7.0,2,0,1,2,0,2,3,2,1,2,1,0,0,2,2,1,1,2
6456,6456,Bélgica,3.0,4.0,6.0,5.0,3.0,8.0,5.0,5.0,6.0,6.0,6.0,6.0,6.0,6.0,6.0,2.0,4.0,8.0,6.0,0,2.0,0,1,1,6.0,3,6.0,3,1,4.333333333333333,1,2,1,1,3,2,3,0,0,1,2,1,0,1,1,1,0,0
39235,39235,Portugal,9.0,7.0,9.0,5.0,2.0,6.0,7.0,6.0,7.0,8.0,8.0,6.0,8.0,6.0,8.0,8.0,8.0,8.0,5.0,1,2.0,5,1,1,7.285714285714286,3,6.333333333333333,3,1,8.333333333333334,3,0,1,2,3,2,3,2,2,2,2,2,2,2,2,1,0,2
50190,50190,Hungría,5.0,5.0,4.0,4.0,4.0,5.0,5.0,5.0,5.0,5.0,5.0,6.0,4.0,6.0,6.0,4.0,4.0,5.0,4.0,2,1.0,7,1,0,5.285714285714286,2,5.0,2,2,4.666666666666667,1,0,1,2,2,2,2,2,2,2,2,1,2,0,1,1,1,2
59338,59338,Eslovaquia,4.0,2.0,2.0,1.0,2.0,5.0,5.0,6.0,5.0,5.0,6.0,4.0,6.0,4.0,10.0,4.0,4.0,8.0,9.0,2,2.0,8,2,1,5.714285714285714,2,5.333333333333333,2,1,2.6666666666666665,1,0,1,2,1,0,2,1,0,0,1,1,0,1,1,1,1,1
39759,39759,Portugal,4.0,5.0,5.0,7.0,2.0,7.0,5.0,6.0,5.0,4.0,5.0,2.0,3.0,3.0,9.0,6.0,5.0,8.0,7.0,1,1.0,5,2,1,4.428571428571429,2,6.0,3,1,4.666666666666667,1,2,1,0,3,3,2,2,0,1,1,1,2,0,0,1,1,1
9625,9625,Alemania,8.0,7.0,5.0,3.0,3.0,3.0,4.0,4.0,4.0,7.0,9.0,1.0,3.0,1.0,10.0,2.0,4.0,7.0,8.0,0,2.0,1,2,1,5.0,2,3.6666666666666665,1,1,6.666666666666667,2,0,1,0,1,0,1,2,2,1,2,1,2,0,2,0,1,0
12866,12866,Alemania,6.0,4.0,8.0,2.0,3.0,3.0,5.0,3.0,3.0,5.0,5.0,1.0,3.0,5.0,10.0,8.0,6.0,8.0,8.0,0,2.0,1,2,1,4.571428571428571,2,3.6666666666666665,1,1,6.0,2,0,0,2,2,0,2,1,0,2,2,1,1,1,1,1,0,2
39953,39953,Portugal,6.0,7.0,6.0,3.0,3.0,3.0,4.0,6.0,8.0,5.0,7.0,6.0,6.0,6.0,7.0,5.0,5.0,5.0,7.0,1,2.0,5,2,0,6.428571428571429,3,4.333333333333333,2,1,6.333333333333333,2,0,1,2,1,0,3,0,2,2,1,1,1,2,1,1,0,2
36468,36468,Portugal,5.0,6.0,5.0,5.0,4.0,5.0,1.0,0.0,0.0,0.0,5.0,0.0,0.0,0.0,9.0,7.0,7.0,6.0,3.0,1,2.0,5,0,1,2.0,1,2.0,1,2,5.333333333333333,2,1,1,0,0,1,0,0,2,2,1,0,0,0,0,1,1,0
40115,40115,Portugal,8.0,5.0,8.0,5.0,3.0,3.0,0.0,3.0,4.0,5.0,6.0,4.0,5.0,4.0,8.0,5.0,5.0,7.0,5.0,1,2.0,5,1,1,5.142857142857143,2,2.0,1,1,7.0,2,1,1,0,0,1,1,2,2,2,2,0,0,2,1,1,1,1
43665,43665,Hungría,5.0,7.0,5.0,5.0,3.0,3.0,8.0,5.0,5.0,1.0,5.0,5.0,5.0,5.0,5.0,5.0,5.0,8.0,0.0,2,1.0,7,0,1,4.428571428571429,2,5.333333333333333,2,1,5.666666666666667,2,2,1,0,1,1,2,2,2,2,2,2,2,0,0,1,1,2
50054,50054,Hungría,5.0,5.0,6.0,8.0,2.0,7.0,7.0,6.0,7.0,7.0,7.0,7.0,7.0,0.0,8.0,5.0,5.0,10.0,7.0,2,2.0,7,2,2,6.142857142857143,3,6.666666666666667,3,1,5.333333333333333,2,2,1,2,3,3,3,0,1,2,0,2,2,2,2,1,0,2
58308,58308,Eslovaquia,3.0,3.0,3.0,4.0,2.0,6.0,6.0,5.0,3.0,3.0,2.0,2.0,2.0,2.0,10.0,2.0,2.0,9.0,8.0,2,1.0,8,2,2,3.4285714285714284,1,5.666666666666667,2,1,3.0,1,1,0,2,1,2,0,0,2,0,0,2,2,0,0,1,1,0
51203,51203,Hungría,7.0,6.0,7.0,7.0,4.0,4.0,7.0,7.0,5.0,8.0,8.0,3.0,8.0,3.0,6.0,3.0,3.0,10.0,5.0,2,1.0,7,1,2,5.857142857142857,2,6.0,3,2,6.666666666666667,2,2,1,2,3,3,3,2,1,2,2,2,2,2,2,1,1,2
8412,8412,Alemania,5.0,3.0,7.0,2.0,1.0,8.0,3.0,5.0,6.0,9.0,9.0,7.0,8.0,5.0,7.0,5.0,8.0,5.0,0.0,0,4.0,1,0,0,7.285714285714286,3,5.333333333333333,2,0,5.0,2,0,1,2,2,0,3,1,2,0,2,0,0,2,2,0,0,2
20060,20060,Países Bajos,8.0,4.0,6.0,4.0,4.0,9.0,8.0,8.0,7.0,9.0,8.0,8.0,9.0,7.0,8.0,5.0,10.0,9.0,0.0,0,4.0,2,0,2,8.0,4,8.333333333333334,4,2,6.0,2,0,1,2,3,2,3,2,0,2,2,2,2,2,2,1,0,2
17862,17862,Países Bajos,10.0,6.0,10.0,4.0,2.0,7.0,6.0,6.0,7.0,8.0,7.0,6.0,8.0,6.0,4.0,7.0,5.0,8.0,2.0,0,2.0,2,0,1,6.571428571428571,3,6.333333333333333,3,1,8.666666666666666,3,2,1,2,3,1,3,2,0,2,0,2,2,2,2,1,1,2
7093,7093,Alemania,8.0,7.0,8.0,6.0,2.0,3.0,4.0,4.0,4.0,9.0,9.0,4.0,7.0,4.0,9.0,6.0,5.0,9.0,8.0,0,2.0,1,2,2,6.571428571428571,3,3.6666666666666665,1,1,7.666666666666667,3,0,0,1,1,2,3,2,2,2,0,1,0,1,2,1,1,2
58822,58822,Eslovaquia,4.0,6.0,5.0,5.0,2.0,6.0,5.0,6.0,3.0,3.0,4.0,5.0,2.0,4.0,9.0,4.0,5.0,4.0,3.0,2,3.0,8,0,0,4.285714285714286,2,5.666666666666667,2,1,5.0,2,1,1,0,1,2,2,0,1,0,1,1,1,2,0,1,1,0
10446,10446,Alemania,5.0,3.0,4.0,8.0,2.0,3.0,4.0,3.0,3.0,2.0,5.0,0.0,2.0,0.0,2.0,2.0,1.0,2.0,0.0,0,1.0,1,0,0,2.0,1,3.333333333333333,1,1,4.0,1,2,1,0,0,3,0,1,0,1,1,1,0,0,0,1,0,0
41123,41123,Croacia,5.0,5.0,6.0,8.0,4.0,3.0,5.0,0.0,3.0,0.0,10.0,2.0,5.0,1.0,5.0,5.0,10.0,10.0,8.0,1,2.0,6,2,2,3.7142857142857135,1,2.6666666666666665,1,2,5.333333333333333,2,2,0,0,0,3,0,2,0,2,2,1,0,0,0,1,1,2
10444,10444,Alemania,6.0,4.0,7.0,2.0,2.0,7.0,4.0,5.0,7.0,8.0,7.0,8.0,7.0,7.0,4.0,8.0,5.0,6.0,6.0,0,2.0,1,1,1,6.857142857142857,3,5.333333333333333,2,1,5.666666666666667,2,0,1,1,2,0,3,0,0,0,0,1,2,2,2,1,0,2
18820,18820,Países Bajos,6.0,6.0,7.0,5.0,4.0,0.0,1.0,0.0,0.0,3.0,5.0,0.0,0.0,0.0,10.0,0.0,2.0,7.0,0.0,0,4.0,2,0,1,2.571428571428572,1,0.3333333333333333,0,2,6.333333333333333,2,0,1,0,0,1,0,0,1,0,0,0,0,0,0,1,1,0
54792,54792,Eslovaquia,5.0,4.0,4.0,3.0,2.0,6.0,6.0,5.0,5.0,7.0,6.0,6.0,7.0,6.0,6.0,5.0,7.0,5.0,5.0,2,1.0,8,1,0,6.142857142857143,3,5.666666666666667,2,1,4.333333333333333,1,0,1,0,1,0,3,1,0,0,0,2,1,0,2,1,1,2
40359,40359,Portugal,3.0,8.0,6.0,4.0,4.0,5.0,5.0,5.0,5.0,4.0,4.0,5.0,4.0,5.0,6.0,5.0,6.0,10.0,3.0,1,2.0,5,0,2,4.714285714285714,2,5.0,2,2,5.666666666666667,2,1,1,2,1,1,2,0,2,0,0,1,0,0,0,1,1,0
62255,62255,Eslovaquia,3.0,3.0,0.0,6.0,3.0,5.0,4.0,3.0,3.0,3.0,3.0,2.0,2.0,3.0,10.0,5.0,5.0,6.0,6.0,2,1.0,8,1,1,3.7142857142857135,1,4.0,2,1,2.0,0,2,1,2,2,2,0,0,0,0,0,1,2,2,0,1,1,0
25349,25349,España,3.0,2.0,9.0,0.0,3.0,8.0,0.0,0.0,2.0,2.0,10.0,0.0,7.0,0.0,7.0,8.0,8.0,10.0,5.0,1,5.0,3,1,2,4.0,2,2.6666666666666665,1,1,4.666666666666667,1,0,1,0,0,0,1,0,0,2,2,0,0,0,0,0,0,2
50131,50131,Hungría,1.0,0.0,1.0,8.0,3.0,3.0,8.0,9.0,3.0,4.0,9.0,0.0,3.0,4.0,2.0,3.0,0.0,9.0,10.0,2,2.0,7,2,2,3.571428571428572,1,6.666666666666667,3,1,0.6666666666666666,0,2,0,2,3,3,0,0,0,0,0,2,2,2,0,0,1,0
45966,45966,Hungría,5.0,5.0,5.0,7.0,4.0,6.0,6.0,6.0,5.0,5.0,5.0,5.0,5.0,5.0,9.0,0.0,3.0,8.0,10.0,2,2.0,7,2,1,5.571428571428571,2,6.0,3,2,5.0,2,2,0,2,3,3,1,1,2,0,2,2,2,0,1,1,1,0
21057,21057,España,6.0,5.0,5.0,3.0,3.0,5.0,5.0,4.0,6.0,8.0,8.0,3.0,8.0,0.0,5.0,5.0,4.0,7.0,4.0,1,2.0,3,1,1,5.428571428571429,2,4.666666666666667,2,1,5.333333333333333,2,0,1,2,2,0,1,2,0,1,2,1,2,1,2,1,1,2
21099,21099,España,6.0,7.0,8.0,4.0,2.0,7.0,6.0,6.0,5.0,7.0,4.0,5.0,7.0,5.0,6.0,7.0,7.0,7.0,5.0,1,2.0,3,1,1,5.571428571428571,2,6.333333333333333,3,1,7.0,2,0,1,2,3,1,2,1,2,2,0,2,2,0,2,1,1,2
34059,34059,Portugal,9.0,3.0,7.0,4.0,2.0,7.0,3.0,6.0,3.0,7.0,5.0,8.0,9.0,0.0,9.0,6.0,6.0,8.0,7.0,1,4.0,5,2,1,5.857142857142857,2,5.333333333333333,2,1,6.333333333333333,2,1,1,2,2,2,3,2,2,2,0,0,2,1,2,1,0,2
20767,20767,Países Bajos,6.0,3.0,4.0,5.0,3.0,0.0,4.0,3.0,4.0,6.0,7.0,4.0,5.0,3.0,7.0,1.0,10.0,9.0,2.0,0,4.0,2,0,2,5.142857142857143,2,2.333333333333333,1,1,4.333333333333333,1,0,1,0,0,2,2,0,0,2,0,1,0,0,1,1,1,0
37842,37842,Portugal,3.0,5.0,0.0,3.0,2.0,5.0,0.0,0.0,5.0,5.0,5.0,1.0,0.0,1.0,8.0,9.0,5.0,8.0,9.0,1,3.0,5,2,1,3.571428571428572,1,1.6666666666666667,0,1,2.6666666666666665,1,0,0,0,0,0,0,0,2,0,0,0,0,1,1,1,1,0
41995,41995,Croacia,2.0,3.0,2.0,5.0,2.0,1.0,1.0,1.0,2.0,9.0,0.0,0.0,1.0,1.0,7.0,5.0,5.0,8.0,2.0,1,1.0,6,0,1,2.857142857142857,1,1.0,0,1,2.333333333333333,0,0,1,0,0,2,0,0,2,0,0,0,0,0,2,0,1,0
56527,56527,Eslovaquia,7.0,7.0,6.0,3.0,3.0,8.0,7.0,7.0,6.0,6.0,6.0,6.0,6.0,6.0,5.0,7.0,8.0,7.0,4.0,2,1.0,8,1,1,5.857142857142857,2,7.333333333333333,3,1,6.666666666666667,2,0,1,2,3,0,3,2,2,0,2,2,2,2,1,1,1,0
9173,9173,Alemania,3.0,4.0,6.0,5.0,3.0,4.0,7.0,4.0,5.0,3.0,2.0,1.0,2.0,2.0,5.0,7.0,7.0,7.0,3.0,0,2.0,1,0,1,2.857142857142857,1,5.0,2,1,4.333333333333333,1,2,1,0,2,2,0,0,1,0,0,2,0,0,0,1,1,0
55359,55359,Eslovaquia,2.0,5.0,5.0,8.0,2.0,7.0,5.0,3.0,2.0,5.0,7.0,1.0,2.0,0.0,10.0,4.0,7.0,2.0,7.0,2,2.0,8,2,0,3.857142857142857,1,5.0,2,1,4.0,1,2,1,1,2,3,0,0,2,0,2,1,2,0,1,1,0,0
56469,56469,Eslovaquia,5.0,2.0,3.0,6.0,2.0,2.0,4.0,3.0,6.0,3.0,2.0,1.0,5.0,1.0,8.0,3.0,3.0,5.0,8.0,2,1.0,8,2,0,3.7142857142857135,1,3.0,1,1,3.333333333333333,1,2,0,2,0,2,0,2,0,0,0,1,0,1,0,1,1,0
30876,30876,Italia,5.0,6.0,5.0,3.0,1.0,0.0,0.0,0.0,7.0,2.0,3.0,0.0,0.0,4.0,7.0,5.0,5.0,7.0,5.0,1,4.0,4,1,1,3.2857142857142856,1,0.0,0,0,5.333333333333333,2,0,1,0,0,0,0,2,2,1,0,0,0,2,0,1,1,0
24316,24316,España,7.0,3.0,7.0,5.0,3.0,5.0,4.0,4.0,3.0,4.0,2.0,2.0,3.0,2.0,7.0,6.0,2.0,8.0,3.0,1,1.0,3,0,1,3.2857142857142856,1,4.333333333333333,2,1,5.666666666666667,2,2,1,0,2,1,0,2,0,0,0,1,0,2,0,1,1,2
35189,35189,Portugal,3.0,4.0,4.0,5.0,3.0,5.0,2.0,2.0,4.0,6.0,7.0,4.0,6.0,3.0,9.0,6.0,5.0,5.0,6.0,1,2.0,5,1,0,5.571428571428571,2,3.0,1,1,3.6666666666666665,1,1,1,0,0,1,1,0,0,0,0,0,1,2,1,1,1,0
56286,56286,Eslovaquia,8.0,8.0,8.0,7.0,3.0,9.0,7.0,7.0,7.0,6.0,8.0,5.0,6.0,5.0,8.0,3.0,4.0,7.0,6.0,2,1.0,8,1,1,6.428571428571429,3,7.666666666666667,3,1,8.0,3,2,1,2,3,3,3,2,2,2,2,2,2,2,1,1,1,0
15184,15184,Países Bajos,7.0,5.0,7.0,6.0,2.0,6.0,8.0,5.0,6.0,6.0,8.0,5.0,6.0,5.0,9.0,6.0,5.0,8.0,6.0,0,2.0,2,1,1,6.428571428571429,3,6.333333333333333,3,1,6.333333333333333,2,0,1,2,3,2,3,2,0,0,2,2,2,0,1,1,1,0
52822,52822,Hungría,4.0,3.0,5.0,5.0,3.0,0.0,1.0,0.0,0.0,0.0,4.0,0.0,0.0,0.0,5.0,2.0,3.0,5.0,0.0,2,3.0,7,0,0,1.2857142857142858,0,0.3333333333333333,0,1,4.0,1,2,0,0,0,1,0,1,2,2,0,0,0,0,0,0,1,0
34707,34707,Portugal,6.0,1.0,7.0,7.0,2.0,2.0,2.0,5.0,1.0,1.0,7.0,1.0,4.0,1.0,9.0,4.0,4.0,6.0,6.0,1,4.0,5,1,1,3.4285714285714284,1,3.0,1,1,4.666666666666667,1,2,1,0,0,3,0,2,0,0,0,0,2,0,0,1,1,0
40860,40860,Croacia,6.0,2.0,5.0,7.0,3.0,1.0,2.0,2.0,5.0,1.0,8.0,3.0,2.0,3.0,8.0,9.0,9.0,8.0,7.0,1,3.0,6,2,1,4.285714285714286,2,1.6666666666666667,0,1,4.333333333333333,1,2,1,0,0,3,1,0,0,2,0,0,2,0,0,1,1,0
38408,38408,Portugal,3.0,2.0,0.0,1.0,4.0,5.0,5.0,7.0,5.0,1.0,6.0,0.0,0.0,0.0,4.0,8.0,5.0,6.0,5.0,1,1.0,5,1,1,2.2857142857142856,1,5.666666666666667,2,2,1.6666666666666667,0,0,1,2,2,0,0,0,0,0,1,1,2,0,0,1,1,0
12471,12471,Alemania,5.0,2.0,6.0,1.0,2.0,8.0,5.0,3.0,6.0,7.0,7.0,4.0,5.0,6.0,3.0,7.0,8.0,8.0,1.0,0,2.0,1,0,1,5.428571428571429,2,5.333333333333333,2,1,4.333333333333333,1,0,0,1,2,0,1,1,0,2,2,1,2,0,2,1,1,2
61186,61186,Eslovaquia,0.0,5.0,5.0,10.0,4.0,0.0,0.0,0.0,0.0,0.0,5.0,0.0,0.0,0.0,5.0,0.0,0.0,3.0,10.0,2,1.0,8,2,0,1.4285714285714286,0,0.0,0,2,3.333333333333333,1,2,1,0,0,3,0,0,1,1,0,0,0,0,0,1,1,0
2908,2908,Bélgica,8.0,5.0,8.0,6.0,2.0,2.0,5.0,5.0,5.0,1.0,3.0,0.0,3.0,0.0,6.0,3.0,5.0,8.0,0.0,0,3.0,0,0,1,2.571428571428572,1,4.0,2,1,7.0,2,0,1,2,2,1,0,2,0,2,0,1,2,1,0,1,1,0
8056,8056,Alemania,7.0,6.0,6.0,5.0,2.0,7.0,6.0,6.0,5.0,8.0,9.0,5.0,6.0,5.0,9.0,2.0,3.0,8.0,2.0,0,2.0,1,0,1,6.714285714285714,3,6.333333333333333,3,1,6.333333333333333,2,1,1,2,3,1,3,1,0,2,2,2,2,2,2,0,1,2
9112,9112,Alemania,5.0,5.0,4.0,4.0,2.0,6.0,5.0,6.0,4.0,5.0,5.0,6.0,6.0,6.0,8.0,5.0,5.0,6.0,4.0,0,2.0,1,1,1,5.714285714285714,2,5.666666666666667,2,1,4.666666666666667,1,0,1,2,2,2,2,2,1,1,2,1,2,2,1,1,0,1
53175,53175,Hungría,4.0,4.0,3.0,5.0,3.0,7.0,5.0,4.0,7.0,8.0,6.0,4.0,7.0,0.0,2.0,4.0,4.0,7.0,9.0,2,1.0,7,2,1,4.857142857142857,2,5.333333333333333,2,1,3.6666666666666665,1,0,0,1,2,1,2,0,2,2,0,1,0,2,2,1,1,2
53047,53047,Hungría,3.0,4.0,6.0,2.0,3.0,4.0,5.0,6.0,5.0,7.0,7.0,2.0,1.0,0.0,7.0,6.0,4.0,7.0,5.0,2,1.0,7,1,1,4.142857142857143,2,5.0,2,1,4.333333333333333,1,0,1,2,2,0,1,0,0,0,0,1,2,0,2,1,1,0
48117,48117,Hungría,3.0,6.0,6.0,9.0,1.0,4.0,4.0,8.0,7.0,7.0,3.0,3.0,6.0,6.0,8.0,7.0,5.0,8.0,6.0,2,1.0,7,1,1,5.714285714285714,2,5.333333333333333,2,0,5.0,2,2,1,1,1,3,2,0,1,0,2,1,2,2,2,1,1,0
37561,37561,Portugal,8.0,3.0,2.0,5.0,4.0,5.0,3.0,5.0,7.0,9.0,8.0,6.0,9.0,5.0,10.0,5.0,3.0,7.0,3.0,1,3.0,5,0,1,7.714285714285714,3,4.333333333333333,2,2,4.333333333333333,1,1,1,0,1,2,3,2,1,0,2,0,2,2,2,1,0,2
22201,22201,España,9.0,7.0,7.0,2.0,2.0,8.0,9.0,9.0,8.0,8.0,9.0,8.0,7.0,9.0,5.0,7.0,7.0,8.0,8.0,1,4.0,3,2,1,7.714285714285714,3,8.666666666666666,4,1,7.666666666666667,3,0,0,2,3,0,3,2,2,2,2,2,2,2,2,0,0,2
51435,51435,Hungría,4.0,8.0,6.0,8.0,3.0,3.0,3.0,3.0,9.0,6.0,9.0,6.0,4.0,8.0,5.0,2.0,4.0,10.0,7.0,2,2.0,7,2,2,6.714285714285714,3,3.0,1,1,6.0,2,2,1,2,0,3,3,2,2,2,2,0,0,2,1,0,1,0
31652,31652,Italia,4.0,6.0,6.0,8.0,2.0,6.0,5.0,6.0,7.0,6.0,7.0,2.0,5.0,0.0,8.0,7.0,3.0,5.0,3.0,1,1.0,4,0,0,5.0,2,5.666666666666667,2,1,5.333333333333333,2,2,1,0,2,3,2,1,0,1,0,1,0,2,1,1,1,2
44984,44984,Hungría,8.0,9.0,3.0,6.0,3.0,8.0,9.0,10.0,10.0,8.0,10.0,8.0,8.0,5.0,9.0,3.0,2.0,10.0,10.0,2,1.0,7,2,2,8.285714285714286,4,9.0,4,1,6.666666666666667,2,1,0,2,3,2,3,2,2,1,2,2,2,2,2,0,0,2
14046,14046,Países Bajos,9.0,6.0,9.0,1.0,2.0,8.0,7.0,7.0,6.0,8.0,7.0,7.0,8.0,7.0,9.0,8.0,5.0,8.0,7.0,0,2.0,2,2,1,7.428571428571429,3,7.333333333333333,3,1,8.0,3,0,1,2,3,0,3,2,1,2,2,2,2,0,2,1,0,2
54424,54424,Eslovaquia,6.0,7.0,6.0,7.0,3.0,7.0,6.0,4.0,7.0,6.0,6.0,5.0,6.0,5.0,3.0,6.0,5.0,6.0,3.0,2,3.0,8,0,1,5.428571428571429,2,5.666666666666667,2,1,6.333333333333333,2,2,1,2,1,3,2,0,2,1,2,2,2,2,1,1,1,1
58656,58656,Eslovaquia,4.0,7.0,9.0,6.0,3.0,8.0,7.0,8.0,3.0,1.0,2.0,4.0,3.0,1.0,6.0,9.0,8.0,8.0,1.0,2,2.0,8,0,1,2.857142857142857,1,7.666666666666667,3,1,6.666666666666667,2,0,1,2,3,1,0,0,2,2,2,2,2,2,0,0,1,0
29803,29803,Italia,4.0,4.0,4.0,2.0,3.0,4.0,4.0,4.0,4.0,4.0,4.0,4.0,4.0,4.0,4.0,4.0,4.0,8.0,10.0,1,2.0,4,2,1,4.0,2,4.0,2,1,4.0,1,0,0,0,1,0,1,0,1,1,2,1,0,2,0,1,1,0
35046,35046,Portugal,10.0,6.0,5.0,5.0,4.0,0.0,0.0,0.0,3.0,5.0,8.0,0.0,0.0,0.0,5.0,7.0,3.0,6.0,6.0,1,2.0,5,1,1,3.0,1,0.0,0,2,7.0,2,0,1,0,0,1,0,2,0,0,0,0,0,0,1,1,1,0
15992,15992,Países Bajos,8.0,7.0,7.0,8.0,2.0,7.0,6.0,7.0,5.0,6.0,8.0,7.0,6.0,6.0,8.0,5.0,4.0,9.0,8.0,0,4.0,2,2,2,6.571428571428571,3,6.666666666666667,3,1,7.333333333333333,2,2,0,2,3,3,3,2,2,0,1,2,2,2,1,1,0,2
57370,57370,Eslovaquia,7.0,3.0,5.0,1.0,2.0,3.0,5.0,6.0,5.0,3.0,5.0,3.0,5.0,3.0,7.0,4.0,5.0,9.0,7.0,2,1.0,8,2,2,4.428571428571429,2,4.666666666666667,2,1,5.0,2,0,1,2,2,0,2,2,1,0,0,1,0,0,0,1,1,2
55774,55774,Eslovaquia,4.0,2.0,6.0,4.0,4.0,5.0,7.0,3.0,5.0,4.0,2.0,1.0,2.0,1.0,7.0,7.0,5.0,9.0,0.0,2,2.0,8,0,2,3.142857142857143,1,5.0,2,2,4.0,1,1,1,0,2,2,0,0,0,0,0,2,0,2,0,1,1,0
8395,8395,Alemania,5.0,5.0,3.0,5.0,2.0,8.0,6.0,7.0,5.0,7.0,6.0,3.0,7.0,3.0,9.0,6.0,5.0,7.0,7.0,0,3.0,1,2,1,5.714285714285714,2,7.0,3,1,4.333333333333333,1,2,1,2,3,1,2,2,1,2,2,2,2,0,2,1,1,2
52642,52642,Hungría,5.0,3.0,6.0,5.0,3.0,4.0,4.0,5.0,5.0,5.0,8.0,6.0,3.0,6.0,7.0,0.0,4.0,9.0,9.0,2,1.0,7,2,2,5.714285714285714,2,4.333333333333333,2,1,4.666666666666667,1,0,0,0,2,1,2,2,0,2,2,1,0,2,1,1,0,0
29096,29096,Italia,6.0,4.0,6.0,4.0,2.0,4.0,5.0,5.0,3.0,5.0,5.0,4.0,6.0,4.0,8.0,8.0,8.0,8.0,8.0,1,1.0,4,2,1,5.0,2,4.666666666666667,2,1,5.333333333333333,2,2,0,0,1,1,1,0,0,1,2,1,2,2,1,1,1,0
58019,58019,Eslovaquia,5.0,3.0,3.0,2.0,2.0,5.0,3.0,2.0,4.0,5.0,2.0,2.0,7.0,3.0,7.0,3.0,5.0,5.0,5.0,2,2.0,8,1,0,4.285714285714286,2,3.333333333333333,1,1,3.6666666666666665,1,0,1,0,0,0,1,0,2,0,1,0,0,0,1,0,1,2
26483,26483,España,5.0,1.0,8.0,2.0,4.0,6.0,1.0,0.0,0.0,8.0,5.0,1.0,1.0,0.0,9.0,3.0,5.0,8.0,3.0,1,2.0,3,0,1,3.4285714285714284,1,2.333333333333333,1,2,4.666666666666667,1,0,1,0,0,0,0,2,0,2,1,0,0,0,2,1,1,0
41101,41101,Croacia,2.0,3.0,3.0,2.0,3.0,2.0,0.0,0.0,2.0,0.0,2.0,0.0,0.0,0.0,5.0,0.0,0.0,10.0,5.0,1,1.0,6,1,2,1.2857142857142858,0,0.6666666666666666,0,1,2.6666666666666665,1,0,1,0,0,0,0,0,0,2,0,0,0,0,0,1,1,0
23135,23135,España,8.0,6.0,8.0,2.0,1.0,9.0,8.0,8.0,7.0,7.0,9.0,7.0,8.0,7.0,8.0,7.0,7.0,7.0,4.0,1,3.0,3,1,1,7.571428571428571,3,8.333333333333334,4,0,7.333333333333333,2,0,1,2,3,0,3,2,2,2,2,2,2,2,2,0,0,2
40321,40321,Portugal,3.0,4.0,4.0,8.0,2.0,3.0,4.0,1.0,3.0,4.0,5.0,0.0,4.0,0.0,5.0,5.0,3.0,7.0,4.0,1,4.0,5,1,1,3.0,1,2.6666666666666665,1,1,3.6666666666666665,1,2,1,0,0,3,0,0,2,2,1,1,0,2,0,1,1,2
44553,44553,Hungría,5.0,3.0,4.0,8.0,2.0,7.0,2.0,6.0,5.0,9.0,8.0,5.0,7.0,5.0,7.0,5.0,7.0,8.0,6.0,2,2.0,7,1,1,6.571428571428571,3,5.0,2,1,4.0,1,2,1,2,2,3,3,2,0,2,2,0,2,0,2,1,1,2
9591,9591,Alemania,4.0,4.0,4.0,5.0,3.0,0.0,0.0,0.0,2.0,2.0,2.0,0.0,2.0,2.0,8.0,0.0,0.0,6.0,4.0,0,4.0,1,1,1,2.571428571428572,1,0.0,0,1,4.0,1,1,1,0,0,1,0,2,0,0,0,0,0,0,0,1,0,0
40451,40451,Portugal,8.0,4.0,3.0,8.0,4.0,4.0,2.0,1.0,0.0,0.0,4.0,0.0,0.0,0.0,8.0,5.0,5.0,8.0,4.0,1,2.0,5,1,1,1.7142857142857142,0,2.333333333333333,1,2,5.0,2,2,1,0,0,3,0,2,0,2,0,0,0,0,0,1,1,0
51269,51269,Hungría,2.0,6.0,7.0,7.0,2.0,2.0,1.0,0.0,1.0,8.0,2.0,1.0,3.0,2.0,8.0,9.0,5.0,6.0,8.0,2,1.0,7,2,1,3.571428571428572,1,1.0,0,1,5.0,2,2,0,0,0,3,0,0,0,2,0,0,0,0,2,1,1,2
14011,14011,Países Bajos,5.0,7.0,5.0,6.0,2.0,6.0,6.0,6.0,1.0,5.0,8.0,5.0,5.0,5.0,10.0,5.0,6.0,8.0,0.0,0,4.0,2,0,1,5.571428571428571,2,6.0,3,1,5.666666666666667,2,1,0,1,3,1,2,2,2,0,2,2,0,0,1,1,1,2
11448,11448,Alemania,4.0,5.0,4.0,1.0,1.0,7.0,2.0,4.0,4.0,5.0,5.0,3.0,4.0,3.0,9.0,8.0,8.0,7.0,3.0,0,2.0,1,0,1,4.714285714285714,2,4.333333333333333,2,0,4.333333333333333,1,0,1,2,1,0,1,0,0,2,0,0,0,2,1,1,1,0
42531,42531,Croacia,5.0,3.0,5.0,7.0,3.0,2.0,2.0,2.0,2.0,3.0,1.0,1.0,3.0,1.0,10.0,1.0,1.0,7.0,4.0,1,1.0,6,1,1,3.0,1,2.0,1,1,4.333333333333333,1,2,1,0,0,3,0,0,0,2,0,0,2,0,0,1,1,2
60370,60370,Eslovaquia,0.0,0.0,0.0,5.0,2.0,0.0,0.0,0.0,0.0,3.0,3.0,0.0,0.0,0.0,6.0,1.0,0.0,6.0,4.0,2,2.0,8,1,1,1.7142857142857142,0,0.0,0,1,0.0,0,1,1,0,0,2,0,0,0,0,0,0,0,0,0,1,1,0
56358,56358,Eslovaquia,9.0,6.0,7.0,2.0,4.0,4.0,4.0,3.0,1.0,7.0,5.0,4.0,3.0,2.0,2.0,3.0,4.0,5.0,9.0,2,1.0,8,2,0,3.4285714285714284,1,3.6666666666666665,1,2,7.333333333333333,2,0,0,1,2,0,0,2,1,2,1,1,0,0,2,1,1,1
23139,23139,España,6.0,7.0,6.0,7.0,3.0,7.0,4.0,5.0,5.0,6.0,5.0,5.0,5.0,6.0,7.0,7.0,6.0,8.0,3.0,1,2.0,3,0,1,5.571428571428571,2,5.333333333333333,2,1,6.333333333333333,2,2,1,1,2,3,1,2,2,0,0,1,0,0,1,1,1,0
61518,61518,Eslovaquia,5.0,5.0,5.0,9.0,4.0,4.0,5.0,3.0,4.0,2.0,9.0,7.0,3.0,8.0,10.0,0.0,6.0,5.0,8.0,2,1.0,8,2,0,6.142857142857143,3,4.0,2,2,5.0,2,2,0,0,1,3,3,0,0,0,2,1,2,2,0,0,0,2
37064,37064,Portugal,3.0,3.0,3.0,5.0,3.0,4.0,1.0,1.0,2.0,2.0,7.0,2.0,4.0,2.0,7.0,4.0,3.0,7.0,7.0,1,2.0,5,2,1,3.7142857142857135,1,2.0,1,1,3.0,1,2,1,0,0,2,0,0,1,0,2,0,0,0,0,1,1,1
55443,55443,Eslovaquia,3.0,4.0,3.0,6.0,3.0,5.0,5.0,5.0,6.0,4.0,4.0,3.0,3.0,3.0,7.0,4.0,4.0,7.0,5.0,2,1.0,8,1,1,4.285714285714286,2,5.0,2,1,3.333333333333333,1,1,1,2,2,2,1,0,2,0,2,1,2,2,0,1,1,0
54691,54691,Eslovaquia,9.0,3.0,7.0,4.0,2.0,2.0,3.0,1.0,2.0,1.0,1.0,0.0,2.0,0.0,7.0,2.0,0.0,6.0,2.0,2,2.0,8,0,1,1.8571428571428568,0,2.0,1,1,6.333333333333333,2,2,1,0,0,1,0,2,0,0,0,0,0,0,0,1,0,0
5844,5844,Bélgica,2.0,3.0,1.0,2.0,3.0,0.0,0.0,0.0,0.0,1.0,2.0,0.0,1.0,0.0,7.0,3.0,0.0,6.0,5.0,0,3.0,0,1,1,1.5714285714285714,0,0.0,0,1,2.0,0,0,1,0,0,0,0,0,2,0,0,0,0,0,0,0,1,0
58706,58706,Eslovaquia,4.0,3.0,2.0,4.0,2.0,6.0,4.0,5.0,4.0,2.0,7.0,3.0,6.0,4.0,9.0,3.0,4.0,5.0,2.0,2,1.0,8,0,0,5.0,2,5.0,2,1,3.0,1,2,1,0,2,1,1,2,0,0,0,1,2,0,0,1,1,0
10697,10697,Alemania,5.0,1.0,2.0,5.0,2.0,4.0,5.0,2.0,0.0,8.0,9.0,3.0,2.0,0.0,8.0,5.0,7.0,8.0,4.0,0,2.0,1,1,1,4.285714285714286,2,3.6666666666666665,1,1,2.6666666666666665,1,1,1,1,1,2,2,1,0,0,0,1,0,0,2,0,1,0
41158,41158,Croacia,1.0,2.0,0.0,2.0,4.0,3.0,3.0,3.0,1.0,1.0,2.0,2.0,2.0,2.0,2.0,0.0,0.0,9.0,7.0,1,1.0,6,2,2,1.7142857142857142,0,3.0,1,2,1.0,0,0,1,0,0,0,0,0,0,0,2,0,0,0,0,1,1,0
26927,26927,España,2.0,2.0,2.0,10.0,3.0,6.0,3.0,3.0,0.0,7.0,8.0,0.0,5.0,0.0,8.0,9.0,7.0,9.0,8.0,1,2.0,3,2,2,4.0,2,4.0,2,1,2.0,0,2,1,2,1,3,1,0,0,0,0,0,0,0,2,1,0,2
25581,25581,España,6.0,3.0,5.0,5.0,2.0,6.0,4.0,4.0,7.0,5.0,8.0,6.0,8.0,2.0,8.0,6.0,7.0,8.0,6.0,1,2.0,3,1,1,6.285714285714286,3,4.666666666666667,2,1,4.666666666666667,1,2,1,1,2,1,3,0,0,0,1,1,2,2,1,1,0,2
24567,24567,España,5.0,8.0,5.0,2.0,4.0,8.0,6.0,8.0,7.0,8.0,8.0,6.0,3.0,6.0,9.0,6.0,4.0,9.0,8.0,1,3.0,3,2,2,6.714285714285714,3,7.333333333333333,3,2,6.0,2,0,0,2,3,0,3,2,2,1,2,2,2,2,2,1,0,0
24027,24027,España,7.0,7.0,9.0,4.0,3.0,2.0,5.0,2.0,3.0,5.0,7.0,0.0,7.0,0.0,7.0,7.0,8.0,10.0,1.0,1,3.0,3,0,2,4.142857142857143,2,3.0,1,1,7.666666666666667,3,2,0,0,0,2,1,0,2,2,0,1,2,1,1,1,0,2
31423,31423,Italia,6.0,5.0,5.0,5.0,2.0,4.0,4.0,5.0,5.0,5.0,6.0,4.0,4.0,3.0,8.0,10.0,6.0,9.0,6.0,1,2.0,4,1,2,5.0,2,4.333333333333333,2,1,5.333333333333333,2,0,1,2,2,1,1,0,0,1,0,1,2,0,1,1,1,0
53861,53861,Eslovaquia,6.0,4.0,5.0,6.0,3.0,6.0,4.0,5.0,8.0,7.0,6.0,5.0,6.0,4.0,10.0,5.0,6.0,7.0,7.0,2,2.0,8,2,1,6.571428571428571,3,5.0,2,1,5.0,2,0,1,1,1,1,3,2,0,2,0,1,1,2,2,1,1,2
31162,31162,Italia,6.0,6.0,7.0,7.0,4.0,4.0,3.0,8.0,2.0,4.0,8.0,0.0,4.0,4.0,7.0,1.0,1.0,7.0,7.0,1,2.0,4,2,1,4.142857142857143,2,5.0,2,2,6.333333333333333,2,2,1,2,2,3,1,0,2,0,2,0,2,0,0,1,1,2
27793,27793,España,7.0,5.0,5.0,0.0,3.0,2.0,0.0,0.0,2.0,3.0,0.0,2.0,0.0,2.0,8.0,10.0,10.0,8.0,0.0,1,2.0,3,0,1,2.4285714285714284,1,0.6666666666666666,0,1,5.666666666666667,2,0,1,0,0,0,0,2,2,2,0,0,0,0,0,1,1,0
18881,18881,Países Bajos,6.0,7.0,5.0,7.0,2.0,8.0,7.0,8.0,8.0,8.0,8.0,8.0,6.0,8.0,7.0,7.0,8.0,9.0,7.0,0,1.0,2,2,2,7.571428571428571,3,7.666666666666667,3,1,6.0,2,2,1,2,3,3,3,2,2,2,2,2,2,2,2,1,0,0
57543,57543,Eslovaquia,3.0,6.0,8.0,4.0,3.0,3.0,6.0,5.0,3.0,2.0,4.0,3.0,3.0,2.0,10.0,5.0,5.0,7.0,3.0,2,2.0,8,0,1,3.857142857142857,1,4.666666666666667,2,1,5.666666666666667,2,0,1,0,2,2,0,0,2,2,0,2,2,2,0,1,1,0
7241,7241,Alemania,7.0,7.0,4.0,5.0,1.0,9.0,7.0,7.0,5.0,6.0,8.0,5.0,7.0,7.0,9.0,7.0,7.0,9.0,4.0,0,1.0,1,1,2,6.714285714285714,3,7.666666666666667,3,0,6.0,2,0,1,2,3,1,3,0,2,0,2,2,2,0,1,1,1,2
35490,35490,Portugal,8.0,6.0,5.0,5.0,2.0,8.0,7.0,8.0,6.0,7.0,9.0,5.0,5.0,3.0,9.0,5.0,5.0,9.0,6.0,1,2.0,5,1,2,6.285714285714286,3,7.666666666666667,3,1,6.333333333333333,2,2,1,2,3,1,3,2,0,0,2,2,2,0,2,0,1,2
46598,46598,Hungría,6.0,4.0,4.0,5.0,3.0,8.0,6.0,7.0,6.0,6.0,7.0,7.0,7.0,6.0,6.0,5.0,6.0,10.0,6.0,2,1.0,7,1,2,6.428571428571429,3,7.0,3,1,4.666666666666667,1,2,1,2,3,2,3,1,2,1,2,2,2,2,1,1,1,2
60958,60958,Eslovaquia,7.0,5.0,10.0,0.0,3.0,3.0,0.0,0.0,2.0,5.0,7.0,0.0,5.0,0.0,10.0,0.0,0.0,6.0,7.0,2,1.0,8,2,1,4.142857142857143,2,1.0,0,1,7.333333333333333,2,0,1,0,0,0,2,1,0,2,2,0,0,0,1,1,1,2
50424,50424,Hungría,8.0,1.0,1.0,10.0,3.0,8.0,8.0,10.0,1.0,9.0,7.0,8.0,7.0,8.0,9.0,3.0,1.0,6.0,9.0,2,1.0,7,2,1,7.0,3,8.666666666666666,4,1,3.333333333333333,1,2,0,2,3,3,3,2,0,0,2,2,2,0,2,1,1,2
2445,2445,Bélgica,2.0,3.0,0.0,5.0,1.0,7.0,5.0,2.0,6.0,3.0,5.0,2.0,3.0,2.0,7.0,7.0,6.0,8.0,2.0,0,4.0,0,0,1,4.0,2,4.666666666666667,2,0,1.6666666666666667,0,1,1,0,1,2,2,0,2,0,0,1,0,0,0,1,1,0
3060,3060,Bélgica,5.0,5.0,2.0,5.0,4.0,5.0,5.0,5.0,4.0,4.0,4.0,4.0,4.0,2.0,7.0,0.0,3.0,9.0,8.0,0,1.0,0,2,2,4.142857142857143,2,5.0,2,2,4.0,1,1,0,0,2,2,1,2,0,0,0,1,2,1,0,1,1,1
52384,52384,Hungría,7.0,6.0,5.0,5.0,2.0,7.0,7.0,6.0,5.0,7.0,8.0,4.0,7.0,4.0,5.0,6.0,8.0,7.0,5.0,2,1.0,7,1,1,5.714285714285714,2,6.666666666666667,3,1,6.0,2,1,1,2,3,2,1,0,0,0,2,2,2,2,2,1,1,2
39698,39698,Portugal,3.0,5.0,3.0,4.0,1.0,6.0,7.0,7.0,7.0,8.0,10.0,5.0,8.0,5.0,5.0,5.0,4.0,6.0,6.0,1,3.0,5,1,1,6.857142857142857,3,6.666666666666667,3,0,3.6666666666666665,1,1,1,2,3,1,3,0,2,0,0,2,2,2,2,0,1,2
52801,52801,Hungría,2.0,3.0,2.0,5.0,3.0,5.0,7.0,5.0,3.0,0.0,2.0,2.0,3.0,0.0,10.0,10.0,4.0,7.0,4.0,2,2.0,7,1,1,2.857142857142857,1,5.666666666666667,2,1,2.333333333333333,0,0,1,2,2,2,0,0,2,0,2,2,2,2,0,0,1,2
38183,38183,Portugal,2.0,1.0,0.0,5.0,3.0,5.0,5.0,4.0,2.0,3.0,5.0,0.0,3.0,0.0,9.0,10.0,5.0,6.0,4.0,1,3.0,5,1,1,3.142857142857143,1,4.666666666666667,2,1,1.0,0,0,1,2,1,1,0,0,0,0,1,1,0,0,0,1,0,0
58097,58097,Eslovaquia,8.0,8.0,8.0,1.0,2.0,8.0,6.0,7.0,8.0,8.0,7.0,5.0,4.0,5.0,2.0,2.0,1.0,7.0,10.0,2,1.0,8,2,1,5.571428571428571,2,7.0,3,1,8.0,3,0,0,2,3,0,1,2,2,2,2,2,2,2,2,1,1,2
16791,16791,Países Bajos,5.0,2.0,3.0,2.0,2.0,8.0,4.0,4.0,6.0,7.0,8.0,5.0,6.0,5.0,7.0,5.0,7.0,9.0,0.0,0,3.0,2,0,2,6.285714285714286,3,5.333333333333333,2,1,3.333333333333333,1,0,1,0,2,0,3,0,0,1,2,1,0,0,2,1,1,2
49749,49749,Hungría,5.0,8.0,7.0,5.0,2.0,3.0,3.0,2.0,4.0,6.0,7.0,4.0,5.0,4.0,6.0,10.0,7.0,10.0,2.0,2,1.0,7,0,2,5.142857142857143,2,2.6666666666666665,1,1,6.666666666666667,2,0,1,0,0,2,1,1,2,0,2,0,2,1,1,1,1,1
36085,36085,Portugal,5.0,5.0,4.0,5.0,4.0,2.0,1.0,1.0,2.0,3.0,2.0,2.0,3.0,0.0,10.0,7.0,7.0,5.0,4.0,1,1.0,5,1,0,3.142857142857143,1,1.3333333333333333,0,2,4.666666666666667,1,0,1,0,0,2,0,2,2,2,0,0,0,0,0,1,1,2
15281,15281,Países Bajos,8.0,6.0,8.0,5.0,2.0,7.0,6.0,6.0,6.0,7.0,7.0,8.0,8.0,7.0,7.0,7.0,7.0,8.0,6.0,0,3.0,2,1,1,7.142857142857143,3,6.333333333333333,3,1,7.333333333333333,2,1,1,2,3,2,3,2,1,2,0,2,2,0,2,1,1,2
52314,52314,Hungría,8.0,5.0,7.0,4.0,2.0,5.0,6.0,8.0,8.0,10.0,9.0,4.0,8.0,3.0,7.0,6.0,8.0,9.0,8.0,2,1.0,7,2,2,7.0,3,6.333333333333333,3,1,6.666666666666667,2,2,0,2,3,1,3,2,2,1,2,2,2,2,2,0,1,2
27891,27891,España,5.0,5.0,8.0,5.0,3.0,0.0,1.0,0.0,7.0,8.0,5.0,5.0,5.0,5.0,4.0,10.0,10.0,10.0,10.0,1,3.0,3,2,2,5.571428571428571,2,0.3333333333333333,0,1,6.0,2,2,0,0,0,1,2,2,0,2,0,0,0,2,2,1,1,0
61118,61118,Eslovaquia,0.0,0.0,0.0,10.0,2.0,8.0,3.0,8.0,3.0,8.0,10.0,5.0,8.0,8.0,8.0,2.0,2.0,8.0,8.0,2,1.0,8,2,1,7.142857142857143,3,6.333333333333333,3,1,0.0,0,2,0,2,3,3,3,0,0,0,2,0,2,1,2,0,1,2
57967,57967,Eslovaquia,2.0,2.0,2.0,5.0,2.0,5.0,2.0,3.0,5.0,3.0,7.0,5.0,6.0,5.0,0.0,8.0,6.0,10.0,8.0,2,1.0,8,2,2,4.428571428571429,2,3.333333333333333,1,1,2.0,0,1,0,0,0,1,2,0,0,0,1,0,2,0,0,1,1,0
28493,28493,Italia,3.0,2.0,3.0,3.0,3.0,2.0,6.0,1.0,6.0,5.0,5.0,4.0,5.0,4.0,6.0,6.0,5.0,8.0,4.0,1,1.0,4,1,1,5.0,2,3.0,1,1,2.6666666666666665,1,0,1,0,0,0,2,0,0,0,0,2,0,0,1,1,1,2
16797,16797,Países Bajos,4.0,5.0,7.0,3.0,2.0,2.0,8.0,4.0,0.0,7.0,9.0,0.0,3.0,0.0,5.0,1.0,9.0,9.0,7.0,0,2.0,2,2,2,3.4285714285714284,1,4.666666666666667,2,1,5.333333333333333,2,0,1,1,2,0,0,2,2,0,0,2,2,0,2,1,1,2
39895,39895,Portugal,4.0,4.0,3.0,2.0,4.0,1.0,1.0,1.0,3.0,3.0,2.0,2.0,1.0,2.0,8.0,5.0,5.0,7.0,5.0,1,3.0,5,1,1,3.0,1,1.0,0,2,3.6666666666666665,1,0,1,0,0,0,0,0,2,0,0,0,0,1,0,1,1,0
30152,30152,Italia,4.0,3.0,2.0,5.0,4.0,2.0,3.0,4.0,1.0,9.0,7.0,1.0,1.0,0.0,9.0,2.0,2.0,6.0,8.0,1,2.0,4,2,1,4.0,2,3.0,1,2,3.0,1,2,0,2,0,1,1,0,0,0,0,0,0,0,2,1,1,0
55074,55074,Eslovaquia,7.0,7.0,7.0,3.0,3.0,7.0,8.0,8.0,5.0,6.0,5.0,4.0,7.0,3.0,9.0,4.0,4.0,6.0,7.0,2,3.0,8,2,1,5.571428571428571,2,7.666666666666667,3,1,7.0,2,0,1,2,3,0,1,0,2,0,2,2,2,0,1,1,1,2
49489,49489,Hungría,7.0,6.0,7.0,5.0,3.0,7.0,5.0,5.0,5.0,7.0,7.0,4.0,6.0,4.0,5.0,5.0,5.0,8.0,2.0,2,2.0,7,0,1,5.428571428571429,2,5.666666666666667,2,1,6.666666666666667,2,0,1,0,1,1,1,0,2,0,1,1,2,0,2,1,1,0
55532,55532,Eslovaquia,3.0,1.0,2.0,5.0,3.0,5.0,7.0,7.0,3.0,2.0,3.0,2.0,1.0,1.0,6.0,5.0,3.0,3.0,8.0,2,2.0,8,2,0,2.571428571428572,1,6.333333333333333,3,1,2.0,0,2,1,2,3,2,0,0,0,0,0,2,2,1,0,1,1,0
42751,42751,Croacia,9.0,0.0,10.0,0.0,3.0,5.0,4.0,5.0,10.0,8.0,9.0,5.0,5.0,5.0,8.0,10.0,10.0,5.0,8.0,1,2.0,6,2,0,7.142857142857143,3,4.666666666666667,2,1,6.333333333333333,2,0,0,2,2,0,3,2,0,2,0,1,0,2,2,0,1,0
58295,58295,Eslovaquia,3.0,5.0,3.0,2.0,3.0,6.0,3.0,3.0,3.0,1.0,2.0,1.0,1.0,1.0,5.0,5.0,5.0,9.0,9.0,2,3.0,8,2,2,2.0,1,4.0,2,1,3.6666666666666665,1,0,0,2,2,0,0,0,0,2,0,0,2,1,0,1,1,0
55370,55370,Eslovaquia,5.0,3.0,5.0,5.0,3.0,3.0,3.0,5.0,5.0,3.0,5.0,2.0,5.0,2.0,8.0,5.0,5.0,5.0,7.0,2,1.0,8,2,0,4.285714285714286,2,3.6666666666666665,1,1,4.333333333333333,1,2,1,2,2,1,1,1,0,0,0,0,0,2,0,1,1,0
47696,47696,Hungría,5.0,5.0,5.0,10.0,4.0,2.0,0.0,1.0,1.0,3.0,5.0,5.0,5.0,3.0,7.0,0.0,5.0,10.0,3.0,2,1.0,7,0,2,4.142857142857143,2,1.0,0,2,5.0,2,2,1,0,0,3,1,2,2,0,0,0,0,0,0,1,1,0
40594,40594,Portugal,8.0,10.0,3.0,0.0,4.0,0.0,2.0,8.0,0.0,0.0,0.0,0.0,5.0,0.0,8.0,5.0,6.0,5.0,5.0,1,3.0,5,1,0,1.8571428571428568,0,3.333333333333333,1,2,7.0,2,0,1,0,0,0,0,2,2,2,0,0,2,0,0,0,1,0
2314,2314,Bélgica,7.0,7.0,7.0,3.0,1.0,3.0,3.0,3.0,3.0,7.0,8.0,5.0,5.0,3.0,8.0,5.0,5.0,7.0,0.0,0,2.0,0,0,1,5.571428571428571,2,3.0,1,0,7.0,2,0,1,2,0,0,1,2,2,2,1,0,1,0,2,1,1,0
23931,23931,España,8.0,6.0,6.0,6.0,2.0,6.0,5.0,4.0,6.0,5.0,7.0,5.0,6.0,6.0,10.0,5.0,4.0,8.0,9.0,1,2.0,3,2,1,6.428571428571429,3,5.0,2,1,6.666666666666667,2,0,0,2,1,2,3,2,0,2,2,1,2,2,1,1,1,0
17326,17326,Países Bajos,7.0,6.0,7.0,5.0,2.0,2.0,4.0,4.0,2.0,6.0,7.0,5.0,5.0,4.0,8.0,5.0,5.0,9.0,7.0,0,4.0,2,2,2,5.285714285714286,2,3.333333333333333,1,1,6.666666666666667,2,1,1,0,0,2,2,1,2,1,0,1,2,0,1,1,1,0
39593,39593,Portugal,7.0,4.0,3.0,5.0,4.0,5.0,1.0,3.0,1.0,4.0,5.0,1.0,1.0,1.0,7.0,6.0,5.0,6.0,7.0,1,4.0,5,2,1,2.857142857142857,1,3.0,1,2,4.666666666666667,1,1,1,0,0,2,0,0,0,2,0,0,2,0,0,1,1,0
24208,24208,España,7.0,7.0,7.0,2.0,3.0,4.0,3.0,3.0,0.0,1.0,5.0,0.0,1.0,0.0,9.0,4.0,2.0,8.0,5.0,1,1.0,3,1,1,2.2857142857142856,1,3.333333333333333,1,1,7.0,2,0,1,2,0,0,0,2,2,0,0,0,0,0,0,1,0,0
46093,46093,Hungría,6.0,4.0,4.0,5.0,4.0,3.0,0.0,3.0,7.0,7.0,7.0,3.0,3.0,2.0,6.0,10.0,10.0,6.0,0.0,2,1.0,7,0,1,5.0,2,2.0,1,2,4.666666666666667,1,2,1,0,0,2,2,2,0,0,1,0,2,2,2,1,1,0
37137,37137,Portugal,4.0,5.0,4.0,6.0,3.0,3.0,3.0,2.0,6.0,6.0,5.0,2.0,6.0,1.0,10.0,6.0,3.0,8.0,6.0,1,1.0,5,1,1,5.142857142857143,2,2.6666666666666665,1,1,4.333333333333333,1,0,1,0,0,1,2,2,1,2,2,0,2,0,1,1,1,2
10357,10357,Alemania,8.0,5.0,5.0,3.0,2.0,3.0,4.0,1.0,6.0,4.0,4.0,7.0,3.0,0.0,7.0,3.0,2.0,5.0,0.0,0,2.0,1,0,0,4.428571428571429,2,2.6666666666666665,1,1,6.0,2,0,1,0,0,0,2,2,2,0,2,1,0,0,0,1,1,0
52978,52978,Hungría,5.0,7.0,5.0,0.0,1.0,3.0,3.0,0.0,5.0,3.0,2.0,2.0,0.0,5.0,4.0,5.0,5.0,10.0,10.0,2,1.0,7,2,2,3.0,1,2.0,1,0,5.666666666666667,2,0,1,0,0,0,0,1,2,0,2,0,0,2,0,1,1,0
4271,4271,Bélgica,7.0,6.0,7.0,5.0,2.0,7.0,8.0,7.0,7.0,6.0,7.0,7.0,6.0,6.0,4.0,5.0,4.0,8.0,6.0,0,1.0,0,1,1,6.142857142857143,3,7.333333333333333,3,1,6.666666666666667,2,2,1,2,3,1,3,2,0,2,1,2,2,2,1,1,0,0
14220,14220,Países Bajos,7.0,6.0,7.0,6.0,3.0,6.0,7.0,6.0,4.0,5.0,6.0,7.0,6.0,7.0,8.0,4.0,6.0,8.0,7.0,0,1.0,2,2,1,6.142857142857143,3,6.333333333333333,3,1,6.666666666666667,2,0,1,2,3,1,3,0,2,1,1,2,0,1,1,1,0,0
12896,12896,Alemania,8.0,5.0,5.0,3.0,2.0,3.0,3.0,3.0,6.0,4.0,6.0,4.0,3.0,4.0,8.0,5.0,6.0,5.0,3.0,0,2.0,1,0,0,5.0,2,3.0,1,1,6.0,2,0,1,0,0,0,2,2,0,0,0,0,2,0,0,1,1,0
16719,16719,Países Bajos,4.0,3.0,3.0,5.0,3.0,6.0,6.0,7.0,6.0,3.0,5.0,4.0,4.0,3.0,7.0,6.0,7.0,7.0,0.0,0,1.0,2,0,1,4.571428571428571,2,6.333333333333333,3,1,3.333333333333333,1,0,1,2,3,2,2,2,2,0,2,2,2,0,0,1,1,2
45433,45433,Hungría,3.0,4.0,3.0,10.0,2.0,8.0,9.0,9.0,7.0,8.0,7.0,8.0,7.0,7.0,5.0,2.0,2.0,7.0,7.0,2,1.0,7,2,1,7.0,3,8.666666666666666,4,1,3.333333333333333,1,2,1,2,3,3,3,0,0,1,2,2,2,2,2,1,0,2
29130,29130,Italia,0.0,0.0,0.0,5.0,3.0,3.0,5.0,3.0,6.0,7.0,7.0,5.0,7.0,6.0,8.0,10.0,10.0,8.0,6.0,1,1.0,4,1,1,6.571428571428571,3,3.6666666666666665,1,1,0.0,0,1,1,1,2,2,3,0,0,0,1,1,2,1,2,1,1,2
19768,19768,Países Bajos,5.0,4.0,5.0,8.0,3.0,4.0,8.0,6.0,5.0,7.0,7.0,6.0,6.0,6.0,10.0,5.0,4.0,8.0,1.0,0,4.0,2,0,1,6.714285714285714,3,6.0,3,1,4.666666666666667,1,2,1,1,3,3,3,2,2,0,2,2,2,2,2,1,0,0
19753,19753,Países Bajos,5.0,8.0,8.0,7.0,2.0,6.0,6.0,7.0,4.0,5.0,7.0,6.0,4.0,6.0,5.0,4.0,5.0,7.0,7.0,0,2.0,2,2,1,5.285714285714286,2,6.333333333333333,3,1,7.0,2,2,1,2,3,3,2,2,2,2,2,2,2,0,1,1,0,2
22196,22196,España,6.0,0.0,8.0,10.0,4.0,6.0,5.0,6.0,2.0,7.0,8.0,2.0,7.0,5.0,10.0,5.0,5.0,7.0,6.0,1,3.0,3,1,1,5.857142857142857,2,5.666666666666667,2,2,4.666666666666667,1,2,1,2,2,3,3,0,0,2,2,1,0,0,2,1,1,2
45271,45271,Hungría,4.0,5.0,3.0,5.0,4.0,2.0,0.0,0.0,0.0,3.0,5.0,0.0,1.0,0.0,8.0,3.0,5.0,7.0,3.0,2,1.0,7,0,1,2.4285714285714284,1,0.6666666666666666,0,2,4.0,1,1,1,0,0,1,0,0,2,0,0,0,0,0,0,1,0,0
49086,49086,Hungría,3.0,6.0,4.0,8.0,4.0,10.0,8.0,8.0,8.0,8.0,7.0,8.0,8.0,8.0,8.0,1.0,1.0,8.0,8.0,2,1.0,7,2,1,7.857142857142857,3,8.666666666666666,4,2,4.333333333333333,1,2,0,2,3,3,3,0,0,0,2,2,2,2,2,1,0,2
24338,24338,España,10.0,6.0,5.0,5.0,3.0,7.0,5.0,6.0,5.0,8.0,8.0,5.0,5.0,5.0,10.0,10.0,10.0,8.0,8.0,1,4.0,3,2,1,6.571428571428571,3,6.0,3,1,7.0,2,1,0,1,3,2,3,2,0,1,2,1,2,2,2,1,1,0
20421,20421,Países Bajos,7.0,7.0,7.0,2.0,2.0,7.0,6.0,6.0,5.0,6.0,7.0,6.0,6.0,6.0,8.0,7.0,7.0,7.0,6.0,0,4.0,2,1,1,6.285714285714286,3,6.333333333333333,3,1,7.0,2,0,1,2,3,0,3,0,2,1,2,2,2,0,1,1,0,0
40635,40635,Croacia,5.0,0.0,2.0,5.0,3.0,0.0,0.0,0.0,0.0,0.0,0.0,0.0,0.0,0.0,7.0,3.0,6.0,5.0,5.0,1,2.0,6,1,0,1.0,0,0.0,0,1,2.333333333333333,0,1,1,0,0,1,0,0,0,0,0,0,0,0,0,1,1,0
33660,33660,Portugal,7.0,7.0,6.0,5.0,2.0,6.0,7.0,7.0,7.0,7.0,7.0,7.0,7.0,0.0,5.0,3.0,3.0,8.0,0.0,1,1.0,5,0,1,5.714285714285714,2,6.666666666666667,3,1,6.666666666666667,2,2,0,2,3,2,1,2,2,1,2,2,2,2,2,1,0,2
21946,21946,España,6.0,6.0,6.0,4.0,2.0,7.0,6.0,6.0,6.0,5.0,5.0,5.0,6.0,5.0,7.0,8.0,7.0,7.0,6.0,1,3.0,3,1,1,5.571428571428571,2,6.333333333333333,3,1,6.0,2,1,1,2,3,1,2,0,0,0,2,2,1,2,1,1,1,2
30588,30588,Italia,6.0,3.0,5.0,5.0,3.0,6.0,5.0,5.0,7.0,3.0,6.0,2.0,5.0,0.0,9.0,7.0,5.0,5.0,5.0,1,2.0,4,1,0,4.571428571428571,2,5.333333333333333,2,1,4.666666666666667,1,0,1,2,2,1,2,2,2,0,0,1,2,2,0,1,1,0
49037,49037,Hungría,6.0,4.0,5.0,4.0,3.0,2.0,0.0,0.0,3.0,3.0,8.0,0.0,2.0,0.0,8.0,3.0,5.0,7.0,7.0,2,2.0,7,2,1,3.4285714285714284,1,0.6666666666666666,0,1,5.0,2,1,1,0,0,2,0,0,1,2,0,0,0,0,0,1,1,0
14241,14241,Países Bajos,7.0,6.0,6.0,6.0,2.0,5.0,5.0,4.0,0.0,3.0,6.0,0.0,3.0,4.0,8.0,6.0,4.0,8.0,5.0,0,3.0,2,1,1,3.4285714285714284,1,4.666666666666667,2,1,6.333333333333333,2,1,1,2,2,2,0,0,0,0,2,1,0,0,0,1,0,1
27928,27928,España,3.0,2.0,2.0,4.0,2.0,3.0,2.0,0.0,6.0,3.0,7.0,1.0,2.0,4.0,7.0,2.0,2.0,7.0,3.0,1,2.0,3,0,1,4.285714285714286,2,1.6666666666666667,0,1,2.333333333333333,0,0,1,0,0,2,1,0,0,0,2,0,0,1,0,1,1,0
26463,26463,España,5.0,5.0,5.0,2.0,3.0,3.0,5.0,8.0,7.0,5.0,10.0,2.0,5.0,0.0,10.0,5.0,10.0,2.0,0.0,1,2.0,3,0,0,5.571428571428571,2,5.333333333333333,2,1,5.0,2,0,1,2,2,0,2,2,2,2,2,1,2,2,1,0,1,1
32451,32451,Italia,1.0,1.0,1.0,0.0,2.0,8.0,4.0,5.0,6.0,7.0,7.0,2.0,3.0,0.0,9.0,7.0,4.0,7.0,0.0,1,2.0,4,0,1,4.857142857142857,2,5.666666666666667,2,1,1.0,0,0,1,0,1,0,2,0,0,0,2,1,2,0,2,1,1,2
36328,36328,Portugal,5.0,6.0,10.0,0.0,1.0,9.0,2.0,2.0,5.0,10.0,8.0,5.0,10.0,5.0,8.0,9.0,5.0,5.0,5.0,1,2.0,5,1,0,7.285714285714286,3,4.333333333333333,2,0,7.0,2,0,1,2,1,0,3,2,1,2,2,0,2,2,2,1,1,2
21386,21386,España,6.0,1.0,6.0,5.0,4.0,5.0,5.0,5.0,5.0,5.0,5.0,5.0,5.0,0.0,6.0,6.0,5.0,8.0,3.0,1,3.0,3,0,1,4.428571428571429,2,5.0,2,2,4.333333333333333,1,2,1,2,2,1,1,2,0,0,1,1,0,2,1,1,1,1
16296,16296,Países Bajos,10.0,8.0,7.0,5.0,2.0,8.0,2.0,5.0,8.0,8.0,8.0,6.0,6.0,7.0,6.0,4.0,5.0,8.0,4.0,0,3.0,2,1,1,7.0,3,5.0,2,1,8.333333333333334,3,2,1,2,1,2,3,2,2,2,2,0,0,2,2,1,0,0
27138,27138,España,1.0,2.0,0.0,0.0,3.0,0.0,0.0,0.0,1.0,1.0,6.0,0.0,0.0,0.0,2.0,0.0,0.0,3.0,6.0,1,2.0,3,1,0,1.4285714285714286,0,0.0,0,1,1.0,0,0,1,0,0,0,0,0,0,0,0,0,0,0,0,1,1,0
18238,18238,Países Bajos,7.0,6.0,5.0,3.0,4.0,0.0,1.0,3.0,0.0,5.0,7.0,2.0,0.0,6.0,7.0,2.0,7.0,8.0,2.0,0,2.0,2,0,1,3.857142857142857,1,1.3333333333333333,0,2,6.0,2,0,1,0,0,0,0,2,1,2,0,0,1,0,1,1,1,0
25652,25652,España,7.0,4.0,7.0,8.0,2.0,4.0,3.0,9.0,6.0,5.0,7.0,2.0,3.0,6.0,7.0,10.0,10.0,9.0,0.0,1,3.0,3,0,2,5.142857142857143,2,5.333333333333333,2,1,6.0,2,2,0,2,2,3,2,2,2,0,2,0,2,2,1,1,1,1
48587,48587,Hungría,3.0,3.0,7.0,5.0,4.0,0.0,0.0,3.0,9.0,1.0,7.0,0.0,3.0,0.0,7.0,5.0,7.0,6.0,8.0,2,1.0,7,2,1,3.857142857142857,1,1.0,0,2,4.333333333333333,1,2,1,0,0,1,0,0,2,2,0,0,0,2,0,1,1,0
46016,46016,Hungría,5.0,3.0,4.0,7.0,1.0,4.0,3.0,4.0,4.0,4.0,4.0,4.0,4.0,3.0,9.0,8.0,6.0,10.0,8.0,2,2.0,7,2,2,4.571428571428571,2,3.6666666666666665,1,0,4.0,1,2,0,0,1,3,1,0,1,1,2,0,2,1,0,1,1,0
23797,23797,España,0.0,0.0,0.0,5.0,4.0,0.0,0.0,0.0,0.0,0.0,0.0,0.0,0.0,1.0,9.0,5.0,7.0,10.0,0.0,1,2.0,3,0,2,1.4285714285714286,0,0.0,0,2,0.0,0,1,1,0,0,1,0,0,0,0,0,0,0,0,0,1,0,0
50431,50431,Hungría,5.0,7.0,7.0,5.0,2.0,6.0,7.0,7.0,8.0,5.0,6.0,6.0,5.0,6.0,6.0,6.0,7.0,6.0,6.0,2,1.0,7,1,1,6.0,3,6.666666666666667,3,1,6.333333333333333,2,1,1,2,3,2,3,2,2,1,1,2,2,2,1,1,0,0
45015,45015,Hungría,4.0,4.0,4.0,5.0,3.0,5.0,3.0,5.0,1.0,6.0,4.0,3.0,5.0,3.0,6.0,3.0,4.0,7.0,6.0,2,1.0,7,1,1,4.0,2,4.333333333333333,2,1,4.0,1,1,1,2,2,2,2,2,1,2,1,0,2,0,1,1,1,0
36234,36234,Portugal,2.0,2.0,2.0,8.0,4.0,2.0,3.0,2.0,5.0,0.0,5.0,0.0,0.0,1.0,5.0,5.0,5.0,7.0,8.0,1,3.0,5,2,1,2.2857142857142856,1,2.333333333333333,1,2,2.0,0,2,1,0,0,3,0,0,0,0,0,0,2,0,0,1,0,0
52941,52941,Hungría,5.0,7.0,3.0,10.0,2.0,10.0,7.0,9.0,4.0,8.0,8.0,6.0,9.0,7.0,8.0,7.0,4.0,8.0,8.0,2,1.0,7,2,1,7.142857142857143,3,8.666666666666666,4,1,5.0,2,2,0,2,3,3,3,1,2,1,2,2,2,2,2,1,0,2
29779,29779,Italia,7.0,6.0,7.0,8.0,2.0,7.0,7.0,8.0,7.0,7.0,7.0,8.0,8.0,7.0,9.0,2.0,4.0,7.0,4.0,1,1.0,4,1,1,7.571428571428571,3,7.333333333333333,3,1,6.666666666666667,2,2,1,2,3,3,3,2,2,0,2,2,2,2,2,1,0,2
53430,53430,Hungría,5.0,8.0,3.0,5.0,2.0,6.0,3.0,2.0,8.0,10.0,7.0,6.0,7.0,5.0,1.0,8.0,6.0,8.0,5.0,2,1.0,7,1,1,6.285714285714286,3,3.6666666666666665,1,1,5.333333333333333,2,1,1,0,2,1,3,1,2,2,2,0,0,2,2,1,0,2
60279,60279,Eslovaquia,1.0,5.0,2.0,5.0,3.0,4.0,5.0,6.0,2.0,5.0,2.0,5.0,5.0,2.0,10.0,4.0,2.0,4.0,8.0,2,1.0,8,2,0,4.428571428571429,2,5.0,2,1,2.6666666666666665,1,0,0,0,1,2,2,0,2,0,2,1,1,0,1,1,1,1
45969,45969,Hungría,6.0,6.0,6.0,5.0,2.0,8.0,3.0,8.0,8.0,8.0,8.0,7.0,8.0,6.0,5.0,10.0,10.0,8.0,2.0,2,2.0,7,0,1,7.142857142857143,3,6.333333333333333,3,1,6.0,2,2,1,2,3,2,3,1,0,2,2,0,2,2,2,1,0,2
4438,4438,Bélgica,7.0,7.0,5.0,6.0,4.0,8.0,9.0,7.0,3.0,4.0,5.0,5.0,4.0,5.0,8.0,3.0,6.0,7.0,8.0,0,4.0,0,2,1,4.857142857142857,2,8.0,4,2,6.333333333333333,2,0,0,2,3,2,2,2,2,1,2,2,2,0,0,1,1,2
24881,24881,España,0.0,0.0,0.0,6.0,4.0,5.0,5.0,5.0,5.0,0.0,5.0,0.0,0.0,0.0,10.0,5.0,3.0,4.0,5.0,1,3.0,3,1,0,2.857142857142857,1,5.0,2,2,0.0,0,1,1,1,1,1,0,0,0,0,2,1,2,1,0,1,1,0
8843,8843,Alemania,6.0,5.0,6.0,2.0,2.0,6.0,8.0,5.0,4.0,8.0,7.0,4.0,7.0,4.0,7.0,8.0,9.0,9.0,6.0,0,2.0,1,1,2,5.857142857142857,2,6.333333333333333,3,1,5.666666666666667,2,0,1,2,3,0,3,2,2,2,2,2,0,0,2,1,1,2
27111,27111,España,8.0,4.0,3.0,0.0,2.0,10.0,6.0,8.0,6.0,0.0,7.0,8.0,0.0,7.0,9.0,8.0,8.0,9.0,1.0,1,4.0,3,0,2,5.285714285714286,2,8.0,4,1,5.0,2,0,1,2,3,0,2,2,0,2,2,2,2,2,0,1,0,0
30196,30196,Italia,5.0,6.0,5.0,5.0,1.0,4.0,7.0,8.0,6.0,6.0,7.0,4.0,4.0,2.0,8.0,8.0,7.0,8.0,9.0,1,2.0,4,2,1,5.285714285714286,2,6.333333333333333,3,0,5.333333333333333,2,0,0,2,3,1,2,1,2,1,0,2,2,2,1,1,1,1
41096,41096,Croacia,8.0,2.0,3.0,10.0,2.0,9.0,5.0,8.0,5.0,0.0,6.0,0.0,6.0,0.0,9.0,0.0,0.0,7.0,10.0,1,3.0,6,2,1,3.7142857142857135,1,7.333333333333333,3,1,4.333333333333333,1,2,1,2,3,3,0,2,0,2,2,1,2,0,0,1,1,0
52763,52763,Hungría,7.0,7.0,7.0,5.0,4.0,5.0,5.0,3.0,4.0,5.0,8.0,2.0,4.0,2.0,8.0,0.0,3.0,3.0,2.0,2,1.0,7,0,0,4.714285714285714,2,4.333333333333333,2,2,7.0,2,2,1,1,2,2,1,2,2,2,2,1,0,1,1,1,1,2
61704,61704,Eslovaquia,8.0,7.0,8.0,2.0,1.0,2.0,6.0,6.0,6.0,5.0,7.0,5.0,7.0,6.0,9.0,0.0,0.0,8.0,10.0,2,3.0,8,2,1,6.428571428571429,3,4.666666666666667,2,0,7.666666666666667,3,0,0,0,2,0,3,2,2,2,0,2,2,0,1,1,1,2
16748,16748,Países Bajos,7.0,6.0,7.0,5.0,4.0,4.0,7.0,3.0,6.0,5.0,7.0,4.0,4.0,4.0,7.0,4.0,5.0,9.0,7.0,0,3.0,2,2,2,5.285714285714286,2,4.666666666666667,2,2,6.666666666666667,2,1,1,1,1,2,2,0,1,2,0,2,0,1,1,1,1,2
61406,61406,Eslovaquia,7.0,5.0,4.0,5.0,3.0,3.0,1.0,0.0,2.0,4.0,6.0,0.0,1.0,0.0,8.0,4.0,5.0,6.0,5.0,2,2.0,8,1,1,3.0,1,1.3333333333333333,0,1,5.333333333333333,2,0,1,0,0,2,0,1,1,0,1,0,0,0,0,1,1,0
22339,22339,España,7.0,3.0,3.0,7.0,2.0,9.0,6.0,2.0,7.0,10.0,10.0,4.0,6.0,4.0,8.0,10.0,10.0,8.0,7.0,1,2.0,3,2,1,7.0,3,5.666666666666667,2,1,4.333333333333333,1,2,1,2,2,3,3,0,0,0,2,2,0,2,2,0,1,2
50095,50095,Hungría,6.0,6.0,6.0,4.0,2.0,6.0,4.0,4.0,5.0,6.0,6.0,8.0,8.0,7.0,6.0,4.0,4.0,5.0,3.0,2,2.0,7,0,0,6.571428571428571,3,4.666666666666667,2,1,6.0,2,0,1,0,2,1,3,0,2,0,2,1,1,0,1,1,0,2
17252,17252,Países Bajos,8.0,4.0,3.0,8.0,4.0,7.0,7.0,6.0,6.0,7.0,8.0,6.0,7.0,6.0,10.0,6.0,4.0,8.0,9.0,0,3.0,2,2,1,7.142857142857143,3,6.666666666666667,3,2,5.0,2,2,0,2,3,3,3,2,0,2,0,2,2,2,2,1,0,2
51994,51994,Hungría,3.0,6.0,7.0,1.0,3.0,2.0,4.0,1.0,5.0,5.0,9.0,2.0,5.0,2.0,9.0,1.0,1.0,9.0,5.0,2,3.0,7,1,2,5.285714285714286,2,2.333333333333333,1,1,5.333333333333333,2,0,1,0,0,0,2,0,2,0,0,1,0,2,1,0,1,0
13677,13677,Alemania,6.0,9.0,5.0,5.0,3.0,8.0,6.0,3.0,3.0,6.0,9.0,2.0,0.0,2.0,8.0,9.0,5.0,8.0,5.0,0,4.0,1,1,1,4.285714285714286,2,5.666666666666667,2,1,6.666666666666667,2,0,1,2,2,2,2,2,2,0,2,2,2,2,1,0,1,0
18444,18444,Países Bajos,7.0,5.0,5.0,6.0,2.0,6.0,6.0,7.0,7.0,5.0,6.0,6.0,6.0,6.0,6.0,4.0,6.0,5.0,7.0,0,2.0,2,2,0,6.0,3,6.333333333333333,3,1,5.666666666666667,2,0,1,2,3,1,3,0,0,0,2,2,2,2,1,1,0,0
62331,62331,Eslovaquia,8.0,6.0,5.0,9.0,1.0,9.0,5.0,9.0,8.0,9.0,9.0,5.0,6.0,6.0,2.0,0.0,7.0,7.0,7.0,2,1.0,8,2,1,6.428571428571429,3,7.666666666666667,3,0,6.333333333333333,2,2,1,2,3,3,3,2,1,0,2,1,2,2,2,0,1,0
9520,9520,Alemania,1.0,7.0,2.0,10.0,2.0,1.0,5.0,1.0,1.0,4.0,4.0,2.0,4.0,2.0,8.0,5.0,0.0,8.0,5.0,0,2.0,1,1,1,3.571428571428572,1,2.333333333333333,1,1,3.333333333333333,1,2,1,0,0,3,0,0,2,0,0,1,0,0,0,1,1,2
15437,15437,Países Bajos,7.0,2.0,5.0,5.0,3.0,7.0,4.0,3.0,5.0,6.0,10.0,5.0,5.0,4.0,9.0,1.0,8.0,7.0,5.0,0,3.0,2,1,1,6.285714285714286,3,4.666666666666667,2,1,4.666666666666667,1,2,1,2,1,1,3,0,0,2,0,1,0,0,1,0,1,1
9732,9732,Alemania,5.0,6.0,1.0,6.0,2.0,7.0,4.0,2.0,9.0,5.0,8.0,7.0,10.0,6.0,9.0,0.0,2.0,6.0,7.0,0,2.0,1,2,1,7.714285714285714,3,4.333333333333333,2,1,4.0,1,2,1,0,2,1,3,2,2,0,2,1,2,2,1,1,0,2
46953,46953,Hungría,8.0,3.0,5.0,10.0,2.0,5.0,5.0,5.0,0.0,5.0,6.0,2.0,6.0,5.0,3.0,3.0,5.0,4.0,0.0,2,2.0,7,0,0,3.857142857142857,1,5.0,2,1,5.333333333333333,2,2,1,0,2,3,0,2,2,0,1,1,2,0,1,1,1,0
36405,36405,Portugal,8.0,5.0,8.0,4.0,2.0,3.0,3.0,5.0,5.0,5.0,4.0,1.0,6.0,3.0,8.0,4.0,7.0,9.0,7.0,1,2.0,5,2,2,4.571428571428571,2,3.6666666666666665,1,1,7.0,2,0,1,2,1,1,2,2,0,2,0,0,1,1,1,1,1,0
52148,52148,Hungría,6.0,6.0,6.0,5.0,4.0,6.0,5.0,6.0,7.0,6.0,7.0,6.0,5.0,6.0,10.0,6.0,6.0,6.0,6.0,2,1.0,7,1,1,6.714285714285714,3,5.666666666666667,2,2,6.0,2,2,1,0,1,2,3,0,2,2,2,1,0,2,1,1,0,0
17928,17928,Países Bajos,7.0,10.0,7.0,0.0,3.0,6.0,5.0,6.0,8.0,7.0,10.0,9.0,5.0,3.0,6.0,7.0,6.0,8.0,10.0,0,1.0,2,2,1,6.857142857142857,3,5.666666666666667,2,1,8.0,3,0,0,2,2,0,3,2,2,0,2,1,0,2,2,0,0,2
12362,12362,Alemania,10.0,0.0,10.0,5.0,2.0,6.0,7.0,6.0,7.0,10.0,10.0,10.0,10.0,10.0,10.0,10.0,0.0,10.0,10.0,0,1.0,1,2,2,9.571428571428571,4,6.333333333333333,3,1,6.666666666666667,2,0,0,2,3,2,3,2,0,2,2,2,2,2,2,0,0,2
41061,41061,Croacia,7.0,7.0,7.0,5.0,2.0,4.0,5.0,5.0,6.0,6.0,6.0,6.0,6.0,6.0,10.0,6.0,5.0,6.0,7.0,1,2.0,6,2,1,6.571428571428571,3,4.666666666666667,2,1,7.0,2,2,1,2,2,2,3,0,2,0,2,1,2,0,1,1,1,0
9680,9680,Alemania,8.0,8.0,5.0,5.0,2.0,7.0,9.0,2.0,1.0,2.0,8.0,0.0,2.0,4.0,3.0,5.0,5.0,8.0,5.0,0,2.0,1,1,1,2.857142857142857,1,6.0,3,1,7.0,2,2,1,2,3,1,0,2,2,1,1,2,0,0,0,1,1,0
36015,36015,Portugal,2.0,2.0,3.0,5.0,4.0,5.0,4.0,4.0,5.0,6.0,6.0,4.0,6.0,4.0,8.0,8.0,5.0,7.0,8.0,1,1.0,5,2,1,5.571428571428571,2,4.333333333333333,2,2,2.333333333333333,0,0,1,2,2,1,2,0,0,2,0,1,0,0,1,1,1,1
14400,14400,Países Bajos,4.0,6.0,5.0,8.0,2.0,6.0,4.0,5.0,6.0,5.0,6.0,5.0,4.0,5.0,8.0,2.0,4.0,7.0,7.0,0,3.0,2,2,1,5.571428571428571,2,5.0,2,1,5.0,2,2,1,2,2,3,2,2,1,2,2,1,2,0,1,1,1,1
50725,50725,Hungría,0.0,4.0,0.0,1.0,4.0,5.0,4.0,5.0,8.0,0.0,6.0,8.0,0.0,7.0,8.0,3.0,3.0,6.0,4.0,2,2.0,7,1,1,5.285714285714286,2,4.666666666666667,2,2,1.3333333333333333,0,0,1,0,2,0,2,0,2,0,0,1,0,2,0,1,0,0
15206,15206,Países Bajos,7.0,6.0,8.0,5.0,2.0,9.0,4.0,7.0,8.0,8.0,4.0,6.0,5.0,7.0,7.0,6.0,5.0,7.0,0.0,0,2.0,2,0,1,6.428571428571429,3,6.666666666666667,3,1,7.0,2,1,1,2,3,1,3,0,2,2,2,1,2,2,2,1,0,0
24093,24093,España,5.0,3.0,3.0,5.0,3.0,1.0,3.0,0.0,3.0,3.0,3.0,1.0,3.0,1.0,9.0,3.0,5.0,7.0,3.0,1,2.0,3,0,1,3.2857142857142856,1,1.3333333333333333,0,1,3.6666666666666665,1,2,1,0,0,2,0,2,2,0,0,0,0,0,0,1,1,0
46368,46368,Hungría,6.0,6.0,6.0,6.0,2.0,1.0,0.0,1.0,5.0,2.0,2.0,1.0,1.0,0.0,6.0,2.0,3.0,5.0,10.0,2,1.0,7,2,0,2.4285714285714284,1,0.6666666666666666,0,1,6.0,2,0,0,0,0,2,0,0,0,2,0,0,0,2,0,1,1,0
36584,36584,Portugal,5.0,0.0,1.0,3.0,1.0,0.0,0.0,0.0,2.0,2.0,8.0,0.0,0.0,0.0,8.0,5.0,5.0,7.0,3.0,1,3.0,5,0,1,2.857142857142857,1,0.0,0,0,2.0,0,0,1,0,0,0,0,2,0,0,0,0,0,0,0,1,1,0
1867,1867,Bélgica,0.0,5.0,0.0,8.0,2.0,0.0,4.0,4.0,6.0,4.0,3.0,5.0,6.0,6.0,9.0,0.0,1.0,4.0,5.0,0,2.0,0,1,0,5.571428571428571,2,2.6666666666666665,1,1,1.6666666666666667,0,2,1,0,0,3,1,0,2,0,0,1,0,0,0,1,1,1
49858,49858,Hungría,4.0,4.0,6.0,5.0,3.0,4.0,4.0,4.0,5.0,2.0,3.0,2.0,2.0,4.0,6.0,3.0,4.0,4.0,4.0,2,1.0,7,1,0,3.4285714285714284,1,4.0,2,1,4.666666666666667,1,1,1,0,2,1,0,0,2,0,0,1,2,0,0,1,1,0
38895,38895,Portugal,5.0,5.0,5.0,7.0,2.0,1.0,3.0,5.0,5.0,2.0,2.0,2.0,3.0,2.0,9.0,7.0,5.0,5.0,7.0,1,3.0,5,2,0,3.571428571428572,1,3.0,1,1,5.0,2,2,1,2,0,3,0,2,2,2,0,0,1,0,0,1,1,0
33683,33683,Portugal,2.0,1.0,3.0,5.0,3.0,6.0,0.0,1.0,7.0,2.0,6.0,0.0,2.0,0.0,9.0,5.0,3.0,5.0,0.0,1,2.0,5,0,0,3.7142857142857135,1,2.333333333333333,1,1,2.0,0,0,1,0,0,1,0,0,0,0,2,0,0,2,0,1,1,0
2101,2101,Bélgica,6.0,4.0,5.0,7.0,2.0,8.0,3.0,5.0,7.0,7.0,5.0,5.0,7.0,4.0,5.0,6.0,6.0,9.0,5.0,0,1.0,0,1,2,5.714285714285714,2,5.333333333333333,2,1,5.0,2,2,1,2,2,3,2,2,0,0,2,0,2,2,2,1,1,2
40287,40287,Portugal,8.0,3.0,5.0,8.0,3.0,4.0,2.0,2.0,9.0,2.0,8.0,2.0,8.0,0.0,9.0,5.0,5.0,5.0,9.0,1,2.0,5,2,0,5.428571428571429,2,2.6666666666666665,1,1,5.333333333333333,2,2,0,0,0,3,2,2,0,0,2,0,0,2,0,1,1,2
40007,40007,Portugal,8.0,8.0,4.0,3.0,3.0,5.0,0.0,7.0,5.0,3.0,5.0,2.0,4.0,2.0,8.0,4.0,5.0,0.0,10.0,1,2.0,5,2,0,4.142857142857143,2,4.0,2,1,6.666666666666667,2,0,0,0,2,0,2,2,2,1,0,0,2,2,0,1,1,2
8656,8656,Alemania,5.0,5.0,8.0,3.0,2.0,6.0,3.0,2.0,5.0,7.0,6.0,2.0,2.0,2.0,10.0,4.0,5.0,9.0,8.0,0,2.0,1,2,2,4.857142857142857,2,3.6666666666666665,1,1,6.0,2,0,1,2,1,0,2,2,0,2,2,0,2,1,2,1,1,0
30381,30381,Italia,5.0,5.0,3.0,9.0,3.0,5.0,3.0,8.0,4.0,1.0,8.0,3.0,1.0,3.0,9.0,4.0,4.0,5.0,9.0,1,2.0,4,2,0,4.142857142857143,2,5.333333333333333,2,1,4.333333333333333,1,2,0,2,1,3,2,2,0,1,2,0,2,1,0,1,1,0
43574,43574,Hungría,6.0,6.0,5.0,4.0,3.0,4.0,4.0,2.0,8.0,6.0,5.0,4.0,4.0,3.0,8.0,6.0,6.0,6.0,2.0,2,1.0,7,0,1,5.428571428571429,2,3.333333333333333,1,1,5.666666666666667,2,0,1,0,0,1,1,1,2,1,2,1,0,2,1,1,1,1
35448,35448,Portugal,7.0,7.0,6.0,9.0,4.0,1.0,1.0,1.0,1.0,1.0,5.0,1.0,1.0,1.0,7.0,1.0,2.0,7.0,8.0,1,4.0,5,2,1,2.4285714285714284,1,1.0,0,2,6.666666666666667,2,2,1,0,0,3,0,0,2,2,0,0,0,0,0,1,0,0
19745,19745,Países Bajos,6.0,5.0,7.0,6.0,2.0,8.0,8.0,7.0,6.0,6.0,7.0,6.0,6.0,6.0,7.0,6.0,6.0,9.0,7.0,0,2.0,2,2,2,6.285714285714286,3,7.666666666666667,3,1,6.0,2,1,1,2,3,2,3,0,0,0,2,2,2,1,1,1,0,0
18061,18061,Países Bajos,3.0,5.0,3.0,7.0,2.0,8.0,4.0,2.0,8.0,8.0,8.0,4.0,3.0,4.0,8.0,7.0,3.0,9.0,1.0,0,2.0,2,0,2,6.142857142857143,3,4.666666666666667,2,1,3.6666666666666665,1,2,1,2,1,3,3,0,1,1,2,1,2,2,2,1,1,0
39543,39543,Portugal,7.0,4.0,5.0,5.0,2.0,6.0,4.0,4.0,5.0,6.0,7.0,3.0,5.0,4.0,5.0,5.0,3.0,8.0,6.0,1,1.0,5,1,1,5.0,2,4.666666666666667,2,1,5.333333333333333,2,1,1,0,1,2,2,2,0,1,0,1,2,0,1,1,1,2
1238,1238,Bélgica,4.0,6.0,4.0,5.0,2.0,9.0,6.0,7.0,8.0,6.0,7.0,5.0,3.0,3.0,10.0,5.0,5.0,5.0,1.0,0,2.0,0,0,0,6.0,3,7.333333333333333,3,1,4.666666666666667,1,2,1,2,3,1,3,1,0,0,2,2,2,2,1,1,1,2
60095,60095,Eslovaquia,3.0,3.0,2.0,7.0,2.0,5.0,4.0,0.0,7.0,3.0,5.0,4.0,4.0,5.0,2.0,3.0,5.0,6.0,5.0,2,2.0,8,1,1,4.285714285714286,2,3.0,1,1,2.6666666666666665,1,2,1,0,0,3,2,0,2,0,2,1,0,2,0,1,1,1
5475,5475,Bélgica,2.0,0.0,0.0,9.0,1.0,1.0,6.0,1.0,0.0,2.0,6.0,0.0,0.0,3.0,9.0,5.0,5.0,10.0,0.0,0,1.0,0,0,2,2.857142857142857,1,2.6666666666666665,1,0,0.6666666666666666,0,2,1,0,0,3,0,0,0,0,0,2,0,0,0,1,1,0
3960,3960,Bélgica,6.0,2.0,1.0,9.0,2.0,3.0,5.0,3.0,3.0,4.0,8.0,6.0,2.0,5.0,9.0,2.0,1.0,8.0,9.0,0,1.0,0,2,1,5.285714285714286,2,3.6666666666666665,1,1,3.0,1,2,0,0,1,3,2,0,0,0,0,1,0,1,0,1,0,0
18966,18966,Países Bajos,3.0,0.0,5.0,5.0,1.0,2.0,0.0,0.0,0.0,0.0,0.0,2.0,0.0,0.0,7.0,0.0,2.0,8.0,5.0,0,2.0,2,1,1,1.2857142857142858,0,0.6666666666666666,0,0,2.6666666666666665,1,1,1,0,0,1,0,0,0,2,0,0,0,0,0,1,1,0
25848,25848,España,4.0,4.0,3.0,6.0,3.0,5.0,3.0,3.0,4.0,6.0,4.0,6.0,6.0,4.0,4.0,3.0,5.0,8.0,7.0,1,2.0,3,2,1,4.857142857142857,2,3.6666666666666665,1,1,3.6666666666666665,1,0,1,2,2,2,2,0,2,0,0,0,2,0,1,1,0,0
1139,1139,Bélgica,5.0,4.0,2.0,6.0,3.0,4.0,6.0,4.0,5.0,4.0,7.0,4.0,3.0,4.0,9.0,2.0,4.0,7.0,0.0,0,4.0,0,0,1,5.142857142857143,2,4.666666666666667,2,1,3.6666666666666665,1,1,0,0,1,1,2,2,0,0,2,2,2,0,0,1,1,2
18810,18810,Países Bajos,5.0,5.0,7.0,6.0,3.0,6.0,3.0,6.0,4.0,6.0,6.0,4.0,4.0,3.0,8.0,4.0,5.0,8.0,1.0,0,4.0,2,0,1,5.0,2,5.0,2,1,5.666666666666667,2,2,1,2,2,1,2,1,2,2,1,0,1,0,1,1,1,1
20704,20704,Países Bajos,8.0,3.0,5.0,6.0,3.0,5.0,8.0,5.0,4.0,4.0,6.0,2.0,3.0,4.0,7.0,3.0,5.0,6.0,4.0,0,4.0,2,1,1,4.285714285714286,2,6.0,3,1,5.333333333333333,2,1,1,0,3,2,2,2,2,0,2,2,0,0,0,1,1,2
56022,56022,Eslovaquia,4.0,2.0,4.0,8.0,3.0,4.0,5.0,5.0,3.0,1.0,2.0,1.0,1.0,2.0,5.0,4.0,3.0,7.0,7.0,2,1.0,8,2,1,2.142857142857143,1,4.666666666666667,2,1,3.333333333333333,1,2,1,1,2,3,0,2,0,0,0,1,1,0,0,1,1,0
53000,53000,Hungría,4.0,3.0,3.0,6.0,2.0,6.0,3.0,1.0,6.0,4.0,5.0,2.0,2.0,1.0,6.0,5.0,6.0,5.0,9.0,2,1.0,7,2,0,3.7142857142857135,1,3.333333333333333,1,1,3.333333333333333,1,0,1,0,0,1,0,2,0,2,0,0,0,0,0,1,1,0
40300,40300,Portugal,6.0,6.0,7.0,5.0,3.0,8.0,4.0,6.0,6.0,6.0,6.0,5.0,7.0,3.0,6.0,6.0,5.0,8.0,7.0,1,2.0,5,2,1,5.571428571428571,2,6.0,3,1,6.333333333333333,2,0,1,0,3,2,2,2,0,2,2,1,2,2,1,1,1,2
10272,10272,Alemania,7.0,7.0,8.0,5.0,3.0,4.0,7.0,4.0,0.0,3.0,6.0,2.0,2.0,2.0,8.0,4.0,5.0,9.0,7.0,0,2.0,1,2,2,3.2857142857142856,1,5.0,2,1,7.333333333333333,2,2,1,2,1,1,0,2,2,2,2,2,0,0,0,1,1,0
40606,40606,Portugal,7.0,2.0,5.0,7.0,4.0,1.0,3.0,0.0,0.0,5.0,5.0,1.0,1.0,1.0,9.0,2.0,0.0,6.0,8.0,1,2.0,5,2,1,3.142857142857143,1,1.3333333333333333,0,2,4.666666666666667,1,2,0,0,0,3,0,2,0,1,0,0,0,0,1,1,1,0
2262,2262,Bélgica,6.0,7.0,3.0,2.0,1.0,7.0,7.0,5.0,9.0,9.0,6.0,6.0,8.0,5.0,10.0,10.0,8.0,8.0,0.0,0,2.0,0,0,1,7.571428571428571,3,6.333333333333333,3,0,5.333333333333333,2,0,1,2,3,0,3,2,2,1,2,2,1,2,2,1,0,2
43162,43162,Croacia,5.0,10.0,0.0,5.0,3.0,2.0,3.0,4.0,3.0,0.0,5.0,1.0,2.0,1.0,5.0,0.0,3.0,5.0,5.0,1,1.0,6,1,0,2.4285714285714284,1,3.0,1,1,5.0,2,0,1,0,0,1,0,0,2,0,0,0,2,0,0,1,0,0
53036,53036,Hungría,4.0,6.0,7.0,7.0,3.0,3.0,3.0,2.0,2.0,4.0,7.0,3.0,3.0,3.0,8.0,2.0,2.0,10.0,7.0,2,1.0,7,2,2,4.285714285714286,2,2.6666666666666665,1,1,5.666666666666667,2,2,1,0,0,3,2,1,1,2,1,0,2,0,0,1,1,2
52948,52948,Hungría,5.0,6.0,5.0,6.0,4.0,4.0,7.0,5.0,4.0,4.0,5.0,4.0,4.0,4.0,8.0,5.0,6.0,6.0,1.0,2,1.0,7,0,1,4.714285714285714,2,5.333333333333333,2,2,5.333333333333333,2,1,1,0,1,2,1,0,0,1,2,2,2,2,0,1,1,0
9288,9288,Alemania,8.0,6.0,8.0,3.0,2.0,7.0,7.0,6.0,5.0,8.0,7.0,6.0,5.0,7.0,10.0,5.0,7.0,8.0,0.0,0,2.0,1,0,1,6.857142857142857,3,6.666666666666667,3,1,7.333333333333333,2,0,1,2,3,0,3,2,2,2,1,2,2,0,2,1,0,0
59485,59485,Eslovaquia,7.0,5.0,7.0,8.0,2.0,7.0,4.0,8.0,7.0,3.0,8.0,5.0,5.0,5.0,1.0,5.0,4.0,8.0,8.0,2,1.0,8,2,1,4.857142857142857,2,6.333333333333333,3,1,6.333333333333333,2,2,0,2,3,3,1,2,2,1,2,1,2,2,0,1,1,2
39377,39377,Portugal,5.0,7.0,3.0,1.0,4.0,4.0,3.0,6.0,2.0,2.0,2.0,3.0,6.0,3.0,10.0,5.0,5.0,7.0,8.0,1,2.0,5,2,1,4.0,2,4.333333333333333,2,2,5.0,2,0,0,0,2,0,2,0,2,2,1,0,0,0,0,1,1,1
27568,27568,España,8.0,5.0,8.0,2.0,2.0,8.0,7.0,4.0,8.0,8.0,8.0,2.0,8.0,2.0,7.0,8.0,5.0,9.0,0.0,1,2.0,3,0,2,6.142857142857143,3,6.333333333333333,3,1,7.0,2,0,1,2,3,0,3,2,2,2,2,2,2,2,2,1,1,2
55293,55293,Eslovaquia,2.0,7.0,4.0,8.0,2.0,5.0,6.0,5.0,5.0,7.0,8.0,7.0,6.0,7.0,8.0,5.0,4.0,4.0,8.0,2,2.0,8,2,0,6.857142857142857,3,5.333333333333333,2,1,4.333333333333333,1,2,1,2,1,3,3,0,2,2,1,2,2,1,2,1,1,0
25422,25422,España,7.0,3.0,6.0,4.0,2.0,9.0,5.0,2.0,8.0,8.0,3.0,5.0,5.0,10.0,9.0,8.0,9.0,8.0,0.0,1,3.0,3,0,1,6.857142857142857,3,5.333333333333333,2,1,5.333333333333333,2,0,1,1,2,1,3,2,2,2,2,1,1,2,2,1,1,2
51842,51842,Hungría,4.0,4.0,3.0,8.0,3.0,6.0,6.0,7.0,7.0,7.0,6.0,7.0,8.0,7.0,8.0,7.0,3.0,8.0,5.0,2,1.0,7,1,1,7.142857142857143,3,6.333333333333333,3,1,3.6666666666666665,1,2,1,2,3,3,3,2,0,2,2,2,2,2,2,1,0,2
57650,57650,Eslovaquia,7.0,5.0,5.0,5.0,2.0,3.0,6.0,5.0,5.0,6.0,7.0,4.0,6.0,3.0,2.0,3.0,2.0,8.0,5.0,2,1.0,8,1,1,4.714285714285714,2,4.666666666666667,2,1,5.666666666666667,2,2,1,0,2,1,2,2,2,2,2,2,0,2,1,1,1,2
54043,54043,Eslovaquia,5.0,5.0,5.0,2.0,2.0,4.0,2.0,6.0,8.0,4.0,9.0,7.0,4.0,6.0,9.0,5.0,5.0,10.0,6.0,2,1.0,8,1,2,6.714285714285714,3,4.0,2,1,5.0,2,0,1,1,2,0,3,1,0,2,0,0,0,2,0,0,0,0
58588,58588,Eslovaquia,1.0,1.0,1.0,5.0,2.0,1.0,0.0,0.0,2.0,1.0,1.0,1.0,1.0,1.0,3.0,1.0,1.0,0.0,10.0,2,2.0,8,2,0,1.4285714285714286,0,0.3333333333333333,0,1,1.0,0,2,0,0,0,1,0,0,0,0,0,0,0,0,0,1,1,0
23606,23606,España,8.0,6.0,7.0,1.0,2.0,3.0,4.0,3.0,6.0,4.0,5.0,3.0,3.0,4.0,10.0,8.0,8.0,8.0,0.0,1,2.0,3,0,1,5.0,2,3.333333333333333,1,1,7.0,2,0,1,1,0,0,1,2,0,0,2,1,1,2,0,1,1,0
13726,13726,Alemania,0.0,5.0,3.0,2.0,1.0,5.0,2.0,2.0,2.0,2.0,5.0,3.0,1.0,3.0,9.0,2.0,2.0,8.0,5.0,0,3.0,1,1,1,3.571428571428572,1,3.0,1,0,2.6666666666666665,1,0,1,0,0,0,0,0,2,2,0,0,2,0,0,1,1,0
7843,7843,Alemania,7.0,5.0,6.0,6.0,1.0,9.0,6.0,3.0,7.0,8.0,9.0,4.0,6.0,5.0,4.0,7.0,8.0,9.0,6.0,0,2.0,1,1,2,6.142857142857143,3,6.0,3,0,6.0,2,1,1,1,3,2,3,0,1,2,2,2,2,2,2,0,1,0
52194,52194,Hungría,3.0,3.0,3.0,5.0,4.0,3.0,5.0,3.0,1.0,1.0,1.0,1.0,1.0,1.0,9.0,3.0,2.0,2.0,0.0,2,2.0,7,0,0,2.142857142857143,1,3.6666666666666665,1,2,3.0,1,0,1,1,2,2,0,0,0,2,1,1,2,0,0,0,1,0
57770,57770,Eslovaquia,5.0,6.0,5.0,10.0,2.0,7.0,5.0,8.0,3.0,2.0,2.0,2.0,2.0,3.0,7.0,3.0,5.0,9.0,10.0,2,1.0,8,2,2,3.0,1,6.666666666666667,3,1,5.333333333333333,2,2,0,2,3,3,0,2,2,0,1,1,2,2,0,0,1,0
7268,7268,Alemania,6.0,4.0,4.0,0.0,1.0,4.0,2.0,2.0,0.0,8.0,5.0,1.0,3.0,1.0,2.0,8.0,7.0,0.0,0.0,0,2.0,1,0,0,2.857142857142857,1,2.6666666666666665,1,0,4.666666666666667,1,0,1,0,0,0,0,2,1,0,1,0,0,0,2,1,1,0
47500,47500,Hungría,0.0,5.0,0.0,7.0,3.0,5.0,5.0,2.0,3.0,5.0,6.0,1.0,2.0,1.0,10.0,5.0,5.0,0.0,0.0,2,1.0,7,0,0,4.0,2,4.0,2,1,1.6666666666666667,0,2,0,0,2,3,2,0,2,0,2,1,0,2,1,1,1,0
41664,41664,Croacia,4.0,3.0,3.0,7.0,2.0,7.0,4.0,6.0,6.0,6.0,8.0,4.0,4.0,2.0,8.0,7.0,7.0,8.0,7.0,1,1.0,6,2,1,5.428571428571429,2,5.666666666666667,2,1,3.333333333333333,1,2,1,1,1,3,1,2,1,0,0,1,0,0,1,1,1,2
26739,26739,España,8.0,5.0,5.0,5.0,2.0,2.0,2.0,0.0,3.0,1.0,3.0,0.0,1.0,0.0,7.0,5.0,5.0,7.0,5.0,1,2.0,3,1,1,2.142857142857143,1,1.3333333333333333,0,1,6.0,2,0,1,0,0,1,0,2,0,2,0,0,0,0,0,0,1,0
31498,31498,Italia,5.0,4.0,7.0,5.0,4.0,6.0,6.0,6.0,6.0,5.0,7.0,6.0,6.0,6.0,10.0,5.0,6.0,6.0,5.0,1,1.0,4,1,1,6.571428571428571,3,6.0,3,2,5.333333333333333,2,0,1,2,3,1,3,0,0,0,2,2,1,2,1,1,0,2
18905,18905,Países Bajos,7.0,6.0,7.0,5.0,2.0,9.0,4.0,6.0,7.0,8.0,7.0,7.0,7.0,7.0,8.0,5.0,8.0,6.0,7.0,0,1.0,2,2,1,7.285714285714286,3,6.333333333333333,3,1,6.666666666666667,2,1,1,2,3,2,3,0,0,1,2,1,2,2,2,1,0,2
15144,15144,Países Bajos,6.0,5.0,4.0,7.0,2.0,5.0,5.0,5.0,7.0,5.0,5.0,6.0,6.0,6.0,7.0,7.0,5.0,7.0,5.0,0,4.0,2,1,1,6.0,3,5.0,2,1,5.0,2,2,1,0,2,3,3,0,1,0,2,1,0,2,1,1,1,1
13448,13448,Alemania,5.0,3.0,5.0,6.0,2.0,7.0,7.0,6.0,4.0,8.0,7.0,4.0,7.0,4.0,8.0,5.0,6.0,6.0,6.0,0,2.0,1,1,1,6.0,3,6.666666666666667,3,1,4.333333333333333,1,0,1,2,3,1,3,0,0,0,2,2,0,0,2,1,1,2
8425,8425,Alemania,7.0,7.0,5.0,5.0,1.0,4.0,8.0,4.0,5.0,8.0,7.0,5.0,9.0,6.0,1.0,8.0,5.0,7.0,2.0,0,2.0,1,0,1,5.857142857142857,2,5.333333333333333,2,0,6.333333333333333,2,0,1,0,2,1,3,0,2,2,0,2,1,1,2,1,1,2
52856,52856,Hungría,9.0,7.0,7.0,4.0,3.0,4.0,2.0,3.0,7.0,1.0,4.0,2.0,1.0,3.0,6.0,1.0,3.0,3.0,0.0,2,1.0,7,0,0,3.4285714285714284,1,3.0,1,1,7.666666666666667,3,2,0,0,0,2,0,2,2,2,1,0,2,2,0,0,1,0
47552,47552,Hungría,4.0,9.0,7.0,2.0,2.0,8.0,7.0,8.0,9.0,6.0,5.0,5.0,7.0,0.0,8.0,6.0,7.0,8.0,3.0,2,1.0,7,0,1,5.714285714285714,2,7.666666666666667,3,1,6.666666666666667,2,0,1,2,3,0,1,0,2,2,2,2,2,2,1,1,1,2
49085,49085,Hungría,6.0,7.0,6.0,4.0,1.0,0.0,0.0,0.0,8.0,0.0,5.0,3.0,0.0,3.0,3.0,5.0,5.0,7.0,1.0,2,1.0,7,0,1,3.142857142857143,1,0.0,0,0,6.333333333333333,2,0,1,0,0,1,0,0,2,2,0,0,0,2,0,1,1,0
30606,30606,Italia,6.0,4.0,4.0,4.0,2.0,3.0,5.0,5.0,6.0,7.0,6.0,5.0,6.0,6.0,7.0,4.0,4.0,8.0,6.0,1,1.0,4,1,1,6.142857142857143,3,4.333333333333333,2,1,4.666666666666667,1,2,1,0,2,2,3,0,0,2,0,1,0,1,2,1,1,0
1134,1134,Bélgica,7.0,4.0,6.0,5.0,4.0,7.0,5.0,5.0,7.0,7.0,7.0,4.0,4.0,2.0,0.0,6.0,5.0,7.0,0.0,0,4.0,0,0,1,4.428571428571429,2,5.666666666666667,2,2,5.666666666666667,2,1,0,0,1,2,2,1,2,0,0,1,0,2,2,1,1,0
34971,34971,Portugal,9.0,8.0,7.0,8.0,3.0,1.0,2.0,4.0,3.0,3.0,0.0,0.0,1.0,0.0,10.0,2.0,1.0,5.0,7.0,1,3.0,5,2,0,2.4285714285714284,1,2.333333333333333,1,1,8.0,3,2,1,0,0,3,0,2,2,2,0,0,2,1,0,1,1,0
15472,15472,Países Bajos,8.0,8.0,8.0,2.0,2.0,6.0,6.0,3.0,2.0,7.0,5.0,3.0,5.0,6.0,4.0,7.0,5.0,10.0,10.0,0,2.0,2,2,2,4.571428571428571,2,5.0,2,1,8.0,3,0,0,1,1,0,2,2,2,2,1,2,0,0,2,1,1,2
22054,22054,España,3.0,2.0,2.0,5.0,2.0,2.0,2.0,2.0,3.0,0.0,5.0,3.0,2.0,0.0,7.0,3.0,2.0,7.0,5.0,1,3.0,3,1,1,2.857142857142857,1,2.0,1,1,2.333333333333333,0,1,1,0,0,2,0,0,0,0,0,0,2,2,0,1,1,0
37819,37819,Portugal,6.0,5.0,6.0,5.0,3.0,5.0,3.0,5.0,4.0,4.0,5.0,4.0,3.0,4.0,10.0,6.0,4.0,5.0,4.0,1,5.0,5,1,0,4.857142857142857,2,4.333333333333333,2,1,5.666666666666667,2,2,1,2,2,1,2,0,2,2,0,0,0,1,0,1,1,0
4329,4329,Bélgica,5.0,4.0,3.0,3.0,2.0,5.0,5.0,6.0,0.0,0.0,0.0,0.0,0.0,0.0,9.0,5.0,5.0,8.0,8.0,0,2.0,0,2,1,1.2857142857142858,0,5.333333333333333,2,1,4.0,1,0,0,0,1,0,0,2,2,0,0,1,2,0,0,1,1,0
21693,21693,España,6.0,5.0,3.0,4.0,3.0,6.0,4.0,8.0,2.0,2.0,6.0,0.0,3.0,0.0,2.0,6.0,8.0,9.0,0.0,1,3.0,3,0,2,2.142857142857143,1,6.0,3,1,4.666666666666667,1,0,1,1,3,1,0,0,2,0,2,1,2,0,0,1,1,2
22081,22081,España,7.0,5.0,7.0,9.0,1.0,7.0,7.0,9.0,9.0,5.0,9.0,7.0,8.0,7.0,10.0,5.0,5.0,9.0,9.0,1,1.0,3,2,2,7.857142857142857,3,7.666666666666667,3,0,6.333333333333333,2,2,0,2,3,3,3,2,0,0,0,2,2,2,1,0,0,2
19502,19502,Países Bajos,6.0,6.0,6.0,5.0,2.0,6.0,7.0,0.0,5.0,7.0,6.0,4.0,6.0,5.0,8.0,7.0,8.0,8.0,5.0,0,4.0,2,1,1,5.857142857142857,2,4.333333333333333,2,1,6.0,2,0,1,0,2,2,3,2,2,1,0,2,0,1,2,1,1,1
52706,52706,Hungría,5.0,5.0,5.0,7.0,2.0,7.0,7.0,7.0,5.0,7.0,8.0,3.0,5.0,3.0,4.0,4.0,4.0,5.0,7.0,2,2.0,7,2,0,5.0,2,7.0,3,1,5.0,2,2,1,2,3,3,1,1,0,2,2,2,2,1,2,1,1,0
54055,54055,Eslovaquia,4.0,5.0,4.0,4.0,2.0,4.0,5.0,4.0,6.0,6.0,6.0,5.0,7.0,5.0,9.0,5.0,4.0,7.0,8.0,2,2.0,8,2,1,6.285714285714286,3,4.333333333333333,2,1,4.333333333333333,1,1,0,0,1,2,3,1,0,1,2,1,2,1,1,1,1,2
2667,2667,Bélgica,5.0,3.0,3.0,6.0,3.0,2.0,3.0,2.0,3.0,4.0,6.0,2.0,2.0,1.0,7.0,4.0,5.0,6.0,0.0,0,1.0,0,0,1,3.571428571428572,1,2.333333333333333,1,1,3.6666666666666665,1,2,0,0,0,1,0,0,1,2,0,0,0,2,0,1,1,0
34250,34250,Portugal,7.0,6.0,7.0,4.0,2.0,6.0,6.0,3.0,6.0,7.0,7.0,5.0,6.0,6.0,8.0,7.0,7.0,7.0,5.0,1,4.0,5,1,1,6.428571428571429,3,5.0,2,1,6.666666666666667,2,2,1,0,1,1,3,2,2,0,2,2,2,1,2,1,1,2
17427,17427,Países Bajos,8.0,7.0,8.0,0.0,3.0,5.0,7.0,4.0,7.0,10.0,10.0,5.0,9.0,5.0,7.0,7.0,6.0,8.0,0.0,0,4.0,2,0,1,7.571428571428571,3,5.333333333333333,2,1,7.666666666666667,3,0,0,2,2,0,3,2,2,2,1,2,2,2,2,0,1,2
335,335,Bélgica,4.0,3.0,3.0,5.0,3.0,3.0,4.0,3.0,5.0,4.0,5.0,3.0,4.0,3.0,7.0,3.0,3.0,8.0,0.0,0,1.0,0,0,1,4.428571428571429,2,3.333333333333333,1,1,3.333333333333333,1,2,0,2,0,1,2,2,0,0,0,1,1,0,0,1,1,1
491,491,Bélgica,6.0,4.0,0.0,4.0,2.0,4.0,4.0,2.0,1.0,0.0,4.0,1.0,3.0,1.0,8.0,3.0,3.0,10.0,3.0,0,4.0,0,0,2,2.571428571428572,1,3.333333333333333,1,1,3.333333333333333,1,1,1,0,0,1,0,0,2,0,0,1,2,0,0,0,0,2
51117,51117,Hungría,8.0,6.0,5.0,6.0,2.0,8.0,6.0,6.0,4.0,7.0,7.0,6.0,5.0,6.0,7.0,3.0,3.0,8.0,3.0,2,1.0,7,0,1,6.0,3,6.666666666666667,3,1,6.333333333333333,2,0,1,2,3,1,3,2,2,0,2,2,1,1,2,1,0,0
33454,33454,Italia,7.0,4.0,3.0,3.0,4.0,4.0,5.0,3.0,2.0,5.0,6.0,0.0,4.0,0.0,6.0,6.0,5.0,9.0,8.0,1,1.0,4,2,2,3.2857142857142856,1,4.0,2,2,4.666666666666667,1,0,0,1,2,0,0,2,2,0,0,1,0,0,1,1,1,0
54205,54205,Eslovaquia,6.0,5.0,5.0,5.0,3.0,4.0,4.0,3.0,4.0,2.0,5.0,5.0,4.0,4.0,9.0,2.0,2.0,5.0,5.0,2,2.0,8,1,0,4.714285714285714,2,3.6666666666666665,1,1,5.333333333333333,2,0,1,0,2,2,1,1,0,2,2,1,0,0,0,1,1,2
36191,36191,Portugal,8.0,2.0,8.0,2.0,4.0,0.0,0.0,0.0,0.0,5.0,5.0,0.0,0.0,0.0,6.0,8.0,8.0,10.0,0.0,1,3.0,5,0,2,2.2857142857142856,1,0.0,0,2,6.0,2,0,0,0,0,0,0,2,0,2,0,0,0,0,1,1,1,0
46533,46533,Hungría,4.0,3.0,5.0,5.0,4.0,0.0,0.0,0.0,0.0,0.0,0.0,0.0,0.0,0.0,1.0,0.0,0.0,7.0,0.0,2,1.0,7,0,1,0.1428571428571428,0,0.0,0,2,4.0,1,2,1,0,0,1,0,1,2,2,0,0,0,0,0,1,0,0
1823,1823,Bélgica,8.0,7.0,9.0,5.0,2.0,7.0,3.0,4.0,6.0,6.0,6.0,6.0,7.0,7.0,7.0,8.0,5.0,8.0,7.0,0,2.0,0,2,1,6.428571428571429,3,4.666666666666667,2,1,8.0,3,0,1,2,2,2,3,2,2,2,2,0,2,1,1,1,0,2
21783,21783,España,7.0,5.0,6.0,4.0,3.0,5.0,5.0,3.0,6.0,7.0,7.0,3.0,6.0,3.0,10.0,5.0,5.0,7.0,0.0,1,2.0,3,0,1,6.0,3,4.333333333333333,2,1,6.0,2,2,1,0,1,2,3,2,1,0,2,1,2,0,2,1,1,1
62137,62137,Eslovaquia,4.0,3.0,3.0,3.0,2.0,3.0,4.0,5.0,1.0,4.0,4.0,2.0,4.0,3.0,4.0,4.0,4.0,4.0,3.0,2,2.0,8,0,0,3.142857142857143,1,4.0,2,1,3.333333333333333,1,0,1,1,2,0,0,2,2,0,0,1,0,0,0,1,1,1
54854,54854,Eslovaquia,9.0,1.0,9.0,6.0,1.0,7.0,9.0,9.0,9.0,9.0,9.0,9.0,9.0,9.0,4.0,2.0,5.0,10.0,9.0,2,2.0,8,2,2,8.285714285714286,4,8.333333333333334,4,0,6.333333333333333,2,0,1,2,3,2,3,2,0,2,1,2,2,2,2,0,1,2
7120,7120,Alemania,6.0,10.0,8.0,5.0,2.0,3.0,4.0,2.0,0.0,9.0,10.0,5.0,5.0,3.0,5.0,9.0,10.0,9.0,7.0,0,1.0,1,2,2,5.285714285714286,2,3.0,1,1,8.0,3,0,1,2,0,2,1,0,2,2,1,1,2,0,2,0,1,2
55985,55985,Eslovaquia,7.0,5.0,4.0,5.0,4.0,5.0,5.0,6.0,5.0,5.0,5.0,4.0,4.0,4.0,4.0,4.0,3.0,7.0,0.0,2,2.0,8,0,1,4.428571428571429,2,5.333333333333333,2,2,5.333333333333333,2,2,1,1,2,1,2,1,1,1,0,1,0,2,1,1,1,2
21450,21450,España,8.0,5.0,8.0,6.0,3.0,3.0,0.0,0.0,5.0,0.0,8.0,0.0,4.0,0.0,5.0,5.0,5.0,10.0,5.0,1,2.0,3,1,2,3.142857142857143,1,1.0,0,1,7.0,2,1,1,0,0,2,0,2,1,2,0,0,0,1,0,1,0,2
56200,56200,Eslovaquia,6.0,7.0,4.0,4.0,2.0,6.0,4.0,4.0,3.0,1.0,6.0,1.0,2.0,1.0,10.0,1.0,5.0,9.0,1.0,2,1.0,8,0,2,3.4285714285714284,1,4.666666666666667,2,1,5.666666666666667,2,1,1,0,2,2,0,0,2,1,1,1,2,1,0,1,1,0
35885,35885,Portugal,9.0,5.0,8.0,5.0,2.0,2.0,4.0,2.0,3.0,6.0,8.0,1.0,3.0,1.0,5.0,8.0,8.0,7.0,7.0,1,2.0,5,2,1,3.857142857142857,1,2.6666666666666665,1,1,7.333333333333333,2,2,1,0,0,1,0,2,0,2,0,1,0,1,1,1,1,2
53558,53558,Eslovaquia,2.0,5.0,8.0,5.0,3.0,5.0,3.0,3.0,6.0,5.0,5.0,4.0,1.0,3.0,3.0,8.0,8.0,3.0,3.0,2,1.0,8,0,0,3.857142857142857,1,3.6666666666666665,1,1,5.0,2,1,1,0,1,2,0,0,2,2,2,0,2,2,1,1,1,0
32376,32376,Italia,5.0,0.0,5.0,5.0,3.0,5.0,1.0,3.0,5.0,9.0,9.0,6.0,6.0,6.0,5.0,5.0,4.0,8.0,10.0,1,1.0,4,2,1,6.571428571428571,3,3.0,1,1,3.333333333333333,1,0,0,1,0,1,3,0,0,0,0,0,0,0,2,0,0,2
19926,19926,Países Bajos,7.0,5.0,7.0,6.0,2.0,6.0,7.0,6.0,7.0,6.0,7.0,7.0,6.0,7.0,8.0,6.0,7.0,7.0,0.0,0,1.0,2,0,1,6.857142857142857,3,6.333333333333333,3,1,6.333333333333333,2,1,0,2,3,1,3,1,2,1,1,2,2,2,1,1,0,2
5131,5131,Bélgica,8.0,8.0,10.0,8.0,2.0,8.0,7.0,7.0,8.0,9.0,9.0,7.0,7.0,7.0,8.0,7.0,5.0,8.0,4.0,0,2.0,0,1,1,7.857142857142857,3,7.333333333333333,3,1,8.666666666666666,3,2,1,2,3,3,3,2,2,2,2,2,2,2,2,0,0,2
13974,13974,Alemania,5.0,4.0,4.0,6.0,3.0,4.0,6.0,3.0,3.0,6.0,8.0,3.0,3.0,4.0,5.0,3.0,4.0,6.0,2.0,0,3.0,1,0,1,4.571428571428571,2,4.333333333333333,2,1,4.333333333333333,1,0,1,0,2,2,1,2,2,0,2,2,2,2,1,1,1,0
35644,35644,Portugal,10.0,8.0,5.0,8.0,4.0,7.0,3.0,4.0,6.0,5.0,7.0,2.0,5.0,3.0,7.0,7.0,5.0,9.0,5.0,1,4.0,5,1,2,5.0,2,4.666666666666667,2,2,7.666666666666667,3,2,1,2,2,3,2,2,2,0,2,0,1,1,1,1,1,2
25394,25394,España,5.0,3.0,5.0,2.0,3.0,4.0,4.0,4.0,4.0,3.0,5.0,2.0,3.0,2.0,10.0,5.0,6.0,6.0,0.0,1,3.0,3,0,1,4.142857142857143,2,4.0,2,1,4.333333333333333,1,0,1,2,1,0,2,2,2,2,1,1,0,0,0,1,1,2
21480,21480,España,3.0,0.0,5.0,2.0,3.0,7.0,4.0,5.0,5.0,6.0,7.0,5.0,5.0,5.0,6.0,4.0,3.0,7.0,5.0,1,3.0,3,1,1,5.571428571428571,2,5.333333333333333,2,1,2.6666666666666665,1,0,1,0,2,0,1,0,0,2,1,1,2,0,1,1,1,1
30025,30025,Italia,6.0,3.0,6.0,4.0,2.0,7.0,6.0,6.0,7.0,6.0,6.0,5.0,7.0,7.0,8.0,6.0,6.0,6.0,3.0,1,2.0,4,0,1,6.571428571428571,3,6.333333333333333,3,1,5.0,2,2,1,2,3,2,3,2,0,1,2,2,0,2,1,1,1,2
7895,7895,Alemania,8.0,7.0,3.0,8.0,2.0,6.0,7.0,5.0,3.0,5.0,7.0,4.0,6.0,4.0,6.0,7.0,5.0,4.0,2.0,0,3.0,1,0,0,5.0,2,6.0,3,1,6.0,2,2,1,0,3,3,1,2,2,0,2,2,2,2,1,1,1,0
1918,1918,Bélgica,6.0,4.0,6.0,5.0,1.0,3.0,3.0,5.0,7.0,2.0,6.0,4.0,5.0,5.0,8.0,8.0,8.0,8.0,6.0,0,3.0,0,1,1,5.285714285714286,2,3.6666666666666665,1,0,5.333333333333333,2,2,1,2,1,1,2,0,1,2,1,0,0,2,0,1,1,0
25023,25023,España,7.0,7.0,8.0,7.0,1.0,7.0,4.0,0.0,5.0,4.0,9.0,0.0,0.0,0.0,5.0,8.0,8.0,8.0,5.0,1,2.0,3,1,1,3.2857142857142856,1,3.6666666666666665,1,0,7.333333333333333,2,2,1,2,2,3,0,2,2,2,1,1,0,0,0,1,1,0
37043,37043,Portugal,3.0,3.0,5.0,2.0,2.0,4.0,3.0,7.0,5.0,3.0,10.0,1.0,5.0,3.0,7.0,5.0,2.0,8.0,5.0,1,3.0,5,1,1,4.857142857142857,2,4.666666666666667,2,1,3.6666666666666665,1,0,1,0,1,0,2,0,2,2,2,0,2,1,0,0,1,0
59690,59690,Eslovaquia,4.0,5.0,2.0,7.0,3.0,3.0,4.0,3.0,2.0,2.0,4.0,3.0,2.0,2.0,7.0,3.0,3.0,7.0,9.0,2,1.0,8,2,1,3.142857142857143,1,3.333333333333333,1,1,3.6666666666666665,1,2,1,2,0,3,0,1,0,0,0,1,1,0,0,0,1,0
58844,58844,Eslovaquia,5.0,5.0,5.0,3.0,3.0,5.0,5.0,5.0,5.0,5.0,5.0,5.0,5.0,5.0,8.0,5.0,5.0,5.0,5.0,2,1.0,8,1,0,5.428571428571429,2,5.0,2,1,5.0,2,0,1,1,2,0,2,0,1,0,2,1,2,2,1,1,1,2
52477,52477,Hungría,5.0,6.0,6.0,8.0,3.0,4.0,1.0,3.0,8.0,8.0,6.0,7.0,7.0,7.0,5.0,6.0,7.0,8.0,8.0,2,1.0,7,2,1,6.857142857142857,3,2.6666666666666665,1,1,5.666666666666667,2,2,0,0,0,3,3,1,0,2,1,0,0,2,2,1,1,2
51754,51754,Hungría,7.0,7.0,7.0,6.0,4.0,7.0,6.0,7.0,7.0,8.0,7.0,4.0,9.0,4.0,8.0,8.0,8.0,7.0,5.0,2,2.0,7,1,1,6.714285714285714,3,6.666666666666667,3,2,7.0,2,0,1,2,3,2,3,2,2,1,2,2,2,2,2,1,1,2
18105,18105,Países Bajos,7.0,4.0,6.0,9.0,1.0,4.0,6.0,3.0,2.0,4.0,7.0,3.0,3.0,4.0,10.0,3.0,2.0,9.0,0.0,0,4.0,2,0,2,4.714285714285714,2,4.333333333333333,2,0,5.666666666666667,2,2,1,0,2,3,1,0,0,2,1,2,1,0,0,1,1,2
50817,50817,Hungría,7.0,5.0,7.0,3.0,3.0,5.0,4.0,2.0,7.0,8.0,9.0,4.0,6.0,4.0,7.0,5.0,5.0,9.0,5.0,2,2.0,7,1,2,6.428571428571429,3,3.6666666666666665,1,1,6.333333333333333,2,0,1,2,2,0,3,2,0,0,2,1,2,2,2,0,1,1
9658,9658,Alemania,5.0,5.0,4.0,5.0,2.0,7.0,4.0,4.0,4.0,4.0,7.0,3.0,6.0,4.0,4.0,6.0,6.0,3.0,7.0,0,5.0,1,2,0,4.571428571428571,2,5.0,2,1,4.666666666666667,1,2,1,1,2,1,1,1,2,2,0,1,2,0,0,1,1,0
24667,24667,España,5.0,2.0,2.0,1.0,3.0,3.0,0.0,0.0,2.0,2.0,5.0,0.0,2.0,1.0,7.0,5.0,5.0,5.0,0.0,1,2.0,3,0,0,2.7142857142857144,1,1.0,0,1,3.0,1,0,1,0,0,0,0,0,0,0,1,0,0,0,0,1,1,0
45112,45112,Hungría,5.0,1.0,2.0,8.0,3.0,3.0,3.0,2.0,5.0,4.0,2.0,3.0,4.0,0.0,7.0,1.0,1.0,5.0,3.0,2,2.0,7,0,0,3.571428571428572,1,2.6666666666666665,1,1,2.6666666666666665,1,2,1,0,0,3,0,1,0,0,2,0,2,0,0,1,1,0
21778,21778,España,8.0,2.0,5.0,0.0,3.0,3.0,3.0,5.0,5.0,2.0,3.0,1.0,5.0,0.0,9.0,5.0,4.0,10.0,7.0,1,5.0,3,2,2,3.571428571428572,1,3.6666666666666665,1,1,5.0,2,0,1,0,1,0,0,2,0,0,0,0,2,0,0,1,1,0
32725,32725,Italia,5.0,3.0,2.0,7.0,2.0,6.0,3.0,7.0,2.0,5.0,6.0,2.0,3.0,2.0,5.0,5.0,2.0,6.0,5.0,1,1.0,4,1,1,3.571428571428572,1,5.333333333333333,2,1,3.333333333333333,1,2,1,0,2,3,0,2,0,0,0,0,2,0,1,1,1,0
3593,3593,Bélgica,6.0,4.0,7.0,7.0,2.0,6.0,4.0,3.0,7.0,6.0,8.0,5.0,4.0,4.0,4.0,6.0,5.0,9.0,0.0,0,3.0,0,0,2,5.428571428571429,2,4.333333333333333,2,1,5.666666666666667,2,2,0,0,1,3,1,0,1,0,0,1,2,2,1,1,1,1
38029,38029,Portugal,5.0,5.0,5.0,6.0,3.0,6.0,0.0,0.0,0.0,0.0,5.0,0.0,0.0,0.0,7.0,8.0,5.0,0.0,8.0,1,3.0,5,2,0,1.7142857142857142,0,2.0,1,1,5.0,2,2,0,0,0,1,0,1,0,1,2,0,0,0,0,1,1,0
43468,43468,Croacia,10.0,5.0,8.0,1.0,2.0,2.0,5.0,5.0,1.0,0.0,1.0,1.0,0.0,1.0,8.0,5.0,5.0,10.0,0.0,1,3.0,6,0,2,1.7142857142857142,0,4.0,2,1,7.666666666666667,3,0,1,0,1,0,0,2,2,2,0,1,0,0,0,1,1,0
55937,55937,Eslovaquia,2.0,0.0,2.0,5.0,3.0,7.0,7.0,5.0,5.0,5.0,5.0,2.0,5.0,2.0,5.0,1.0,1.0,6.0,7.0,2,1.0,8,2,1,4.142857142857143,2,6.333333333333333,3,1,1.3333333333333333,0,2,1,2,3,2,2,0,0,0,2,2,0,2,1,1,1,2
37959,37959,Portugal,9.0,3.0,3.0,3.0,3.0,5.0,2.0,2.0,6.0,6.0,10.0,0.0,3.0,3.0,5.0,1.0,1.0,7.0,0.0,1,3.0,5,0,1,4.714285714285714,2,3.0,1,1,5.0,2,0,1,0,0,0,1,2,2,2,1,0,0,2,1,0,0,2
33917,33917,Portugal,1.0,0.0,0.0,0.0,4.0,0.0,0.0,0.0,0.0,5.0,9.0,0.0,0.0,0.0,7.0,0.0,0.0,5.0,5.0,1,4.0,5,1,0,3.0,1,0.0,0,2,0.3333333333333333,0,0,1,0,0,0,0,0,0,0,0,0,0,0,1,0,1,0
25689,25689,España,6.0,7.0,6.0,7.0,1.0,4.0,3.0,3.0,0.0,6.0,8.0,3.0,5.0,1.0,0.0,7.0,8.0,9.0,0.0,1,3.0,3,0,2,3.2857142857142856,1,3.333333333333333,1,0,6.333333333333333,2,2,1,2,0,3,0,0,2,1,1,0,0,0,1,1,1,0
24821,24821,España,7.0,5.0,3.0,5.0,4.0,6.0,4.0,5.0,5.0,4.0,8.0,2.0,4.0,2.0,4.0,6.0,6.0,10.0,7.0,1,3.0,3,2,2,4.142857142857143,2,5.0,2,2,5.0,2,0,1,2,2,2,2,1,1,0,1,1,0,0,0,1,1,0
54103,54103,Eslovaquia,5.0,3.0,5.0,8.0,3.0,0.0,0.0,3.0,10.0,5.0,3.0,9.0,0.0,5.0,6.0,2.0,1.0,3.0,10.0,2,2.0,8,2,0,5.428571428571429,2,1.0,0,1,4.333333333333333,1,2,0,0,0,3,2,2,0,0,0,0,2,2,1,0,1,0
54970,54970,Eslovaquia,2.0,3.0,2.0,6.0,3.0,7.0,2.0,3.0,4.0,3.0,1.0,3.0,4.0,3.0,10.0,4.0,4.0,7.0,4.0,2,2.0,8,1,1,4.0,2,4.0,2,1,2.333333333333333,0,1,1,2,2,2,1,0,1,0,0,0,0,1,0,1,1,1
59985,59985,Eslovaquia,5.0,4.0,1.0,4.0,2.0,5.0,7.0,2.0,8.0,10.0,10.0,10.0,7.0,6.0,8.0,5.0,4.0,6.0,6.0,2,2.0,8,1,1,8.428571428571429,4,4.666666666666667,2,1,3.333333333333333,1,1,1,0,2,1,3,0,0,0,1,2,2,2,2,0,1,2
54429,54429,Eslovaquia,8.0,7.0,8.0,4.0,2.0,5.0,4.0,6.0,7.0,5.0,6.0,2.0,4.0,2.0,8.0,5.0,5.0,7.0,7.0,2,2.0,8,2,1,4.857142857142857,2,5.0,2,1,7.666666666666667,3,2,1,2,2,2,2,2,2,2,2,1,2,2,1,1,1,2
59590,59590,Eslovaquia,9.0,9.0,9.0,8.0,4.0,7.0,8.0,8.0,6.0,6.0,6.0,6.0,6.0,6.0,10.0,2.0,1.0,9.0,1.0,2,1.0,8,0,2,6.571428571428571,3,7.666666666666667,3,2,9.0,3,2,1,2,3,3,3,2,2,2,0,2,2,1,1,1,1,0
142,142,Bélgica,6.0,5.0,6.0,5.0,2.0,6.0,3.0,4.0,8.0,5.0,6.0,7.0,8.0,5.0,0.0,6.0,5.0,8.0,7.0,0,2.0,0,2,1,5.571428571428571,2,4.333333333333333,2,1,5.666666666666667,2,2,1,2,2,2,2,2,2,0,2,0,0,2,1,1,1,2
161,161,Bélgica,7.0,5.0,7.0,9.0,3.0,5.0,7.0,5.0,4.0,0.0,2.0,2.0,2.0,2.0,7.0,4.0,2.0,7.0,7.0,0,2.0,0,2,1,2.7142857142857144,1,5.666666666666667,2,1,6.333333333333333,2,2,1,1,1,3,0,2,1,2,0,2,0,2,0,1,1,0
19169,19169,Países Bajos,6.0,7.0,8.0,5.0,4.0,5.0,6.0,6.0,8.0,6.0,8.0,7.0,6.0,6.0,8.0,3.0,3.0,9.0,2.0,0,3.0,2,0,2,7.0,3,5.666666666666667,2,2,7.0,2,2,1,2,2,1,3,1,2,2,2,2,2,2,1,1,0,1
19559,19559,Países Bajos,7.0,7.0,7.0,5.0,2.0,7.0,6.0,7.0,8.0,8.0,8.0,7.0,8.0,7.0,9.0,8.0,7.0,9.0,8.0,0,2.0,2,2,2,7.857142857142857,3,6.666666666666667,3,1,7.0,2,2,0,2,3,2,3,0,2,0,2,2,2,2,2,1,0,2
44093,44093,Hungría,4.0,7.0,6.0,8.0,4.0,8.0,6.0,6.0,7.0,8.0,6.0,7.0,7.0,8.0,8.0,6.0,5.0,7.0,8.0,2,1.0,7,2,1,7.285714285714286,3,6.666666666666667,3,2,5.666666666666667,2,2,0,2,3,3,3,2,2,0,2,2,1,2,2,1,0,2
6148,6148,Bélgica,3.0,4.0,3.0,6.0,4.0,2.0,5.0,2.0,5.0,5.0,3.0,3.0,3.0,5.0,9.0,3.0,3.0,10.0,5.0,0,2.0,0,1,2,4.714285714285714,2,3.0,1,2,3.333333333333333,1,1,1,2,0,2,2,0,0,0,0,1,2,1,1,1,1,1
29196,29196,Italia,10.0,5.0,3.0,5.0,4.0,5.0,5.0,5.0,2.0,5.0,8.0,4.0,1.0,5.0,8.0,5.0,4.0,6.0,10.0,1,3.0,4,2,1,4.714285714285714,2,5.0,2,2,6.0,2,2,1,0,1,1,1,2,0,0,1,1,0,0,1,1,1,0
13456,13456,Alemania,5.0,7.0,5.0,5.0,1.0,3.0,8.0,7.0,2.0,9.0,9.0,3.0,6.0,2.0,7.0,10.0,0.0,7.0,7.0,0,2.0,1,2,1,5.428571428571429,2,6.0,3,0,5.666666666666667,2,0,1,2,3,2,2,2,2,0,2,2,2,0,2,0,1,2
30507,30507,Italia,5.0,3.0,5.0,5.0,4.0,5.0,4.0,4.0,2.0,6.0,7.0,3.0,3.0,3.0,5.0,4.0,4.0,8.0,3.0,1,2.0,4,0,1,4.142857142857143,2,4.333333333333333,2,2,4.333333333333333,1,1,1,0,1,2,2,1,2,1,2,1,2,0,1,1,1,1
56750,56750,Eslovaquia,8.0,3.0,5.0,4.0,3.0,3.0,2.0,3.0,4.0,2.0,3.0,1.0,2.0,2.0,7.0,3.0,3.0,7.0,8.0,2,1.0,8,2,1,3.0,1,2.6666666666666665,1,1,5.333333333333333,2,0,0,0,0,2,0,2,2,1,1,0,1,1,0,1,1,0
33095,33095,Italia,2.0,2.0,1.0,3.0,4.0,5.0,3.0,3.0,3.0,6.0,6.0,3.0,3.0,0.0,7.0,8.0,3.0,7.0,3.0,1,2.0,4,0,1,4.0,2,3.6666666666666665,1,2,1.6666666666666667,0,0,1,0,1,0,2,0,0,0,2,0,1,2,1,1,1,0
7657,7657,Alemania,7.0,4.0,6.0,6.0,2.0,8.0,4.0,3.0,5.0,5.0,8.0,7.0,7.0,5.0,7.0,8.0,8.0,8.0,5.0,0,3.0,1,1,1,6.285714285714286,3,5.0,2,1,5.666666666666667,2,0,1,2,2,2,3,2,1,1,2,1,2,2,1,1,0,2
57763,57763,Eslovaquia,8.0,8.0,7.0,2.0,3.0,7.0,7.0,8.0,8.0,7.0,8.0,6.0,8.0,6.0,9.0,9.0,8.0,7.0,7.0,2,1.0,8,2,1,7.428571428571429,3,7.333333333333333,3,1,7.666666666666667,3,0,1,2,3,0,3,2,2,1,2,2,2,2,2,1,0,2
28908,28908,Italia,7.0,7.0,7.0,6.0,3.0,8.0,4.0,5.0,6.0,7.0,7.0,5.0,6.0,5.0,7.0,6.0,6.0,7.0,7.0,1,2.0,4,2,1,6.142857142857143,3,5.666666666666667,2,1,7.0,2,2,1,0,2,1,3,2,2,2,2,1,0,2,2,1,1,0
4994,4994,Bélgica,6.0,3.0,3.0,5.0,2.0,7.0,5.0,5.0,7.0,5.0,7.0,5.0,5.0,5.0,9.0,7.0,4.0,8.0,3.0,0,1.0,0,0,1,6.142857142857143,3,5.666666666666667,2,1,4.0,1,1,1,2,1,1,3,1,0,1,2,1,0,2,1,1,1,0
41660,41660,Croacia,5.0,5.0,5.0,6.0,4.0,5.0,5.0,5.0,2.0,2.0,3.0,2.0,2.0,1.0,7.0,5.0,9.0,8.0,7.0,1,3.0,6,2,1,2.7142857142857144,1,5.0,2,2,5.0,2,2,1,2,2,2,0,0,0,1,1,1,0,0,0,1,1,0
33215,33215,Italia,5.0,4.0,6.0,4.0,3.0,4.0,5.0,5.0,5.0,6.0,8.0,2.0,5.0,2.0,8.0,6.0,5.0,7.0,5.0,1,1.0,4,1,1,5.142857142857143,2,4.666666666666667,2,1,5.0,2,0,1,2,1,1,2,0,0,0,1,1,2,2,1,1,1,2
49691,49691,Hungría,4.0,7.0,4.0,5.0,4.0,5.0,6.0,5.0,5.0,7.0,8.0,6.0,7.0,3.0,6.0,5.0,8.0,8.0,7.0,2,1.0,7,2,1,6.0,3,5.333333333333333,2,2,5.0,2,1,1,0,2,2,3,0,2,1,1,2,2,0,2,1,1,2
6232,6232,Bélgica,5.0,2.0,3.0,1.0,3.0,3.0,0.0,0.0,1.0,0.0,6.0,1.0,2.0,2.0,9.0,0.0,2.0,10.0,0.0,0,1.0,0,0,2,3.0,1,1.0,0,1,3.333333333333333,1,0,1,0,0,0,0,2,0,0,0,0,0,0,0,1,1,0
32816,32816,Italia,5.0,3.0,5.0,8.0,4.0,6.0,5.0,7.0,6.0,4.0,9.0,6.0,6.0,5.0,5.0,6.0,5.0,6.0,4.0,1,2.0,4,1,1,5.857142857142857,2,6.0,3,2,4.333333333333333,1,2,1,2,3,3,3,2,0,2,1,1,2,2,0,0,1,0
3622,3622,Bélgica,6.0,6.0,3.0,7.0,2.0,6.0,7.0,4.0,5.0,2.0,6.0,4.0,4.0,4.0,7.0,7.0,5.0,7.0,6.0,0,3.0,0,1,1,4.571428571428571,2,5.666666666666667,2,1,5.0,2,2,1,1,1,3,2,0,0,1,2,2,2,0,0,1,1,0
14193,14193,Países Bajos,2.0,2.0,2.0,7.0,2.0,6.0,6.0,7.0,4.0,7.0,5.0,6.0,8.0,7.0,9.0,6.0,7.0,7.0,9.0,0,2.0,2,2,1,6.571428571428571,3,6.333333333333333,3,1,2.0,0,2,0,2,3,3,3,0,0,0,0,2,2,0,2,1,0,2
36816,36816,Portugal,6.0,6.0,5.0,5.0,2.0,4.0,4.0,5.0,6.0,6.0,5.0,5.0,7.0,5.0,5.0,4.0,5.0,6.0,8.0,1,4.0,5,2,1,5.571428571428571,2,4.333333333333333,2,1,5.666666666666667,2,1,0,0,1,2,1,2,2,1,2,1,0,1,1,1,1,2
4628,4628,Bélgica,1.0,1.0,4.0,3.0,2.0,5.0,7.0,7.0,5.0,3.0,7.0,7.0,4.0,6.0,10.0,2.0,2.0,9.0,5.0,0,4.0,0,1,2,6.0,3,6.333333333333333,3,1,2.0,0,0,1,2,3,0,3,0,0,2,2,2,2,0,0,1,0,0
1198,1198,Bélgica,7.0,5.0,6.0,4.0,1.0,4.0,7.0,5.0,6.0,6.0,7.0,5.0,7.0,5.0,8.0,8.0,5.0,6.0,6.0,0,3.0,0,1,1,6.285714285714286,3,5.333333333333333,2,0,6.0,2,2,1,2,1,2,3,0,2,2,0,2,0,0,1,1,1,2
8857,8857,Alemania,8.0,3.0,6.0,8.0,2.0,0.0,9.0,0.0,0.0,0.0,2.0,0.0,1.0,0.0,5.0,1.0,1.0,10.0,0.0,0,3.0,1,0,2,1.1428571428571428,0,3.0,1,1,5.666666666666667,2,2,1,2,0,3,0,2,0,0,0,2,0,0,0,0,1,0
10169,10169,Alemania,8.0,8.0,5.0,5.0,2.0,6.0,4.0,5.0,6.0,8.0,8.0,3.0,5.0,3.0,7.0,5.0,10.0,8.0,8.0,0,2.0,1,2,1,5.714285714285714,2,5.0,2,1,7.0,2,2,0,2,2,1,2,2,2,2,0,1,0,0,2,1,1,0
16466,16466,Países Bajos,6.0,6.0,7.0,4.0,2.0,7.0,7.0,7.0,7.0,7.0,7.0,7.0,7.0,7.0,7.0,5.0,7.0,7.0,7.0,0,2.0,2,2,1,7.0,3,7.0,3,1,6.333333333333333,2,2,1,2,3,2,3,0,1,0,1,2,2,2,2,1,0,2
23683,23683,España,6.0,1.0,7.0,4.0,3.0,6.0,3.0,3.0,8.0,9.0,8.0,3.0,7.0,3.0,6.0,10.0,6.0,4.0,2.0,1,2.0,3,0,0,6.285714285714286,3,4.0,2,1,4.666666666666667,1,1,1,0,1,2,3,2,0,1,0,0,0,2,2,1,1,2
54182,54182,Eslovaquia,0.0,0.0,0.0,5.0,4.0,1.0,2.0,1.0,6.0,2.0,4.0,1.0,0.0,1.0,5.0,3.0,0.0,7.0,7.0,2,1.0,8,2,1,2.7142857142857144,1,1.3333333333333333,0,2,0.0,0,1,1,0,0,2,0,0,0,0,0,0,0,1,0,1,1,0
60970,60970,Eslovaquia,4.0,3.0,3.0,4.0,2.0,3.0,4.0,3.0,4.0,4.0,2.0,3.0,4.0,3.0,3.0,4.0,3.0,4.0,5.0,2,2.0,8,1,0,3.2857142857142856,1,3.333333333333333,1,1,3.333333333333333,1,0,1,0,0,1,0,1,2,0,0,1,0,0,0,1,1,0
53798,53798,Eslovaquia,7.0,7.0,8.0,6.0,3.0,6.0,7.0,5.0,4.0,5.0,4.0,5.0,5.0,5.0,2.0,5.0,6.0,7.0,6.0,2,2.0,8,1,1,4.285714285714286,2,6.0,3,1,7.333333333333333,2,1,1,2,3,1,2,0,2,2,2,2,0,0,1,1,1,0
16617,16617,Países Bajos,7.0,8.0,6.0,5.0,2.0,7.0,8.0,7.0,6.0,7.0,7.0,6.0,5.0,6.0,8.0,6.0,7.0,9.0,5.0,0,2.0,2,1,2,6.428571428571429,3,7.333333333333333,3,1,7.0,2,1,1,2,3,1,3,2,2,1,2,2,2,0,2,1,0,1
30035,30035,Italia,6.0,6.0,5.0,1.0,3.0,5.0,5.0,3.0,6.0,6.0,6.0,5.0,6.0,4.0,8.0,8.0,6.0,8.0,5.0,1,1.0,4,1,1,5.857142857142857,2,4.333333333333333,2,1,5.666666666666667,2,0,1,0,1,0,3,2,1,0,0,1,0,2,1,1,1,0
39847,39847,Portugal,4.0,2.0,3.0,5.0,3.0,4.0,5.0,4.0,3.0,2.0,4.0,1.0,4.0,1.0,4.0,5.0,5.0,6.0,6.0,1,2.0,5,1,1,2.7142857142857144,1,4.333333333333333,2,1,3.0,1,1,1,0,1,2,0,0,0,0,2,1,2,1,0,1,1,0
2091,2091,Bélgica,6.0,4.0,7.0,6.0,2.0,6.0,7.0,6.0,6.0,7.0,7.0,6.0,6.0,6.0,7.0,7.0,8.0,8.0,7.0,0,2.0,0,2,1,6.428571428571429,3,6.333333333333333,3,1,5.666666666666667,2,2,1,2,3,2,3,1,1,2,2,2,0,0,2,1,0,2
46994,46994,Hungría,3.0,4.0,3.0,9.0,3.0,0.0,0.0,0.0,3.0,2.0,2.0,1.0,0.0,2.0,8.0,1.0,4.0,4.0,5.0,2,1.0,7,1,0,2.571428571428572,1,0.0,0,1,3.333333333333333,1,2,1,0,0,3,0,0,0,2,0,0,0,2,0,0,1,0
61721,61721,Eslovaquia,4.0,6.0,0.0,5.0,1.0,5.0,6.0,5.0,0.0,10.0,10.0,2.0,5.0,2.0,0.0,5.0,3.0,7.0,6.0,2,1.0,8,1,1,4.142857142857143,2,5.333333333333333,2,0,3.333333333333333,1,0,1,0,2,2,1,2,0,0,2,2,2,0,2,0,1,0
31767,31767,Italia,5.0,4.0,4.0,7.0,2.0,5.0,4.0,4.0,8.0,7.0,9.0,2.0,8.0,5.0,7.0,5.0,5.0,7.0,9.0,1,2.0,4,2,1,6.571428571428571,3,4.333333333333333,2,1,4.333333333333333,1,2,1,2,2,3,3,2,1,1,1,1,2,2,2,0,1,2
44838,44838,Hungría,7.0,4.0,3.0,3.0,3.0,7.0,4.0,5.0,7.0,0.0,7.0,4.0,4.0,0.0,5.0,6.0,5.0,9.0,2.0,2,2.0,7,0,2,3.857142857142857,1,5.333333333333333,2,1,4.666666666666667,1,0,1,0,2,0,0,2,0,0,1,1,0,2,0,1,1,2
59189,59189,Eslovaquia,4.0,2.0,4.0,6.0,3.0,7.0,5.0,4.0,8.0,4.0,7.0,5.0,3.0,5.0,5.0,1.0,2.0,8.0,8.0,2,1.0,8,2,1,5.285714285714286,2,5.333333333333333,2,1,3.333333333333333,1,1,0,2,2,2,2,2,0,0,2,1,0,2,0,1,1,0
47220,47220,Hungría,4.0,3.0,4.0,6.0,3.0,5.0,6.0,7.0,3.0,6.0,5.0,6.0,6.0,6.0,8.0,5.0,3.0,6.0,2.0,2,1.0,7,0,1,5.714285714285714,2,6.0,3,1,3.6666666666666665,1,0,1,0,3,1,2,2,1,0,2,2,2,2,1,1,0,2
11021,11021,Alemania,9.0,10.0,8.0,6.0,1.0,10.0,8.0,8.0,6.0,4.0,8.0,5.0,6.0,5.0,10.0,5.0,3.0,10.0,7.0,0,1.0,1,2,2,6.285714285714286,3,8.666666666666666,4,0,9.0,3,0,1,2,3,1,3,2,2,2,2,2,2,2,0,1,1,0
24677,24677,España,6.0,5.0,6.0,6.0,3.0,3.0,0.0,0.0,3.0,4.0,6.0,2.0,3.0,2.0,5.0,3.0,3.0,8.0,0.0,1,3.0,3,0,1,3.571428571428572,1,1.0,0,1,5.666666666666667,2,0,1,0,0,1,0,1,1,1,2,0,0,1,0,1,1,0
23020,23020,España,3.0,6.0,4.0,4.0,2.0,7.0,4.0,5.0,6.0,6.0,7.0,2.0,4.0,2.0,10.0,7.0,6.0,9.0,0.0,1,2.0,3,0,2,5.285714285714286,2,5.333333333333333,2,1,4.333333333333333,1,1,0,1,2,2,2,0,0,0,1,1,1,1,1,1,1,0
15234,15234,Países Bajos,8.0,9.0,6.0,8.0,2.0,9.0,5.0,7.0,8.0,6.0,9.0,8.0,8.0,8.0,6.0,8.0,7.0,10.0,7.0,0,5.0,2,2,2,7.571428571428571,3,7.0,3,1,7.666666666666667,3,2,1,2,3,3,3,2,2,0,2,1,2,2,1,1,0,2
23850,23850,España,7.0,9.0,4.0,1.0,2.0,9.0,6.0,5.0,4.0,7.0,8.0,6.0,5.0,4.0,7.0,7.0,7.0,9.0,6.0,1,2.0,3,1,2,5.857142857142857,2,6.666666666666667,3,1,6.666666666666667,2,0,1,2,3,0,3,2,2,2,2,2,0,2,2,1,0,0
39619,39619,Portugal,5.0,3.0,3.0,5.0,4.0,7.0,3.0,4.0,5.0,5.0,7.0,1.0,3.0,0.0,8.0,5.0,6.0,4.0,5.0,1,3.0,5,1,0,4.142857142857143,2,4.666666666666667,2,2,3.6666666666666665,1,2,1,2,2,1,2,0,2,2,2,0,2,1,1,1,0,2
50899,50899,Hungría,8.0,8.0,8.0,9.0,4.0,4.0,5.0,6.0,8.0,7.0,6.0,5.0,4.0,4.0,7.0,3.0,4.0,6.0,0.0,2,1.0,7,0,1,5.857142857142857,2,5.0,2,2,8.0,3,2,1,0,1,3,3,2,2,2,1,1,0,2,2,1,1,0
23147,23147,España,6.0,5.0,5.0,6.0,3.0,8.0,2.0,5.0,5.0,4.0,6.0,4.0,6.0,5.0,8.0,2.0,2.0,9.0,7.0,1,3.0,3,2,2,5.428571428571429,2,5.0,2,1,5.333333333333333,2,0,1,2,2,1,2,2,0,0,2,0,2,1,0,1,1,1
22461,22461,España,2.0,3.0,3.0,7.0,2.0,7.0,5.0,4.0,6.0,8.0,7.0,6.0,6.0,6.0,8.0,5.0,4.0,7.0,6.0,1,2.0,3,1,1,6.714285714285714,3,5.333333333333333,2,1,2.6666666666666665,1,2,1,1,1,3,3,0,1,2,0,1,2,1,2,1,1,0
37717,37717,Portugal,5.0,5.0,0.0,5.0,4.0,5.0,5.0,2.0,0.0,0.0,5.0,0.0,0.0,0.0,10.0,5.0,0.0,10.0,5.0,1,3.0,5,1,2,2.142857142857143,1,4.0,2,2,3.333333333333333,1,0,1,0,2,1,0,2,0,0,0,1,1,0,0,1,1,0
52296,52296,Hungría,9.0,9.0,8.0,7.0,2.0,8.0,8.0,7.0,6.0,8.0,7.0,4.0,8.0,7.0,7.0,5.0,5.0,9.0,7.0,2,3.0,7,2,2,6.714285714285714,3,7.666666666666667,3,1,8.666666666666666,3,2,1,2,3,3,3,2,2,2,2,2,2,0,2,1,1,2
47624,47624,Hungría,7.0,8.0,7.0,7.0,2.0,4.0,5.0,6.0,8.0,7.0,8.0,7.0,7.0,6.0,9.0,5.0,3.0,9.0,3.0,2,1.0,7,0,2,7.428571428571429,3,5.0,2,1,7.333333333333333,2,2,1,0,2,3,3,2,2,0,1,1,0,2,2,1,0,2
9739,9739,Alemania,8.0,3.0,5.0,5.0,2.0,3.0,5.0,2.0,2.0,3.0,6.0,2.0,5.0,5.0,7.0,5.0,7.0,7.0,1.0,0,1.0,1,0,1,4.285714285714286,2,3.333333333333333,1,1,5.333333333333333,2,2,1,2,0,1,2,2,1,2,1,1,2,0,0,1,1,0
1158,1158,Bélgica,6.0,4.0,7.0,7.0,2.0,7.0,6.0,6.0,6.0,7.0,8.0,6.0,4.0,6.0,9.0,7.0,5.0,7.0,2.0,0,4.0,0,0,1,6.571428571428571,3,6.333333333333333,3,1,5.666666666666667,2,2,1,2,3,3,3,0,0,0,1,2,2,0,2,1,0,0
30061,30061,Italia,4.0,4.0,4.0,2.0,2.0,4.0,4.0,1.0,7.0,6.0,6.0,6.0,3.0,6.0,6.0,7.0,7.0,7.0,6.0,1,1.0,4,1,1,5.714285714285714,2,3.0,1,1,4.0,1,0,1,0,0,0,1,2,0,2,2,1,0,2,1,1,1,0
35567,35567,Portugal,5.0,3.0,3.0,5.0,4.0,3.0,2.0,0.0,0.0,0.0,4.0,0.0,0.0,0.0,8.0,4.0,4.0,6.0,7.0,1,3.0,5,2,1,1.7142857142857142,0,1.6666666666666667,0,2,3.6666666666666665,1,2,1,0,0,2,0,2,0,1,2,0,0,0,0,1,0,0
28443,28443,Italia,6.0,5.0,7.0,0.0,1.0,5.0,3.0,6.0,5.0,8.0,8.0,2.0,4.0,2.0,6.0,8.0,8.0,10.0,0.0,1,2.0,4,0,2,5.0,2,4.666666666666667,2,0,6.0,2,0,1,1,1,0,1,0,0,2,1,0,0,2,2,1,1,0
20212,20212,Países Bajos,5.0,7.0,7.0,4.0,1.0,7.0,7.0,6.0,3.0,7.0,8.0,3.0,5.0,4.0,7.0,6.0,6.0,3.0,8.0,0,2.0,2,2,0,5.285714285714286,2,6.666666666666667,3,0,6.333333333333333,2,2,0,2,3,1,2,0,2,1,0,2,2,0,2,1,1,2
53914,53914,Eslovaquia,3.0,2.0,5.0,5.0,2.0,3.0,4.0,3.0,3.0,2.0,4.0,3.0,4.0,3.0,10.0,3.0,3.0,5.0,8.0,2,2.0,8,2,0,4.142857142857143,2,3.333333333333333,1,1,3.333333333333333,1,1,0,2,0,1,1,0,0,0,2,1,2,1,0,1,1,0
20414,20414,Países Bajos,8.0,6.0,4.0,7.0,2.0,8.0,6.0,6.0,5.0,7.0,7.0,7.0,6.0,6.0,7.0,7.0,8.0,8.0,7.0,0,4.0,2,2,1,6.428571428571429,3,6.666666666666667,3,1,6.0,2,2,1,2,3,3,3,2,2,1,2,2,2,0,2,1,0,1
25719,25719,España,5.0,5.0,5.0,3.0,3.0,6.0,5.0,5.0,7.0,1.0,2.0,1.0,1.0,1.0,10.0,8.0,7.0,7.0,10.0,1,2.0,3,2,1,3.2857142857142856,1,5.333333333333333,2,1,5.0,2,0,0,2,2,0,0,2,2,2,1,1,2,2,0,1,1,0
29395,29395,Italia,4.0,4.0,6.0,4.0,2.0,6.0,5.0,4.0,6.0,8.0,7.0,5.0,5.0,5.0,8.0,7.0,6.0,8.0,5.0,1,1.0,4,1,1,6.285714285714286,3,5.0,2,1,4.666666666666667,1,2,1,2,2,2,3,2,2,0,2,1,0,1,2,1,1,2
33540,33540,Italia,3.0,3.0,3.0,5.0,3.0,5.0,5.0,4.0,3.0,5.0,5.0,3.0,3.0,2.0,4.0,4.0,4.0,5.0,6.0,1,2.0,4,1,0,3.571428571428572,1,4.666666666666667,2,1,3.0,1,0,1,2,2,2,0,0,1,2,1,1,2,2,1,1,1,0
62367,62367,Eslovaquia,3.0,4.0,3.0,5.0,2.0,5.0,3.0,7.0,1.0,4.0,4.0,3.0,3.0,3.0,5.0,2.0,0.0,5.0,3.0,2,2.0,8,0,0,3.2857142857142856,1,5.0,2,1,3.333333333333333,1,1,1,0,2,2,0,0,0,0,2,0,2,0,0,1,1,2
3180,3180,Bélgica,7.0,5.0,7.0,6.0,3.0,3.0,3.0,2.0,2.0,5.0,5.0,3.0,2.0,3.0,8.0,3.0,3.0,9.0,2.0,0,4.0,0,0,2,4.0,2,2.6666666666666665,1,1,6.333333333333333,2,0,1,0,0,2,2,1,0,2,0,0,0,0,1,1,1,0
43344,43344,Croacia,1.0,3.0,4.0,4.0,4.0,3.0,4.0,3.0,5.0,4.0,7.0,4.0,4.0,3.0,0.0,5.0,4.0,6.0,6.0,1,1.0,6,1,1,3.857142857142857,1,3.333333333333333,1,2,2.6666666666666665,1,2,1,0,0,2,0,0,1,2,1,1,0,0,0,1,1,2
4800,4800,Bélgica,8.0,7.0,8.0,7.0,2.0,7.0,5.0,7.0,6.0,5.0,5.0,6.0,6.0,6.0,8.0,4.0,4.0,8.0,10.0,0,2.0,0,2,1,6.0,3,6.333333333333333,3,1,7.666666666666667,3,2,1,2,3,3,3,2,2,2,2,1,2,2,1,1,1,0
2781,2781,Bélgica,4.0,4.0,5.0,5.0,1.0,3.0,3.0,4.0,1.0,2.0,3.0,1.0,2.0,1.0,4.0,7.0,5.0,5.0,10.0,0,1.0,0,2,0,2.0,1,3.333333333333333,1,0,4.333333333333333,1,1,0,2,0,1,0,0,1,2,2,0,1,0,0,1,1,0
13412,13412,Alemania,3.0,5.0,5.0,4.0,3.0,5.0,2.0,5.0,4.0,6.0,8.0,2.0,3.0,1.0,6.0,7.0,8.0,9.0,4.0,0,2.0,1,1,2,4.285714285714286,2,4.0,2,1,4.333333333333333,1,2,1,2,2,1,1,0,0,2,0,0,0,2,1,1,1,2
32050,32050,Italia,10.0,0.0,10.0,2.0,2.0,10.0,5.0,0.0,10.0,10.0,10.0,7.0,10.0,7.0,6.0,10.0,5.0,10.0,10.0,1,2.0,4,2,2,8.571428571428571,4,5.0,2,1,6.666666666666667,2,0,0,0,2,0,3,2,0,2,2,1,0,2,2,0,0,2
33679,33679,Portugal,8.0,8.0,6.0,6.0,4.0,5.0,4.0,4.0,4.0,4.0,4.0,4.0,4.0,4.0,7.0,8.0,5.0,8.0,7.0,1,2.0,5,2,1,4.428571428571429,2,4.333333333333333,2,2,7.333333333333333,2,1,1,1,2,2,1,2,2,2,1,1,0,1,0,1,1,2
11092,11092,Alemania,1.0,5.0,4.0,5.0,2.0,4.0,3.0,1.0,0.0,6.0,6.0,1.0,2.0,0.0,8.0,2.0,2.0,9.0,0.0,0,2.0,1,0,2,3.2857142857142856,1,2.6666666666666665,1,1,3.333333333333333,1,0,1,0,0,1,0,0,2,0,2,0,0,0,1,1,1,0
32772,32772,Italia,6.0,6.0,7.0,9.0,3.0,3.0,3.0,3.0,4.0,6.0,7.0,2.0,5.0,2.0,7.0,7.0,5.0,9.0,6.0,1,2.0,4,1,2,4.714285714285714,2,3.0,1,1,6.333333333333333,2,2,1,2,0,3,2,2,0,2,1,0,2,2,1,1,1,2
16459,16459,Países Bajos,8.0,7.0,8.0,3.0,2.0,7.0,7.0,6.0,6.0,7.0,6.0,6.0,6.0,6.0,10.0,7.0,5.0,7.0,1.0,0,2.0,2,0,1,6.714285714285714,3,6.666666666666667,3,1,7.666666666666667,3,0,1,2,3,0,3,2,2,2,2,2,2,0,2,1,0,0
18912,18912,Países Bajos,9.0,9.0,8.0,8.0,2.0,8.0,7.0,7.0,7.0,7.0,6.0,5.0,5.0,7.0,8.0,6.0,9.0,9.0,9.0,0,1.0,2,2,2,6.428571428571429,3,7.333333333333333,3,1,8.666666666666666,3,2,1,2,3,3,3,2,2,2,2,2,2,2,2,1,1,2
32482,32482,Italia,5.0,7.0,4.0,8.0,3.0,4.0,4.0,3.0,1.0,0.0,7.0,0.0,0.0,0.0,6.0,5.0,5.0,7.0,8.0,1,2.0,4,2,1,2.0,1,3.6666666666666665,1,1,5.333333333333333,2,2,0,2,1,3,0,1,2,2,0,1,0,0,0,1,1,0
17992,17992,Países Bajos,8.0,5.0,6.0,1.0,2.0,6.0,7.0,3.0,6.0,4.0,4.0,6.0,5.0,6.0,6.0,6.0,7.0,10.0,0.0,0,3.0,2,0,2,5.285714285714286,2,5.333333333333333,2,1,6.333333333333333,2,0,1,2,2,0,1,2,1,0,2,2,0,1,0,1,0,0
60962,60962,Eslovaquia,5.0,3.0,5.0,1.0,2.0,3.0,2.0,1.0,1.0,1.0,3.0,1.0,1.0,3.0,6.0,5.0,5.0,6.0,10.0,2,2.0,8,2,1,2.2857142857142856,1,2.0,1,1,4.333333333333333,1,0,0,0,0,0,0,1,1,0,2,0,0,0,0,1,0,0
48008,48008,Hungría,8.0,8.0,8.0,5.0,3.0,4.0,9.0,4.0,6.0,7.0,9.0,3.0,7.0,3.0,9.0,4.0,4.0,9.0,10.0,2,1.0,7,2,2,6.285714285714286,3,5.666666666666667,2,1,8.0,3,1,0,2,2,1,3,2,2,2,0,2,0,2,2,0,1,2
13078,13078,Alemania,8.0,7.0,8.0,2.0,1.0,7.0,7.0,7.0,8.0,10.0,6.0,7.0,10.0,4.0,5.0,10.0,7.0,10.0,6.0,0,2.0,1,1,2,7.142857142857143,3,7.0,3,0,7.666666666666667,3,0,1,2,3,0,3,2,2,2,2,2,2,2,2,1,0,2
23799,23799,España,4.0,4.0,4.0,10.0,2.0,8.0,3.0,0.0,0.0,2.0,8.0,0.0,3.0,0.0,4.0,3.0,5.0,10.0,10.0,1,2.0,3,2,2,2.4285714285714284,1,3.6666666666666665,1,1,4.0,1,2,1,1,2,3,0,2,1,2,2,0,0,0,0,1,1,0
5250,5250,Bélgica,7.0,6.0,5.0,5.0,4.0,8.0,6.0,5.0,7.0,7.0,7.0,4.0,7.0,4.0,7.0,5.0,5.0,8.0,3.0,0,4.0,0,0,1,6.142857142857143,3,6.333333333333333,3,2,6.0,2,0,1,2,3,2,3,2,0,1,2,2,2,2,2,1,1,2
50734,50734,Hungría,6.0,5.0,9.0,0.0,2.0,2.0,4.0,1.0,7.0,7.0,7.0,5.0,2.0,4.0,3.0,4.0,5.0,10.0,1.0,2,2.0,7,0,2,5.0,2,2.333333333333333,1,1,6.666666666666667,2,0,1,0,0,0,2,2,2,2,0,1,0,2,2,1,1,0
14105,14105,Países Bajos,3.0,1.0,5.0,3.0,2.0,8.0,3.0,5.0,5.0,7.0,2.0,3.0,4.0,3.0,8.0,8.0,3.0,7.0,6.0,0,4.0,2,1,1,4.571428571428571,2,5.333333333333333,2,1,3.0,1,0,1,0,1,0,1,0,0,2,2,0,0,0,2,1,1,1
3206,3206,Bélgica,4.0,5.0,3.0,7.0,3.0,2.0,3.0,2.0,4.0,5.0,7.0,4.0,2.0,4.0,9.0,2.0,5.0,7.0,6.0,0,4.0,0,1,1,5.0,2,2.333333333333333,1,1,4.0,1,2,1,0,0,3,1,2,0,2,0,0,2,1,1,1,1,0
36120,36120,Portugal,3.0,3.0,3.0,7.0,3.0,1.0,1.0,1.0,4.0,3.0,4.0,0.0,3.0,0.0,2.0,3.0,3.0,6.0,7.0,1,2.0,5,2,1,2.2857142857142856,1,1.0,0,1,3.0,1,2,1,0,0,3,0,0,2,2,0,0,0,2,0,1,1,1
21392,21392,España,4.0,6.0,6.0,2.0,3.0,6.0,6.0,7.0,7.0,7.0,7.0,7.0,7.0,7.0,6.0,5.0,6.0,8.0,6.0,1,3.0,3,1,1,6.857142857142857,3,6.333333333333333,3,1,5.333333333333333,2,0,1,2,3,0,3,2,2,2,0,2,2,2,2,1,0,2
58712,58712,Eslovaquia,4.0,2.0,3.0,1.0,3.0,3.0,5.0,7.0,3.0,1.0,5.0,4.0,3.0,2.0,9.0,1.0,2.0,8.0,3.0,2,1.0,8,0,1,3.857142857142857,1,5.0,2,1,3.0,1,0,1,0,1,0,0,0,0,1,2,1,2,0,0,1,1,1
43149,43149,Croacia,3.0,3.0,1.0,5.0,4.0,2.0,1.0,2.0,1.0,1.0,1.0,0.0,1.0,0.0,9.0,2.0,2.0,9.0,10.0,1,1.0,6,2,2,1.8571428571428568,0,1.6666666666666667,0,2,2.333333333333333,0,1,0,0,0,1,0,0,1,0,0,0,2,0,0,1,1,0
30433,30433,Italia,0.0,0.0,0.0,6.0,1.0,4.0,0.0,0.0,1.0,1.0,1.0,1.0,1.0,1.0,5.0,0.0,0.0,5.0,10.0,1,3.0,4,2,0,1.5714285714285714,0,1.3333333333333333,0,0,0.0,0,0,0,0,0,1,0,0,0,0,0,0,0,0,0,1,1,0
55548,55548,Eslovaquia,3.0,3.0,3.0,4.0,3.0,6.0,6.0,7.0,7.0,6.0,5.0,7.0,7.0,4.0,8.0,4.0,5.0,5.0,6.0,2,1.0,8,1,0,6.285714285714286,3,6.333333333333333,3,1,3.0,1,2,1,2,3,1,3,0,0,2,1,2,2,2,1,1,0,2
13776,13776,Alemania,6.0,8.0,2.0,6.0,1.0,9.0,7.0,8.0,5.0,9.0,7.0,3.0,4.0,5.0,9.0,5.0,9.0,7.0,1.0,0,3.0,1,0,1,6.0,3,8.0,4,0,5.333333333333333,2,0,1,2,3,1,3,2,2,0,2,2,2,1,2,1,1,1
42563,42563,Croacia,4.0,2.0,4.0,5.0,4.0,4.0,3.0,2.0,2.0,6.0,6.0,0.0,0.0,0.0,8.0,3.0,3.0,7.0,7.0,1,1.0,6,2,1,3.142857142857143,1,3.0,1,2,3.333333333333333,1,2,1,0,0,1,0,0,0,0,1,0,0,0,1,1,1,0
34198,34198,Portugal,4.0,2.0,0.0,2.0,3.0,1.0,4.0,0.0,0.0,1.0,6.0,0.0,0.0,0.0,9.0,4.0,3.0,7.0,7.0,1,2.0,5,2,1,2.2857142857142856,1,1.6666666666666667,0,1,2.0,0,0,1,0,0,0,0,2,0,0,0,1,0,0,0,1,1,0
23863,23863,España,5.0,8.0,4.0,5.0,3.0,4.0,5.0,4.0,5.0,4.0,7.0,0.0,5.0,0.0,7.0,5.0,4.0,8.0,0.0,1,2.0,3,0,1,4.0,2,4.333333333333333,2,1,5.666666666666667,2,2,1,0,1,1,1,1,2,1,2,1,0,1,0,1,1,0
33392,33392,Italia,6.0,7.0,6.0,3.0,2.0,6.0,7.0,6.0,6.0,7.0,7.0,6.0,6.0,6.0,4.0,4.0,4.0,7.0,7.0,1,2.0,4,2,1,6.0,3,6.333333333333333,3,1,6.333333333333333,2,0,1,2,3,0,3,2,2,2,2,2,2,1,2,1,0,2
19317,19317,Países Bajos,2.0,5.0,2.0,5.0,3.0,2.0,3.0,2.0,0.0,1.0,2.0,1.0,2.0,6.0,7.0,2.0,9.0,7.0,5.0,0,1.0,2,1,1,2.7142857142857144,1,2.333333333333333,1,1,3.0,1,1,1,0,0,1,0,0,1,0,0,0,2,0,0,1,1,0
15152,15152,Países Bajos,8.0,2.0,5.0,10.0,3.0,2.0,5.0,7.0,6.0,7.0,9.0,5.0,4.0,5.0,5.0,3.0,5.0,10.0,0.0,0,2.0,2,0,2,5.857142857142857,2,4.666666666666667,2,1,5.0,2,2,1,0,2,3,3,2,0,1,0,1,2,2,2,0,1,2
59077,59077,Eslovaquia,2.0,5.0,5.0,1.0,2.0,6.0,3.0,8.0,5.0,5.0,5.0,5.0,7.0,5.0,10.0,8.0,9.0,7.0,8.0,2,2.0,8,2,1,6.0,3,5.666666666666667,2,1,4.0,1,0,0,2,1,0,3,0,0,2,0,0,2,1,1,1,1,2
16424,16424,Países Bajos,8.0,4.0,7.0,6.0,2.0,5.0,8.0,0.0,1.0,8.0,7.0,3.0,2.0,3.0,9.0,6.0,5.0,10.0,10.0,0,3.0,2,2,2,4.714285714285714,2,4.333333333333333,2,1,6.333333333333333,2,1,1,2,2,1,1,2,0,2,0,2,0,0,2,1,1,0
44166,44166,Hungría,6.0,8.0,7.0,5.0,3.0,0.0,0.0,0.0,5.0,0.0,5.0,0.0,0.0,0.0,9.0,4.0,5.0,5.0,4.0,2,2.0,7,1,0,2.7142857142857144,1,0.0,0,1,7.0,2,2,1,0,0,2,0,1,2,1,0,0,0,1,0,1,1,0
52745,52745,Hungría,9.0,9.0,9.0,5.0,3.0,7.0,6.0,7.0,4.0,7.0,7.0,8.0,8.0,8.0,5.0,5.0,5.0,8.0,0.0,2,2.0,7,0,1,6.714285714285714,3,6.666666666666667,3,1,9.0,3,0,1,2,3,2,3,2,2,2,2,2,2,0,2,1,0,2
49523,49523,Hungría,8.0,4.0,5.0,5.0,2.0,5.0,5.0,5.0,5.0,3.0,8.0,2.0,5.0,0.0,3.0,5.0,5.0,8.0,5.0,2,2.0,7,1,1,3.7142857142857135,1,5.0,2,1,5.666666666666667,2,0,1,0,1,2,0,2,0,0,0,1,0,0,0,1,1,0
27586,27586,España,6.0,5.0,0.0,1.0,4.0,4.0,5.0,7.0,5.0,6.0,5.0,6.0,4.0,3.0,7.0,8.0,8.0,8.0,0.0,1,2.0,3,0,1,5.142857142857143,2,5.333333333333333,2,2,3.6666666666666665,1,0,1,1,2,0,2,0,0,0,0,1,2,0,1,1,0,2
1693,1693,Bélgica,3.0,3.0,7.0,8.0,3.0,4.0,6.0,6.0,3.0,2.0,7.0,6.0,6.0,5.0,7.0,2.0,2.0,10.0,1.0,0,2.0,0,0,2,5.142857142857143,2,5.333333333333333,2,1,4.333333333333333,1,2,0,1,2,3,1,0,0,1,1,2,0,2,0,1,1,0
41498,41498,Croacia,8.0,5.0,5.0,8.0,2.0,5.0,6.0,1.0,0.0,6.0,7.0,0.0,3.0,0.0,10.0,4.0,2.0,9.0,10.0,1,1.0,6,2,2,3.7142857142857135,1,4.0,2,1,6.0,2,2,0,2,2,3,0,2,2,2,2,2,0,0,1,1,0,0
59143,59143,Eslovaquia,2.0,2.0,5.0,10.0,4.0,0.0,0.0,0.0,0.0,0.0,1.0,0.0,0.0,0.0,8.0,2.0,0.0,6.0,6.0,2,2.0,8,1,1,1.2857142857142858,0,0.0,0,2,3.0,1,2,1,0,0,3,0,0,0,0,0,0,0,0,0,1,1,0
44515,44515,Hungría,6.0,1.0,4.0,5.0,4.0,2.0,2.0,0.0,2.0,2.0,3.0,0.0,0.0,0.0,5.0,5.0,4.0,6.0,0.0,2,2.0,7,0,1,1.7142857142857142,0,1.3333333333333333,0,2,3.6666666666666665,1,0,1,0,0,2,0,0,0,0,0,0,0,0,0,1,1,0
10531,10531,Alemania,5.0,6.0,5.0,4.0,2.0,7.0,7.0,5.0,6.0,6.0,10.0,5.0,6.0,5.0,8.0,8.0,5.0,8.0,5.0,0,3.0,1,1,1,6.571428571428571,3,6.333333333333333,3,1,5.333333333333333,2,1,1,2,3,1,3,0,0,2,2,2,0,1,1,0,1,1
4710,4710,Bélgica,5.0,7.0,5.0,3.0,2.0,7.0,3.0,5.0,4.0,7.0,8.0,6.0,6.0,4.0,6.0,8.0,9.0,7.0,10.0,0,4.0,0,2,1,5.857142857142857,2,5.0,2,1,5.666666666666667,2,0,0,2,2,0,3,1,2,0,0,0,2,0,2,1,0,0
718,718,Bélgica,5.0,3.0,5.0,5.0,4.0,6.0,4.0,7.0,5.0,2.0,5.0,0.0,4.0,0.0,6.0,5.0,2.0,7.0,0.0,0,1.0,0,0,1,3.142857142857143,1,5.666666666666667,2,2,4.333333333333333,1,0,1,0,2,1,0,2,0,0,0,1,2,0,0,1,0,1
48417,48417,Hungría,4.0,3.0,3.0,5.0,3.0,8.0,7.0,8.0,5.0,5.0,2.0,5.0,3.0,0.0,6.0,4.0,5.0,7.0,4.0,2,3.0,7,1,1,3.7142857142857135,1,7.666666666666667,3,1,3.333333333333333,1,0,1,2,3,1,0,0,0,2,2,2,2,0,1,0,1,1
40812,40812,Croacia,5.0,3.0,1.0,8.0,3.0,5.0,6.0,5.0,5.0,5.0,6.0,3.0,5.0,3.0,10.0,3.0,3.0,8.0,8.0,1,1.0,6,2,1,5.285714285714286,2,5.333333333333333,2,1,3.0,1,2,0,1,1,3,2,2,0,0,2,2,2,2,1,1,1,0
51317,51317,Hungría,5.0,8.0,4.0,4.0,2.0,2.0,2.0,1.0,7.0,7.0,6.0,4.0,0.0,5.0,8.0,8.0,8.0,9.0,8.0,2,2.0,7,2,2,5.285714285714286,2,1.6666666666666667,0,1,5.666666666666667,2,0,1,0,0,1,2,2,2,1,0,0,0,2,2,1,1,0
41157,41157,Croacia,6.0,6.0,8.0,5.0,4.0,3.0,2.0,2.0,5.0,1.0,7.0,0.0,1.0,0.0,8.0,5.0,7.0,8.0,9.0,1,1.0,6,2,1,3.142857142857143,1,2.333333333333333,1,2,6.666666666666667,2,1,0,0,0,2,0,1,2,2,0,0,0,0,0,1,1,0
22659,22659,España,8.0,5.0,0.0,5.0,3.0,5.0,5.0,10.0,0.0,1.0,10.0,0.0,3.0,0.0,5.0,10.0,10.0,10.0,8.0,1,2.0,3,2,2,2.7142857142857144,1,6.666666666666667,3,1,4.333333333333333,1,0,0,2,3,1,0,2,2,0,2,1,2,0,0,0,1,0
19479,19479,Países Bajos,8.0,6.0,8.0,6.0,3.0,7.0,7.0,6.0,7.0,8.0,8.0,6.0,5.0,6.0,9.0,3.0,4.0,9.0,3.0,0,3.0,2,0,2,7.0,3,6.666666666666667,3,1,7.333333333333333,2,2,1,2,3,1,3,2,0,2,0,2,0,2,2,1,0,0
21379,21379,España,9.0,9.0,9.0,0.0,3.0,9.0,8.0,6.0,4.0,4.0,9.0,1.0,2.0,0.0,10.0,5.0,6.0,8.0,9.0,1,2.0,3,2,1,4.285714285714286,2,7.666666666666667,3,1,9.0,3,0,0,2,3,0,2,2,2,2,2,2,2,2,0,0,1,0
34026,34026,Portugal,8.0,5.0,8.0,7.0,2.0,6.0,5.0,4.0,5.0,5.0,3.0,2.0,6.0,2.0,5.0,6.0,6.0,5.0,8.0,1,3.0,5,2,0,4.0,2,5.0,2,1,7.0,2,2,0,2,1,3,1,2,1,2,0,1,2,1,1,1,1,0
13807,13807,Alemania,10.0,10.0,0.0,4.0,3.0,2.0,4.0,2.0,1.0,1.0,1.0,0.0,2.0,1.0,4.0,6.0,3.0,6.0,8.0,0,2.0,1,2,1,1.4285714285714286,0,2.6666666666666665,1,1,6.666666666666667,2,2,1,0,0,1,0,2,2,0,0,1,0,0,0,1,1,0
55688,55688,Eslovaquia,4.0,3.0,3.0,2.0,2.0,8.0,7.0,7.0,4.0,4.0,5.0,5.0,5.0,5.0,0.0,3.0,3.0,7.0,0.0,2,1.0,8,0,1,4.0,2,7.333333333333333,3,1,3.333333333333333,1,0,1,2,3,0,1,2,2,0,2,2,2,2,0,1,1,2
52188,52188,Hungría,4.0,4.0,5.0,7.0,3.0,4.0,4.0,4.0,6.0,7.0,7.0,3.0,5.0,5.0,7.0,5.0,5.0,4.0,6.0,2,1.0,7,1,0,5.714285714285714,2,4.0,2,1,4.333333333333333,1,2,1,0,2,3,1,2,2,2,2,1,0,0,2,1,1,2
9366,9366,Alemania,4.0,4.0,3.0,3.0,2.0,4.0,2.0,2.0,3.0,2.0,2.0,3.0,2.0,5.0,5.0,6.0,9.0,2.0,3.0,0,2.0,1,0,0,3.142857142857143,1,2.6666666666666665,1,1,3.6666666666666665,1,0,1,0,0,0,0,2,2,0,1,0,2,0,0,1,1,0
51193,51193,Hungría,8.0,8.0,5.0,5.0,3.0,5.0,3.0,2.0,7.0,5.0,6.0,2.0,5.0,2.0,5.0,7.0,7.0,8.0,4.0,2,2.0,7,1,1,4.571428571428571,2,3.333333333333333,1,1,7.0,2,1,1,1,0,1,2,2,2,0,2,0,2,2,1,1,1,1
33828,33828,Portugal,5.0,5.0,5.0,8.0,3.0,4.0,2.0,2.0,3.0,3.0,6.0,4.0,5.0,4.0,10.0,6.0,4.0,8.0,7.0,1,2.0,5,2,1,5.0,2,2.6666666666666665,1,1,5.0,2,2,1,0,0,3,2,0,1,2,2,0,0,0,0,1,1,0
8344,8344,Alemania,8.0,5.0,8.0,5.0,4.0,8.0,8.0,6.0,2.0,8.0,10.0,5.0,5.0,3.0,6.0,3.0,5.0,8.0,10.0,0,1.0,1,2,1,5.571428571428571,2,7.333333333333333,3,2,7.0,2,2,1,2,3,2,2,2,1,2,2,2,1,0,2,1,1,2
5231,5231,Bélgica,7.0,7.0,7.0,6.0,4.0,6.0,7.0,5.0,5.0,7.0,8.0,5.0,6.0,5.0,9.0,6.0,5.0,7.0,5.0,0,2.0,0,1,1,6.428571428571429,3,6.0,3,2,7.0,2,1,1,0,3,1,3,0,2,0,1,2,1,2,2,1,1,1
28832,28832,Italia,7.0,3.0,3.0,3.0,3.0,6.0,3.0,4.0,6.0,8.0,8.0,5.0,5.0,5.0,8.0,0.0,0.0,6.0,10.0,1,1.0,4,2,1,6.428571428571429,3,4.333333333333333,2,1,4.333333333333333,1,0,0,2,1,0,3,2,1,0,2,0,0,1,2,1,1,1
10868,10868,Alemania,3.0,7.0,3.0,5.0,1.0,6.0,10.0,5.0,5.0,8.0,8.0,4.0,8.0,4.0,9.0,4.0,7.0,7.0,0.0,0,2.0,1,0,1,6.571428571428571,3,7.0,3,0,4.333333333333333,1,0,1,2,3,2,3,0,2,1,2,2,0,2,2,1,1,2
40483,40483,Portugal,5.0,3.0,3.0,7.0,1.0,5.0,5.0,8.0,4.0,3.0,3.0,3.0,5.0,3.0,8.0,6.0,5.0,7.0,5.0,1,1.0,5,1,1,4.142857142857143,2,6.0,3,0,3.6666666666666665,1,2,1,1,3,3,2,1,0,2,0,1,2,2,0,0,1,2
26283,26283,España,4.0,3.0,4.0,6.0,4.0,2.0,3.0,5.0,3.0,2.0,4.0,0.0,2.0,0.0,10.0,8.0,6.0,7.0,3.0,1,3.0,3,0,1,3.0,1,3.333333333333333,1,2,3.6666666666666665,1,0,1,1,0,2,0,0,0,0,0,0,0,0,0,1,0,0
9125,9125,Alemania,8.0,8.0,6.0,5.0,2.0,7.0,5.0,7.0,5.0,4.0,6.0,5.0,6.0,5.0,8.0,5.0,5.0,8.0,7.0,0,2.0,1,2,1,5.571428571428571,2,6.333333333333333,3,1,7.333333333333333,2,1,1,2,3,1,1,2,2,0,1,1,2,0,0,1,1,2
31400,31400,Italia,6.0,5.0,6.0,3.0,2.0,4.0,3.0,3.0,6.0,7.0,7.0,3.0,5.0,3.0,7.0,6.0,5.0,8.0,2.0,1,2.0,4,0,1,5.428571428571429,2,3.333333333333333,1,1,5.666666666666667,2,0,1,2,0,0,1,2,0,1,2,0,2,0,2,1,1,2
22265,22265,España,6.0,3.0,5.0,5.0,2.0,7.0,4.0,4.0,6.0,2.0,6.0,4.0,4.0,4.0,8.0,5.0,5.0,6.0,9.0,1,2.0,3,2,1,4.857142857142857,2,5.0,2,1,4.666666666666667,1,1,0,2,2,1,1,2,2,2,0,1,2,1,0,1,1,2
50713,50713,Hungría,1.0,4.0,2.0,5.0,3.0,0.0,0.0,0.0,3.0,0.0,3.0,0.0,0.0,0.0,6.0,1.0,1.0,3.0,5.0,2,1.0,7,1,0,1.7142857142857142,0,0.0,0,1,2.333333333333333,0,0,1,0,0,1,0,0,2,0,0,0,0,1,0,0,1,0
55790,55790,Eslovaquia,4.0,4.0,6.0,6.0,3.0,5.0,6.0,6.0,9.0,7.0,5.0,6.0,5.0,7.0,6.0,7.0,6.0,8.0,5.0,2,1.0,8,1,1,6.428571428571429,3,5.666666666666667,2,1,4.666666666666667,1,0,1,2,1,2,3,0,2,0,2,2,0,2,2,1,0,1
54959,54959,Eslovaquia,5.0,1.0,3.0,8.0,4.0,3.0,5.0,3.0,3.0,5.0,4.0,0.0,4.0,0.0,7.0,5.0,8.0,3.0,1.0,2,1.0,8,0,0,3.2857142857142856,1,3.6666666666666665,1,2,3.0,1,2,0,2,2,3,0,0,0,0,1,1,2,2,1,1,0,1
46508,46508,Hungría,4.0,6.0,6.0,9.0,3.0,5.0,1.0,1.0,3.0,1.0,3.0,1.0,1.0,1.0,6.0,2.0,4.0,10.0,4.0,2,1.0,7,1,2,2.2857142857142856,1,2.333333333333333,1,1,5.333333333333333,2,2,1,0,0,3,0,1,0,1,2,0,0,1,0,1,1,0
2119,2119,Bélgica,9.0,6.0,5.0,7.0,3.0,7.0,6.0,7.0,5.0,7.0,7.0,5.0,6.0,5.0,4.0,5.0,4.0,8.0,7.0,0,1.0,0,2,1,5.571428571428571,2,6.666666666666667,3,1,6.666666666666667,2,2,1,2,3,3,1,2,0,2,1,2,2,2,2,1,1,2
1798,1798,Bélgica,5.0,3.0,6.0,6.0,2.0,7.0,6.0,7.0,7.0,6.0,5.0,7.0,8.0,5.0,8.0,6.0,6.0,7.0,8.0,0,2.0,0,2,1,6.571428571428571,3,6.666666666666667,3,1,4.666666666666667,1,1,0,2,3,1,3,2,2,0,2,2,2,2,1,1,1,2
1991,1991,Bélgica,5.0,3.0,5.0,7.0,3.0,10.0,4.0,2.0,8.0,8.0,8.0,5.0,6.0,5.0,8.0,8.0,5.0,8.0,5.0,0,2.0,0,1,1,6.857142857142857,3,5.333333333333333,2,1,4.333333333333333,1,2,1,0,1,3,3,1,2,2,2,1,0,2,2,1,1,0
1185,1185,Bélgica,10.0,8.0,8.0,7.0,3.0,9.0,4.0,0.0,6.0,6.0,6.0,0.0,2.0,0.0,9.0,2.0,4.0,8.0,6.0,0,1.0,0,1,1,4.142857142857143,2,4.333333333333333,2,1,8.666666666666666,3,2,1,2,2,3,1,2,2,2,2,1,0,2,1,1,0,0
34333,34333,Portugal,5.0,0.0,0.0,5.0,2.0,5.0,3.0,4.0,5.0,3.0,5.0,1.0,6.0,1.0,8.0,7.0,5.0,10.0,8.0,1,2.0,5,2,2,4.142857142857143,2,4.0,2,1,1.6666666666666667,0,0,0,0,2,2,2,0,0,0,0,0,0,0,0,1,1,1
3628,3628,Bélgica,8.0,1.0,5.0,7.0,1.0,5.0,6.0,2.0,5.0,4.0,7.0,7.0,5.0,7.0,9.0,2.0,3.0,7.0,7.0,0,1.0,0,2,1,6.285714285714286,3,4.333333333333333,2,0,4.666666666666667,1,2,1,0,2,3,3,2,0,1,2,2,2,1,0,1,1,2
60671,60671,Eslovaquia,3.0,5.0,3.0,3.0,3.0,3.0,5.0,2.0,3.0,5.0,7.0,1.0,1.0,1.0,5.0,2.0,4.0,8.0,9.0,2,2.0,8,2,1,3.2857142857142856,1,3.333333333333333,1,1,3.6666666666666665,1,0,0,2,0,0,0,0,1,0,0,1,0,1,1,1,1,0
6502,6502,Bélgica,7.0,5.0,6.0,8.0,2.0,7.0,6.0,8.0,7.0,7.0,9.0,8.0,8.0,8.0,8.0,3.0,5.0,7.0,8.0,0,1.0,0,2,1,7.857142857142857,3,7.0,3,1,6.0,2,2,0,2,3,3,3,0,1,0,1,2,2,2,2,0,0,2
31131,31131,Italia,7.0,7.0,8.0,3.0,2.0,3.0,4.0,3.0,6.0,7.0,7.0,4.0,4.0,4.0,7.0,6.0,6.0,8.0,2.0,1,2.0,4,0,1,5.571428571428571,2,3.333333333333333,1,1,7.333333333333333,2,0,1,0,0,0,2,2,2,2,2,1,0,2,2,1,1,0
50397,50397,Hungría,7.0,5.0,7.0,1.0,2.0,7.0,5.0,6.0,5.0,5.0,5.0,5.0,6.0,0.0,5.0,3.0,3.0,7.0,6.0,2,1.0,7,1,1,4.428571428571429,2,6.0,3,1,6.333333333333333,2,0,1,1,3,0,1,0,2,2,2,1,2,2,1,1,1,1
12177,12177,Alemania,5.0,1.0,3.0,5.0,2.0,5.0,5.0,0.0,0.0,5.0,9.0,0.0,1.0,0.0,5.0,0.0,0.0,8.0,0.0,0,1.0,1,0,1,2.857142857142857,1,3.333333333333333,1,1,3.0,1,0,1,2,0,2,0,2,0,0,2,1,0,0,1,0,0,0
22271,22271,España,0.0,0.0,5.0,5.0,3.0,10.0,5.0,5.0,5.0,10.0,10.0,0.0,0.0,0.0,5.0,5.0,0.0,5.0,7.0,1,2.0,3,2,0,4.285714285714286,2,6.666666666666667,3,1,1.6666666666666667,0,0,1,2,3,2,2,0,0,0,2,1,2,0,2,0,1,0
32686,32686,Italia,0.0,2.0,0.0,7.0,4.0,5.0,4.0,3.0,2.0,6.0,7.0,2.0,1.0,1.0,7.0,6.0,1.0,8.0,5.0,1,1.0,4,1,1,3.7142857142857135,1,4.0,2,2,0.6666666666666666,0,2,1,0,1,3,0,0,0,0,1,1,0,0,1,1,1,0
25605,25605,España,7.0,5.0,5.0,7.0,4.0,6.0,7.0,5.0,5.0,4.0,5.0,5.0,5.0,0.0,5.0,1.0,1.0,9.0,6.0,1,3.0,3,1,2,4.142857142857143,2,6.0,3,2,5.666666666666667,2,2,1,0,3,3,1,2,1,0,2,2,1,0,0,1,1,1
49435,49435,Hungría,4.0,6.0,3.0,5.0,4.0,3.0,3.0,2.0,3.0,2.0,4.0,0.0,1.0,0.0,7.0,5.0,5.0,7.0,0.0,2,1.0,7,0,1,2.4285714285714284,1,2.6666666666666665,1,2,4.333333333333333,1,2,1,0,0,1,0,2,1,2,2,0,2,2,0,1,0,0
44992,44992,Hungría,5.0,5.0,7.0,5.0,3.0,5.0,5.0,5.0,8.0,0.0,1.0,2.0,2.0,3.0,8.0,0.0,5.0,3.0,5.0,2,2.0,7,1,0,3.4285714285714284,1,5.0,2,1,5.666666666666667,2,2,1,0,1,1,0,0,2,0,0,1,2,2,0,1,1,0
40973,40973,Croacia,4.0,8.0,7.0,5.0,4.0,7.0,5.0,4.0,7.0,2.0,8.0,2.0,4.0,3.0,5.0,4.0,9.0,9.0,9.0,1,1.0,6,2,2,4.428571428571429,2,5.333333333333333,2,2,6.333333333333333,2,2,0,0,2,1,1,0,2,1,0,1,2,2,0,1,1,1
37272,37272,Portugal,6.0,4.0,4.0,8.0,2.0,3.0,5.0,4.0,3.0,1.0,6.0,1.0,4.0,1.0,5.0,7.0,5.0,6.0,5.0,1,2.0,5,1,1,3.0,1,4.0,2,1,4.666666666666667,1,2,1,0,1,3,0,0,0,1,0,1,0,0,0,1,1,1
30638,30638,Italia,7.0,5.0,8.0,6.0,3.0,7.0,7.0,7.0,8.0,7.0,9.0,5.0,7.0,5.0,6.0,7.0,7.0,8.0,7.0,1,1.0,4,2,1,6.714285714285714,3,7.0,3,1,6.666666666666667,2,2,1,2,3,2,3,2,1,2,0,2,2,2,2,0,1,2
57646,57646,Eslovaquia,3.0,4.0,2.0,5.0,3.0,4.0,4.0,4.0,0.0,0.0,0.0,0.0,0.0,0.0,8.0,2.0,2.0,8.0,8.0,2,1.0,8,2,1,1.1428571428571428,0,4.0,2,1,3.0,1,1,0,0,2,1,0,0,0,0,2,1,0,0,0,0,1,0
15148,15148,Países Bajos,5.0,4.0,3.0,5.0,3.0,3.0,6.0,3.0,3.0,3.0,4.0,1.0,0.0,2.0,9.0,7.0,5.0,8.0,0.0,0,1.0,2,0,1,3.142857142857143,1,4.0,2,1,4.0,1,0,0,0,2,2,0,0,2,2,0,2,1,0,0,0,0,0
61107,61107,Eslovaquia,9.0,5.0,8.0,9.0,4.0,7.0,7.0,7.0,4.0,4.0,4.0,4.0,3.0,3.0,4.0,1.0,5.0,5.0,7.0,2,1.0,8,2,0,3.7142857142857135,1,7.0,3,2,7.333333333333333,2,2,1,2,3,3,0,2,0,2,2,2,2,2,0,1,1,0
29386,29386,Italia,0.0,0.0,0.0,0.0,4.0,0.0,0.0,0.0,0.0,2.0,4.0,0.0,0.0,0.0,10.0,0.0,0.0,4.0,2.0,1,2.0,4,0,0,2.2857142857142856,1,0.0,0,2,0.0,0,0,1,0,0,0,0,0,0,0,0,0,0,0,0,1,1,0
29168,29168,Italia,4.0,4.0,5.0,7.0,4.0,3.0,4.0,3.0,7.0,6.0,6.0,3.0,4.0,1.0,5.0,0.0,1.0,8.0,2.0,1,2.0,4,0,1,4.571428571428571,2,3.333333333333333,1,2,4.333333333333333,1,2,1,0,0,3,1,2,0,2,0,1,2,2,1,1,1,2
55535,55535,Eslovaquia,6.0,3.0,4.0,5.0,3.0,5.0,8.0,6.0,4.0,3.0,8.0,7.0,2.0,6.0,8.0,7.0,4.0,4.0,6.0,2,1.0,8,1,0,5.428571428571429,2,6.333333333333333,3,1,4.333333333333333,1,2,1,2,3,2,2,2,0,2,2,2,0,1,0,1,0,0
19202,19202,Países Bajos,6.0,6.0,4.0,4.0,2.0,6.0,6.0,7.0,6.0,5.0,8.0,6.0,7.0,7.0,7.0,5.0,7.0,8.0,0.0,0,3.0,2,0,1,6.571428571428571,3,6.333333333333333,3,1,5.333333333333333,2,1,1,2,3,1,3,0,1,2,0,2,2,2,1,1,0,2
16811,16811,Países Bajos,8.0,6.0,5.0,5.0,2.0,7.0,6.0,7.0,9.0,9.0,10.0,10.0,8.0,8.0,8.0,5.0,6.0,7.0,0.0,0,2.0,2,0,1,8.857142857142858,4,6.666666666666667,3,1,6.333333333333333,2,1,1,2,3,2,3,2,0,0,0,2,2,2,2,0,0,2
29064,29064,Italia,5.0,3.0,3.0,3.0,1.0,5.0,5.0,3.0,5.0,7.0,7.0,4.0,5.0,4.0,5.0,0.0,6.0,7.0,0.0,1,2.0,4,0,1,5.285714285714286,2,4.333333333333333,2,0,3.6666666666666665,1,0,1,2,2,0,2,2,2,0,1,1,0,0,2,1,1,0
41936,41936,Croacia,0.0,0.0,0.0,10.0,4.0,5.0,1.0,2.0,0.0,0.0,0.0,0.0,0.0,0.0,7.0,1.0,3.0,5.0,5.0,1,2.0,6,1,0,1.0,0,2.6666666666666665,1,2,0.0,0,2,1,0,0,3,0,0,0,0,0,0,2,0,0,1,1,0
60669,60669,Eslovaquia,1.0,2.0,1.0,8.0,3.0,3.0,3.0,4.0,2.0,2.0,2.0,2.0,2.0,3.0,2.0,1.0,2.0,7.0,5.0,2,2.0,8,1,1,2.142857142857143,1,3.333333333333333,1,1,1.3333333333333333,0,2,1,0,0,3,0,0,0,0,1,0,2,0,0,1,1,0
30874,30874,Italia,5.0,4.0,3.0,5.0,4.0,5.0,5.0,4.0,5.0,4.0,5.0,4.0,3.0,4.0,2.0,4.0,2.0,6.0,6.0,1,1.0,4,1,1,3.857142857142857,1,4.666666666666667,2,2,4.0,1,2,1,2,1,2,0,1,0,1,2,1,2,2,0,1,1,2
40190,40190,Portugal,5.0,4.0,4.0,4.0,1.0,7.0,3.0,3.0,3.0,3.0,7.0,5.0,5.0,0.0,5.0,3.0,6.0,4.0,6.0,1,2.0,5,1,0,4.0,2,4.333333333333333,2,0,4.333333333333333,1,2,1,2,2,1,1,0,2,1,0,0,0,2,0,1,1,0
47894,47894,Hungría,5.0,7.0,5.0,10.0,2.0,10.0,6.0,7.0,0.0,6.0,4.0,4.0,9.0,5.0,5.0,5.0,5.0,4.0,6.0,2,1.0,7,1,0,4.714285714285714,2,7.666666666666667,3,1,5.666666666666667,2,2,1,2,3,3,2,2,2,2,2,2,2,0,1,1,1,2
56614,56614,Eslovaquia,7.0,6.0,6.0,5.0,2.0,0.0,3.0,7.0,5.0,0.0,4.0,4.0,5.0,3.0,3.0,5.0,5.0,6.0,6.0,2,2.0,8,1,1,3.4285714285714284,1,3.333333333333333,1,1,6.333333333333333,2,2,1,2,0,1,0,1,0,0,0,0,2,0,0,0,1,2
2205,2205,Bélgica,7.0,7.0,5.0,4.0,2.0,9.0,3.0,6.0,8.0,7.0,7.0,3.0,6.0,5.0,4.0,7.0,7.0,8.0,0.0,0,1.0,0,0,1,5.714285714285714,2,6.0,3,1,6.333333333333333,2,0,1,0,3,1,2,1,2,2,2,0,2,2,2,1,1,2
9074,9074,Alemania,6.0,1.0,5.0,3.0,2.0,5.0,7.0,6.0,6.0,6.0,5.0,2.0,6.0,2.0,7.0,7.0,5.0,8.0,3.0,0,1.0,1,0,1,4.857142857142857,2,6.0,3,1,4.0,1,0,1,1,3,0,2,2,0,2,2,2,1,0,1,1,1,2
49465,49465,Hungría,3.0,3.0,2.0,7.0,3.0,1.0,2.0,2.0,5.0,2.0,3.0,1.0,2.0,0.0,9.0,2.0,3.0,4.0,5.0,2,3.0,7,1,0,3.142857142857143,1,1.6666666666666667,0,1,2.6666666666666665,1,2,1,0,0,3,0,0,2,0,0,0,2,1,0,1,0,0
30126,30126,Italia,8.0,8.0,8.0,8.0,4.0,9.0,6.0,5.0,9.0,10.0,10.0,5.0,7.0,6.0,8.0,6.0,2.0,9.0,7.0,1,2.0,4,2,2,7.857142857142857,3,6.666666666666667,3,2,8.0,3,2,1,2,3,3,3,2,2,2,2,2,2,2,2,0,1,2
45353,45353,Hungría,5.0,7.0,4.0,6.0,3.0,8.0,6.0,6.0,0.0,8.0,10.0,6.0,4.0,4.0,7.0,0.0,3.0,3.0,4.0,2,2.0,7,1,0,5.571428571428571,2,6.666666666666667,3,1,5.333333333333333,2,2,1,2,3,1,2,2,2,2,2,2,0,0,2,1,0,0
1086,1086,Bélgica,9.0,8.0,7.0,7.0,2.0,8.0,5.0,5.0,7.0,9.0,10.0,5.0,8.0,6.0,9.0,7.0,7.0,7.0,0.0,0,4.0,0,0,1,7.714285714285714,3,6.0,3,1,8.0,3,2,1,2,3,3,3,2,2,2,2,1,2,2,2,0,1,2
34255,34255,Portugal,5.0,5.0,5.0,5.0,3.0,4.0,4.0,4.0,5.0,5.0,6.0,5.0,5.0,3.0,8.0,6.0,5.0,7.0,3.0,1,3.0,5,0,1,5.285714285714286,2,4.0,2,1,5.0,2,1,1,2,2,1,1,1,0,0,0,1,2,0,1,1,1,2
38804,38804,Portugal,0.0,0.0,0.0,10.0,4.0,0.0,1.0,3.0,0.0,0.0,2.0,0.0,0.0,0.0,8.0,0.0,0.0,5.0,7.0,1,2.0,5,2,0,1.4285714285714286,0,1.3333333333333333,0,2,0.0,0,2,1,0,0,3,0,0,0,0,0,0,2,0,0,1,1,0
6469,6469,Bélgica,6.0,5.0,3.0,8.0,3.0,4.0,2.0,2.0,4.0,2.0,4.0,2.0,3.0,2.0,9.0,2.0,5.0,7.0,6.0,0,4.0,0,1,1,3.7142857142857135,1,2.6666666666666665,1,1,4.666666666666667,1,2,1,0,0,3,0,0,0,0,0,0,0,0,0,1,1,2
18276,18276,Países Bajos,5.0,2.0,0.0,5.0,1.0,0.0,0.0,0.0,0.0,2.0,4.0,1.0,0.0,0.0,9.0,0.0,3.0,9.0,0.0,0,2.0,2,0,2,2.2857142857142856,1,0.0,0,0,2.333333333333333,0,0,1,0,0,2,0,0,0,0,0,0,0,0,0,1,1,0
60465,60465,Eslovaquia,5.0,5.0,5.0,3.0,2.0,5.0,5.0,5.0,6.0,5.0,9.0,5.0,5.0,5.0,10.0,5.0,7.0,6.0,7.0,2,1.0,8,2,1,6.428571428571429,3,5.0,2,1,5.0,2,0,1,0,1,0,3,1,0,1,2,1,2,2,1,0,1,2
18136,18136,Países Bajos,6.0,5.0,6.0,4.0,3.0,5.0,7.0,3.0,4.0,6.0,6.0,5.0,6.0,4.0,7.0,5.0,5.0,7.0,4.0,0,4.0,2,1,1,5.428571428571429,2,5.0,2,1,5.666666666666667,2,1,1,1,1,1,2,2,0,2,0,2,0,2,1,1,1,0
51495,51495,Hungría,5.0,5.0,4.0,5.0,3.0,4.0,4.0,4.0,7.0,5.0,4.0,4.0,4.0,4.0,8.0,1.0,2.0,2.0,7.0,2,1.0,7,2,0,5.142857142857143,2,4.0,2,1,4.666666666666667,1,2,1,0,2,1,1,2,1,0,2,1,2,2,1,1,1,0
14180,14180,Países Bajos,7.0,5.0,7.0,2.0,2.0,6.0,7.0,6.0,6.0,8.0,7.0,6.0,7.0,6.0,10.0,6.0,6.0,8.0,10.0,0,3.0,2,2,1,7.142857142857143,3,6.333333333333333,3,1,6.333333333333333,2,0,1,2,3,0,3,0,0,2,0,2,0,0,2,1,0,2
29742,29742,Italia,4.0,4.0,4.0,3.0,3.0,3.0,4.0,3.0,5.0,5.0,8.0,2.0,2.0,2.0,9.0,6.0,6.0,8.0,8.0,1,1.0,4,2,1,4.714285714285714,2,3.333333333333333,1,1,4.0,1,0,0,2,0,0,2,2,0,0,2,1,2,2,1,1,1,0
48249,48249,Hungría,0.0,0.0,1.0,5.0,4.0,0.0,0.0,0.0,1.0,9.0,10.0,0.0,1.0,0.0,1.0,0.0,0.0,8.0,0.0,2,3.0,7,0,1,3.142857142857143,1,0.0,0,2,0.3333333333333333,0,2,1,0,0,2,0,0,0,0,0,0,0,0,2,1,1,0
11668,11668,Alemania,6.0,4.0,3.0,6.0,1.0,3.0,9.0,7.0,1.0,3.0,6.0,2.0,3.0,3.0,9.0,7.0,5.0,8.0,7.0,0,2.0,1,2,1,3.857142857142857,1,6.333333333333333,3,0,4.333333333333333,1,0,1,2,3,2,0,1,0,2,1,2,2,0,0,1,1,0
17826,17826,Países Bajos,8.0,7.0,8.0,7.0,2.0,9.0,4.0,6.0,7.0,8.0,8.0,7.0,8.0,7.0,7.0,8.0,6.0,8.0,6.0,0,2.0,2,1,1,7.428571428571429,3,6.333333333333333,3,1,7.666666666666667,3,2,1,2,3,3,3,2,2,2,2,1,0,2,2,1,0,2
29405,29405,Italia,4.0,4.0,6.0,5.0,2.0,4.0,4.0,4.0,1.0,1.0,2.0,2.0,1.0,2.0,6.0,4.0,4.0,4.0,2.0,1,1.0,4,0,0,2.142857142857143,1,4.0,2,1,4.666666666666667,1,1,1,2,2,2,0,0,0,1,2,1,0,0,0,1,1,0
3764,3764,Bélgica,6.0,7.0,7.0,6.0,2.0,3.0,5.0,6.0,3.0,3.0,3.0,5.0,5.0,5.0,6.0,8.0,8.0,7.0,6.0,0,3.0,0,1,1,4.285714285714286,2,4.666666666666667,2,1,6.666666666666667,2,2,1,2,1,1,2,2,2,0,0,1,2,1,0,1,1,2
53305,53305,Hungría,5.0,9.0,5.0,5.0,2.0,3.0,1.0,3.0,3.0,5.0,1.0,1.0,1.0,1.0,5.0,3.0,3.0,6.0,7.0,2,3.0,7,2,1,2.4285714285714284,1,2.333333333333333,1,1,6.333333333333333,2,1,1,0,0,2,0,2,2,1,1,0,2,2,1,0,1,0
28782,28782,Italia,5.0,5.0,7.0,8.0,2.0,8.0,7.0,7.0,8.0,6.0,8.0,6.0,7.0,6.0,6.0,5.0,1.0,8.0,8.0,1,2.0,4,2,1,6.714285714285714,3,7.333333333333333,3,1,5.666666666666667,2,2,0,2,3,3,3,0,2,0,2,2,2,2,1,1,0,2
59226,59226,Eslovaquia,7.0,6.0,7.0,3.0,2.0,1.0,5.0,2.0,1.0,1.0,2.0,1.0,1.0,1.0,7.0,3.0,3.0,7.0,8.0,2,1.0,8,2,1,2.0,1,2.6666666666666665,1,1,6.666666666666667,2,0,1,0,0,0,0,1,2,2,0,1,2,0,0,0,1,0
26360,26360,España,6.0,4.0,6.0,4.0,1.0,6.0,6.0,6.0,5.0,6.0,5.0,4.0,6.0,4.0,7.0,10.0,8.0,9.0,0.0,1,3.0,3,0,2,5.285714285714286,2,6.0,3,0,5.333333333333333,2,2,1,0,3,2,2,0,0,2,0,2,2,1,1,1,1,0
15075,15075,Países Bajos,5.0,6.0,7.0,6.0,2.0,7.0,6.0,8.0,3.0,6.0,3.0,3.0,3.0,3.0,7.0,3.0,4.0,7.0,0.0,0,2.0,2,0,1,4.0,2,7.0,3,1,6.0,2,2,0,2,3,2,2,2,2,0,0,2,2,1,1,1,1,2
20247,20247,Países Bajos,6.0,4.0,5.0,2.0,2.0,5.0,4.0,5.0,5.0,4.0,3.0,3.0,4.0,6.0,7.0,2.0,5.0,9.0,5.0,0,3.0,2,1,2,4.571428571428571,2,4.666666666666667,2,1,5.0,2,0,1,2,2,0,1,0,2,2,0,1,0,2,0,1,1,0
61780,61780,Eslovaquia,4.0,4.0,4.0,5.0,2.0,6.0,5.0,4.0,5.0,5.0,4.0,5.0,5.0,5.0,4.0,4.0,5.0,5.0,5.0,2,1.0,8,1,0,4.714285714285714,2,5.0,2,1,4.0,1,0,1,1,2,2,2,0,1,2,0,1,2,2,1,1,1,0
45435,45435,Hungría,4.0,5.0,6.0,8.0,4.0,6.0,3.0,2.0,0.0,2.0,3.0,1.0,2.0,0.0,8.0,2.0,4.0,8.0,4.0,2,1.0,7,1,1,2.2857142857142856,1,3.6666666666666665,1,2,5.0,2,2,1,2,1,3,0,2,2,2,0,0,0,0,0,1,1,0
53511,53511,Eslovaquia,0.0,0.0,0.0,5.0,4.0,0.0,0.0,0.0,1.0,0.0,2.0,0.0,0.0,0.0,0.0,2.0,2.0,4.0,8.0,2,2.0,8,2,0,0.4285714285714285,0,0.0,0,2,0.0,0,1,0,0,0,2,0,0,0,0,0,0,0,0,0,1,0,0
9889,9889,Alemania,7.0,5.0,7.0,7.0,2.0,7.0,8.0,4.0,4.0,8.0,7.0,7.0,9.0,5.0,8.0,5.0,7.0,8.0,1.0,0,2.0,1,0,1,6.857142857142857,3,6.333333333333333,3,1,6.333333333333333,2,2,1,2,3,3,3,0,2,1,1,2,0,0,2,1,0,2
55355,55355,Eslovaquia,5.0,5.0,5.0,9.0,2.0,5.0,8.0,2.0,5.0,5.0,5.0,5.0,5.0,5.0,5.0,5.0,5.0,5.0,0.0,2,3.0,8,0,0,5.0,2,5.0,2,1,5.0,2,2,1,2,1,3,1,0,0,0,0,2,0,1,1,1,1,2
28330,28330,Italia,5.0,10.0,5.0,5.0,3.0,5.0,5.0,2.0,1.0,5.0,5.0,5.0,5.0,5.0,5.0,5.0,5.0,5.0,5.0,1,2.0,4,1,0,4.428571428571429,2,4.0,2,1,6.666666666666667,2,0,1,2,2,1,2,2,2,2,0,1,0,0,1,1,1,0
52091,52091,Hungría,7.0,7.0,6.0,5.0,2.0,7.0,3.0,7.0,4.0,9.0,10.0,7.0,9.0,0.0,9.0,3.0,4.0,6.0,8.0,2,1.0,7,2,1,6.857142857142857,3,5.666666666666667,2,1,6.666666666666667,2,2,0,0,1,2,3,2,2,1,2,0,2,2,2,0,0,2
7906,7906,Alemania,8.0,8.0,7.0,4.0,3.0,7.0,3.0,3.0,6.0,8.0,7.0,5.0,6.0,6.0,8.0,8.0,8.0,9.0,3.0,0,2.0,1,0,2,6.571428571428571,3,4.333333333333333,2,1,7.666666666666667,3,1,1,0,1,1,3,2,2,0,2,0,2,2,2,1,1,2
44728,44728,Hungría,4.0,4.0,3.0,4.0,3.0,2.0,2.0,2.0,6.0,5.0,4.0,4.0,2.0,4.0,10.0,4.0,4.0,4.0,2.0,2,1.0,7,0,0,5.0,2,2.0,1,1,3.6666666666666665,1,2,1,0,0,1,1,1,2,0,0,0,2,1,1,1,1,0
28876,28876,Italia,2.0,2.0,2.0,4.0,4.0,5.0,7.0,6.0,6.0,7.0,7.0,5.0,6.0,5.0,8.0,5.0,6.0,8.0,5.0,1,1.0,4,1,1,6.285714285714286,3,6.0,3,2,2.0,0,2,1,1,3,2,3,0,0,0,2,2,2,2,2,1,1,2
3304,3304,Bélgica,6.0,2.0,5.0,7.0,2.0,0.0,9.0,4.0,5.0,6.0,6.0,4.0,7.0,4.0,8.0,8.0,6.0,7.0,0.0,0,2.0,0,0,1,5.714285714285714,2,4.333333333333333,2,1,4.333333333333333,1,2,1,0,2,3,2,2,0,1,0,2,2,0,1,1,1,2
9161,9161,Alemania,5.0,3.0,4.0,6.0,1.0,4.0,8.0,6.0,4.0,4.0,6.0,5.0,7.0,5.0,5.0,4.0,3.0,9.0,7.0,0,2.0,1,2,2,5.142857142857143,2,6.0,3,0,4.0,1,2,1,0,3,1,2,1,0,0,1,2,1,0,0,1,1,2
49410,49410,Hungría,7.0,2.0,3.0,5.0,3.0,6.0,4.0,4.0,5.0,4.0,7.0,1.0,1.0,0.0,3.0,3.0,1.0,4.0,5.0,2,1.0,7,1,0,3.0,1,4.666666666666667,2,1,4.0,1,2,1,2,1,2,0,2,0,1,2,1,2,0,0,1,1,0
7464,7464,Alemania,5.0,5.0,6.0,6.0,2.0,5.0,3.0,3.0,5.0,6.0,7.0,4.0,4.0,5.0,8.0,4.0,3.0,7.0,5.0,0,1.0,1,1,1,5.571428571428571,2,3.6666666666666665,1,1,5.333333333333333,2,0,1,0,1,2,1,1,2,2,1,0,1,1,1,1,1,0
41639,41639,Croacia,5.0,8.0,4.0,3.0,4.0,3.0,3.0,3.0,2.0,0.0,9.0,1.0,0.0,2.0,0.0,3.0,3.0,9.0,3.0,1,2.0,6,0,2,2.0,1,3.0,1,2,5.666666666666667,2,0,1,1,0,0,0,1,2,2,2,0,0,0,0,0,1,0
47603,47603,Hungría,0.0,0.0,0.0,5.0,4.0,0.0,4.0,1.0,7.0,6.0,4.0,4.0,5.0,3.0,10.0,6.0,0.0,9.0,9.0,2,2.0,7,2,2,5.571428571428571,2,1.6666666666666667,0,2,0.0,0,2,0,0,0,1,1,0,0,0,0,1,0,2,1,1,1,2
37480,37480,Portugal,8.0,5.0,6.0,5.0,3.0,3.0,4.0,3.0,7.0,5.0,3.0,3.0,0.0,4.0,7.0,8.0,10.0,10.0,0.0,1,2.0,5,0,2,4.142857142857143,2,3.333333333333333,1,1,6.333333333333333,2,0,1,1,0,1,2,2,2,2,2,1,2,2,1,1,1,0
12811,12811,Alemania,4.0,4.0,3.0,5.0,3.0,3.0,2.0,3.0,4.0,3.0,5.0,2.0,3.0,2.0,8.0,2.0,5.0,7.0,0.0,0,2.0,1,0,1,3.857142857142857,1,2.6666666666666665,1,1,3.6666666666666665,1,1,1,0,0,1,0,2,1,2,2,0,2,0,0,1,1,2
55524,55524,Eslovaquia,5.0,4.0,4.0,3.0,3.0,4.0,7.0,8.0,4.0,3.0,4.0,3.0,6.0,4.0,7.0,3.0,4.0,4.0,7.0,2,3.0,8,2,0,4.428571428571429,2,6.333333333333333,3,1,4.333333333333333,1,0,1,2,3,0,2,0,2,0,1,2,2,1,0,1,1,2
32887,32887,Italia,6.0,4.0,7.0,5.0,2.0,5.0,3.0,4.0,8.0,9.0,9.0,6.0,10.0,8.0,6.0,5.0,5.0,8.0,9.0,1,2.0,4,2,1,8.0,4,4.0,2,1,5.666666666666667,2,1,0,1,1,2,3,1,1,0,0,0,2,2,2,0,0,2
35085,35085,Portugal,6.0,1.0,1.0,6.0,3.0,5.0,2.0,2.0,6.0,0.0,7.0,1.0,7.0,1.0,7.0,5.0,6.0,9.0,8.0,1,4.0,5,2,2,4.142857142857143,2,3.0,1,1,2.6666666666666665,1,2,0,0,0,1,2,0,0,0,0,0,0,0,0,1,1,2
11732,11732,Alemania,9.0,6.0,9.0,4.0,1.0,7.0,6.0,3.0,5.0,8.0,9.0,3.0,5.0,4.0,8.0,6.0,6.0,8.0,1.0,0,4.0,1,0,1,6.0,3,5.333333333333333,2,0,8.0,3,0,0,2,2,1,3,2,0,2,2,2,0,0,2,0,1,0
1579,1579,Bélgica,4.0,6.0,3.0,7.0,3.0,3.0,3.0,2.0,5.0,3.0,5.0,4.0,3.0,6.0,8.0,1.0,2.0,8.0,3.0,0,2.0,0,0,1,4.857142857142857,2,2.6666666666666665,1,1,4.333333333333333,1,2,1,0,0,3,2,0,0,1,0,0,0,2,0,1,1,2
25161,25161,España,8.0,6.0,7.0,0.0,2.0,3.0,6.0,4.0,5.0,4.0,5.0,5.0,6.0,5.0,6.0,7.0,7.0,8.0,0.0,1,2.0,3,0,1,5.142857142857143,2,4.333333333333333,2,1,7.0,2,0,1,2,1,0,2,2,2,0,0,2,2,2,0,1,1,0
23361,23361,España,9.0,8.0,8.0,2.0,2.0,8.0,3.0,8.0,8.0,8.0,8.0,8.0,8.0,9.0,10.0,8.0,9.0,10.0,8.0,1,3.0,3,2,2,8.428571428571429,4,6.333333333333333,3,1,8.333333333333334,3,0,0,2,3,0,3,2,2,2,2,0,2,2,2,1,0,2
10276,10276,Alemania,6.0,5.0,2.0,0.0,3.0,9.0,10.0,5.0,5.0,10.0,9.0,3.0,6.0,5.0,7.0,9.0,10.0,10.0,1.0,0,1.0,1,0,2,6.428571428571429,3,8.0,4,1,4.333333333333333,1,0,1,2,3,0,3,2,2,0,2,2,0,0,2,0,1,2
20392,20392,Países Bajos,9.0,4.0,7.0,6.0,3.0,9.0,7.0,7.0,8.0,9.0,9.0,8.0,8.0,8.0,5.0,7.0,4.0,8.0,2.0,0,2.0,2,0,1,7.857142857142857,3,7.666666666666667,3,1,6.666666666666667,2,2,1,2,3,1,3,2,1,0,2,2,2,2,2,0,0,2
40900,40900,Croacia,4.0,3.0,6.0,5.0,2.0,4.0,5.0,4.0,5.0,6.0,7.0,3.0,3.0,3.0,7.0,6.0,7.0,7.0,5.0,1,1.0,6,1,1,4.857142857142857,2,4.333333333333333,2,1,4.333333333333333,1,0,1,1,2,1,2,2,2,1,0,1,2,0,1,1,1,1
57441,57441,Eslovaquia,3.0,3.0,3.0,5.0,3.0,4.0,3.0,4.0,5.0,5.0,4.0,4.0,5.0,5.0,6.0,3.0,5.0,7.0,1.0,2,2.0,8,0,1,4.857142857142857,2,3.6666666666666665,1,1,3.0,1,0,1,2,1,2,1,0,2,2,1,0,1,0,1,0,1,0
57675,57675,Eslovaquia,5.0,5.0,5.0,3.0,3.0,2.0,0.0,1.0,3.0,3.0,4.0,2.0,3.0,3.0,6.0,5.0,8.0,5.0,5.0,2,1.0,8,1,0,3.4285714285714284,1,1.0,0,1,5.0,2,0,1,0,0,0,0,1,0,0,0,0,0,2,0,1,1,0
37396,37396,Portugal,9.0,4.0,7.0,2.0,2.0,3.0,2.0,2.0,2.0,2.0,2.0,0.0,4.0,2.0,8.0,5.0,9.0,8.0,10.0,1,2.0,5,2,1,2.857142857142857,1,2.333333333333333,1,1,6.666666666666667,2,0,1,0,0,0,0,2,1,2,2,0,2,0,0,1,1,0
40696,40696,Croacia,3.0,4.0,3.0,5.0,3.0,3.0,3.0,3.0,5.0,3.0,5.0,3.0,3.0,3.0,5.0,5.0,5.0,5.0,0.0,1,1.0,6,0,0,3.857142857142857,1,3.0,1,1,3.333333333333333,1,2,0,1,0,2,0,0,1,0,2,0,0,2,0,1,1,2
27213,27213,España,4.0,3.0,5.0,5.0,1.0,7.0,7.0,4.0,6.0,8.0,8.0,6.0,8.0,7.0,3.0,8.0,4.0,8.0,5.0,1,2.0,3,1,1,6.571428571428571,3,6.0,3,0,4.0,1,2,1,0,3,2,3,0,0,1,0,2,2,2,2,1,1,2
30291,30291,Italia,4.0,6.0,8.0,5.0,2.0,8.0,6.0,4.0,5.0,8.0,8.0,3.0,3.0,0.0,6.0,8.0,5.0,8.0,10.0,1,1.0,4,2,1,4.714285714285714,2,6.0,3,1,6.0,2,1,0,0,3,1,1,1,1,2,2,2,2,0,2,1,1,0
38264,38264,Portugal,6.0,3.0,6.0,5.0,4.0,0.0,2.0,0.0,2.0,4.0,7.0,2.0,0.0,2.0,9.0,5.0,5.0,9.0,5.0,1,2.0,5,1,2,3.7142857142857135,1,0.6666666666666666,0,2,5.0,2,2,1,0,0,1,0,0,0,1,0,0,0,0,0,1,1,0
4230,4230,Bélgica,7.0,6.0,7.0,6.0,3.0,6.0,4.0,4.0,5.0,5.0,6.0,6.0,6.0,5.0,8.0,6.0,5.0,7.0,6.0,0,1.0,0,1,1,5.857142857142857,2,4.666666666666667,2,1,6.666666666666667,2,1,1,1,1,1,3,1,0,1,1,1,2,0,1,1,0,1
7708,7708,Alemania,4.0,1.0,0.0,6.0,3.0,0.0,3.0,0.0,0.0,1.0,3.0,0.0,0.0,0.0,2.0,5.0,0.0,10.0,0.0,0,2.0,1,0,2,0.8571428571428571,0,1.0,0,1,1.6666666666666667,0,2,1,0,0,1,0,2,0,0,0,0,0,0,0,1,1,0
56721,56721,Eslovaquia,5.0,5.0,5.0,10.0,3.0,6.0,6.0,5.0,5.0,4.0,4.0,5.0,5.0,5.0,5.0,5.0,4.0,5.0,6.0,2,2.0,8,1,0,4.714285714285714,2,5.666666666666667,2,1,5.0,2,2,1,0,2,3,2,2,0,0,1,2,0,2,0,1,1,2
29185,29185,Italia,4.0,3.0,6.0,3.0,3.0,6.0,3.0,0.0,8.0,8.0,8.0,4.0,6.0,0.0,8.0,7.0,5.0,8.0,7.0,1,1.0,4,2,1,6.0,3,3.0,1,1,4.333333333333333,1,0,1,2,0,0,3,1,0,2,1,0,0,2,2,1,1,0
32255,32255,Italia,10.0,6.0,5.0,5.0,2.0,8.0,4.0,5.0,6.0,4.0,7.0,6.0,6.0,5.0,7.0,3.0,2.0,7.0,7.0,1,4.0,4,2,1,5.857142857142857,2,5.666666666666667,2,1,7.0,2,0,1,1,1,1,3,2,0,0,2,1,1,2,0,1,0,2
10926,10926,Alemania,6.0,7.0,7.0,5.0,2.0,8.0,7.0,5.0,5.0,8.0,9.0,6.0,7.0,6.0,8.0,7.0,5.0,9.0,8.0,0,4.0,1,2,2,7.0,3,6.666666666666667,3,1,6.666666666666667,2,2,0,2,3,1,3,2,2,2,2,2,0,1,2,1,0,2
29640,29640,Italia,0.0,0.0,0.0,10.0,2.0,1.0,0.0,1.0,4.0,0.0,5.0,0.0,0.0,0.0,6.0,1.0,1.0,0.0,5.0,1,1.0,4,1,0,2.142857142857143,1,0.6666666666666666,0,1,0.0,0,2,1,0,0,3,0,0,0,0,0,0,0,0,0,1,1,0
6872,6872,Bélgica,7.0,6.0,8.0,5.0,2.0,8.0,7.0,8.0,6.0,3.0,5.0,4.0,6.0,5.0,8.0,5.0,5.0,7.0,6.0,0,3.0,0,1,1,5.285714285714286,2,7.666666666666667,3,1,7.0,2,1,1,2,3,2,1,2,0,2,2,2,2,1,0,1,1,2
9601,9601,Alemania,5.0,5.0,3.0,5.0,3.0,3.0,8.0,3.0,3.0,3.0,5.0,3.0,5.0,3.0,8.0,4.0,5.0,8.0,0.0,0,2.0,1,0,1,4.285714285714286,2,4.666666666666667,2,1,4.333333333333333,1,0,1,2,1,1,1,0,2,2,2,2,0,1,0,1,1,2
11405,11405,Alemania,5.0,8.0,7.0,5.0,2.0,4.0,2.0,0.0,3.0,3.0,5.0,4.0,3.0,5.0,7.0,4.0,4.0,7.0,6.0,0,2.0,1,1,1,4.285714285714286,2,2.0,1,1,6.666666666666667,2,0,1,0,0,1,1,1,2,0,1,0,0,2,0,1,1,0
38415,38415,Portugal,4.0,4.0,6.0,5.0,4.0,3.0,4.0,3.0,4.0,4.0,3.0,3.0,3.0,4.0,7.0,5.0,5.0,7.0,4.0,1,1.0,5,1,1,4.0,2,3.333333333333333,1,2,4.666666666666667,1,2,1,0,0,1,1,2,0,2,0,1,2,2,0,1,1,1
15489,15489,Países Bajos,9.0,8.0,8.0,5.0,4.0,6.0,6.0,6.0,5.0,5.0,7.0,5.0,5.0,5.0,8.0,2.0,3.0,9.0,9.0,0,2.0,2,2,2,5.714285714285714,2,6.0,3,2,8.333333333333334,3,0,0,2,3,1,2,2,2,2,2,2,0,1,1,1,1,0
60792,60792,Eslovaquia,3.0,2.0,1.0,4.0,2.0,4.0,6.0,5.0,4.0,5.0,3.0,6.0,3.0,3.0,5.0,4.0,5.0,6.0,5.0,2,1.0,8,1,1,4.142857142857143,2,5.0,2,1,2.0,0,2,1,2,2,2,2,0,0,0,1,2,2,2,1,1,0,1
43399,43399,Croacia,1.0,2.0,2.0,5.0,3.0,5.0,5.0,5.0,1.0,1.0,1.0,2.0,2.0,1.0,0.0,5.0,5.0,9.0,8.0,1,2.0,6,2,2,1.1428571428571428,0,5.0,2,1,1.6666666666666667,0,0,0,1,2,1,0,0,0,0,2,1,0,0,0,1,1,0
52704,52704,Hungría,6.0,4.0,4.0,5.0,4.0,6.0,6.0,6.0,5.0,5.0,5.0,5.0,4.0,6.0,8.0,4.0,5.0,6.0,2.0,2,1.0,7,0,1,5.428571428571429,2,6.0,3,2,4.666666666666667,1,2,1,2,3,1,2,0,2,0,2,2,2,0,1,1,1,0
33408,33408,Italia,2.0,2.0,5.0,4.0,3.0,1.0,4.0,3.0,2.0,1.0,0.0,1.0,2.0,1.0,5.0,7.0,8.0,7.0,6.0,1,2.0,4,1,1,1.7142857142857142,0,2.6666666666666665,1,1,3.0,1,2,1,0,0,1,0,0,0,1,0,1,2,0,0,1,0,0
7981,7981,Alemania,5.0,4.0,6.0,6.0,1.0,9.0,6.0,6.0,2.0,8.0,8.0,1.0,7.0,1.0,8.0,7.0,3.0,3.0,2.0,0,3.0,1,0,0,5.0,2,7.0,3,0,5.0,2,1,1,2,3,1,2,2,2,2,2,2,0,0,2,1,0,2
54767,54767,Eslovaquia,2.0,2.0,1.0,8.0,2.0,8.0,8.0,9.0,6.0,3.0,5.0,3.0,5.0,3.0,0.0,4.0,4.0,3.0,8.0,2,2.0,8,2,0,3.571428571428572,1,8.333333333333334,4,1,1.6666666666666667,0,2,0,2,3,3,0,0,0,0,2,2,2,0,0,1,1,1
48773,48773,Hungría,5.0,5.0,6.0,10.0,1.0,5.0,6.0,5.0,0.0,10.0,10.0,10.0,10.0,10.0,7.0,7.0,5.0,9.0,0.0,2,3.0,7,0,2,8.142857142857142,4,5.333333333333333,2,0,5.333333333333333,2,2,1,0,1,3,3,0,0,0,2,2,0,0,2,0,1,2
39084,39084,Portugal,5.0,4.0,3.0,0.0,2.0,5.0,4.0,4.0,5.0,3.0,5.0,1.0,3.0,1.0,0.0,5.0,5.0,8.0,0.0,1,5.0,5,0,1,2.571428571428572,1,4.333333333333333,2,1,4.0,1,0,0,0,2,0,0,0,0,2,2,1,2,0,0,1,1,1
14333,14333,Países Bajos,7.0,7.0,6.0,8.0,2.0,8.0,6.0,4.0,4.0,7.0,6.0,6.0,5.0,6.0,7.0,5.0,3.0,9.0,6.0,0,4.0,2,1,2,5.857142857142857,2,6.0,3,1,6.666666666666667,2,2,1,2,3,3,3,0,2,0,2,2,2,2,2,1,0,0
8550,8550,Alemania,5.0,4.0,3.0,5.0,3.0,6.0,6.0,5.0,4.0,7.0,9.0,4.0,6.0,4.0,8.0,4.0,4.0,7.0,1.0,0,2.0,1,0,1,6.0,3,5.666666666666667,2,1,4.0,1,0,1,2,1,2,3,2,1,0,0,2,2,1,2,0,1,2
24742,24742,España,5.0,3.0,5.0,0.0,2.0,3.0,2.0,3.0,1.0,2.0,4.0,2.0,5.0,2.0,8.0,2.0,9.0,8.0,0.0,1,2.0,3,0,1,3.4285714285714284,1,2.6666666666666665,1,1,4.333333333333333,1,0,1,0,0,0,0,2,0,2,1,0,2,0,0,1,1,0
59375,59375,Eslovaquia,4.0,6.0,3.0,2.0,2.0,3.0,1.0,9.0,1.0,0.0,8.0,3.0,1.0,4.0,8.0,3.0,2.0,8.0,10.0,2,1.0,8,2,1,3.571428571428572,1,4.333333333333333,2,1,4.333333333333333,1,0,0,2,1,0,0,0,0,0,0,0,2,0,0,1,1,0
16094,16094,Países Bajos,8.0,4.0,7.0,8.0,1.0,6.0,7.0,3.0,3.0,6.0,7.0,6.0,7.0,4.0,7.0,2.0,4.0,8.0,2.0,0,2.0,2,0,1,5.714285714285714,2,5.333333333333333,2,0,6.333333333333333,2,2,1,2,1,3,2,2,2,2,2,2,0,2,1,1,0,2
40054,40054,Portugal,7.0,4.0,5.0,5.0,3.0,3.0,2.0,2.0,5.0,4.0,6.0,0.0,1.0,1.0,7.0,9.0,5.0,8.0,5.0,1,3.0,5,1,1,3.4285714285714284,1,2.333333333333333,1,1,5.333333333333333,2,0,1,0,0,2,0,1,0,2,0,0,1,2,0,1,1,0
30742,30742,Italia,2.0,5.0,0.0,4.0,1.0,7.0,6.0,6.0,6.0,6.0,6.0,5.0,5.0,5.0,6.0,10.0,10.0,8.0,0.0,1,2.0,4,0,1,5.571428571428571,2,6.333333333333333,3,0,2.333333333333333,0,2,1,2,3,2,1,0,1,0,1,2,1,0,1,1,1,0
59512,59512,Eslovaquia,1.0,1.0,1.0,10.0,4.0,7.0,7.0,8.0,1.0,8.0,10.0,1.0,2.0,1.0,0.0,1.0,8.0,5.0,10.0,2,2.0,8,2,0,3.2857142857142856,1,7.333333333333333,3,2,1.0,0,2,0,2,3,3,0,0,0,0,0,2,2,0,2,0,0,0
13966,13966,Alemania,8.0,5.0,4.0,5.0,2.0,7.0,5.0,6.0,6.0,9.0,10.0,3.0,7.0,5.0,7.0,7.0,7.0,5.0,3.0,0,2.0,1,0,0,6.714285714285714,3,6.0,3,1,5.666666666666667,2,1,1,2,3,1,3,2,0,1,2,1,0,0,2,0,1,2
58462,58462,Eslovaquia,5.0,0.0,0.0,5.0,3.0,3.0,1.0,0.0,8.0,10.0,10.0,3.0,3.0,3.0,8.0,0.0,7.0,6.0,10.0,2,5.0,8,2,1,6.428571428571429,3,1.3333333333333333,0,1,1.6666666666666667,0,1,0,0,0,2,3,0,0,0,2,0,0,2,2,0,1,0
28270,28270,Italia,10.0,4.0,7.0,4.0,2.0,7.0,4.0,6.0,8.0,9.0,8.0,3.0,4.0,4.0,5.0,10.0,5.0,9.0,0.0,1,1.0,4,0,2,5.857142857142857,2,5.666666666666667,2,1,7.0,2,1,1,0,2,2,3,2,0,1,2,1,1,2,2,1,1,0
30696,30696,Italia,0.0,0.0,0.0,7.0,3.0,5.0,3.0,5.0,3.0,2.0,3.0,0.0,2.0,0.0,6.0,3.0,3.0,8.0,5.0,1,2.0,4,1,1,2.2857142857142856,1,4.333333333333333,2,1,0.0,0,2,1,0,1,3,0,0,0,0,2,0,0,2,0,1,1,0
1732,1732,Bélgica,5.0,2.0,4.0,5.0,2.0,4.0,4.0,3.0,4.0,0.0,8.0,3.0,7.0,3.0,9.0,2.0,1.0,8.0,5.0,0,2.0,0,1,1,4.857142857142857,2,3.6666666666666665,1,1,3.6666666666666665,1,1,1,2,1,1,1,1,0,2,0,1,0,0,0,1,1,2
11063,11063,Alemania,7.0,6.0,6.0,5.0,1.0,6.0,1.0,1.0,5.0,6.0,7.0,1.0,5.0,1.0,7.0,9.0,7.0,5.0,8.0,0,1.0,1,2,0,4.571428571428571,2,2.6666666666666665,1,0,6.333333333333333,2,0,1,0,0,2,2,1,2,0,2,0,0,1,1,1,1,1
4098,4098,Bélgica,4.0,5.0,2.0,6.0,3.0,7.0,7.0,7.0,6.0,5.0,7.0,6.0,5.0,6.0,8.0,6.0,7.0,8.0,3.0,0,2.0,0,0,1,6.142857142857143,3,7.0,3,1,3.6666666666666665,1,0,1,2,3,2,3,1,2,0,1,2,2,2,1,1,0,0
34018,34018,Portugal,5.0,5.0,1.0,7.0,4.0,2.0,2.0,1.0,3.0,2.0,1.0,0.0,3.0,0.0,10.0,9.0,5.0,7.0,3.0,1,3.0,5,0,1,2.7142857142857144,1,1.6666666666666667,0,2,3.6666666666666665,1,2,1,0,0,3,0,0,0,0,0,0,0,0,0,1,1,0
61735,61735,Eslovaquia,4.0,4.0,4.0,6.0,3.0,4.0,4.0,2.0,6.0,4.0,7.0,4.0,5.0,4.0,0.0,5.0,5.0,8.0,5.0,2,2.0,8,1,1,4.285714285714286,2,3.333333333333333,1,1,4.0,1,0,1,0,0,2,2,2,0,2,2,1,0,0,0,1,1,1
25750,25750,España,8.0,5.0,5.0,8.0,4.0,8.0,9.0,8.0,9.0,8.0,10.0,8.0,8.0,8.0,7.0,9.0,9.0,7.0,5.0,1,3.0,3,1,1,8.285714285714286,4,8.333333333333334,4,2,6.0,2,2,1,2,3,3,3,2,0,0,2,2,2,2,2,0,0,2
13699,13699,Alemania,0.0,1.0,0.0,5.0,2.0,4.0,3.0,4.0,2.0,3.0,2.0,0.0,1.0,0.0,8.0,4.0,5.0,5.0,6.0,0,2.0,1,1,0,2.2857142857142856,1,3.6666666666666665,1,1,0.3333333333333333,0,0,1,2,1,1,0,0,0,0,1,0,0,0,0,1,1,0
23956,23956,España,9.0,4.0,8.0,3.0,2.0,4.0,8.0,8.0,8.0,5.0,7.0,7.0,8.0,6.0,9.0,8.0,8.0,8.0,0.0,1,4.0,3,0,1,7.142857142857143,3,6.666666666666667,3,1,7.0,2,0,0,2,3,0,3,2,1,2,1,2,2,2,1,1,0,2
41793,41793,Croacia,6.0,4.0,5.0,1.0,2.0,3.0,4.0,2.0,4.0,3.0,5.0,1.0,2.0,2.0,5.0,6.0,8.0,8.0,2.0,1,1.0,6,0,1,3.142857142857143,1,3.0,1,1,5.0,2,0,1,0,0,0,0,1,2,0,2,1,2,1,0,1,1,0
55303,55303,Eslovaquia,7.0,5.0,3.0,8.0,3.0,6.0,5.0,5.0,8.0,7.0,8.0,5.0,7.0,4.0,0.0,7.0,5.0,10.0,6.0,2,1.0,8,1,2,5.571428571428571,2,5.333333333333333,2,1,5.0,2,2,1,0,2,3,2,0,0,0,1,1,2,2,2,1,1,2
52373,52373,Hungría,6.0,6.0,3.0,9.0,3.0,9.0,6.0,9.0,5.0,7.0,9.0,3.0,4.0,1.0,2.0,0.0,1.0,3.0,10.0,2,1.0,7,2,0,4.428571428571429,2,8.0,4,1,5.0,2,2,0,2,3,3,1,2,2,1,2,2,2,0,2,0,1,2
46336,46336,Hungría,2.0,2.0,2.0,4.0,2.0,7.0,1.0,1.0,3.0,7.0,7.0,2.0,3.0,2.0,3.0,1.0,1.0,2.0,1.0,2,1.0,7,0,0,3.857142857142857,1,3.0,1,1,2.0,0,0,1,2,0,1,0,0,0,0,1,0,0,0,2,1,1,0
13729,13729,Alemania,7.0,3.0,4.0,6.0,2.0,10.0,8.0,8.0,8.0,9.0,8.0,8.0,9.0,9.0,10.0,10.0,6.0,9.0,5.0,0,2.0,1,1,2,8.714285714285714,4,8.666666666666666,4,1,4.666666666666667,1,0,1,2,3,1,3,2,0,2,2,2,2,2,2,1,1,2
12587,12587,Alemania,3.0,5.0,3.0,7.0,2.0,3.0,4.0,3.0,8.0,9.0,9.0,6.0,7.0,3.0,8.0,3.0,5.0,9.0,8.0,0,3.0,1,2,2,7.142857142857143,3,3.333333333333333,1,1,3.6666666666666665,1,2,0,0,0,3,3,0,0,1,2,1,0,2,2,0,0,2
35801,35801,Portugal,3.0,8.0,3.0,5.0,3.0,4.0,4.0,5.0,8.0,0.0,0.0,0.0,0.0,0.0,8.0,7.0,10.0,10.0,10.0,1,1.0,5,2,2,2.2857142857142856,1,4.333333333333333,2,1,4.666666666666667,1,1,0,2,1,2,0,0,2,0,2,1,2,2,0,1,1,0
3563,3563,Bélgica,6.0,7.0,8.0,6.0,2.0,8.0,6.0,8.0,6.0,7.0,8.0,7.0,7.0,6.0,8.0,6.0,6.0,10.0,6.0,0,2.0,0,1,2,7.0,3,7.333333333333333,3,1,7.0,2,0,1,2,3,1,3,2,2,2,2,2,2,0,2,1,0,2
37549,37549,Portugal,5.0,1.0,0.0,7.0,3.0,8.0,5.0,5.0,6.0,8.0,8.0,6.0,5.0,6.0,5.0,6.0,2.0,8.0,7.0,1,2.0,5,2,1,6.285714285714286,3,6.0,3,1,2.0,0,2,1,2,3,3,3,2,0,0,2,1,2,0,2,1,0,2
53565,53565,Eslovaquia,6.0,6.0,5.0,5.0,3.0,6.0,6.0,6.0,7.0,3.0,5.0,5.0,3.0,5.0,2.0,5.0,5.0,7.0,7.0,2,2.0,8,2,1,4.285714285714286,2,6.0,3,1,5.666666666666667,2,0,1,1,3,1,1,1,2,1,1,2,2,2,0,1,1,1
12516,12516,Alemania,7.0,4.0,6.0,7.0,2.0,10.0,8.0,8.0,9.0,8.0,6.0,9.0,8.0,5.0,6.0,7.0,8.0,10.0,5.0,0,2.0,1,1,2,7.285714285714286,3,8.666666666666666,4,1,5.666666666666667,2,2,1,2,3,3,3,0,0,2,2,2,2,2,2,1,0,2
11038,11038,Alemania,7.0,3.0,5.0,0.0,2.0,7.0,3.0,2.0,4.0,5.0,7.0,3.0,4.0,3.0,7.0,5.0,5.0,4.0,3.0,0,2.0,1,0,0,4.714285714285714,2,4.0,2,1,5.0,2,0,1,0,2,0,1,2,1,1,1,0,0,2,1,1,1,0
8732,8732,Alemania,5.0,3.0,2.0,5.0,2.0,8.0,5.0,2.0,0.0,6.0,7.0,2.0,2.0,2.0,8.0,5.0,4.0,9.0,1.0,0,1.0,1,0,2,3.857142857142857,1,5.0,2,1,3.333333333333333,1,2,1,0,2,2,0,2,0,0,2,1,2,0,1,1,1,0
48475,48475,Hungría,3.0,6.0,2.0,5.0,3.0,5.0,5.0,5.0,9.0,0.0,9.0,0.0,0.0,0.0,8.0,4.0,5.0,5.0,5.0,2,2.0,7,1,0,3.7142857142857135,1,5.0,2,1,3.6666666666666665,1,0,1,0,1,2,0,0,1,0,1,1,0,2,0,0,1,0
2533,2533,Bélgica,8.0,5.0,8.0,4.0,2.0,2.0,2.0,4.0,2.0,0.0,2.0,2.0,2.0,2.0,4.0,6.0,6.0,4.0,5.0,0,1.0,0,1,0,2.0,1,2.6666666666666665,1,1,7.0,2,1,1,0,0,2,0,2,2,2,0,0,0,0,0,1,1,0
50828,50828,Hungría,4.0,5.0,4.0,7.0,2.0,0.0,0.0,0.0,6.0,4.0,2.0,3.0,4.0,4.0,10.0,1.0,2.0,6.0,7.0,2,1.0,7,2,1,4.714285714285714,2,0.0,0,1,4.333333333333333,1,2,1,0,0,3,2,2,1,2,0,0,0,0,0,0,1,0
40100,40100,Portugal,7.0,5.0,8.0,4.0,4.0,3.0,1.0,1.0,0.0,3.0,5.0,0.0,0.0,0.0,7.0,6.0,5.0,9.0,0.0,1,4.0,5,0,2,2.142857142857143,1,1.6666666666666667,0,2,6.666666666666667,2,1,1,0,0,1,0,0,2,2,0,0,0,0,0,1,1,0
59555,59555,Eslovaquia,8.0,6.0,5.0,5.0,4.0,8.0,3.0,3.0,5.0,4.0,5.0,3.0,4.0,3.0,1.0,1.0,5.0,7.0,1.0,2,2.0,8,0,1,3.571428571428572,1,4.666666666666667,2,2,6.333333333333333,2,0,1,0,1,1,0,2,0,1,2,0,2,0,0,1,1,2
19562,19562,Países Bajos,4.0,4.0,6.0,8.0,1.0,5.0,7.0,4.0,1.0,5.0,5.0,5.0,4.0,4.0,8.0,0.0,5.0,10.0,6.0,0,3.0,2,1,2,4.571428571428571,2,5.333333333333333,2,0,4.666666666666667,1,2,1,2,2,3,2,2,2,2,0,2,2,0,1,1,1,2
53001,53001,Hungría,3.0,6.0,5.0,9.0,3.0,8.0,6.0,8.0,9.0,4.0,1.0,8.0,8.0,8.0,3.0,5.0,4.0,5.0,6.0,2,1.0,7,1,0,5.857142857142857,2,7.333333333333333,3,1,4.666666666666667,1,2,1,2,3,3,3,0,2,2,2,2,2,2,0,1,1,2
4978,4978,Bélgica,8.0,3.0,9.0,3.0,2.0,3.0,6.0,2.0,4.0,2.0,2.0,2.0,2.0,1.0,1.0,8.0,8.0,7.0,0.0,0,5.0,0,0,1,2.0,1,3.6666666666666665,1,1,6.666666666666667,2,0,1,2,2,0,0,2,0,2,2,2,2,0,0,1,1,0
61275,61275,Eslovaquia,5.0,5.0,5.0,1.0,2.0,4.0,5.0,3.0,4.0,3.0,5.0,4.0,4.0,3.0,5.0,5.0,5.0,5.0,5.0,2,1.0,8,1,0,4.0,2,4.0,2,1,5.0,2,0,1,1,2,0,2,0,0,0,2,1,2,1,0,1,1,2
62545,62545,Eslovaquia,1.0,6.0,0.0,5.0,3.0,2.0,2.0,4.0,1.0,4.0,5.0,2.0,0.0,3.0,9.0,0.0,2.0,7.0,6.0,2,2.0,8,1,1,3.4285714285714284,1,2.6666666666666665,1,1,2.333333333333333,0,2,1,0,0,1,0,0,1,0,0,0,0,0,0,1,1,0
59696,59696,Eslovaquia,5.0,5.0,5.0,2.0,2.0,1.0,3.0,4.0,3.0,0.0,5.0,0.0,1.0,6.0,10.0,2.0,2.0,5.0,8.0,2,1.0,8,2,0,3.571428571428572,1,2.6666666666666665,1,1,5.0,2,0,0,0,0,0,0,0,2,0,0,0,2,2,0,1,1,0
51876,51876,Hungría,3.0,3.0,3.0,6.0,3.0,5.0,4.0,4.0,0.0,4.0,9.0,2.0,2.0,1.0,8.0,2.0,3.0,7.0,0.0,2,2.0,7,0,1,3.7142857142857135,1,4.333333333333333,2,1,3.0,1,1,1,1,2,1,0,0,0,0,2,1,1,0,0,1,1,0
14203,14203,Países Bajos,8.0,6.0,8.0,2.0,1.0,4.0,4.0,2.0,4.0,6.0,6.0,3.0,5.0,3.0,9.0,6.0,6.0,5.0,0.0,0,1.0,2,0,0,5.142857142857143,2,3.333333333333333,1,0,7.333333333333333,2,0,1,1,0,0,2,2,0,2,0,1,0,0,1,1,1,1
11543,11543,Alemania,6.0,5.0,4.0,5.0,3.0,8.0,4.0,5.0,7.0,3.0,7.0,2.0,5.0,4.0,4.0,7.0,5.0,5.0,7.0,0,2.0,1,2,0,4.571428571428571,2,5.666666666666667,2,1,5.0,2,0,1,1,2,1,2,0,0,0,2,1,2,2,0,1,1,1
20792,20792,Países Bajos,6.0,4.0,5.0,3.0,2.0,6.0,3.0,3.0,5.0,5.0,5.0,4.0,4.0,4.0,9.0,6.0,6.0,7.0,3.0,0,3.0,2,0,1,5.142857142857143,2,4.0,2,1,5.0,2,0,1,2,1,0,2,0,0,2,2,0,2,2,1,1,1,2
26863,26863,España,8.0,8.0,8.0,7.0,4.0,7.0,7.0,7.0,8.0,8.0,8.0,8.0,8.0,8.0,8.0,2.0,2.0,10.0,10.0,1,4.0,3,2,2,8.0,4,7.0,3,2,8.0,3,2,0,2,3,3,3,2,2,2,1,2,2,2,2,1,1,2
15806,15806,Países Bajos,10.0,10.0,10.0,3.0,2.0,9.0,6.0,9.0,9.0,10.0,10.0,8.0,10.0,8.0,10.0,8.0,10.0,10.0,8.0,0,3.0,2,2,2,9.285714285714286,4,8.0,4,1,10.0,3,0,0,2,3,0,3,2,2,2,2,2,2,2,2,0,0,2
14083,14083,Países Bajos,7.0,3.0,7.0,4.0,2.0,8.0,5.0,7.0,8.0,4.0,4.0,8.0,6.0,5.0,8.0,7.0,4.0,9.0,7.0,0,3.0,2,2,2,6.142857142857143,3,6.666666666666667,3,1,5.666666666666667,2,2,1,2,3,1,3,2,0,0,2,1,2,2,0,1,0,1
1569,1569,Bélgica,6.0,5.0,6.0,8.0,4.0,5.0,5.0,2.0,2.0,5.0,5.0,2.0,2.0,2.0,8.0,2.0,2.0,7.0,5.0,0,1.0,0,1,1,3.7142857142857135,1,4.0,2,2,5.666666666666667,2,2,1,0,2,3,0,2,0,0,1,1,0,0,1,1,1,0
1099,1099,Bélgica,5.0,5.0,5.0,5.0,4.0,7.0,7.0,5.0,0.0,1.0,5.0,0.0,3.0,1.0,7.0,5.0,7.0,9.0,8.0,0,2.0,0,2,2,2.4285714285714284,1,6.333333333333333,3,2,5.0,2,1,0,2,3,2,0,0,2,0,2,2,2,0,0,1,1,2
43546,43546,Hungría,6.0,5.0,6.0,3.0,4.0,2.0,3.0,1.0,2.0,0.0,1.0,0.0,0.0,0.0,5.0,5.0,2.0,6.0,6.0,2,1.0,7,1,1,1.1428571428571428,0,2.0,1,2,5.666666666666667,2,0,1,0,0,0,0,0,2,2,0,0,0,0,0,1,1,0
48959,48959,Hungría,7.0,7.0,7.0,5.0,3.0,6.0,4.0,5.0,8.0,8.0,9.0,7.0,8.0,6.0,5.0,4.0,5.0,8.0,5.0,2,1.0,7,1,1,7.285714285714286,3,5.0,2,1,7.0,2,2,1,1,1,1,3,2,2,0,2,1,2,2,2,0,0,2
7743,7743,Alemania,4.0,5.0,1.0,5.0,3.0,4.0,1.0,5.0,3.0,3.0,8.0,2.0,3.0,2.0,5.0,3.0,3.0,7.0,2.0,0,2.0,1,0,1,3.7142857142857135,1,3.333333333333333,1,1,3.333333333333333,1,0,1,0,0,1,0,0,0,0,1,0,0,0,0,1,1,1
59225,59225,Eslovaquia,3.0,2.0,2.0,6.0,2.0,6.0,8.0,3.0,4.0,1.0,1.0,2.0,0.0,1.0,10.0,3.0,4.0,5.0,8.0,2,1.0,8,2,0,2.7142857142857144,1,5.666666666666667,2,1,2.333333333333333,0,0,0,0,1,2,0,0,0,0,2,2,2,0,0,0,1,0
60751,60751,Eslovaquia,3.0,2.0,3.0,7.0,1.0,3.0,4.0,7.0,8.0,5.0,10.0,5.0,6.0,5.0,10.0,3.0,3.0,8.0,5.0,2,1.0,8,1,1,7.0,3,4.666666666666667,2,0,2.6666666666666665,1,2,1,1,1,3,3,0,0,0,0,1,2,2,1,0,1,0
46090,46090,Hungría,5.0,5.0,5.0,4.0,2.0,2.0,0.0,0.0,0.0,6.0,5.0,3.0,5.0,3.0,9.0,2.0,4.0,6.0,0.0,2,1.0,7,0,1,4.428571428571429,2,0.6666666666666666,0,1,5.0,2,2,0,0,0,2,1,0,2,0,0,0,0,0,1,1,1,2
16738,16738,Países Bajos,7.0,4.0,7.0,2.0,2.0,6.0,4.0,5.0,5.0,6.0,6.0,5.0,7.0,5.0,9.0,5.0,6.0,8.0,0.0,0,2.0,2,0,1,6.142857142857143,3,5.0,2,1,6.0,2,0,0,0,1,0,3,0,0,0,2,1,2,2,1,1,1,2
6621,6621,Bélgica,3.0,1.0,1.0,7.0,3.0,7.0,3.0,6.0,1.0,5.0,6.0,1.0,1.0,1.0,7.0,5.0,5.0,8.0,0.0,0,1.0,0,0,1,3.142857142857143,1,5.333333333333333,2,1,1.6666666666666667,0,2,1,0,1,3,0,0,0,0,1,0,2,0,1,1,1,0
32282,32282,Italia,5.0,5.0,4.0,8.0,3.0,5.0,8.0,6.0,5.0,10.0,10.0,8.0,10.0,8.0,7.0,5.0,6.0,8.0,5.0,1,3.0,4,1,1,8.285714285714286,4,6.333333333333333,3,1,4.666666666666667,1,2,1,2,3,3,3,0,0,1,2,2,0,0,2,0,0,2
8507,8507,Alemania,10.0,10.0,5.0,0.0,2.0,8.0,3.0,3.0,4.0,5.0,8.0,5.0,6.0,5.0,10.0,5.0,4.0,4.0,7.0,0,2.0,1,2,0,6.142857142857143,3,4.666666666666667,2,1,8.333333333333334,3,0,1,1,1,0,3,2,2,1,2,0,0,0,1,1,1,0
23903,23903,España,6.0,1.0,4.0,4.0,4.0,4.0,4.0,6.0,2.0,5.0,6.0,0.0,5.0,0.0,6.0,6.0,6.0,8.0,4.0,1,3.0,3,1,1,3.4285714285714284,1,4.666666666666667,2,2,3.6666666666666665,1,0,1,0,2,1,0,0,0,2,0,1,0,0,1,1,1,2
26624,26624,España,4.0,1.0,3.0,4.0,4.0,7.0,5.0,5.0,4.0,4.0,7.0,2.0,5.0,2.0,9.0,3.0,3.0,8.0,8.0,1,2.0,3,2,1,4.714285714285714,2,5.666666666666667,2,2,2.6666666666666665,1,0,1,2,2,1,2,1,0,0,0,1,1,0,0,1,1,0
19,19,Bélgica,8.0,5.0,2.0,6.0,3.0,7.0,6.0,0.0,4.0,7.0,6.0,2.0,5.0,3.0,5.0,5.0,5.0,8.0,6.0,0,4.0,0,1,1,4.571428571428571,2,4.333333333333333,2,1,5.0,2,1,1,2,2,2,1,2,0,0,0,2,0,0,2,1,1,1
54524,54524,Eslovaquia,2.0,0.0,2.0,1.0,1.0,7.0,1.0,10.0,0.0,1.0,1.0,1.0,2.0,1.0,8.0,1.0,1.0,4.0,5.0,2,1.0,8,1,0,2.0,1,6.0,3,0,1.3333333333333333,0,0,1,0,3,0,0,0,0,0,2,0,2,0,0,1,1,0
27158,27158,España,8.0,8.0,5.0,4.0,2.0,5.0,3.0,5.0,8.0,3.0,3.0,5.0,5.0,0.0,8.0,8.0,5.0,7.0,2.0,1,3.0,3,0,1,4.571428571428571,2,4.333333333333333,2,1,7.0,2,2,1,0,2,1,1,2,2,2,1,0,0,2,0,1,1,1
49860,49860,Hungría,5.0,3.0,3.0,5.0,4.0,0.0,0.0,0.0,0.0,0.0,0.0,0.0,0.0,0.0,4.0,1.0,0.0,1.0,2.0,2,1.0,7,0,0,0.5714285714285714,0,0.0,0,2,3.6666666666666665,1,1,1,0,0,1,0,2,2,1,0,0,0,0,0,1,1,0
39906,39906,Portugal,6.0,6.0,2.0,5.0,4.0,3.0,4.0,3.0,1.0,5.0,5.0,1.0,2.0,1.0,7.0,4.0,7.0,5.0,9.0,1,2.0,5,2,0,3.142857142857143,1,3.333333333333333,1,2,4.666666666666667,1,0,0,2,0,2,0,2,0,0,1,1,0,0,1,1,1,0
23594,23594,España,5.0,3.0,2.0,0.0,1.0,4.0,3.0,0.0,3.0,4.0,4.0,2.0,2.0,2.0,8.0,4.0,5.0,6.0,0.0,1,2.0,3,0,1,3.571428571428572,1,2.333333333333333,1,0,3.333333333333333,1,0,1,0,0,0,0,2,1,0,0,0,0,2,0,1,1,0
47787,47787,Hungría,5.0,4.0,4.0,5.0,4.0,4.0,2.0,1.0,2.0,3.0,3.0,1.0,2.0,0.0,10.0,5.0,5.0,5.0,0.0,2,2.0,7,0,0,3.0,1,2.333333333333333,1,2,4.333333333333333,1,1,1,0,0,1,0,2,1,2,2,0,0,0,0,0,1,0
29417,29417,Italia,5.0,3.0,5.0,6.0,4.0,5.0,6.0,5.0,5.0,5.0,6.0,0.0,4.0,0.0,7.0,4.0,4.0,6.0,7.0,1,1.0,4,2,1,3.857142857142857,1,5.333333333333333,2,2,4.333333333333333,1,2,1,0,2,1,0,2,0,1,2,2,1,0,1,1,0,2
26416,26416,España,7.0,6.0,5.0,8.0,3.0,2.0,3.0,0.0,1.0,2.0,0.0,0.0,2.0,0.0,7.0,6.0,7.0,10.0,6.0,1,3.0,3,1,2,1.7142857142857142,0,1.6666666666666667,0,1,6.0,2,2,1,0,0,3,0,0,1,0,0,0,0,0,0,1,1,0
52517,52517,Hungría,7.0,7.0,7.0,4.0,2.0,4.0,4.0,2.0,7.0,7.0,7.0,1.0,2.0,1.0,2.0,7.0,5.0,7.0,1.0,2,2.0,7,0,1,3.857142857142857,1,3.333333333333333,1,1,7.0,2,0,1,0,0,2,0,2,2,1,1,1,2,2,2,1,0,0
60240,60240,Eslovaquia,0.0,2.0,0.0,6.0,4.0,0.0,8.0,0.0,6.0,2.0,6.0,0.0,0.0,0.0,8.0,7.0,10.0,5.0,8.0,2,1.0,8,2,0,3.142857142857143,1,2.6666666666666665,1,2,0.6666666666666666,0,1,0,0,0,2,0,0,0,0,0,2,0,0,0,1,0,0
25685,25685,España,4.0,2.0,2.0,5.0,3.0,6.0,3.0,2.0,3.0,4.0,6.0,3.0,3.0,4.0,6.0,0.0,3.0,7.0,3.0,1,4.0,3,0,1,4.142857142857143,2,3.6666666666666665,1,1,2.6666666666666665,1,0,1,0,2,1,1,1,0,0,2,0,2,2,0,1,1,0
28418,28418,Italia,7.0,3.0,5.0,5.0,2.0,4.0,3.0,4.0,3.0,4.0,7.0,0.0,2.0,1.0,5.0,5.0,5.0,8.0,0.0,1,1.0,4,0,1,3.142857142857143,1,3.6666666666666665,1,1,5.0,2,2,1,0,1,2,0,1,1,2,2,0,2,0,0,1,1,0
45681,45681,Hungría,7.0,2.0,7.0,2.0,3.0,8.0,8.0,7.0,8.0,8.0,8.0,8.0,8.0,8.0,8.0,5.0,8.0,9.0,9.0,2,2.0,7,2,2,8.0,4,7.666666666666667,3,1,5.333333333333333,2,0,0,2,3,0,3,0,0,2,2,2,2,2,2,1,0,2
59471,59471,Eslovaquia,2.0,3.0,2.0,9.0,2.0,7.0,3.0,3.0,4.0,3.0,4.0,3.0,4.0,3.0,7.0,1.0,10.0,7.0,7.0,2,1.0,8,2,1,4.0,2,4.333333333333333,2,1,2.333333333333333,0,2,1,1,2,3,2,0,2,0,2,0,2,2,0,1,1,0
26131,26131,España,5.0,3.0,5.0,4.0,2.0,6.0,3.0,7.0,6.0,2.0,6.0,4.0,4.0,4.0,3.0,7.0,5.0,8.0,3.0,1,4.0,3,0,1,4.142857142857143,2,5.333333333333333,2,1,4.333333333333333,1,2,1,1,2,2,2,2,2,2,0,0,2,0,0,1,1,0
53839,53839,Eslovaquia,2.0,0.0,5.0,5.0,2.0,6.0,3.0,0.0,5.0,5.0,2.0,0.0,5.0,0.0,8.0,2.0,2.0,5.0,9.0,2,1.0,8,2,0,3.571428571428572,1,3.0,1,1,2.333333333333333,0,0,0,2,0,2,0,0,0,1,0,0,0,2,1,1,1,2
24436,24436,España,4.0,1.0,2.0,4.0,4.0,10.0,3.0,5.0,8.0,2.0,6.0,4.0,3.0,0.0,8.0,4.0,5.0,8.0,3.0,1,2.0,3,0,1,4.428571428571429,2,6.0,3,2,2.333333333333333,0,1,1,2,3,2,2,2,0,0,2,0,0,2,0,1,1,0
15642,15642,Países Bajos,7.0,5.0,7.0,5.0,2.0,7.0,5.0,5.0,4.0,7.0,7.0,5.0,6.0,5.0,9.0,5.0,6.0,7.0,0.0,0,3.0,2,0,1,6.142857142857143,3,5.666666666666667,2,1,6.333333333333333,2,1,1,1,2,1,3,1,1,1,2,1,0,1,2,1,1,2
55367,55367,Eslovaquia,7.0,6.0,2.0,0.0,1.0,10.0,7.0,8.0,5.0,5.0,8.0,5.0,8.0,5.0,10.0,4.0,8.0,9.0,9.0,2,1.0,8,2,2,6.571428571428571,3,8.333333333333334,4,0,5.0,2,0,1,2,3,0,3,0,0,0,2,2,2,0,1,1,1,2
5498,5498,Bélgica,3.0,2.0,5.0,4.0,1.0,6.0,5.0,3.0,5.0,5.0,6.0,2.0,4.0,2.0,8.0,2.0,3.0,8.0,0.0,0,1.0,0,0,1,4.571428571428571,2,4.666666666666667,2,0,3.333333333333333,1,1,1,0,2,2,1,0,0,2,1,1,0,2,1,1,1,1
17263,17263,Países Bajos,8.0,8.0,9.0,0.0,3.0,8.0,5.0,4.0,7.0,7.0,7.0,5.0,7.0,7.0,6.0,8.0,9.0,9.0,7.0,0,3.0,2,2,2,6.571428571428571,3,5.666666666666667,2,1,8.333333333333334,3,0,1,2,2,0,3,2,2,2,2,1,0,2,2,1,1,2
37059,37059,Portugal,5.0,4.0,7.0,3.0,3.0,9.0,5.0,5.0,4.0,6.0,7.0,2.0,6.0,2.0,8.0,5.0,5.0,10.0,7.0,1,2.0,5,2,2,5.0,2,6.333333333333333,3,1,5.333333333333333,2,0,1,2,3,0,1,2,0,2,2,1,2,0,1,1,1,0
38743,38743,Portugal,5.0,0.0,5.0,10.0,3.0,9.0,0.0,0.0,9.0,5.0,10.0,5.0,5.0,5.0,10.0,10.0,8.0,0.0,10.0,1,2.0,5,2,0,7.0,3,3.0,1,1,3.333333333333333,1,2,0,0,0,3,3,0,0,2,2,0,0,2,1,0,1,2
43472,43472,Croacia,5.0,5.0,5.0,3.0,2.0,5.0,6.0,5.0,5.0,5.0,6.0,4.0,5.0,5.0,4.0,4.0,5.0,7.0,9.0,1,1.0,6,2,1,4.857142857142857,2,5.333333333333333,2,1,5.0,2,0,1,2,1,0,2,1,1,0,0,2,2,1,1,1,1,1
3377,3377,Bélgica,2.0,1.0,8.0,6.0,2.0,7.0,2.0,1.0,3.0,5.0,0.0,0.0,0.0,0.0,8.0,0.0,0.0,0.0,10.0,0,4.0,0,2,0,2.2857142857142856,1,3.333333333333333,1,1,3.6666666666666665,1,1,0,2,0,2,0,0,0,2,2,0,0,0,1,0,0,0
29839,29839,Italia,7.0,4.0,0.0,10.0,2.0,0.0,0.0,0.0,0.0,0.0,5.0,0.0,0.0,0.0,8.0,0.0,0.0,5.0,0.0,1,1.0,4,0,0,1.8571428571428568,0,0.0,0,1,3.6666666666666665,1,2,0,0,0,3,0,0,0,0,0,0,0,0,0,1,1,0
35009,35009,Portugal,8.0,7.0,5.0,0.0,1.0,4.0,3.0,2.0,4.0,6.0,6.0,5.0,4.0,2.0,8.0,10.0,10.0,6.0,0.0,1,4.0,5,0,1,5.0,2,3.0,1,0,6.666666666666667,2,0,1,0,0,0,1,2,2,2,2,0,2,1,1,1,1,2
46358,46358,Hungría,4.0,5.0,4.0,8.0,3.0,5.0,5.0,3.0,5.0,5.0,7.0,2.0,3.0,2.0,5.0,5.0,5.0,8.0,6.0,2,4.0,7,1,1,4.142857142857143,2,4.333333333333333,2,1,4.333333333333333,1,2,1,1,1,3,2,1,0,1,0,1,0,0,1,1,1,0
31103,31103,Italia,6.0,8.0,4.0,7.0,3.0,4.0,2.0,3.0,1.0,1.0,3.0,1.0,4.0,1.0,7.0,6.0,4.0,6.0,3.0,1,1.0,4,0,1,2.571428571428572,1,3.0,1,1,6.0,2,2,1,1,0,3,0,1,2,1,0,0,2,0,0,0,0,1
46245,46245,Hungría,3.0,4.0,4.0,5.0,4.0,8.0,6.0,8.0,9.0,8.0,10.0,8.0,4.0,0.0,8.0,9.0,9.0,8.0,8.0,2,1.0,7,2,1,6.714285714285714,3,7.333333333333333,3,2,3.6666666666666665,1,2,0,2,3,2,3,0,0,2,2,2,2,2,2,0,0,2
35553,35553,Portugal,5.0,5.0,5.0,5.0,1.0,1.0,2.0,1.0,2.0,3.0,3.0,1.0,2.0,0.0,5.0,9.0,7.0,8.0,2.0,1,2.0,5,0,1,2.2857142857142856,1,1.3333333333333333,0,0,5.0,2,0,1,0,0,2,0,1,2,2,0,0,0,0,0,0,0,0
47118,47118,Hungría,5.0,5.0,5.0,2.0,2.0,1.0,2.0,0.0,10.0,2.0,4.0,0.0,2.0,2.0,7.0,8.0,8.0,9.0,0.0,2,1.0,7,0,2,3.857142857142857,1,1.0,0,1,5.0,2,0,0,0,0,0,0,2,2,0,0,0,0,2,0,1,1,0
54744,54744,Eslovaquia,8.0,7.0,7.0,3.0,3.0,8.0,7.0,3.0,5.0,9.0,5.0,3.0,6.0,4.0,9.0,5.0,4.0,7.0,8.0,2,1.0,8,2,1,5.857142857142857,2,6.0,3,1,7.333333333333333,2,0,0,0,3,0,3,2,2,0,2,2,2,1,2,1,1,1
20784,20784,Países Bajos,8.0,8.0,8.0,8.0,1.0,8.0,5.0,6.0,5.0,9.0,8.0,7.0,5.0,6.0,6.0,8.0,7.0,9.0,8.0,0,2.0,2,2,2,6.571428571428571,3,6.333333333333333,3,0,8.0,3,2,0,2,3,3,3,2,2,2,2,1,2,2,2,1,0,1
33551,33551,Italia,7.0,7.0,7.0,3.0,2.0,0.0,1.0,0.0,3.0,6.0,8.0,4.0,5.0,3.0,9.0,10.0,6.0,5.0,0.0,1,2.0,4,0,0,5.428571428571429,2,0.3333333333333333,0,1,7.0,2,0,1,0,0,0,2,0,2,1,0,0,0,2,1,1,1,0
28860,28860,Italia,4.0,2.0,8.0,5.0,2.0,6.0,0.0,0.0,3.0,7.0,5.0,0.0,0.0,0.0,6.0,3.0,4.0,5.0,0.0,1,1.0,4,0,0,3.0,1,2.0,1,1,4.666666666666667,1,0,0,0,0,2,0,2,0,2,2,0,0,1,2,1,1,0
20134,20134,Países Bajos,4.0,5.0,7.0,3.0,2.0,9.0,7.0,6.0,7.0,6.0,2.0,7.0,8.0,6.0,8.0,3.0,4.0,7.0,8.0,0,5.0,2,2,1,6.285714285714286,3,7.333333333333333,3,1,5.333333333333333,2,0,1,2,3,0,3,2,0,2,2,2,0,2,1,1,0,2
44305,44305,Hungría,2.0,8.0,1.0,5.0,4.0,0.0,0.0,0.0,6.0,5.0,0.0,2.0,5.0,0.0,10.0,0.0,0.0,0.0,10.0,2,3.0,7,2,0,4.0,2,0.0,0,2,3.6666666666666665,1,0,0,0,0,2,1,0,2,0,0,0,0,0,1,1,1,1
20308,20308,Países Bajos,9.0,2.0,4.0,1.0,4.0,6.0,0.0,1.0,0.0,1.0,3.0,0.0,1.0,0.0,9.0,9.0,4.0,2.0,8.0,0,3.0,2,2,0,2.0,1,2.333333333333333,1,2,5.0,2,0,0,0,0,0,0,2,0,0,2,0,0,0,0,1,1,0
61661,61661,Eslovaquia,5.0,1.0,1.0,1.0,3.0,0.0,0.0,0.0,0.0,0.0,5.0,0.0,0.0,2.0,9.0,1.0,2.0,8.0,9.0,2,2.0,8,2,1,2.2857142857142856,1,0.0,0,1,2.333333333333333,0,0,0,0,0,0,0,2,0,0,0,0,0,0,0,1,1,0
11503,11503,Alemania,8.0,7.0,7.0,2.0,2.0,6.0,4.0,5.0,3.0,3.0,7.0,1.0,4.0,2.0,10.0,7.0,5.0,7.0,3.0,0,2.0,1,0,1,4.285714285714286,2,5.0,2,1,7.333333333333333,2,0,1,0,2,0,1,2,2,2,1,1,1,1,0,1,0,0
44452,44452,Hungría,8.0,5.0,8.0,3.0,4.0,2.0,3.0,1.0,5.0,4.0,7.0,0.0,1.0,0.0,9.0,4.0,6.0,8.0,0.0,2,1.0,7,0,1,3.7142857142857135,1,2.0,1,2,7.0,2,0,1,0,0,0,0,2,2,2,0,0,0,0,0,1,1,0
25101,25101,España,8.0,6.0,5.0,3.0,3.0,5.0,4.0,4.0,5.0,7.0,9.0,2.0,4.0,2.0,3.0,4.0,6.0,8.0,5.0,1,2.0,3,1,1,4.571428571428571,2,4.333333333333333,2,1,6.333333333333333,2,0,1,0,2,0,2,2,1,0,2,1,0,0,2,0,1,1
34522,34522,Portugal,3.0,2.0,4.0,3.0,3.0,5.0,2.0,6.0,6.0,0.0,7.0,1.0,3.0,1.0,8.0,7.0,6.0,7.0,7.0,1,2.0,5,2,1,3.7142857142857135,1,4.333333333333333,2,1,3.0,1,0,1,2,2,0,0,0,0,2,2,0,0,2,0,1,0,1
36670,36670,Portugal,5.0,2.0,3.0,4.0,4.0,6.0,5.0,4.0,5.0,7.0,7.0,5.0,7.0,5.0,6.0,2.0,3.0,6.0,6.0,1,2.0,5,1,1,6.0,3,5.0,2,2,3.333333333333333,1,0,1,2,2,1,3,2,0,2,1,1,2,0,2,1,1,2
27576,27576,España,5.0,5.0,7.0,4.0,1.0,8.0,5.0,7.0,4.0,2.0,0.0,2.0,7.0,3.0,10.0,10.0,8.0,8.0,8.0,1,2.0,3,2,1,4.0,2,6.666666666666667,3,0,5.666666666666667,2,0,0,2,3,1,2,1,2,2,2,1,2,0,0,1,1,2
51092,51092,Hungría,6.0,7.0,7.0,6.0,4.0,6.0,6.0,7.0,6.0,6.0,6.0,7.0,7.0,7.0,6.0,7.0,7.0,7.0,6.0,2,1.0,7,1,1,6.428571428571429,3,6.333333333333333,3,2,6.666666666666667,2,0,1,2,3,2,3,2,2,1,0,2,2,0,1,1,0,2
29044,29044,Italia,7.0,2.0,4.0,6.0,2.0,4.0,5.0,2.0,4.0,6.0,6.0,3.0,6.0,5.0,6.0,6.0,6.0,6.0,6.0,1,1.0,4,1,1,5.142857142857143,2,3.6666666666666665,1,1,4.333333333333333,1,0,1,2,2,2,2,1,0,2,0,1,2,0,1,1,1,2
22773,22773,España,6.0,5.0,4.0,5.0,3.0,5.0,3.0,3.0,4.0,6.0,4.0,5.0,4.0,3.0,7.0,6.0,6.0,8.0,2.0,1,3.0,3,0,1,4.714285714285714,2,3.6666666666666665,1,1,5.0,2,2,1,2,1,1,2,0,0,2,1,0,0,2,1,1,1,0
10842,10842,Alemania,4.0,4.0,3.0,5.0,3.0,2.0,4.0,2.0,1.0,4.0,5.0,2.0,3.0,1.0,3.0,3.0,3.0,8.0,2.0,0,1.0,1,0,1,2.7142857142857144,1,2.6666666666666665,1,1,3.6666666666666665,1,1,1,0,0,2,0,2,1,2,0,1,2,0,0,1,1,0
18156,18156,Países Bajos,7.0,5.0,7.0,4.0,1.0,5.0,6.0,3.0,3.0,6.0,6.0,3.0,3.0,5.0,9.0,8.0,7.0,10.0,3.0,0,4.0,2,0,2,5.0,2,4.666666666666667,2,0,6.333333333333333,2,2,1,2,1,1,1,0,1,2,0,2,0,0,1,1,1,0
36969,36969,Portugal,6.0,3.0,2.0,2.0,3.0,4.0,3.0,5.0,5.0,4.0,7.0,6.0,5.0,3.0,7.0,5.0,5.0,7.0,4.0,1,3.0,5,1,1,5.285714285714286,2,4.0,2,1,3.6666666666666665,1,0,1,2,2,0,2,2,2,0,0,0,2,0,0,1,0,2
52542,52542,Hungría,6.0,7.0,7.0,5.0,3.0,4.0,1.0,3.0,6.0,5.0,3.0,4.0,5.0,4.0,9.0,1.0,2.0,4.0,8.0,2,1.0,7,2,0,5.142857142857143,2,2.6666666666666665,1,1,6.666666666666667,2,0,0,0,0,1,2,1,2,2,2,0,1,0,1,1,1,0
33635,33635,Portugal,6.0,4.0,6.0,7.0,2.0,5.0,4.0,5.0,7.0,7.0,7.0,7.0,7.0,7.0,8.0,7.0,8.0,8.0,6.0,1,3.0,5,1,1,7.142857142857143,3,4.666666666666667,2,1,5.333333333333333,2,2,1,0,2,3,3,2,2,0,2,1,2,2,2,1,0,2
48884,48884,Hungría,5.0,3.0,1.0,5.0,3.0,4.0,3.0,7.0,5.0,5.0,8.0,5.0,6.0,5.0,8.0,1.0,0.0,10.0,10.0,2,1.0,7,2,2,6.0,3,4.666666666666667,2,1,3.0,1,0,0,0,2,2,3,2,2,0,1,0,2,2,1,1,1,1
582,582,Bélgica,8.0,7.0,5.0,6.0,2.0,7.0,6.0,6.0,7.0,6.0,7.0,7.0,6.0,7.0,3.0,6.0,6.0,8.0,8.0,0,3.0,0,2,1,6.142857142857143,3,6.333333333333333,3,1,6.666666666666667,2,0,0,2,3,1,3,2,2,0,1,2,2,2,1,1,0,0
40521,40521,Portugal,4.0,1.0,7.0,7.0,2.0,4.0,4.0,4.0,5.0,4.0,7.0,4.0,4.0,4.0,8.0,2.0,5.0,6.0,7.0,1,2.0,5,2,1,5.142857142857143,2,4.0,2,1,4.0,1,2,1,0,2,3,2,2,0,2,2,1,2,0,0,1,1,2
37426,37426,Portugal,7.0,7.0,7.0,8.0,3.0,5.0,3.0,3.0,6.0,6.0,6.0,4.0,7.0,4.0,10.0,5.0,3.0,6.0,0.0,1,3.0,5,0,1,6.142857142857143,3,3.6666666666666665,1,1,7.0,2,2,1,2,2,3,3,0,2,2,2,0,0,0,1,1,1,2
58027,58027,Eslovaquia,5.0,1.0,1.0,2.0,1.0,2.0,7.0,0.0,5.0,5.0,5.0,3.0,0.0,5.0,10.0,2.0,5.0,5.0,1.0,2,1.0,8,0,0,4.714285714285714,2,3.0,1,0,2.333333333333333,0,0,1,2,0,0,2,2,0,0,0,2,0,2,1,1,1,0
46031,46031,Hungría,4.0,6.0,7.0,6.0,3.0,8.0,4.0,3.0,6.0,8.0,7.0,4.0,4.0,4.0,7.0,1.0,1.0,6.0,9.0,2,2.0,7,2,1,5.714285714285714,2,5.0,2,1,5.666666666666667,2,2,1,1,2,1,2,0,0,0,2,1,0,1,2,1,1,0
14481,14481,Países Bajos,5.0,3.0,3.0,7.0,3.0,7.0,7.0,5.0,8.0,6.0,7.0,6.0,8.0,6.0,9.0,6.0,3.0,7.0,7.0,0,2.0,2,2,1,7.142857142857143,3,6.333333333333333,3,1,3.6666666666666665,1,2,1,2,3,3,3,0,0,0,2,2,0,2,1,1,1,2
61010,61010,Eslovaquia,0.0,0.0,0.0,5.0,4.0,9.0,7.0,9.0,9.0,9.0,9.0,9.0,8.0,9.0,9.0,0.0,0.0,8.0,10.0,2,2.0,8,2,1,8.857142857142858,4,8.333333333333334,4,2,0.0,0,2,0,2,3,1,3,0,0,0,2,2,2,2,2,0,1,2
21070,21070,España,8.0,3.0,5.0,7.0,4.0,0.0,3.0,5.0,5.0,3.0,10.0,0.0,0.0,0.0,9.0,10.0,8.0,8.0,0.0,1,4.0,3,0,1,3.857142857142857,1,2.6666666666666665,1,2,5.333333333333333,2,2,0,0,0,3,0,2,0,1,0,0,2,2,0,1,0,0
21656,21656,España,5.0,2.0,6.0,4.0,1.0,2.0,2.0,1.0,2.0,2.0,5.0,2.0,5.0,2.0,10.0,7.0,10.0,9.0,0.0,1,2.0,3,0,2,4.0,2,1.6666666666666667,0,0,4.333333333333333,1,2,1,0,0,1,1,0,0,1,0,0,0,0,0,1,1,0
49146,49146,Hungría,5.0,5.0,5.0,5.0,3.0,5.0,5.0,5.0,6.0,5.0,3.0,4.0,5.0,0.0,7.0,4.0,4.0,7.0,5.0,2,1.0,7,1,1,4.285714285714286,2,5.0,2,1,5.0,2,0,1,0,2,1,1,0,0,0,1,1,2,0,1,1,1,0
50256,50256,Hungría,5.0,6.0,5.0,6.0,2.0,8.0,8.0,8.0,4.0,8.0,8.0,8.0,7.0,7.0,5.0,2.0,4.0,6.0,3.0,2,2.0,7,0,1,6.714285714285714,3,8.0,4,1,5.333333333333333,2,1,1,2,3,1,3,0,2,0,2,2,2,0,2,1,0,2
35281,35281,Portugal,2.0,0.0,0.0,3.0,3.0,1.0,2.0,5.0,2.0,1.0,3.0,1.0,2.0,1.0,7.0,4.0,2.0,5.0,0.0,1,1.0,5,0,0,2.4285714285714284,1,2.6666666666666665,1,1,0.6666666666666666,0,0,0,0,0,0,0,0,0,0,0,0,0,0,0,1,1,0
31724,31724,Italia,5.0,5.0,5.0,4.0,3.0,8.0,7.0,7.0,5.0,8.0,7.0,5.0,6.0,5.0,8.0,7.0,6.0,8.0,4.0,1,4.0,4,1,1,6.285714285714286,3,7.333333333333333,3,1,5.0,2,2,1,2,3,1,3,2,2,0,2,2,2,1,2,1,1,2
47852,47852,Hungría,2.0,1.0,5.0,5.0,1.0,2.0,0.0,0.0,5.0,0.0,1.0,0.0,0.0,1.0,9.0,5.0,5.0,5.0,0.0,2,1.0,7,0,0,2.2857142857142856,1,0.6666666666666666,0,0,2.6666666666666665,1,0,0,0,0,2,0,0,0,2,0,0,0,1,0,1,1,0
37215,37215,Portugal,9.0,7.0,7.0,5.0,3.0,6.0,5.0,5.0,7.0,5.0,6.0,4.0,5.0,5.0,7.0,5.0,5.0,8.0,4.0,1,2.0,5,1,1,5.571428571428571,2,5.333333333333333,2,1,7.666666666666667,3,1,1,0,1,1,2,2,2,2,0,1,2,2,1,1,1,0
52011,52011,Hungría,5.0,4.0,5.0,5.0,3.0,4.0,3.0,3.0,4.0,4.0,4.0,2.0,3.0,2.0,10.0,6.0,5.0,5.0,5.0,2,2.0,7,1,0,4.142857142857143,2,3.333333333333333,1,1,4.666666666666667,1,2,1,1,0,1,1,0,1,0,2,0,0,2,0,1,1,1
6364,6364,Bélgica,3.0,0.0,2.0,8.0,2.0,7.0,1.0,3.0,2.0,0.0,7.0,1.0,3.0,4.0,9.0,0.0,0.0,1.0,4.0,0,2.0,0,1,0,3.7142857142857135,1,3.6666666666666665,1,1,1.6666666666666667,0,2,1,0,2,3,0,0,0,0,0,0,2,0,0,1,0,2
52735,52735,Hungría,5.0,5.0,5.0,3.0,3.0,4.0,4.0,3.0,2.0,5.0,5.0,1.0,3.0,1.0,7.0,4.0,5.0,6.0,5.0,2,1.0,7,1,1,3.4285714285714284,1,3.6666666666666665,1,1,5.0,2,0,1,0,2,0,0,0,2,2,0,1,0,0,1,1,1,1
28975,28975,Italia,6.0,3.0,4.0,4.0,3.0,5.0,3.0,3.0,5.0,7.0,6.0,3.0,5.0,0.0,3.0,7.0,5.0,9.0,5.0,1,2.0,4,1,2,4.142857142857143,2,3.6666666666666665,1,1,4.333333333333333,1,1,1,2,2,2,1,2,2,0,0,0,0,0,2,1,1,2
25695,25695,España,5.0,5.0,5.0,7.0,3.0,7.0,4.0,4.0,6.0,2.0,4.0,4.0,6.0,4.0,6.0,3.0,5.0,9.0,3.0,1,2.0,3,0,2,4.571428571428571,2,5.0,2,1,5.0,2,2,1,2,1,3,2,2,0,1,2,1,1,2,0,0,1,2
54353,54353,Eslovaquia,7.0,4.0,7.0,7.0,2.0,8.0,8.0,4.0,7.0,5.0,5.0,3.0,3.0,3.0,8.0,4.0,5.0,5.0,0.0,2,3.0,8,0,0,4.857142857142857,2,6.666666666666667,3,1,6.0,2,2,1,2,3,3,1,2,1,1,2,2,0,2,1,1,1,2
62141,62141,Eslovaquia,3.0,3.0,3.0,3.0,2.0,4.0,6.0,3.0,3.0,4.0,4.0,2.0,3.0,4.0,8.0,3.0,3.0,5.0,7.0,2,1.0,8,2,0,4.0,2,4.333333333333333,2,1,3.0,1,0,1,0,2,0,2,0,0,0,2,2,0,0,0,0,1,1
34337,34337,Portugal,7.0,7.0,8.0,1.0,2.0,7.0,3.0,3.0,6.0,7.0,7.0,5.0,7.0,5.0,7.0,5.0,5.0,9.0,0.0,1,2.0,5,0,2,6.285714285714286,3,4.333333333333333,2,1,7.333333333333333,2,0,1,0,2,0,3,1,2,2,2,0,0,1,2,1,1,2
59583,59583,Eslovaquia,7.0,4.0,7.0,2.0,4.0,8.0,6.0,7.0,7.0,7.0,7.0,7.0,7.0,6.0,4.0,7.0,7.0,7.0,9.0,2,2.0,8,2,1,6.428571428571429,3,7.0,3,2,6.0,2,0,1,2,3,0,3,1,1,0,2,2,2,2,2,1,0,2
41413,41413,Croacia,3.0,7.0,5.0,9.0,4.0,5.0,5.0,2.0,1.0,3.0,1.0,1.0,2.0,1.0,5.0,0.0,0.0,10.0,5.0,1,1.0,6,1,2,2.0,1,4.0,2,2,5.0,2,2,1,0,2,3,0,0,2,2,1,1,2,0,0,0,0,0
37943,37943,Portugal,3.0,3.0,3.0,6.0,2.0,2.0,4.0,3.0,5.0,3.0,4.0,2.0,3.0,2.0,8.0,5.0,6.0,6.0,3.0,1,2.0,5,0,1,3.857142857142857,1,3.0,1,1,3.0,1,0,1,0,0,1,0,0,0,0,0,1,2,2,0,1,1,2
51494,51494,Hungría,3.0,2.0,2.0,5.0,3.0,5.0,3.0,3.0,0.0,5.0,6.0,1.0,3.0,1.0,5.0,5.0,5.0,3.0,5.0,2,1.0,7,1,0,3.0,1,3.6666666666666665,1,1,2.333333333333333,0,2,1,0,1,1,0,0,0,0,2,0,0,0,1,1,1,2
36635,36635,Portugal,5.0,5.0,4.0,5.0,3.0,0.0,0.0,0.0,0.0,8.0,0.0,0.0,2.0,0.0,9.0,4.0,5.0,8.0,8.0,1,2.0,5,2,1,2.7142857142857144,1,0.0,0,1,4.666666666666667,1,1,0,0,0,1,0,0,1,0,0,0,0,0,2,1,1,0
27574,27574,España,9.0,3.0,4.0,3.0,3.0,5.0,0.0,5.0,4.0,3.0,3.0,5.0,6.0,5.0,5.0,3.0,5.0,6.0,0.0,1,3.0,3,0,1,4.428571428571429,2,3.333333333333333,1,1,5.333333333333333,2,0,1,0,0,0,1,2,0,1,0,0,0,0,0,1,1,2
33500,33500,Italia,7.0,8.0,5.0,8.0,3.0,5.0,1.0,5.0,7.0,6.0,9.0,4.0,7.0,4.0,6.0,2.0,2.0,8.0,7.0,1,1.0,4,2,1,6.142857142857143,3,3.6666666666666665,1,1,6.666666666666667,2,2,1,0,2,3,3,2,2,0,0,0,2,2,1,0,1,2
42268,42268,Croacia,4.0,1.0,3.0,6.0,3.0,3.0,1.0,2.0,0.0,1.0,4.0,0.0,3.0,0.0,7.0,5.0,4.0,8.0,7.0,1,1.0,6,2,1,2.142857142857143,1,2.0,1,1,2.6666666666666665,1,1,1,0,0,2,0,1,0,2,2,0,2,0,0,1,0,2
38553,38553,Portugal,5.0,0.0,5.0,3.0,2.0,6.0,6.0,5.0,6.0,4.0,5.0,3.0,6.0,4.0,10.0,8.0,9.0,8.0,5.0,1,2.0,5,1,1,5.428571428571429,2,5.666666666666667,2,1,3.333333333333333,1,0,1,0,1,0,1,2,0,2,1,2,1,1,0,1,1,2
40296,40296,Portugal,6.0,2.0,6.0,5.0,1.0,6.0,2.0,2.0,6.0,2.0,8.0,3.0,6.0,3.0,8.0,2.0,6.0,10.0,10.0,1,2.0,5,2,2,5.142857142857143,2,3.333333333333333,1,0,4.666666666666667,1,0,0,2,0,1,1,1,0,0,0,0,2,2,0,1,1,0
37195,37195,Portugal,5.0,4.0,1.0,7.0,3.0,7.0,3.0,0.0,6.0,7.0,8.0,3.0,4.0,3.0,10.0,5.0,5.0,7.0,5.0,1,3.0,5,1,1,5.857142857142857,2,3.333333333333333,1,1,3.333333333333333,1,2,1,0,0,3,3,2,2,0,2,0,0,1,2,1,1,0
60093,60093,Eslovaquia,7.0,7.0,8.0,7.0,1.0,4.0,8.0,2.0,3.0,4.0,8.0,2.0,2.0,2.0,5.0,4.0,4.0,10.0,8.0,2,1.0,8,2,2,3.7142857142857135,1,4.666666666666667,2,0,7.333333333333333,2,2,0,2,1,3,0,1,2,2,2,2,0,0,0,1,1,0
28000,28000,Italia,3.0,2.0,9.0,7.0,3.0,6.0,3.0,6.0,5.0,5.0,9.0,4.0,4.0,0.0,8.0,6.0,5.0,3.0,10.0,1,1.0,4,2,0,5.0,2,5.0,2,1,4.666666666666667,1,2,1,0,1,3,2,0,0,2,2,0,2,2,1,0,1,0
22371,22371,España,5.0,3.0,4.0,5.0,3.0,1.0,0.0,0.0,4.0,0.0,7.0,0.0,0.0,0.0,4.0,5.0,6.0,8.0,5.0,1,3.0,3,1,1,2.142857142857143,1,0.3333333333333333,0,1,4.0,1,2,1,0,0,2,0,2,2,2,0,0,0,2,0,1,1,0
36839,36839,Portugal,3.0,5.0,1.0,6.0,2.0,2.0,2.0,0.0,3.0,10.0,8.0,3.0,3.0,0.0,6.0,7.0,5.0,10.0,4.0,1,3.0,5,1,2,4.714285714285714,2,1.3333333333333333,0,1,3.0,1,1,1,0,0,2,1,0,2,0,0,0,0,0,2,1,1,0
59020,59020,Eslovaquia,2.0,2.0,5.0,3.0,3.0,1.0,1.0,1.0,3.0,3.0,3.0,3.0,3.0,3.0,1.0,3.0,3.0,4.0,1.0,2,2.0,8,0,0,2.7142857142857144,1,1.0,0,1,3.0,1,0,1,0,0,0,0,0,0,2,0,0,0,2,0,1,1,2
41080,41080,Croacia,7.0,8.0,7.0,7.0,4.0,5.0,4.0,5.0,3.0,5.0,9.0,3.0,3.0,3.0,4.0,5.0,6.0,9.0,3.0,1,1.0,6,0,2,4.285714285714286,2,4.666666666666667,2,2,7.333333333333333,2,2,1,1,1,3,2,0,2,1,0,1,2,2,1,1,1,1
16637,16637,Países Bajos,7.0,4.0,4.0,5.0,2.0,5.0,4.0,6.0,3.0,2.0,5.0,4.0,2.0,6.0,8.0,0.0,1.0,10.0,6.0,0,1.0,2,1,2,4.285714285714286,2,5.0,2,1,5.0,2,2,1,2,2,2,2,2,1,0,2,1,0,0,0,1,1,0
35055,35055,Portugal,5.0,4.0,6.0,5.0,4.0,6.0,7.0,3.0,6.0,7.0,7.0,3.0,6.0,3.0,10.0,5.0,3.0,7.0,6.0,1,2.0,5,1,1,6.0,3,5.333333333333333,2,2,5.0,2,1,1,0,2,1,3,0,2,1,2,2,2,0,2,1,1,2
3627,3627,Bélgica,7.0,5.0,7.0,6.0,2.0,3.0,6.0,3.0,5.0,7.0,7.0,5.0,5.0,5.0,7.0,5.0,5.0,8.0,5.0,0,2.0,0,1,1,5.857142857142857,2,4.0,2,1,6.333333333333333,2,0,1,2,1,2,3,2,0,2,0,2,2,2,2,1,1,0
59047,59047,Eslovaquia,5.0,3.0,5.0,8.0,2.0,3.0,2.0,3.0,7.0,1.0,7.0,5.0,1.0,5.0,3.0,6.0,6.0,8.0,7.0,2,2.0,8,2,1,4.142857142857143,2,2.6666666666666665,1,1,4.333333333333333,1,2,1,0,0,3,2,1,0,2,2,0,2,2,0,1,1,0
26327,26327,España,7.0,7.0,7.0,4.0,1.0,7.0,3.0,5.0,8.0,7.0,7.0,7.0,8.0,7.0,6.0,7.0,5.0,8.0,7.0,1,2.0,3,2,1,7.142857142857143,3,5.0,2,0,7.0,2,2,1,2,2,2,3,2,2,1,1,0,2,2,2,1,0,2
5635,5635,Bélgica,8.0,5.0,9.0,6.0,2.0,7.0,6.0,3.0,6.0,1.0,6.0,3.0,3.0,5.0,8.0,6.0,5.0,10.0,5.0,0,1.0,0,1,2,4.571428571428571,2,5.333333333333333,2,1,7.333333333333333,2,0,1,0,2,1,2,2,0,2,2,2,2,2,0,1,1,1
50603,50603,Hungría,6.0,3.0,3.0,5.0,2.0,4.0,2.0,3.0,6.0,10.0,9.0,2.0,2.0,2.0,3.0,3.0,3.0,10.0,5.0,2,2.0,7,1,2,4.857142857142857,2,3.0,1,1,4.0,1,0,1,1,0,1,2,0,0,0,1,0,2,2,2,0,1,0
27217,27217,España,5.0,5.0,5.0,5.0,4.0,8.0,6.0,5.0,5.0,5.0,6.0,4.0,5.0,0.0,7.0,3.0,5.0,8.0,5.0,1,4.0,3,1,1,4.571428571428571,2,6.333333333333333,3,2,5.0,2,2,1,2,3,1,2,2,2,0,2,2,0,2,1,1,1,2
2277,2277,Bélgica,7.0,8.0,7.0,5.0,2.0,6.0,6.0,6.0,3.0,4.0,7.0,5.0,5.0,5.0,6.0,8.0,6.0,8.0,9.0,0,2.0,0,2,1,5.0,2,6.0,3,1,7.333333333333333,2,0,0,1,3,1,2,2,2,0,2,2,1,2,0,1,1,0
11369,11369,Alemania,6.0,4.0,2.0,3.0,2.0,4.0,2.0,4.0,1.0,5.0,6.0,4.0,5.0,4.0,6.0,3.0,2.0,2.0,0.0,0,2.0,1,0,0,4.428571428571429,2,3.333333333333333,1,1,4.0,1,0,0,0,0,0,2,2,1,0,0,0,1,0,1,1,1,0
36642,36642,Portugal,4.0,5.0,5.0,1.0,2.0,5.0,4.0,6.0,5.0,2.0,8.0,5.0,2.0,5.0,7.0,6.0,3.0,8.0,4.0,1,2.0,5,1,1,4.857142857142857,2,5.0,2,1,4.666666666666667,1,0,1,2,2,0,1,0,2,2,2,1,0,2,0,1,1,0
42086,42086,Croacia,4.0,4.0,5.0,5.0,2.0,0.0,2.0,0.0,3.0,2.0,5.0,0.0,0.0,0.0,7.0,5.0,5.0,4.0,7.0,1,1.0,6,2,0,2.4285714285714284,1,0.6666666666666666,0,1,4.333333333333333,1,0,1,0,0,1,0,0,1,2,0,0,0,1,0,1,1,0
36951,36951,Portugal,5.0,0.0,1.0,3.0,3.0,3.0,1.0,0.0,2.0,2.0,6.0,2.0,1.0,2.0,7.0,2.0,3.0,3.0,0.0,1,2.0,5,0,0,3.142857142857143,1,1.3333333333333333,0,1,2.0,0,0,1,0,0,0,0,1,0,0,0,0,0,0,0,1,1,0
52638,52638,Hungría,5.0,5.0,5.0,5.0,1.0,0.0,0.0,0.0,5.0,0.0,3.0,0.0,5.0,0.0,7.0,3.0,3.0,5.0,5.0,2,2.0,7,1,0,2.857142857142857,1,0.0,0,0,5.0,2,2,1,0,0,2,0,2,1,0,0,0,0,2,0,1,1,2
18783,18783,Países Bajos,8.0,6.0,2.0,3.0,2.0,1.0,5.0,1.0,5.0,6.0,5.0,6.0,4.0,4.0,7.0,5.0,5.0,10.0,5.0,0,2.0,2,1,2,5.285714285714286,2,2.333333333333333,1,1,5.333333333333333,2,0,1,0,0,0,2,2,2,0,0,1,0,2,1,1,0,2
31792,31792,Italia,5.0,2.0,3.0,8.0,3.0,4.0,2.0,5.0,6.0,7.0,8.0,3.0,5.0,4.0,8.0,3.0,2.0,10.0,10.0,1,3.0,4,2,2,5.857142857142857,2,3.6666666666666665,1,1,3.333333333333333,1,2,0,0,2,3,3,2,0,0,0,0,0,2,2,1,1,2
35087,35087,Portugal,4.0,4.0,4.0,5.0,3.0,5.0,1.0,1.0,4.0,4.0,4.0,4.0,5.0,4.0,8.0,7.0,5.0,7.0,5.0,1,3.0,5,1,1,4.714285714285714,2,2.333333333333333,1,1,4.0,1,0,1,0,0,1,2,0,0,2,0,0,0,2,0,0,1,2
7552,7552,Alemania,5.0,3.0,3.0,5.0,3.0,7.0,5.0,7.0,5.0,8.0,8.0,6.0,5.0,6.0,8.0,6.0,8.0,10.0,9.0,0,2.0,1,2,2,6.571428571428571,3,6.333333333333333,3,1,3.6666666666666665,1,0,1,2,3,1,3,0,2,2,0,1,2,0,2,1,0,1
61566,61566,Eslovaquia,5.0,0.0,2.0,5.0,3.0,2.0,2.0,2.0,5.0,5.0,8.0,3.0,2.0,1.0,0.0,2.0,0.0,5.0,3.0,2,2.0,8,0,0,3.4285714285714284,1,2.0,1,1,2.333333333333333,0,2,1,0,0,1,0,0,0,0,0,0,1,0,1,1,1,0
22136,22136,España,5.0,6.0,5.0,5.0,3.0,5.0,0.0,4.0,5.0,5.0,5.0,0.0,5.0,0.0,5.0,5.0,5.0,5.0,6.0,1,3.0,3,1,0,3.571428571428572,1,3.0,1,1,5.333333333333333,2,0,1,2,0,1,0,2,0,0,2,0,2,2,1,1,1,0
58961,58961,Eslovaquia,8.0,8.0,8.0,9.0,3.0,9.0,7.0,4.0,7.0,7.0,8.0,5.0,5.0,4.0,7.0,8.0,5.0,8.0,6.0,2,2.0,8,1,1,6.142857142857143,3,6.666666666666667,3,1,8.0,3,2,1,2,3,3,3,2,2,2,2,2,1,2,2,1,1,0
31363,31363,Italia,7.0,3.0,5.0,2.0,4.0,7.0,6.0,3.0,6.0,8.0,8.0,5.0,5.0,5.0,10.0,8.0,10.0,8.0,0.0,1,1.0,4,0,1,6.714285714285714,3,5.333333333333333,2,2,5.0,2,0,1,2,1,0,3,0,2,0,1,2,2,1,2,1,1,0
43745,43745,Hungría,6.0,6.0,5.0,10.0,2.0,5.0,4.0,5.0,5.0,4.0,9.0,5.0,8.0,2.0,8.0,8.0,2.0,5.0,1.0,2,1.0,7,0,0,5.857142857142857,2,4.666666666666667,2,1,5.666666666666667,2,2,1,0,2,3,3,0,0,2,0,1,0,1,0,0,1,2
30364,30364,Italia,3.0,1.0,4.0,6.0,3.0,0.0,0.0,0.0,1.0,6.0,6.0,0.0,1.0,1.0,5.0,4.0,4.0,3.0,5.0,1,2.0,4,1,0,2.857142857142857,1,0.0,0,1,2.6666666666666665,1,0,1,0,0,1,0,0,0,0,0,0,0,0,1,1,1,0
25264,25264,España,8.0,7.0,7.0,5.0,4.0,4.0,4.0,6.0,5.0,5.0,5.0,3.0,5.0,3.0,5.0,2.0,2.0,8.0,6.0,1,2.0,3,1,1,4.428571428571429,2,4.666666666666667,2,2,7.333333333333333,2,2,1,2,1,2,2,2,2,0,0,1,0,1,1,1,1,2
45442,45442,Hungría,4.0,5.0,4.0,2.0,2.0,3.0,4.0,3.0,6.0,2.0,7.0,3.0,3.0,5.0,7.0,5.0,5.0,9.0,0.0,2,1.0,7,0,2,4.714285714285714,2,3.333333333333333,1,1,4.333333333333333,1,0,1,2,0,0,2,2,0,1,2,1,2,2,0,1,1,2
50133,50133,Hungría,2.0,6.0,1.0,7.0,3.0,4.0,2.0,3.0,5.0,2.0,3.0,2.0,1.0,2.0,7.0,5.0,5.0,8.0,4.0,2,1.0,7,1,1,3.142857142857143,1,3.0,1,1,3.0,1,2,1,2,0,3,0,0,1,0,0,0,0,2,0,1,1,0
31324,31324,Italia,5.0,5.0,7.0,6.0,3.0,4.0,4.0,3.0,5.0,6.0,5.0,3.0,2.0,2.0,7.0,5.0,6.0,5.0,8.0,1,1.0,4,2,0,4.285714285714286,2,3.6666666666666665,1,1,5.666666666666667,2,0,0,1,2,2,2,1,0,2,1,1,0,2,1,1,1,0
11973,11973,Alemania,9.0,9.0,3.0,5.0,4.0,5.0,5.0,5.0,4.0,4.0,4.0,4.0,4.0,4.0,9.0,0.0,0.0,0.0,9.0,0,2.0,1,2,0,4.714285714285714,2,5.0,2,2,7.0,2,2,0,0,1,1,2,2,2,0,1,1,1,1,0,1,1,1
59083,59083,Eslovaquia,5.0,1.0,1.0,2.0,3.0,4.0,5.0,5.0,5.0,5.0,5.0,5.0,5.0,5.0,10.0,5.0,5.0,8.0,10.0,2,2.0,8,2,1,5.714285714285714,2,4.666666666666667,2,1,2.333333333333333,0,0,0,1,1,0,2,2,0,0,1,1,1,1,1,1,1,1
61120,61120,Eslovaquia,4.0,4.0,5.0,5.0,2.0,6.0,5.0,6.0,3.0,5.0,6.0,4.0,5.0,4.0,4.0,5.0,6.0,5.0,7.0,2,2.0,8,2,0,4.428571428571429,2,5.666666666666667,2,1,4.333333333333333,1,1,1,2,2,1,1,0,0,1,2,1,2,2,1,1,1,0
48310,48310,Hungría,5.0,3.0,5.0,9.0,2.0,3.0,2.0,2.0,6.0,8.0,3.0,5.0,2.0,5.0,3.0,5.0,4.0,7.0,9.0,2,1.0,7,2,1,4.571428571428571,2,2.333333333333333,1,1,4.333333333333333,1,2,0,0,0,3,1,0,2,0,0,0,1,0,2,1,1,0
57580,57580,Eslovaquia,5.0,1.0,7.0,3.0,3.0,0.0,5.0,0.0,0.0,0.0,3.0,0.0,0.0,0.0,5.0,6.0,5.0,7.0,0.0,2,1.0,8,0,1,1.1428571428571428,0,1.6666666666666667,0,1,4.333333333333333,1,0,1,0,0,0,0,2,0,0,0,1,0,0,0,1,1,0
6003,6003,Bélgica,7.0,7.0,5.0,5.0,3.0,7.0,6.0,6.0,6.0,7.0,6.0,6.0,6.0,7.0,7.0,7.0,7.0,9.0,7.0,0,2.0,0,2,2,6.428571428571429,3,6.333333333333333,3,1,6.333333333333333,2,1,1,2,3,2,3,2,2,2,2,2,2,1,2,1,1,2
31385,31385,Italia,6.0,6.0,5.0,8.0,2.0,9.0,4.0,6.0,5.0,5.0,7.0,4.0,4.0,4.0,8.0,3.0,8.0,10.0,9.0,1,2.0,4,2,2,5.285714285714286,2,6.333333333333333,3,1,5.666666666666667,2,2,0,2,3,3,1,0,0,0,2,1,0,2,1,1,1,2
46719,46719,Hungría,5.0,9.0,9.0,10.0,4.0,5.0,5.0,0.0,10.0,5.0,5.0,0.0,0.0,0.0,9.0,0.0,0.0,5.0,0.0,2,1.0,7,0,0,4.142857142857143,2,3.333333333333333,1,2,7.666666666666667,3,2,1,0,0,3,1,2,2,2,0,1,0,2,1,1,1,0
13332,13332,Alemania,7.0,6.0,4.0,5.0,2.0,7.0,7.0,6.0,5.0,4.0,5.0,4.0,4.0,4.0,6.0,7.0,5.0,8.0,4.0,0,4.0,1,1,1,4.571428571428571,2,6.666666666666667,3,1,5.666666666666667,2,0,1,2,3,1,2,2,0,2,0,2,2,1,0,1,1,0
47707,47707,Hungría,0.0,3.0,0.0,0.0,2.0,2.0,4.0,1.0,1.0,2.0,5.0,1.0,0.0,1.0,10.0,0.0,0.0,3.0,3.0,2,1.0,7,0,0,2.857142857142857,1,2.333333333333333,1,1,1.0,0,0,1,0,0,0,0,0,0,0,0,1,0,0,0,1,1,0
30506,30506,Italia,3.0,3.0,4.0,2.0,3.0,2.0,3.0,3.0,4.0,4.0,3.0,3.0,3.0,3.0,4.0,2.0,3.0,3.0,1.0,1,1.0,4,0,0,3.4285714285714284,1,2.6666666666666665,1,1,3.333333333333333,1,0,1,0,0,0,0,0,0,1,0,0,1,2,0,1,1,2
8878,8878,Alemania,7.0,5.0,5.0,0.0,2.0,9.0,8.0,8.0,5.0,7.0,6.0,7.0,8.0,5.0,9.0,7.0,6.0,8.0,6.0,0,2.0,1,1,1,6.714285714285714,3,8.333333333333334,4,1,5.666666666666667,2,0,1,2,3,0,3,1,2,0,2,2,2,2,2,1,0,2
30821,30821,Italia,3.0,1.0,3.0,3.0,2.0,4.0,4.0,5.0,5.0,5.0,8.0,4.0,7.0,7.0,6.0,9.0,7.0,7.0,8.0,1,2.0,4,2,1,6.0,3,4.333333333333333,2,1,2.333333333333333,0,0,0,2,2,0,3,0,0,2,2,1,2,2,1,1,1,2
1979,1979,Bélgica,6.0,5.0,7.0,4.0,2.0,6.0,3.0,3.0,5.0,6.0,6.0,3.0,5.0,2.0,9.0,6.0,6.0,8.0,0.0,0,4.0,0,0,1,5.142857142857143,2,4.0,2,1,6.0,2,2,0,0,1,1,1,2,0,2,0,0,1,0,1,1,1,2
6382,6382,Bélgica,7.0,5.0,7.0,2.0,3.0,4.0,5.0,5.0,6.0,6.0,9.0,6.0,6.0,5.0,9.0,5.0,6.0,7.0,3.0,0,4.0,0,0,1,6.714285714285714,3,4.666666666666667,2,1,6.333333333333333,2,0,1,0,2,0,3,1,0,2,0,1,2,0,1,0,1,2
49124,49124,Hungría,5.0,1.0,1.0,5.0,4.0,6.0,0.0,0.0,10.0,9.0,1.0,1.0,0.0,8.0,4.0,5.0,5.0,10.0,6.0,2,1.0,7,1,2,4.714285714285714,2,2.0,1,2,2.333333333333333,0,1,1,0,0,2,2,2,0,0,1,0,0,2,2,1,1,0
44242,44242,Hungría,6.0,3.0,4.0,4.0,4.0,0.0,2.0,0.0,0.0,0.0,2.0,0.0,0.0,0.0,7.0,0.0,0.0,8.0,6.0,2,1.0,7,1,1,1.2857142857142858,0,0.6666666666666666,0,2,4.333333333333333,1,2,1,0,0,2,0,2,0,0,0,0,0,0,0,0,1,0
34021,34021,Portugal,9.0,5.0,0.0,0.0,4.0,2.0,2.0,3.0,1.0,1.0,1.0,1.0,1.0,1.0,9.0,2.0,2.0,4.0,2.0,1,2.0,5,0,0,2.142857142857143,1,2.333333333333333,1,2,4.666666666666667,1,0,1,0,0,0,0,2,2,0,0,0,2,0,0,1,1,0
39257,39257,Portugal,4.0,5.0,4.0,5.0,3.0,5.0,0.0,5.0,5.0,5.0,7.0,3.0,5.0,3.0,6.0,4.0,5.0,6.0,6.0,1,2.0,5,1,1,4.857142857142857,2,3.333333333333333,1,1,4.333333333333333,1,0,1,0,0,1,2,2,0,2,2,0,2,0,1,1,1,0
30122,30122,Italia,0.0,0.0,0.0,10.0,2.0,5.0,1.0,2.0,5.0,0.0,5.0,5.0,5.0,5.0,9.0,10.0,10.0,10.0,10.0,1,2.0,4,2,2,4.857142857142857,2,2.6666666666666665,1,1,0.0,0,2,0,0,0,3,2,0,0,0,0,0,2,0,0,1,1,2
49401,49401,Hungría,5.0,5.0,5.0,3.0,4.0,3.0,2.0,3.0,5.0,5.0,5.0,2.0,3.0,2.0,10.0,5.0,5.0,6.0,6.0,2,1.0,7,1,1,4.571428571428571,2,2.6666666666666665,1,2,5.0,2,0,1,0,0,0,2,0,1,2,0,0,2,2,1,1,1,0
15698,15698,Países Bajos,6.0,5.0,5.0,8.0,2.0,6.0,6.0,6.0,3.0,3.0,5.0,4.0,3.0,3.0,8.0,5.0,7.0,8.0,6.0,0,2.0,2,1,1,4.142857142857143,2,6.0,3,1,5.333333333333333,2,2,1,2,3,3,1,2,1,1,0,2,2,0,0,1,1,1
36650,36650,Portugal,5.0,7.0,0.0,5.0,3.0,3.0,0.0,5.0,0.0,5.0,5.0,0.0,0.0,0.0,9.0,5.0,4.0,8.0,5.0,1,2.0,5,1,1,2.7142857142857144,1,2.6666666666666665,1,1,4.0,1,2,1,0,0,2,0,0,2,0,1,0,2,0,1,1,1,0
36117,36117,Portugal,8.0,8.0,6.0,3.0,3.0,4.0,6.0,4.0,5.0,3.0,6.0,2.0,5.0,2.0,5.0,3.0,3.0,7.0,2.0,1,3.0,5,0,1,4.0,2,4.666666666666667,2,1,7.333333333333333,2,0,1,0,2,0,1,2,2,0,0,2,0,2,0,1,1,2
29827,29827,Italia,3.0,2.0,5.0,5.0,3.0,6.0,4.0,3.0,6.0,7.0,9.0,3.0,4.0,3.0,6.0,5.0,5.0,8.0,3.0,1,1.0,4,0,1,5.428571428571429,2,4.333333333333333,2,1,3.333333333333333,1,1,1,2,2,2,2,0,0,0,0,1,2,2,2,0,1,2
53151,53151,Hungría,0.0,6.0,6.0,5.0,3.0,10.0,8.0,6.0,6.0,8.0,7.0,0.0,6.0,0.0,8.0,0.0,6.0,8.0,0.0,2,2.0,7,0,1,5.0,2,8.0,4,1,4.0,1,2,0,2,3,2,1,0,0,1,2,2,0,0,2,1,1,1
23376,23376,España,7.0,8.0,8.0,2.0,2.0,5.0,4.0,4.0,6.0,5.0,8.0,5.0,6.0,5.0,7.0,5.0,7.0,7.0,5.0,1,3.0,3,1,1,6.0,3,4.333333333333333,2,1,7.666666666666667,3,0,1,0,2,0,3,2,2,2,0,1,2,2,1,1,1,1
26317,26317,España,1.0,8.0,0.0,4.0,3.0,3.0,3.0,5.0,5.0,3.0,6.0,3.0,4.0,2.0,7.0,10.0,9.0,10.0,0.0,1,2.0,3,0,2,4.285714285714286,2,3.6666666666666665,1,1,3.0,1,1,0,0,2,2,1,0,2,0,1,0,2,2,0,1,1,0
24050,24050,España,7.0,5.0,7.0,3.0,3.0,5.0,5.0,7.0,5.0,2.0,8.0,5.0,7.0,5.0,8.0,8.0,8.0,7.0,1.0,1,2.0,3,0,1,5.714285714285714,2,5.666666666666667,2,1,6.333333333333333,2,0,1,2,2,0,2,2,2,0,0,1,2,0,0,1,1,2
2504,2504,Bélgica,7.0,7.0,10.0,5.0,1.0,7.0,6.0,4.0,3.0,8.0,8.0,5.0,4.0,5.0,7.0,6.0,8.0,8.0,7.0,0,2.0,0,2,1,5.714285714285714,2,5.666666666666667,2,0,8.0,3,2,1,1,1,2,2,1,2,2,0,2,0,0,2,1,1,2
20960,20960,Países Bajos,4.0,4.0,3.0,6.0,2.0,8.0,7.0,7.0,4.0,5.0,6.0,6.0,6.0,6.0,8.0,7.0,5.0,8.0,5.0,0,2.0,2,1,1,5.857142857142857,2,7.333333333333333,3,1,3.6666666666666665,1,0,1,2,3,2,3,0,0,2,2,2,2,0,1,1,0,0
23822,23822,España,5.0,3.0,6.0,5.0,1.0,4.0,1.0,2.0,4.0,7.0,9.0,4.0,6.0,4.0,10.0,8.0,6.0,6.0,5.0,1,2.0,3,1,1,6.285714285714286,3,2.333333333333333,1,0,4.666666666666667,1,1,1,0,0,1,3,1,1,1,0,0,2,0,2,0,1,0
9705,9705,Alemania,7.0,4.0,5.0,6.0,1.0,7.0,9.0,4.0,4.0,8.0,9.0,5.0,8.0,4.0,8.0,7.0,7.0,9.0,9.0,0,2.0,1,2,2,6.571428571428571,3,6.666666666666667,3,0,5.333333333333333,2,1,0,2,3,2,3,2,0,1,0,2,1,0,2,0,1,2
12037,12037,Alemania,7.0,8.0,7.0,1.0,3.0,8.0,9.0,8.0,8.0,7.0,7.0,7.0,8.0,9.0,8.0,8.0,7.0,7.0,2.0,0,2.0,1,0,1,7.714285714285714,3,8.333333333333334,4,1,7.333333333333333,2,0,1,2,3,0,3,2,2,0,2,2,2,2,2,1,0,2
32500,32500,Italia,7.0,7.0,7.0,8.0,3.0,3.0,2.0,2.0,5.0,5.0,7.0,3.0,5.0,5.0,7.0,3.0,4.0,7.0,6.0,1,2.0,4,1,1,5.285714285714286,2,2.333333333333333,1,1,7.0,2,2,1,0,0,3,1,2,2,1,1,0,2,2,1,1,1,2
1676,1676,Bélgica,5.0,3.0,2.0,2.0,2.0,9.0,0.0,5.0,5.0,5.0,8.0,4.0,4.0,4.0,7.0,8.0,8.0,9.0,10.0,0,2.0,0,2,2,5.285714285714286,2,4.666666666666667,2,1,3.333333333333333,1,0,0,1,2,0,1,0,2,0,2,0,0,0,1,1,1,0
41969,41969,Croacia,3.0,2.0,2.0,4.0,4.0,5.0,1.0,1.0,8.0,3.0,5.0,0.0,3.0,0.0,9.0,0.0,0.0,8.0,4.0,1,2.0,6,1,1,4.0,2,2.333333333333333,1,2,2.333333333333333,0,1,1,0,0,2,1,0,0,0,0,0,0,2,0,1,1,0
40672,40672,Croacia,7.0,7.0,7.0,5.0,2.0,2.0,3.0,0.0,3.0,0.0,2.0,2.0,0.0,2.0,7.0,5.0,5.0,10.0,5.0,1,2.0,6,1,2,2.2857142857142856,1,1.6666666666666667,0,1,7.0,2,0,1,0,0,2,0,0,2,0,0,0,0,0,0,1,1,0
45571,45571,Hungría,6.0,7.0,7.0,3.0,4.0,8.0,7.0,7.0,6.0,10.0,10.0,4.0,6.0,3.0,9.0,5.0,4.0,6.0,8.0,2,2.0,7,2,1,6.857142857142857,3,7.333333333333333,3,2,6.666666666666667,2,0,0,2,3,0,3,2,2,2,2,2,2,0,2,0,1,0
35935,35935,Portugal,8.0,1.0,5.0,0.0,3.0,2.0,1.0,0.0,0.0,2.0,4.0,0.0,2.0,1.0,9.0,6.0,6.0,7.0,0.0,1,1.0,5,0,1,2.571428571428572,1,1.0,0,1,4.666666666666667,1,0,1,0,0,0,0,2,0,2,0,0,0,0,0,1,1,0
18432,18432,Países Bajos,7.0,5.0,8.0,5.0,3.0,8.0,7.0,6.0,7.0,7.0,7.0,6.0,6.0,6.0,7.0,7.0,6.0,7.0,0.0,0,3.0,2,0,1,6.571428571428571,3,7.0,3,1,6.666666666666667,2,2,1,2,3,1,3,0,2,2,2,2,0,2,2,1,1,2
20474,20474,Países Bajos,3.0,4.0,5.0,7.0,2.0,5.0,6.0,5.0,6.0,4.0,4.0,3.0,4.0,5.0,5.0,5.0,5.0,9.0,0.0,0,1.0,2,0,2,4.428571428571429,2,5.333333333333333,2,1,4.0,1,2,1,0,1,3,1,0,2,1,2,2,0,1,0,1,1,2
33280,33280,Italia,6.0,6.0,6.0,0.0,2.0,5.0,4.0,5.0,1.0,5.0,5.0,2.0,3.0,2.0,8.0,7.0,3.0,7.0,3.0,1,2.0,4,0,1,3.7142857142857135,1,4.666666666666667,2,1,6.0,2,0,1,2,1,0,0,2,1,2,0,1,0,0,1,1,1,1
49624,49624,Hungría,5.0,6.0,5.0,8.0,2.0,3.0,5.0,2.0,6.0,4.0,9.0,1.0,2.0,2.0,4.0,5.0,7.0,9.0,5.0,2,1.0,7,1,2,4.0,2,3.333333333333333,1,1,5.333333333333333,2,2,1,1,0,3,1,1,2,1,2,1,0,2,0,0,1,0
5372,5372,Bélgica,7.0,7.0,7.0,8.0,3.0,6.0,8.0,6.0,6.0,7.0,8.0,6.0,5.0,6.0,7.0,7.0,6.0,8.0,7.0,0,1.0,0,2,1,6.428571428571429,3,6.666666666666667,3,1,7.0,2,2,1,2,3,3,3,2,2,1,1,2,2,0,2,1,0,2
24970,24970,España,7.0,6.0,5.0,2.0,1.0,7.0,6.0,8.0,8.0,8.0,8.0,7.0,8.0,7.0,5.0,6.0,5.0,8.0,3.0,1,2.0,3,0,1,7.285714285714286,3,7.0,3,0,6.0,2,0,1,2,3,0,3,0,2,2,0,2,2,2,2,1,0,2
29074,29074,Italia,6.0,5.0,9.0,5.0,2.0,5.0,6.0,4.0,8.0,8.0,10.0,5.0,8.0,5.0,5.0,6.0,7.0,7.0,10.0,1,2.0,4,2,1,7.0,3,5.0,2,1,6.666666666666667,2,2,0,0,1,2,3,2,2,2,2,2,2,2,2,0,1,2
16785,16785,Países Bajos,5.0,6.0,3.0,5.0,1.0,8.0,6.0,5.0,7.0,4.0,6.0,5.0,7.0,6.0,7.0,4.0,3.0,7.0,7.0,0,1.0,2,2,1,6.0,3,6.333333333333333,3,0,4.666666666666667,1,1,1,2,3,1,3,2,0,0,2,2,2,2,0,1,1,2
47333,47333,Hungría,1.0,8.0,8.0,3.0,2.0,7.0,5.0,6.0,5.0,3.0,5.0,5.0,7.0,5.0,10.0,7.0,5.0,7.0,3.0,2,1.0,7,0,1,5.714285714285714,2,6.0,3,1,5.666666666666667,2,0,1,2,3,0,1,0,2,2,0,1,1,2,0,1,1,2
1787,1787,Bélgica,3.0,6.0,7.0,7.0,3.0,5.0,5.0,2.0,7.0,7.0,7.0,2.0,3.0,2.0,7.0,0.0,0.0,8.0,7.0,0,2.0,0,2,1,5.0,2,4.0,2,1,5.333333333333333,2,2,1,2,2,3,1,0,1,1,1,1,2,2,2,1,1,0
14817,14817,Países Bajos,7.0,5.0,7.0,10.0,2.0,6.0,8.0,7.0,3.0,8.0,8.0,7.0,7.0,7.0,8.0,5.0,3.0,9.0,8.0,0,2.0,2,2,2,6.857142857142857,3,7.0,3,1,6.333333333333333,2,2,0,2,3,3,3,2,0,0,0,2,2,2,2,1,0,2
45952,45952,Hungría,7.0,3.0,5.0,10.0,3.0,9.0,7.0,9.0,8.0,7.0,4.0,5.0,10.0,5.0,10.0,5.0,5.0,9.0,8.0,2,1.0,7,2,2,7.0,3,8.333333333333334,4,1,5.0,2,2,0,2,3,3,3,1,2,0,2,2,2,2,2,1,1,2
34312,34312,Portugal,4.0,3.0,5.0,7.0,3.0,7.0,4.0,4.0,6.0,5.0,6.0,4.0,6.0,4.0,7.0,8.0,6.0,7.0,5.0,1,2.0,5,1,1,5.428571428571429,2,5.0,2,1,4.0,1,2,1,0,2,3,2,0,1,0,0,1,0,2,1,1,1,1
38524,38524,Portugal,6.0,6.0,5.0,4.0,2.0,5.0,5.0,3.0,2.0,6.0,8.0,2.0,4.0,2.0,6.0,3.0,3.0,7.0,8.0,1,1.0,5,2,1,4.285714285714286,2,4.333333333333333,2,1,5.666666666666667,2,2,1,0,2,1,1,2,1,1,2,1,2,0,1,1,1,0
13578,13578,Alemania,6.0,6.0,6.0,5.0,3.0,7.0,7.0,7.0,6.0,8.0,8.0,4.0,6.0,5.0,7.0,6.0,5.0,8.0,7.0,0,2.0,1,2,1,6.285714285714286,3,7.0,3,1,6.0,2,2,1,2,3,1,3,2,0,2,1,2,2,2,2,1,1,2
35220,35220,Portugal,4.0,5.0,3.0,8.0,3.0,4.0,3.0,3.0,7.0,7.0,7.0,1.0,4.0,1.0,8.0,8.0,4.0,8.0,8.0,1,2.0,5,2,1,5.0,2,3.333333333333333,1,1,4.0,1,2,0,0,0,3,1,1,2,2,2,0,2,2,2,1,1,0
53378,53378,Hungría,4.0,4.0,5.0,5.0,3.0,6.0,5.0,6.0,6.0,4.0,5.0,6.0,6.0,5.0,6.0,6.0,5.0,5.0,6.0,2,2.0,7,1,0,5.428571428571429,2,5.666666666666667,2,1,4.333333333333333,1,0,1,0,2,1,1,0,0,2,0,1,1,0,0,1,1,2
22968,22968,España,6.0,10.0,7.0,4.0,2.0,6.0,5.0,5.0,4.0,6.0,6.0,3.0,5.0,3.0,8.0,10.0,10.0,7.0,0.0,1,3.0,3,0,1,5.0,2,5.333333333333333,2,1,7.666666666666667,3,0,1,2,2,2,1,2,2,0,0,1,0,2,1,1,1,2
14502,14502,Países Bajos,8.0,6.0,8.0,3.0,2.0,7.0,6.0,1.0,7.0,7.0,7.0,6.0,7.0,6.0,7.0,6.0,5.0,8.0,6.0,0,2.0,2,1,1,6.714285714285714,3,4.666666666666667,2,1,7.333333333333333,2,0,1,1,1,0,3,2,2,2,0,2,0,2,2,1,0,2
4202,4202,Bélgica,4.0,5.0,3.0,2.0,1.0,5.0,5.0,4.0,5.0,5.0,7.0,3.0,4.0,2.0,8.0,5.0,5.0,7.0,5.0,0,1.0,0,1,1,4.857142857142857,2,4.666666666666667,2,0,4.0,1,0,1,0,2,0,1,1,0,0,2,1,2,2,1,1,1,2
6930,6930,Bélgica,8.0,6.0,7.0,7.0,1.0,3.0,3.0,1.0,8.0,8.0,9.0,7.0,8.0,5.0,8.0,8.0,4.0,9.0,8.0,0,1.0,0,2,2,7.571428571428571,3,2.333333333333333,1,0,7.0,2,2,0,0,0,3,3,2,1,0,2,0,0,2,2,0,0,2
51465,51465,Hungría,5.0,5.0,6.0,0.0,1.0,0.0,0.0,0.0,10.0,6.0,8.0,5.0,1.0,5.0,8.0,4.0,4.0,9.0,7.0,2,1.0,7,2,2,6.142857142857143,3,0.0,0,0,5.333333333333333,2,0,1,0,0,0,3,0,0,2,0,0,0,2,1,1,1,0
53954,53954,Eslovaquia,4.0,1.0,2.0,4.0,1.0,4.0,6.0,6.0,3.0,1.0,3.0,1.0,1.0,1.0,7.0,5.0,7.0,7.0,5.0,2,1.0,8,1,1,2.4285714285714284,1,5.333333333333333,2,0,2.333333333333333,0,1,1,0,1,2,0,2,0,0,1,2,1,0,0,1,1,0
42592,42592,Croacia,2.0,2.0,3.0,5.0,1.0,9.0,3.0,0.0,7.0,7.0,7.0,1.0,4.0,0.0,0.0,3.0,5.0,7.0,8.0,1,1.0,6,2,1,3.7142857142857135,1,4.0,2,0,2.333333333333333,0,0,0,0,1,2,0,0,0,0,2,0,0,2,2,1,0,2
49502,49502,Hungría,7.0,2.0,3.0,5.0,4.0,5.0,5.0,0.0,4.0,2.0,4.0,4.0,0.0,1.0,9.0,3.0,4.0,7.0,5.0,2,1.0,7,1,1,3.4285714285714284,1,3.333333333333333,1,2,4.0,1,2,1,0,0,1,0,2,0,0,2,1,0,0,0,0,1,0
44539,44539,Hungría,4.0,4.0,3.0,7.0,3.0,7.0,3.0,4.0,4.0,6.0,7.0,2.0,6.0,4.0,5.0,5.0,5.0,8.0,5.0,2,2.0,7,1,1,4.857142857142857,2,4.666666666666667,2,1,3.6666666666666665,1,2,1,0,2,3,2,1,0,0,0,0,0,0,1,1,1,1
10999,10999,Alemania,9.0,9.0,5.0,4.0,1.0,9.0,4.0,6.0,4.0,8.0,6.0,4.0,5.0,5.0,3.0,6.0,7.0,7.0,3.0,0,3.0,1,0,1,5.0,2,6.333333333333333,3,0,7.666666666666667,3,2,1,2,3,2,1,2,2,0,2,1,0,2,2,1,1,2
38200,38200,Portugal,6.0,3.0,2.0,5.0,3.0,3.0,3.0,6.0,0.0,1.0,6.0,1.0,1.0,1.0,10.0,4.0,5.0,8.0,9.0,1,1.0,5,2,1,2.857142857142857,1,4.0,2,1,3.6666666666666665,1,2,0,0,1,1,0,2,2,0,0,0,0,0,0,1,1,0
45479,45479,Hungría,4.0,5.0,4.0,5.0,2.0,3.0,2.0,2.0,7.0,5.0,10.0,7.0,5.0,7.0,8.0,5.0,5.0,5.0,5.0,2,1.0,7,1,0,7.0,3,2.333333333333333,1,1,4.333333333333333,1,2,1,0,0,2,3,1,0,1,0,0,0,2,1,0,1,2
18174,18174,Países Bajos,5.0,6.0,5.0,7.0,4.0,2.0,7.0,3.0,6.0,8.0,6.0,6.0,4.0,3.0,2.0,4.0,5.0,7.0,4.0,0,4.0,2,1,1,5.0,2,4.0,2,2,5.333333333333333,2,2,1,2,2,3,1,2,0,0,0,2,0,0,2,1,0,0
55306,55306,Eslovaquia,3.0,3.0,5.0,6.0,3.0,5.0,5.0,5.0,7.0,7.0,7.0,3.0,5.0,4.0,7.0,7.0,5.0,7.0,8.0,2,2.0,8,2,1,5.714285714285714,2,5.0,2,1,3.6666666666666665,1,1,1,2,2,1,1,0,0,2,2,1,2,2,2,1,1,2
52433,52433,Hungría,5.0,5.0,3.0,4.0,4.0,4.0,4.0,4.0,4.0,6.0,3.0,0.0,1.0,2.0,7.0,4.0,7.0,5.0,3.0,2,1.0,7,0,0,3.2857142857142856,1,4.0,2,2,4.333333333333333,1,0,1,2,1,2,0,0,0,2,0,1,2,0,1,1,0,0
34904,34904,Portugal,2.0,4.0,2.0,7.0,2.0,6.0,5.0,4.0,2.0,3.0,4.0,2.0,3.0,2.0,6.0,7.0,7.0,6.0,9.0,1,1.0,5,2,1,3.142857142857143,1,5.0,2,1,2.6666666666666665,1,2,0,2,1,3,0,0,1,0,2,1,2,0,0,1,1,0
31026,31026,Italia,7.0,7.0,7.0,3.0,4.0,6.0,5.0,5.0,6.0,3.0,7.0,4.0,4.0,4.0,8.0,6.0,3.0,7.0,7.0,1,1.0,4,2,1,5.142857142857143,2,5.333333333333333,2,2,7.0,2,0,1,2,2,0,2,0,2,1,2,1,2,2,0,1,1,2
11005,11005,Alemania,6.0,8.0,5.0,3.0,3.0,3.0,3.0,0.0,4.0,7.0,10.0,5.0,5.0,5.0,6.0,7.0,5.0,6.0,2.0,0,3.0,1,0,1,6.0,3,2.0,1,1,6.333333333333333,2,0,1,0,0,0,3,2,2,2,2,0,0,0,2,0,1,0
31043,31043,Italia,5.0,3.0,5.0,5.0,2.0,0.0,0.0,0.0,3.0,2.0,2.0,0.0,0.0,0.0,8.0,1.0,0.0,6.0,7.0,1,2.0,4,2,1,2.142857142857143,1,0.0,0,1,4.333333333333333,1,0,1,0,0,1,0,1,0,0,0,0,0,2,0,1,1,0
25956,25956,España,7.0,3.0,5.0,4.0,3.0,9.0,7.0,7.0,10.0,5.0,10.0,7.0,7.0,7.0,7.0,3.0,10.0,10.0,5.0,1,3.0,3,1,2,7.571428571428571,3,7.666666666666667,3,1,5.0,2,1,1,2,3,1,3,0,0,2,2,2,2,2,1,0,1,2
50379,50379,Hungría,8.0,7.0,7.0,8.0,2.0,7.0,6.0,7.0,8.0,7.0,7.0,6.0,8.0,7.0,5.0,7.0,5.0,10.0,7.0,2,2.0,7,2,2,6.857142857142857,3,6.666666666666667,3,1,7.333333333333333,2,2,1,2,3,3,3,2,2,1,0,2,2,2,2,1,0,2
4684,4684,Bélgica,2.0,4.0,1.0,5.0,2.0,1.0,7.0,2.0,1.0,5.0,5.0,1.0,1.0,2.0,8.0,8.0,5.0,8.0,5.0,0,3.0,0,1,1,3.2857142857142856,1,3.333333333333333,1,1,2.333333333333333,0,0,1,2,0,2,0,0,2,0,0,2,2,0,1,1,0,0
54012,54012,Eslovaquia,5.0,2.0,1.0,4.0,1.0,2.0,4.0,2.0,0.0,1.0,1.0,2.0,0.0,1.0,0.0,1.0,4.0,7.0,0.0,2,2.0,8,0,1,0.7142857142857143,0,2.6666666666666665,1,0,2.6666666666666665,1,0,1,0,0,1,0,2,0,0,0,1,2,0,0,0,1,0
55156,55156,Eslovaquia,5.0,2.0,4.0,8.0,2.0,5.0,5.0,3.0,2.0,4.0,7.0,4.0,6.0,1.0,9.0,5.0,5.0,5.0,3.0,2,4.0,8,0,0,4.714285714285714,2,4.333333333333333,2,1,3.6666666666666665,1,2,1,1,2,3,2,2,0,2,2,1,2,0,0,1,1,2
7590,7590,Alemania,5.0,5.0,3.0,5.0,3.0,6.0,7.0,5.0,6.0,4.0,9.0,4.0,5.0,2.0,3.0,5.0,5.0,10.0,4.0,0,1.0,1,1,2,4.714285714285714,2,6.0,3,1,4.333333333333333,1,0,1,0,3,1,2,2,0,0,2,2,2,1,0,0,1,0
58229,58229,Eslovaquia,4.0,6.0,5.0,4.0,3.0,5.0,4.0,4.0,6.0,4.0,6.0,5.0,5.0,5.0,2.0,3.0,3.0,7.0,8.0,2,3.0,8,2,1,4.714285714285714,2,4.333333333333333,2,1,5.0,2,2,0,2,2,2,2,2,0,0,2,1,2,0,0,1,1,1
16331,16331,Países Bajos,6.0,3.0,8.0,7.0,3.0,7.0,6.0,4.0,5.0,3.0,7.0,4.0,7.0,6.0,6.0,2.0,5.0,7.0,7.0,0,2.0,2,2,1,5.428571428571429,2,5.666666666666667,2,1,5.666666666666667,2,2,1,0,1,3,1,1,2,2,1,2,0,0,0,1,1,2
14077,14077,Países Bajos,6.0,4.0,8.0,6.0,2.0,7.0,5.0,7.0,4.0,7.0,7.0,4.0,5.0,7.0,5.0,7.0,5.0,10.0,1.0,0,4.0,2,0,2,5.571428571428571,2,6.333333333333333,3,1,6.0,2,0,1,2,3,1,2,0,0,2,2,1,2,1,2,1,1,0
53377,53377,Hungría,7.0,5.0,7.0,6.0,3.0,7.0,6.0,7.0,7.0,8.0,8.0,4.0,4.0,4.0,8.0,6.0,6.0,7.0,0.0,2,1.0,7,0,1,6.142857142857143,3,6.666666666666667,3,1,6.333333333333333,2,1,1,2,3,2,3,2,2,2,2,2,2,2,2,1,1,1
56211,56211,Eslovaquia,6.0,6.0,6.0,6.0,3.0,6.0,7.0,6.0,6.0,7.0,7.0,4.0,6.0,4.0,9.0,5.0,6.0,8.0,5.0,2,2.0,8,1,1,6.142857142857143,3,6.333333333333333,3,1,6.0,2,1,1,2,3,2,3,0,1,0,0,2,2,0,2,1,1,1
58296,58296,Eslovaquia,5.0,2.0,5.0,5.0,4.0,6.0,1.0,1.0,2.0,2.0,3.0,2.0,2.0,2.0,4.0,3.0,3.0,5.0,6.0,2,1.0,8,1,0,2.4285714285714284,1,2.6666666666666665,1,2,4.0,1,0,1,0,0,2,0,0,0,0,2,0,0,0,0,0,1,0
15597,15597,Países Bajos,8.0,7.0,6.0,3.0,2.0,7.0,5.0,6.0,5.0,8.0,7.0,6.0,6.0,6.0,8.0,8.0,8.0,8.0,6.0,0,2.0,2,1,1,6.571428571428571,3,6.0,3,1,7.0,2,0,1,0,3,0,3,2,2,0,2,1,2,0,2,1,0,2
10744,10744,Alemania,7.0,4.0,6.0,4.0,2.0,7.0,7.0,8.0,6.0,8.0,9.0,6.0,8.0,7.0,7.0,6.0,5.0,8.0,2.0,0,2.0,1,0,1,7.285714285714286,3,7.333333333333333,3,1,5.666666666666667,2,1,1,2,3,1,3,0,2,2,0,2,2,0,2,0,1,2
11849,11849,Alemania,7.0,7.0,7.0,10.0,2.0,10.0,5.0,10.0,10.0,3.0,10.0,10.0,3.0,10.0,10.0,10.0,10.0,10.0,7.0,0,2.0,1,2,2,8.0,4,8.333333333333334,4,1,7.0,2,2,1,2,3,3,3,0,2,2,2,1,2,2,0,0,0,0
58383,58383,Eslovaquia,10.0,6.0,0.0,5.0,4.0,8.0,7.0,5.0,6.0,6.0,6.0,5.0,6.0,5.0,8.0,0.0,5.0,10.0,10.0,2,1.0,8,2,2,6.0,3,6.666666666666667,3,2,5.333333333333333,2,2,1,2,3,1,3,2,0,0,2,2,2,1,1,1,1,0
34648,34648,Portugal,6.0,5.0,6.0,7.0,3.0,5.0,7.0,6.0,6.0,6.0,7.0,6.0,5.0,7.0,7.0,6.0,6.0,5.0,7.0,1,1.0,5,2,0,6.285714285714286,3,6.0,3,1,5.666666666666667,2,2,1,1,3,3,3,2,2,1,2,2,0,2,1,1,0,0
30790,30790,Italia,4.0,4.0,3.0,5.0,4.0,1.0,2.0,1.0,3.0,3.0,3.0,3.0,3.0,1.0,8.0,2.0,1.0,4.0,6.0,1,3.0,4,1,0,3.4285714285714284,1,1.3333333333333333,0,2,3.6666666666666665,1,2,1,0,0,2,0,0,2,1,0,0,0,2,0,1,1,0
23337,23337,España,0.0,1.0,10.0,5.0,4.0,0.0,0.0,0.0,2.0,0.0,0.0,0.0,0.0,0.0,5.0,0.0,0.0,4.0,5.0,1,2.0,3,1,0,1.0,0,0.0,0,2,3.6666666666666665,1,2,1,0,0,1,0,0,0,2,0,0,0,0,0,1,1,0
34012,34012,Portugal,3.0,0.0,2.0,5.0,3.0,2.0,0.0,0.0,5.0,2.0,5.0,0.0,2.0,0.0,4.0,6.0,0.0,4.0,5.0,1,3.0,5,1,0,2.571428571428572,1,0.6666666666666666,0,1,1.6666666666666667,0,2,1,0,0,1,0,0,0,0,0,0,0,2,0,1,1,0
36975,36975,Portugal,8.0,5.0,8.0,3.0,2.0,3.0,1.0,1.0,6.0,0.0,4.0,0.0,1.0,0.0,7.0,4.0,4.0,6.0,0.0,1,2.0,5,0,1,2.571428571428572,1,1.6666666666666667,0,1,7.0,2,0,1,0,0,0,0,2,2,2,1,0,0,0,0,0,1,0
16477,16477,Países Bajos,6.0,3.0,7.0,3.0,3.0,3.0,4.0,4.0,4.0,3.0,2.0,3.0,4.0,4.0,9.0,6.0,7.0,8.0,7.0,0,4.0,2,2,1,4.142857142857143,2,3.6666666666666665,1,1,5.333333333333333,2,0,1,0,2,0,2,2,1,1,1,1,0,0,0,0,1,1
32016,32016,Italia,7.0,6.0,6.0,6.0,2.0,6.0,4.0,6.0,5.0,6.0,7.0,5.0,5.0,5.0,8.0,5.0,5.0,7.0,6.0,1,3.0,4,1,1,5.857142857142857,2,5.333333333333333,2,1,6.333333333333333,2,2,1,0,2,2,3,2,0,0,2,1,0,2,1,1,1,1
56295,56295,Eslovaquia,4.0,4.0,3.0,3.0,3.0,4.0,3.0,3.0,7.0,5.0,4.0,2.0,4.0,3.0,8.0,5.0,5.0,2.0,6.0,2,2.0,8,1,0,4.714285714285714,2,3.333333333333333,1,1,3.6666666666666665,1,0,1,0,0,0,1,1,1,2,2,0,2,2,1,1,1,0
29085,29085,Italia,4.0,4.0,5.0,4.0,3.0,4.0,3.0,2.0,6.0,8.0,8.0,4.0,5.0,3.0,5.0,6.0,6.0,9.0,5.0,1,1.0,4,1,2,5.571428571428571,2,3.0,1,1,4.333333333333333,1,2,1,2,0,2,2,2,1,0,1,0,2,1,2,1,1,0
46047,46047,Hungría,7.0,8.0,6.0,4.0,3.0,7.0,7.0,6.0,6.0,6.0,6.0,5.0,6.0,8.0,6.0,6.0,7.0,7.0,7.0,2,3.0,7,2,1,6.142857142857143,3,6.666666666666667,3,1,7.0,2,2,1,2,3,1,3,2,2,0,0,2,0,2,1,1,1,2
28166,28166,Italia,4.0,4.0,3.0,8.0,4.0,1.0,1.0,6.0,2.0,2.0,7.0,0.0,2.0,0.0,4.0,3.0,5.0,7.0,8.0,1,1.0,4,2,1,2.4285714285714284,1,2.6666666666666665,1,2,3.6666666666666665,1,2,0,0,0,3,0,2,0,2,0,0,2,0,0,1,1,0
15785,15785,Países Bajos,7.0,6.0,8.0,7.0,2.0,8.0,8.0,8.0,6.0,7.0,7.0,7.0,7.0,6.0,9.0,5.0,6.0,9.0,0.0,0,1.0,2,0,2,7.0,3,8.0,4,1,7.0,2,2,1,2,3,3,3,0,0,2,2,2,2,0,2,1,1,2
1752,1752,Bélgica,4.0,5.0,4.0,1.0,2.0,7.0,6.0,7.0,5.0,7.0,8.0,7.0,5.0,5.0,8.0,7.0,5.0,7.0,5.0,0,2.0,0,1,1,6.428571428571429,3,6.666666666666667,3,1,4.333333333333333,1,0,1,2,3,0,3,0,2,2,1,2,2,2,2,1,0,1
47343,47343,Hungría,8.0,6.0,6.0,6.0,2.0,3.0,2.0,4.0,4.0,5.0,3.0,3.0,3.0,0.0,7.0,5.0,5.0,5.0,5.0,2,1.0,7,1,0,3.571428571428572,1,3.0,1,1,6.666666666666667,2,1,1,0,0,2,0,2,0,2,0,0,1,2,1,1,1,0
51809,51809,Hungría,3.0,2.0,2.0,5.0,4.0,1.0,2.0,3.0,5.0,1.0,4.0,1.0,3.0,1.0,6.0,1.0,1.0,2.0,0.0,2,1.0,7,0,0,3.0,1,2.0,1,2,2.333333333333333,0,0,0,0,0,1,0,0,0,0,0,0,2,0,0,0,1,0
20416,20416,Países Bajos,6.0,4.0,4.0,3.0,2.0,7.0,4.0,5.0,6.0,7.0,7.0,6.0,5.0,5.0,8.0,7.0,6.0,8.0,4.0,0,3.0,2,1,1,6.285714285714286,3,5.333333333333333,2,1,4.666666666666667,1,0,1,2,2,0,3,2,0,2,2,1,0,2,2,1,0,2
34105,34105,Portugal,2.0,0.0,2.0,5.0,4.0,2.0,4.0,2.0,3.0,6.0,8.0,3.0,2.0,3.0,10.0,2.0,2.0,4.0,5.0,1,2.0,5,1,0,5.0,2,2.6666666666666665,1,2,1.3333333333333333,0,0,1,0,0,2,1,0,0,0,0,1,0,2,1,1,1,0
45632,45632,Hungría,9.0,7.0,8.0,1.0,2.0,1.0,1.0,1.0,8.0,1.0,2.0,0.0,0.0,3.0,8.0,10.0,10.0,5.0,7.0,2,1.0,7,2,0,3.142857142857143,1,1.0,0,1,8.0,3,0,1,0,0,0,0,2,2,2,0,0,0,2,0,1,1,0
25733,25733,España,7.0,6.0,7.0,3.0,3.0,3.0,6.0,4.0,1.0,6.0,7.0,4.0,3.0,1.0,5.0,7.0,7.0,8.0,0.0,1,2.0,3,0,1,3.857142857142857,1,4.333333333333333,2,1,6.666666666666667,2,0,1,2,2,0,0,2,0,2,0,2,0,0,1,1,1,2
21584,21584,España,5.0,5.0,5.0,5.0,2.0,3.0,2.0,5.0,5.0,4.0,7.0,2.0,3.0,2.0,4.0,5.0,2.0,8.0,2.0,1,3.0,3,0,1,3.857142857142857,1,3.333333333333333,1,1,5.0,2,2,1,1,0,2,0,0,2,2,2,0,2,0,0,1,1,1
34597,34597,Portugal,5.0,4.0,0.0,2.0,2.0,3.0,3.0,3.0,4.0,3.0,3.0,1.0,1.0,1.0,2.0,4.0,5.0,6.0,2.0,1,4.0,5,0,1,2.142857142857143,1,3.0,1,1,3.0,1,0,1,2,0,0,0,0,0,0,2,0,2,1,0,1,0,0
61683,61683,Eslovaquia,3.0,6.0,5.0,5.0,3.0,2.0,7.0,2.0,0.0,2.0,0.0,0.0,0.0,0.0,5.0,0.0,0.0,8.0,4.0,2,2.0,8,1,1,1.0,0,3.6666666666666665,1,1,4.666666666666667,1,1,1,0,1,1,0,0,1,2,0,2,2,0,0,1,1,0
33294,33294,Italia,8.0,5.0,5.0,7.0,2.0,8.0,4.0,3.0,6.0,9.0,9.0,3.0,3.0,0.0,3.0,8.0,5.0,7.0,5.0,1,1.0,4,1,1,4.714285714285714,2,5.0,2,1,6.0,2,2,1,0,2,3,2,2,0,2,2,1,2,0,2,0,1,0
48109,48109,Hungría,0.0,2.0,0.0,10.0,4.0,6.0,4.0,0.0,0.0,5.0,3.0,0.0,0.0,0.0,8.0,0.0,0.0,5.0,0.0,2,1.0,7,0,0,2.2857142857142856,1,3.333333333333333,1,2,0.6666666666666666,0,2,1,2,0,3,0,0,0,0,2,1,0,0,1,0,1,0
11432,11432,Alemania,8.0,7.0,6.0,2.0,3.0,5.0,4.0,6.0,5.0,8.0,7.0,4.0,5.0,3.0,7.0,6.0,6.0,6.0,2.0,0,3.0,1,0,1,5.571428571428571,2,5.0,2,1,7.0,2,0,1,2,1,0,2,2,2,1,1,1,0,0,2,1,1,2
44068,44068,Hungría,7.0,5.0,7.0,7.0,2.0,6.0,7.0,6.0,8.0,8.0,8.0,7.0,7.0,7.0,7.0,6.0,4.0,7.0,0.0,2,1.0,7,0,1,7.428571428571429,3,6.333333333333333,3,1,6.333333333333333,2,2,0,2,3,3,3,0,2,2,0,2,1,2,2,1,0,2
16760,16760,Países Bajos,4.0,7.0,6.0,2.0,3.0,3.0,5.0,2.0,2.0,5.0,5.0,3.0,3.0,3.0,7.0,7.0,5.0,8.0,0.0,0,2.0,2,0,1,4.0,2,3.333333333333333,1,1,5.666666666666667,2,0,1,0,0,0,1,2,2,0,2,1,0,0,1,1,1,1
61044,61044,Eslovaquia,7.0,1.0,2.0,4.0,2.0,0.0,0.0,4.0,7.0,8.0,9.0,7.0,7.0,7.0,10.0,0.0,0.0,7.0,4.0,2,1.0,8,1,1,7.857142857142857,3,1.3333333333333333,0,1,3.333333333333333,1,2,1,0,0,1,3,0,0,0,0,0,0,2,2,0,0,2
30527,30527,Italia,6.0,3.0,8.0,3.0,3.0,5.0,2.0,3.0,7.0,2.0,6.0,2.0,4.0,4.0,8.0,2.0,2.0,4.0,6.0,1,1.0,4,1,0,4.714285714285714,2,3.333333333333333,1,1,5.666666666666667,2,0,1,0,0,0,1,2,0,2,2,0,2,2,0,1,1,2
13927,13927,Alemania,9.0,5.0,8.0,7.0,2.0,7.0,8.0,5.0,0.0,3.0,5.0,4.0,5.0,2.0,8.0,5.0,3.0,8.0,1.0,0,2.0,1,0,1,3.857142857142857,1,6.666666666666667,3,1,7.333333333333333,2,2,1,2,3,3,0,2,1,2,0,2,2,0,0,1,1,0
62243,62243,Eslovaquia,5.0,3.0,5.0,5.0,4.0,2.0,1.0,1.0,5.0,2.0,3.0,1.0,0.0,2.0,4.0,3.0,3.0,7.0,8.0,2,1.0,8,2,1,2.4285714285714284,1,1.3333333333333333,0,2,4.333333333333333,1,0,1,0,0,2,0,2,2,1,0,0,0,2,0,0,1,0
11465,11465,Alemania,6.0,6.0,4.0,5.0,1.0,4.0,8.0,3.0,2.0,3.0,3.0,2.0,5.0,3.0,4.0,3.0,5.0,4.0,7.0,0,2.0,1,2,0,3.142857142857143,1,5.0,2,0,5.333333333333333,2,0,1,0,2,1,0,0,2,2,2,2,2,0,0,1,1,2
24301,24301,España,6.0,0.0,5.0,8.0,3.0,10.0,7.0,5.0,7.0,6.0,8.0,7.0,6.0,7.0,6.0,2.0,3.0,8.0,7.0,1,4.0,3,2,1,6.714285714285714,3,7.333333333333333,3,1,3.6666666666666665,1,2,1,2,3,3,3,1,0,0,2,2,2,2,1,1,1,0
25634,25634,España,0.0,3.0,7.0,3.0,3.0,6.0,4.0,0.0,3.0,8.0,10.0,0.0,2.0,0.0,7.0,4.0,8.0,10.0,7.0,1,3.0,3,2,2,4.285714285714286,2,3.333333333333333,1,1,3.333333333333333,1,0,1,0,0,0,2,0,2,1,2,1,0,0,2,0,1,0
55799,55799,Eslovaquia,7.0,1.0,0.0,3.0,2.0,5.0,5.0,5.0,10.0,10.0,10.0,8.0,8.0,8.0,2.0,3.0,5.0,6.0,10.0,2,1.0,8,2,1,8.0,4,5.0,2,1,2.6666666666666665,1,0,0,2,2,0,3,2,0,0,0,1,0,2,2,0,0,2
37390,37390,Portugal,5.0,3.0,8.0,3.0,1.0,6.0,6.0,7.0,5.0,4.0,6.0,3.0,7.0,5.0,8.0,8.0,5.0,3.0,7.0,1,2.0,5,2,0,5.428571428571429,2,6.333333333333333,3,0,5.333333333333333,2,0,1,2,3,0,1,2,1,2,0,2,2,1,0,1,1,2
15402,15402,Países Bajos,5.0,5.0,3.0,5.0,4.0,8.0,3.0,3.0,8.0,8.0,8.0,6.0,7.0,6.0,8.0,3.0,2.0,7.0,4.0,0,3.0,2,1,1,7.285714285714286,3,4.666666666666667,2,2,4.333333333333333,1,2,1,0,2,2,3,0,2,2,2,0,2,2,2,1,0,2
36285,36285,Portugal,4.0,0.0,0.0,3.0,4.0,0.0,0.0,0.0,4.0,4.0,3.0,0.0,4.0,0.0,7.0,4.0,4.0,9.0,10.0,1,2.0,5,2,2,3.142857142857143,1,0.0,0,2,1.3333333333333333,0,0,0,0,0,0,0,1,0,0,0,0,0,0,0,1,1,2
45266,45266,Hungría,6.0,3.0,6.0,3.0,3.0,4.0,3.0,5.0,6.0,5.0,5.0,6.0,3.0,4.0,7.0,4.0,3.0,6.0,3.0,2,1.0,7,0,1,5.142857142857143,2,4.0,2,1,5.0,2,0,1,0,1,0,1,2,0,0,1,0,2,2,1,1,0,0
43364,43364,Croacia,4.0,5.0,2.0,5.0,4.0,5.0,3.0,5.0,5.0,5.0,8.0,2.0,2.0,2.0,5.0,3.0,3.0,5.0,5.0,1,3.0,6,1,0,4.142857142857143,2,4.333333333333333,2,2,3.6666666666666665,1,1,1,1,2,1,2,2,2,0,2,0,0,0,1,1,1,0
24602,24602,España,8.0,7.0,8.0,1.0,1.0,1.0,4.0,2.0,5.0,1.0,3.0,1.0,1.0,1.0,2.0,10.0,10.0,8.0,0.0,1,2.0,3,0,1,2.0,1,2.333333333333333,1,0,7.666666666666667,3,0,1,0,0,0,0,2,2,2,0,1,0,2,0,0,1,0
24180,24180,España,2.0,2.0,4.0,3.0,3.0,1.0,1.0,0.0,3.0,5.0,5.0,1.0,1.0,1.0,8.0,6.0,5.0,5.0,2.0,1,2.0,3,0,0,3.4285714285714284,1,0.6666666666666666,0,1,2.6666666666666665,1,0,1,0,0,0,0,0,0,0,0,0,0,0,1,1,1,0
37225,37225,Portugal,6.0,3.0,3.0,5.0,2.0,6.0,4.0,6.0,6.0,4.0,9.0,3.0,6.0,2.0,9.0,7.0,5.0,8.0,4.0,1,3.0,5,1,1,5.571428571428571,2,5.333333333333333,2,1,4.0,1,2,1,0,2,2,2,2,0,0,0,1,0,0,0,0,1,0
2712,2712,Bélgica,7.0,7.0,8.0,5.0,2.0,7.0,6.0,7.0,7.0,7.0,7.0,6.0,7.0,7.0,7.0,7.0,7.0,7.0,7.0,0,2.0,0,2,1,6.857142857142857,3,6.666666666666667,3,1,7.333333333333333,2,2,1,2,3,2,3,1,2,2,0,2,2,2,2,1,0,2
33893,33893,Portugal,3.0,5.0,5.0,5.0,2.0,3.0,3.0,1.0,2.0,3.0,2.0,1.0,5.0,3.0,6.0,3.0,3.0,3.0,5.0,1,2.0,5,1,0,3.142857142857143,1,2.333333333333333,1,1,4.333333333333333,1,2,1,0,0,1,0,0,0,2,2,0,0,0,0,1,1,2
39553,39553,Portugal,1.0,1.0,1.0,5.0,4.0,2.0,3.0,5.0,0.0,2.0,0.0,0.0,5.0,0.0,6.0,7.0,6.0,7.0,7.0,1,3.0,5,2,1,1.8571428571428568,0,3.333333333333333,1,2,1.0,0,2,1,0,0,2,0,0,0,0,0,0,2,0,0,0,1,1
58935,58935,Eslovaquia,4.0,3.0,3.0,5.0,3.0,0.0,2.0,0.0,0.0,0.0,10.0,0.0,0.0,0.0,9.0,2.0,2.0,6.0,6.0,2,1.0,8,1,1,2.7142857142857144,1,0.6666666666666666,0,1,3.333333333333333,1,0,1,0,0,2,0,2,0,1,0,0,0,0,0,0,0,0
50141,50141,Hungría,0.0,7.0,2.0,9.0,3.0,1.0,5.0,10.0,6.0,5.0,0.0,6.0,5.0,0.0,7.0,4.0,5.0,5.0,10.0,2,1.0,7,2,0,4.142857142857143,2,5.333333333333333,2,1,3.0,1,2,1,1,2,3,2,0,2,0,0,1,2,2,1,1,1,0
58292,58292,Eslovaquia,6.0,4.0,4.0,5.0,4.0,2.0,2.0,2.0,3.0,2.0,5.0,2.0,0.0,2.0,9.0,3.0,3.0,8.0,5.0,2,1.0,8,1,1,3.2857142857142856,1,2.0,1,2,4.666666666666667,1,0,1,0,0,1,0,2,1,0,0,0,2,0,0,1,1,0
9048,9048,Alemania,8.0,6.0,8.0,3.0,2.0,8.0,7.0,3.0,5.0,8.0,10.0,5.0,5.0,5.0,9.0,8.0,7.0,7.0,3.0,0,1.0,1,0,1,6.714285714285714,3,6.0,3,1,7.333333333333333,2,0,1,0,3,0,3,2,2,2,2,2,0,0,2,0,1,0
37026,37026,Portugal,4.0,2.0,5.0,4.0,3.0,7.0,7.0,7.0,5.0,7.0,5.0,1.0,2.0,1.0,9.0,2.0,4.0,8.0,3.0,1,2.0,5,0,1,4.285714285714286,2,7.0,3,1,3.6666666666666665,1,2,1,2,3,1,2,2,0,2,0,2,2,2,2,1,1,0
15246,15246,Países Bajos,5.0,5.0,5.0,6.0,2.0,5.0,6.0,4.0,5.0,7.0,7.0,5.0,5.0,4.0,5.0,5.0,5.0,8.0,4.0,0,2.0,2,1,1,5.428571428571429,2,5.0,2,1,5.0,2,1,1,2,2,2,2,0,2,0,1,2,0,0,2,1,1,0
6836,6836,Bélgica,7.0,2.0,5.0,7.0,3.0,5.0,5.0,5.0,5.0,7.0,7.0,5.0,4.0,5.0,3.0,4.0,8.0,8.0,6.0,0,2.0,0,1,1,5.142857142857143,2,5.0,2,1,4.666666666666667,1,2,1,2,1,3,1,1,0,2,2,1,2,2,2,1,1,2
4829,4829,Bélgica,5.0,3.0,4.0,4.0,3.0,6.0,4.0,7.0,5.0,4.0,5.0,3.0,6.0,4.0,10.0,4.0,4.0,6.0,6.0,0,2.0,0,1,1,5.285714285714286,2,5.666666666666667,2,1,4.0,1,2,1,0,2,1,2,1,2,0,2,1,2,2,0,1,1,2
20334,20334,Países Bajos,4.0,5.0,3.0,5.0,4.0,8.0,8.0,9.0,8.0,8.0,10.0,8.0,8.0,7.0,6.0,3.0,9.0,10.0,3.0,0,4.0,2,0,2,7.857142857142857,3,8.333333333333334,4,2,4.0,1,2,1,2,3,1,3,2,0,2,2,2,2,2,2,0,0,2
49482,49482,Hungría,1.0,7.0,0.0,10.0,2.0,0.0,0.0,0.0,3.0,0.0,0.0,0.0,0.0,1.0,5.0,4.0,6.0,10.0,10.0,2,1.0,7,2,2,1.2857142857142858,0,0.0,0,1,2.6666666666666665,1,2,0,0,0,3,0,0,2,0,0,0,0,1,0,1,1,0
3804,3804,Bélgica,6.0,3.0,6.0,5.0,3.0,3.0,6.0,7.0,7.0,6.0,5.0,4.0,7.0,4.0,8.0,3.0,7.0,7.0,8.0,0,4.0,0,2,1,5.857142857142857,2,5.333333333333333,2,1,5.0,2,1,0,2,2,2,3,2,2,1,2,2,2,2,1,1,1,2
61402,61402,Eslovaquia,3.0,5.0,2.0,5.0,3.0,7.0,6.0,3.0,5.0,6.0,6.0,4.0,3.0,5.0,3.0,5.0,5.0,3.0,8.0,2,2.0,8,2,0,4.571428571428571,2,5.333333333333333,2,1,3.333333333333333,1,2,1,1,2,2,1,0,1,0,2,2,2,2,1,1,1,2
53594,53594,Eslovaquia,5.0,5.0,5.0,5.0,4.0,3.0,2.0,2.0,5.0,5.0,5.0,5.0,0.0,5.0,9.0,3.0,3.0,4.0,8.0,2,1.0,8,2,0,4.857142857142857,2,2.333333333333333,1,2,5.0,2,1,0,0,0,2,2,2,0,1,1,0,2,2,1,1,1,0
18085,18085,Países Bajos,7.0,7.0,7.0,7.0,3.0,6.0,6.0,6.0,5.0,5.0,6.0,4.0,6.0,6.0,8.0,7.0,6.0,8.0,0.0,0,2.0,2,0,1,5.714285714285714,2,6.0,3,1,7.0,2,2,1,0,3,3,2,2,2,1,0,2,1,2,1,1,1,2
52108,52108,Hungría,6.0,1.0,1.0,1.0,1.0,0.0,2.0,0.0,10.0,1.0,5.0,3.0,1.0,4.0,9.0,6.0,7.0,8.0,8.0,2,3.0,7,2,1,4.714285714285714,2,0.6666666666666666,0,0,2.6666666666666665,1,0,1,0,0,0,2,2,0,0,0,0,0,2,0,1,1,0
151,151,Bélgica,6.0,6.0,6.0,5.0,2.0,6.0,7.0,5.0,4.0,4.0,4.0,4.0,5.0,3.0,5.0,5.0,8.0,8.0,6.0,0,1.0,0,1,1,4.142857142857143,2,6.0,3,1,6.0,2,1,1,1,3,1,1,0,0,1,1,2,2,1,0,1,1,0
41671,41671,Croacia,4.0,3.0,3.0,3.0,3.0,5.0,5.0,4.0,5.0,7.0,5.0,5.0,3.0,4.0,5.0,7.0,7.0,7.0,4.0,1,2.0,6,1,1,4.857142857142857,2,4.666666666666667,2,1,3.333333333333333,1,0,1,1,1,0,2,1,0,0,0,1,2,0,2,1,1,2
37401,37401,Portugal,5.0,3.0,4.0,4.0,3.0,3.0,1.0,0.0,0.0,1.0,5.0,0.0,0.0,0.0,8.0,2.0,3.0,5.0,4.0,1,2.0,5,1,0,2.0,1,1.3333333333333333,0,1,4.0,1,0,1,0,0,2,0,2,1,2,0,0,0,0,0,1,0,0
35322,35322,Portugal,7.0,5.0,6.0,7.0,4.0,5.0,4.0,4.0,0.0,5.0,8.0,0.0,5.0,0.0,5.0,5.0,5.0,8.0,8.0,1,2.0,5,2,1,3.2857142857142856,1,4.333333333333333,2,2,6.0,2,2,0,0,1,3,0,2,0,1,2,1,1,0,1,1,1,2
16439,16439,Países Bajos,6.0,6.0,6.0,7.0,2.0,7.0,6.0,7.0,7.0,7.0,7.0,7.0,7.0,7.0,8.0,4.0,4.0,10.0,9.0,0,4.0,2,2,2,7.142857142857143,3,6.666666666666667,3,1,6.0,2,2,1,2,3,3,3,1,0,0,2,2,2,2,2,1,0,2
28554,28554,Italia,8.0,7.0,7.0,4.0,2.0,8.0,2.0,3.0,4.0,8.0,9.0,5.0,6.0,5.0,8.0,8.0,9.0,10.0,3.0,1,3.0,4,0,2,6.428571428571429,3,4.333333333333333,2,1,7.333333333333333,2,1,1,0,2,1,3,2,2,2,2,0,2,2,2,0,1,2
16400,16400,Países Bajos,8.0,6.0,7.0,5.0,2.0,7.0,7.0,5.0,5.0,6.0,4.0,4.0,4.0,3.0,7.0,5.0,5.0,8.0,2.0,0,3.0,2,0,1,4.714285714285714,2,6.333333333333333,3,1,7.0,2,0,1,2,3,2,1,2,0,1,2,2,0,0,1,1,1,1
57792,57792,Eslovaquia,9.0,8.0,8.0,9.0,2.0,4.0,3.0,7.0,5.0,5.0,5.0,5.0,5.0,5.0,10.0,8.0,7.0,7.0,10.0,2,1.0,8,2,1,5.714285714285714,2,4.666666666666667,2,1,8.333333333333334,3,2,0,0,1,3,2,2,2,2,1,0,2,0,1,1,1,2
29090,29090,Italia,7.0,6.0,8.0,3.0,2.0,6.0,5.0,6.0,6.0,7.0,7.0,6.0,6.0,5.0,9.0,7.0,6.0,7.0,8.0,1,3.0,4,2,1,6.571428571428571,3,5.666666666666667,2,1,7.0,2,0,1,1,1,0,3,1,0,2,0,1,0,2,2,1,0,0
47073,47073,Hungría,6.0,4.0,4.0,5.0,4.0,3.0,6.0,5.0,7.0,7.0,5.0,4.0,5.0,4.0,3.0,7.0,7.0,7.0,0.0,2,3.0,7,0,1,5.0,2,4.666666666666667,2,2,4.666666666666667,1,1,0,0,1,2,1,1,1,1,0,2,1,2,2,1,1,0
55060,55060,Eslovaquia,5.0,6.0,6.0,5.0,2.0,3.0,7.0,6.0,1.0,1.0,5.0,4.0,3.0,3.0,7.0,5.0,6.0,9.0,7.0,2,2.0,8,2,2,3.4285714285714284,1,5.333333333333333,2,1,5.666666666666667,2,1,1,2,2,2,0,2,0,2,1,2,2,0,0,1,1,0
16499,16499,Países Bajos,6.0,3.0,7.0,5.0,3.0,8.0,4.0,7.0,3.0,5.0,4.0,5.0,7.0,6.0,10.0,4.0,3.0,9.0,0.0,0,1.0,2,0,2,5.714285714285714,2,6.333333333333333,3,1,5.333333333333333,2,0,1,2,3,1,2,1,2,0,2,1,2,0,1,0,1,2
59875,59875,Eslovaquia,5.0,1.0,4.0,8.0,2.0,1.0,0.0,2.0,7.0,10.0,10.0,10.0,10.0,10.0,8.0,1.0,1.0,5.0,7.0,2,1.0,8,2,0,9.285714285714286,4,1.0,0,1,3.333333333333333,1,2,1,0,0,3,3,1,0,2,0,0,2,2,2,0,0,2
16710,16710,Países Bajos,8.0,6.0,8.0,4.0,4.0,4.0,5.0,4.0,3.0,6.0,8.0,4.0,3.0,4.0,10.0,5.0,4.0,8.0,7.0,0,2.0,2,2,1,5.428571428571429,2,4.333333333333333,2,2,7.333333333333333,2,0,1,0,2,1,2,2,0,2,1,1,0,2,1,1,1,0
27224,27224,España,7.0,4.0,5.0,1.0,2.0,4.0,5.0,3.0,4.0,3.0,3.0,3.0,3.0,0.0,8.0,6.0,7.0,8.0,0.0,1,2.0,3,0,1,3.4285714285714284,1,4.0,2,1,5.333333333333333,2,0,1,1,2,0,0,1,2,2,2,1,0,0,0,0,1,2
45532,45532,Hungría,7.0,7.0,7.0,7.0,3.0,6.0,3.0,2.0,5.0,3.0,5.0,0.0,2.0,0.0,10.0,9.0,9.0,7.0,2.0,2,1.0,7,0,1,3.571428571428572,1,3.6666666666666665,1,1,7.0,2,2,1,2,1,3,0,1,2,0,1,0,0,1,0,1,1,0
15376,15376,Países Bajos,7.0,7.0,8.0,9.0,1.0,7.0,6.0,6.0,4.0,5.0,8.0,7.0,7.0,6.0,9.0,4.0,5.0,8.0,7.0,0,3.0,2,2,1,6.571428571428571,3,6.333333333333333,3,0,7.333333333333333,2,2,1,2,3,3,3,2,2,2,0,2,0,2,1,1,0,2
10330,10330,Alemania,7.0,8.0,5.0,5.0,2.0,8.0,8.0,5.0,2.0,7.0,3.0,8.0,9.0,4.0,6.0,8.0,8.0,7.0,10.0,0,2.0,1,2,1,5.571428571428571,2,7.0,3,1,6.666666666666667,2,2,0,2,3,1,2,2,2,1,2,2,0,0,2,1,0,2
17518,17518,Países Bajos,3.0,2.0,3.0,4.0,4.0,8.0,8.0,8.0,8.0,9.0,8.0,8.0,9.0,7.0,7.0,7.0,6.0,9.0,2.0,0,2.0,2,0,2,8.0,4,8.0,4,2,2.6666666666666665,1,1,1,2,3,2,3,0,0,1,2,2,2,2,2,1,0,2
25259,25259,España,3.0,5.0,6.0,7.0,3.0,6.0,5.0,6.0,4.0,2.0,7.0,0.0,2.0,1.0,8.0,6.0,2.0,7.0,5.0,1,3.0,3,1,1,3.4285714285714284,1,5.666666666666667,2,1,4.666666666666667,1,2,1,2,2,3,0,0,0,0,1,1,0,0,0,1,1,0
52150,52150,Hungría,3.0,10.0,8.0,6.0,2.0,0.0,0.0,0.0,2.0,0.0,0.0,0.0,0.0,0.0,6.0,8.0,10.0,0.0,5.0,2,1.0,7,1,0,1.1428571428571428,0,0.0,0,1,7.0,2,0,1,0,0,1,0,0,2,2,0,0,0,0,0,1,1,0
62186,62186,Eslovaquia,8.0,4.0,8.0,5.0,3.0,4.0,4.0,3.0,6.0,5.0,6.0,5.0,4.0,7.0,6.0,1.0,1.0,3.0,6.0,2,1.0,8,1,0,5.571428571428571,2,3.6666666666666665,1,1,6.666666666666667,2,1,1,2,2,2,2,2,1,2,2,1,0,1,1,1,1,2
34291,34291,Portugal,6.0,2.0,2.0,3.0,3.0,2.0,0.0,4.0,5.0,0.0,7.0,0.0,4.0,0.0,10.0,5.0,2.0,9.0,2.0,1,2.0,5,0,2,3.7142857142857135,1,2.0,1,1,3.333333333333333,1,0,1,0,0,0,0,2,0,0,0,0,0,2,0,1,1,0
60699,60699,Eslovaquia,2.0,10.0,5.0,5.0,2.0,2.0,1.0,10.0,2.0,3.0,2.0,1.0,2.0,1.0,6.0,6.0,5.0,10.0,0.0,2,1.0,8,0,2,2.4285714285714284,1,4.333333333333333,2,1,5.666666666666667,2,2,0,0,2,1,0,0,2,0,0,0,2,0,0,1,1,0
28742,28742,Italia,7.0,5.0,8.0,3.0,2.0,2.0,2.0,0.0,9.0,8.0,8.0,3.0,8.0,3.0,8.0,10.0,7.0,6.0,2.0,1,3.0,4,0,1,6.714285714285714,3,1.3333333333333333,0,1,6.666666666666667,2,0,1,0,0,0,3,2,0,2,0,0,0,2,2,1,1,2
40577,40577,Portugal,8.0,8.0,8.0,7.0,2.0,7.0,7.0,7.0,5.0,3.0,4.0,2.0,3.0,3.0,7.0,7.0,7.0,6.0,5.0,1,1.0,5,1,1,3.857142857142857,1,7.0,3,1,8.0,3,2,1,2,3,3,0,2,2,2,1,2,2,1,0,0,1,1
40017,40017,Portugal,5.0,0.0,1.0,8.0,3.0,5.0,7.0,5.0,6.0,7.0,7.0,5.0,5.0,5.0,6.0,8.0,8.0,9.0,4.0,1,2.0,5,1,2,5.857142857142857,2,5.666666666666667,2,1,2.0,0,2,1,2,2,3,3,2,0,0,2,2,0,0,2,1,1,2
46680,46680,Hungría,6.0,5.0,3.0,5.0,2.0,6.0,7.0,5.0,6.0,6.0,6.0,5.0,5.0,5.0,4.0,5.0,5.0,8.0,2.0,2,2.0,7,0,1,5.285714285714286,2,6.0,3,1,4.666666666666667,1,2,1,0,3,1,1,0,1,0,2,2,1,2,1,1,1,1
37443,37443,Portugal,3.0,4.0,4.0,6.0,2.0,3.0,4.0,6.0,8.0,7.0,9.0,5.0,7.0,4.0,9.0,10.0,8.0,10.0,0.0,1,3.0,5,0,2,7.0,3,4.333333333333333,2,1,3.6666666666666665,1,2,0,1,1,1,3,0,2,2,0,1,2,2,2,0,1,2
57888,57888,Eslovaquia,2.0,6.0,5.0,10.0,3.0,3.0,2.0,5.0,5.0,0.0,0.0,2.0,0.0,3.0,5.0,2.0,3.0,10.0,3.0,2,1.0,8,0,2,2.142857142857143,1,3.333333333333333,1,1,4.333333333333333,1,2,1,0,0,3,0,0,0,2,1,0,1,1,0,0,1,0
35013,35013,Portugal,4.0,2.0,2.0,5.0,4.0,1.0,1.0,5.0,5.0,3.0,6.0,1.0,2.0,1.0,7.0,4.0,3.0,6.0,5.0,1,2.0,5,1,1,3.571428571428572,1,2.333333333333333,1,2,2.6666666666666665,1,2,1,0,0,2,0,1,0,0,0,0,2,0,0,1,1,0
25773,25773,España,5.0,2.0,8.0,3.0,4.0,8.0,7.0,7.0,0.0,7.0,10.0,0.0,1.0,0.0,6.0,8.0,8.0,8.0,0.0,1,2.0,3,0,1,3.4285714285714284,1,7.333333333333333,3,2,5.0,2,0,1,2,3,0,0,2,0,2,2,2,2,0,2,0,0,0
19359,19359,Países Bajos,5.0,7.0,5.0,3.0,2.0,8.0,6.0,5.0,6.0,6.0,6.0,6.0,5.0,7.0,7.0,8.0,6.0,7.0,0.0,0,3.0,2,0,1,6.142857142857143,3,6.333333333333333,3,1,5.666666666666667,2,0,1,2,3,0,3,0,2,0,2,2,0,2,1,1,0,0
41070,41070,Croacia,3.0,4.0,0.0,5.0,3.0,5.0,5.0,5.0,3.0,3.0,3.0,3.0,3.0,3.0,8.0,5.0,4.0,6.0,10.0,1,2.0,6,2,1,3.7142857142857135,1,5.0,2,1,2.333333333333333,0,0,0,0,2,2,0,0,0,0,2,1,0,1,0,1,1,0
55731,55731,Eslovaquia,5.0,4.0,5.0,4.0,1.0,5.0,4.0,5.0,4.0,3.0,4.0,2.0,4.0,4.0,8.0,6.0,5.0,6.0,4.0,2,1.0,8,1,1,4.142857142857143,2,4.666666666666667,2,0,4.666666666666667,1,0,1,2,2,1,1,1,0,2,0,1,2,2,0,1,1,2
6307,6307,Bélgica,7.0,4.0,3.0,4.0,2.0,6.0,3.0,5.0,3.0,6.0,8.0,5.0,5.0,4.0,9.0,8.0,8.0,7.0,5.0,0,2.0,0,1,1,5.714285714285714,2,4.666666666666667,2,1,4.666666666666667,1,2,1,2,1,1,1,1,1,1,2,0,2,0,1,1,1,1
54150,54150,Eslovaquia,5.0,5.0,0.0,8.0,3.0,1.0,6.0,4.0,3.0,0.0,7.0,2.0,5.0,2.0,6.0,7.0,6.0,5.0,5.0,2,2.0,8,1,0,3.571428571428572,1,3.6666666666666665,1,1,3.333333333333333,1,2,1,0,2,3,0,2,0,0,0,2,1,0,0,1,1,1
42350,42350,Croacia,3.0,5.0,1.0,2.0,2.0,0.0,3.0,0.0,0.0,1.0,4.0,0.0,0.0,2.0,0.0,6.0,7.0,8.0,9.0,1,3.0,6,2,1,1.0,0,1.0,0,1,3.0,1,0,0,0,0,0,0,0,0,0,0,0,0,0,0,0,1,0
23469,23469,España,3.0,6.0,2.0,3.0,4.0,5.0,4.0,9.0,7.0,8.0,6.0,2.0,7.0,3.0,6.0,10.0,10.0,10.0,2.0,1,3.0,3,0,2,5.571428571428571,2,6.0,3,2,3.6666666666666665,1,0,1,0,3,0,1,0,1,0,2,1,2,2,2,1,1,2
43104,43104,Croacia,3.0,7.0,3.0,6.0,2.0,5.0,5.0,3.0,4.0,5.0,10.0,4.0,4.0,3.0,10.0,6.0,7.0,9.0,8.0,1,1.0,6,2,2,5.714285714285714,2,4.333333333333333,2,1,4.333333333333333,1,0,0,2,1,2,2,0,2,2,2,1,0,2,1,1,1,0
16715,16715,Países Bajos,8.0,7.0,8.0,4.0,3.0,6.0,3.0,3.0,5.0,2.0,7.0,6.0,6.0,6.0,7.0,6.0,5.0,7.0,4.0,0,4.0,2,1,1,5.571428571428571,2,4.0,2,1,7.666666666666667,3,2,1,2,1,2,2,2,2,2,0,0,1,0,0,1,0,0
51198,51198,Hungría,5.0,6.0,4.0,5.0,4.0,6.0,5.0,5.0,6.0,5.0,8.0,4.0,9.0,1.0,8.0,4.0,3.0,9.0,4.0,2,1.0,7,1,2,5.857142857142857,2,5.333333333333333,2,2,5.0,2,0,1,0,2,2,3,2,2,2,0,1,2,2,1,1,1,2
30108,30108,Italia,4.0,3.0,4.0,3.0,3.0,7.0,4.0,7.0,7.0,6.0,8.0,6.0,7.0,6.0,8.0,6.0,7.0,7.0,7.0,1,5.0,4,2,1,6.857142857142857,3,6.0,3,1,3.6666666666666665,1,0,1,2,3,0,3,2,0,0,2,1,2,2,1,1,0,2
32318,32318,Italia,9.0,6.0,9.0,1.0,1.0,7.0,6.0,6.0,7.0,6.0,8.0,7.0,8.0,6.0,4.0,9.0,6.0,8.0,7.0,1,2.0,4,2,1,6.571428571428571,3,6.333333333333333,3,0,8.0,3,0,1,2,3,0,3,2,0,2,0,2,2,2,1,1,0,2
9179,9179,Alemania,8.0,7.0,8.0,2.0,1.0,9.0,9.0,8.0,8.0,10.0,9.0,9.0,9.0,8.0,10.0,8.0,6.0,10.0,4.0,0,3.0,1,1,2,9.0,4,8.666666666666666,4,0,7.666666666666667,3,0,1,2,3,0,3,2,2,2,2,2,2,2,2,0,0,2
19864,19864,Países Bajos,7.0,7.0,5.0,6.0,1.0,8.0,4.0,7.0,3.0,5.0,8.0,5.0,5.0,5.0,6.0,2.0,2.0,9.0,2.0,0,5.0,2,0,2,5.285714285714286,2,6.333333333333333,3,0,6.333333333333333,2,0,1,2,3,2,2,0,2,1,2,1,2,0,1,1,1,0
36434,36434,Portugal,0.0,3.0,0.0,4.0,4.0,3.0,0.0,0.0,0.0,0.0,5.0,0.0,0.0,0.0,8.0,5.0,0.0,5.0,5.0,1,3.0,5,1,0,1.8571428571428568,0,1.0,0,2,1.0,0,1,1,0,0,1,0,0,1,0,0,0,0,0,0,1,1,0
34259,34259,Portugal,5.0,5.0,5.0,3.0,3.0,2.0,2.0,2.0,0.0,0.0,2.0,0.0,0.0,0.0,8.0,8.0,9.0,8.0,7.0,1,2.0,5,2,1,1.4285714285714286,0,2.0,1,1,5.0,2,0,1,0,0,0,0,2,0,2,0,0,0,0,0,1,1,0
33339,33339,Italia,8.0,8.0,0.0,2.0,2.0,4.0,3.0,5.0,5.0,8.0,7.0,4.0,7.0,5.0,9.0,7.0,3.0,6.0,7.0,1,2.0,4,2,1,6.428571428571429,3,4.0,2,1,5.333333333333333,2,0,1,1,2,0,3,2,2,0,2,0,2,0,2,1,1,2
29318,29318,Italia,5.0,6.0,5.0,5.0,3.0,8.0,4.0,6.0,7.0,8.0,9.0,5.0,7.0,0.0,7.0,9.0,7.0,4.0,8.0,1,1.0,4,2,0,6.142857142857143,3,6.0,3,1,5.333333333333333,2,0,0,1,3,2,3,0,2,0,2,1,1,2,2,1,1,2
18923,18923,Países Bajos,0.0,3.0,4.0,5.0,2.0,8.0,0.0,1.0,3.0,3.0,3.0,2.0,3.0,6.0,7.0,6.0,7.0,1.0,8.0,0,4.0,2,2,0,3.857142857142857,1,3.0,1,1,2.333333333333333,0,2,0,2,0,2,0,0,0,2,2,0,0,0,0,1,1,1
9169,9169,Alemania,7.0,6.0,7.0,5.0,2.0,2.0,4.0,4.0,4.0,3.0,2.0,3.0,4.0,3.0,7.0,4.0,4.0,7.0,5.0,0,2.0,1,1,1,3.7142857142857135,1,3.333333333333333,1,1,6.666666666666667,2,0,1,0,0,1,0,2,0,2,0,1,1,2,0,1,1,0
16232,16232,Países Bajos,9.0,7.0,9.0,1.0,2.0,8.0,6.0,7.0,7.0,7.0,7.0,7.0,7.0,8.0,8.0,8.0,4.0,9.0,2.0,0,2.0,2,0,2,7.285714285714286,3,7.0,3,1,8.333333333333334,3,0,1,2,3,0,3,2,2,2,2,2,2,2,2,1,0,2
47361,47361,Hungría,7.0,4.0,4.0,7.0,3.0,6.0,6.0,5.0,5.0,5.0,7.0,6.0,4.0,5.0,10.0,6.0,8.0,6.0,7.0,2,2.0,7,2,1,6.0,3,5.666666666666667,2,1,5.0,2,2,1,0,2,3,3,0,0,2,2,2,0,1,1,1,0,1
46320,46320,Hungría,6.0,6.0,7.0,5.0,3.0,6.0,3.0,2.0,3.0,3.0,3.0,2.0,1.0,2.0,7.0,4.0,4.0,10.0,1.0,2,2.0,7,0,2,3.0,1,3.6666666666666665,1,1,6.333333333333333,2,0,1,2,2,1,0,1,1,2,0,0,0,2,0,1,1,0
24314,24314,España,6.0,2.0,8.0,0.0,1.0,8.0,0.0,8.0,2.0,4.0,8.0,4.0,5.0,5.0,7.0,8.0,7.0,8.0,0.0,1,2.0,3,0,1,5.0,2,5.333333333333333,2,0,5.333333333333333,2,0,0,1,1,0,2,0,0,2,2,0,2,0,0,1,1,2
56346,56346,Eslovaquia,4.0,3.0,4.0,4.0,2.0,4.0,4.0,4.0,6.0,3.0,3.0,4.0,4.0,4.0,9.0,6.0,5.0,6.0,8.0,2,1.0,8,2,1,4.714285714285714,2,4.0,2,1,3.6666666666666665,1,0,0,2,2,1,1,1,2,2,1,1,2,0,0,0,1,1
3152,3152,Bélgica,7.0,5.0,4.0,7.0,2.0,7.0,7.0,6.0,6.0,3.0,7.0,5.0,3.0,5.0,8.0,4.0,5.0,9.0,8.0,0,4.0,0,2,2,5.285714285714286,2,6.666666666666667,3,1,5.333333333333333,2,2,0,2,3,3,2,0,0,0,2,2,2,0,0,1,1,1
7005,7005,Alemania,7.0,4.0,8.0,5.0,3.0,4.0,2.0,0.0,1.0,7.0,9.0,0.0,3.0,0.0,9.0,3.0,3.0,8.0,3.0,0,2.0,1,0,1,4.142857142857143,2,2.0,1,1,6.333333333333333,2,0,1,0,0,1,2,0,2,2,2,0,0,0,2,0,1,2
10261,10261,Alemania,8.0,4.0,5.0,5.0,3.0,3.0,8.0,0.0,0.0,6.0,7.0,0.0,0.0,0.0,5.0,5.0,5.0,8.0,0.0,0,2.0,1,0,1,2.571428571428572,1,3.6666666666666665,1,1,5.666666666666667,2,1,1,0,2,1,0,2,0,2,0,2,0,0,1,1,1,0
22205,22205,España,4.0,4.0,3.0,9.0,3.0,8.0,1.0,4.0,3.0,0.0,7.0,0.0,5.0,0.0,6.0,2.0,2.0,8.0,7.0,1,3.0,3,2,1,3.0,1,4.333333333333333,2,1,3.6666666666666665,1,2,1,2,2,3,0,2,2,0,2,0,2,2,0,1,1,0
5611,5611,Bélgica,8.0,5.0,2.0,3.0,3.0,5.0,7.0,7.0,3.0,6.0,6.0,2.0,3.0,2.0,7.0,3.0,2.0,10.0,5.0,0,2.0,0,1,2,4.142857142857143,2,6.333333333333333,3,1,5.0,2,0,1,2,3,0,2,2,0,0,0,2,2,2,1,1,1,2
39076,39076,Portugal,0.0,0.0,0.0,1.0,3.0,2.0,0.0,0.0,5.0,5.0,5.0,5.0,6.0,5.0,7.0,8.0,6.0,1.0,5.0,1,1.0,5,1,0,5.428571428571429,2,0.6666666666666666,0,1,0.0,0,0,1,0,0,0,2,0,0,0,0,0,0,2,1,1,1,2
11524,11524,Alemania,5.0,3.0,5.0,5.0,1.0,7.0,6.0,7.0,3.0,5.0,9.0,5.0,8.0,5.0,7.0,2.0,3.0,9.0,0.0,0,2.0,1,0,2,6.0,3,6.666666666666667,3,0,4.333333333333333,1,0,1,2,3,2,3,0,0,0,0,2,2,0,1,0,1,2
21513,21513,España,4.0,4.0,8.0,3.0,4.0,6.0,4.0,4.0,3.0,2.0,7.0,2.0,4.0,0.0,9.0,5.0,5.0,9.0,6.0,1,2.0,3,1,2,3.857142857142857,1,4.666666666666667,2,2,5.333333333333333,2,0,1,0,2,0,0,1,2,2,2,1,1,0,0,1,1,2
55406,55406,Eslovaquia,4.0,4.0,3.0,5.0,3.0,5.0,5.0,5.0,5.0,5.0,7.0,5.0,5.0,5.0,4.0,5.0,5.0,9.0,3.0,2,3.0,8,0,2,5.142857142857143,2,5.0,2,1,3.6666666666666665,1,0,1,2,1,2,2,1,2,2,2,1,0,0,1,1,1,2
47236,47236,Hungría,10.0,10.0,10.0,5.0,2.0,7.0,5.0,3.0,9.0,9.0,9.0,8.0,7.0,6.0,6.0,7.0,6.0,10.0,5.0,2,2.0,7,1,2,7.714285714285714,3,5.0,2,1,10.0,3,1,1,2,2,1,3,2,2,2,2,1,1,2,2,0,0,2
55438,55438,Eslovaquia,5.0,2.0,4.0,5.0,2.0,4.0,5.0,1.0,7.0,4.0,5.0,0.0,2.0,0.0,9.0,5.0,4.0,7.0,3.0,2,1.0,8,0,1,3.857142857142857,1,3.333333333333333,1,1,3.6666666666666665,1,1,1,0,0,1,0,0,0,0,2,1,0,2,0,1,1,0
16655,16655,Países Bajos,6.0,5.0,6.0,5.0,3.0,4.0,6.0,4.0,2.0,5.0,8.0,2.0,2.0,2.0,9.0,4.0,5.0,8.0,2.0,0,2.0,2,0,1,4.285714285714286,2,4.666666666666667,2,1,5.666666666666667,2,0,1,1,1,1,2,2,0,1,2,2,0,0,1,1,1,0
2484,2484,Bélgica,8.0,3.0,6.0,5.0,3.0,8.0,6.0,7.0,5.0,8.0,8.0,3.0,4.0,3.0,8.0,6.0,7.0,8.0,10.0,0,1.0,0,2,1,5.571428571428571,2,7.0,3,1,5.666666666666667,2,2,0,2,3,2,1,2,0,1,2,2,2,0,2,1,1,0
36620,36620,Portugal,5.0,10.0,1.0,5.0,2.0,5.0,6.0,5.0,10.0,5.0,7.0,2.0,6.0,2.0,10.0,7.0,7.0,9.0,5.0,1,1.0,5,1,2,6.0,3,5.333333333333333,2,1,5.333333333333333,2,0,1,2,1,1,3,2,2,0,0,2,2,2,1,1,1,2
489,489,Bélgica,6.0,3.0,4.0,3.0,4.0,7.0,5.0,6.0,6.0,6.0,3.0,1.0,5.0,1.0,10.0,6.0,5.0,6.0,8.0,0,2.0,0,2,1,4.571428571428571,2,6.0,3,2,4.333333333333333,1,0,0,0,3,0,1,0,1,2,0,1,2,2,1,1,1,2
18264,18264,Países Bajos,6.0,5.0,8.0,3.0,2.0,8.0,6.0,4.0,7.0,8.0,4.0,5.0,6.0,6.0,7.0,5.0,5.0,8.0,0.0,0,2.0,2,0,1,6.142857142857143,3,6.0,3,1,6.333333333333333,2,0,1,1,3,0,3,1,1,2,2,2,2,2,2,1,1,0
15621,15621,Países Bajos,9.0,0.0,4.0,10.0,1.0,9.0,3.0,6.0,6.0,1.0,3.0,5.0,7.0,6.0,9.0,7.0,3.0,10.0,10.0,0,3.0,2,2,2,5.285714285714286,2,6.0,3,0,4.333333333333333,1,2,1,0,3,3,1,2,0,0,2,0,0,0,0,1,1,2
48056,48056,Hungría,5.0,5.0,5.0,10.0,4.0,5.0,5.0,5.0,4.0,8.0,8.0,4.0,4.0,4.0,8.0,3.0,5.0,5.0,0.0,2,1.0,7,0,0,5.714285714285714,2,5.0,2,2,5.0,2,2,1,2,2,3,2,2,0,2,2,1,2,2,2,1,1,0
5135,5135,Bélgica,8.0,3.0,5.0,5.0,3.0,8.0,5.0,3.0,5.0,0.0,0.0,5.0,2.0,5.0,8.0,7.0,7.0,7.0,0.0,0,1.0,0,0,1,3.571428571428572,1,5.333333333333333,2,1,5.333333333333333,2,1,1,1,2,1,0,2,1,1,2,1,2,2,0,0,1,0
27359,27359,España,5.0,2.0,5.0,4.0,4.0,0.0,2.0,0.0,6.0,5.0,7.0,5.0,4.0,6.0,10.0,5.0,6.0,7.0,8.0,1,3.0,3,2,1,6.142857142857143,3,0.6666666666666666,0,2,4.0,1,0,0,0,0,2,3,0,0,2,0,0,0,0,1,1,1,2
33439,33439,Italia,3.0,5.0,5.0,5.0,3.0,1.0,0.0,1.0,6.0,3.0,6.0,0.0,2.0,0.0,7.0,5.0,2.0,8.0,3.0,1,2.0,4,0,1,3.4285714285714284,1,0.6666666666666666,0,1,4.333333333333333,1,2,1,0,0,2,0,0,0,1,0,0,0,0,0,1,1,0
47289,47289,Hungría,5.0,6.0,5.0,8.0,3.0,5.0,4.0,3.0,8.0,8.0,8.0,7.0,7.0,7.0,8.0,2.0,3.0,6.0,5.0,2,1.0,7,1,1,7.571428571428571,3,4.0,2,1,5.333333333333333,2,2,1,0,2,3,3,1,0,0,2,1,1,2,2,1,0,2
44928,44928,Hungría,3.0,2.0,8.0,8.0,2.0,5.0,3.0,0.0,8.0,2.0,2.0,2.0,4.0,0.0,7.0,8.0,4.0,3.0,0.0,2,3.0,7,0,0,3.571428571428572,1,2.6666666666666665,1,1,4.333333333333333,1,2,1,0,0,3,0,0,0,2,2,0,0,2,0,1,1,0
27558,27558,España,5.0,5.0,5.0,5.0,3.0,1.0,7.0,1.0,3.0,0.0,3.0,0.0,0.0,0.0,5.0,2.0,3.0,8.0,3.0,1,4.0,3,0,1,1.5714285714285714,0,3.0,1,1,5.0,2,0,1,2,0,1,0,2,0,2,0,2,0,0,0,1,0,0
60363,60363,Eslovaquia,0.0,0.0,0.0,5.0,2.0,4.0,4.0,3.0,6.0,6.0,8.0,8.0,5.0,8.0,2.0,8.0,10.0,7.0,0.0,2,2.0,8,0,1,6.142857142857143,3,3.6666666666666665,1,1,0.0,0,1,0,0,2,1,3,0,0,0,0,1,2,2,1,1,0,0
166,166,Bélgica,7.0,7.0,8.0,8.0,2.0,7.0,9.0,8.0,6.0,6.0,8.0,8.0,7.0,7.0,9.0,7.0,9.0,8.0,4.0,0,1.0,0,1,1,7.285714285714286,3,8.0,4,1,7.333333333333333,2,2,1,2,3,3,3,1,2,2,2,2,2,0,1,1,0,2
12479,12479,Alemania,6.0,4.0,5.0,3.0,2.0,2.0,4.0,2.0,1.0,5.0,7.0,0.0,7.0,0.0,6.0,8.0,5.0,5.0,3.0,0,2.0,1,0,0,3.7142857142857135,1,2.6666666666666665,1,1,5.0,2,0,1,0,0,0,0,0,1,2,0,1,2,0,1,1,0,2
27507,27507,España,5.0,2.0,1.0,10.0,3.0,7.0,6.0,3.0,3.0,4.0,7.0,0.0,0.0,0.0,9.0,2.0,3.0,10.0,3.0,1,5.0,3,0,2,3.2857142857142856,1,5.333333333333333,2,1,2.6666666666666665,1,2,1,2,2,3,0,0,0,0,0,2,0,1,0,1,1,0
5545,5545,Bélgica,2.0,0.0,0.0,5.0,4.0,3.0,5.0,3.0,5.0,4.0,7.0,5.0,4.0,5.0,8.0,5.0,4.0,8.0,0.0,0,2.0,0,0,1,5.428571428571429,2,3.6666666666666665,1,2,0.6666666666666666,0,2,1,0,1,2,2,0,0,0,2,1,0,0,0,1,1,0
24501,24501,España,5.0,6.0,5.0,5.0,1.0,7.0,8.0,7.0,6.0,3.0,8.0,6.0,6.0,7.0,7.0,7.0,8.0,8.0,0.0,1,2.0,3,0,1,6.142857142857143,3,7.333333333333333,3,0,5.333333333333333,2,1,1,2,3,2,3,0,2,2,1,2,2,1,0,1,0,2
49661,49661,Hungría,7.0,0.0,0.0,6.0,3.0,2.0,3.0,2.0,5.0,5.0,5.0,1.0,0.0,1.0,6.0,6.0,6.0,7.0,0.0,2,2.0,7,0,1,3.2857142857142856,1,2.333333333333333,1,1,2.333333333333333,0,2,1,0,0,2,0,2,0,0,0,0,0,0,1,1,1,0
20671,20671,Países Bajos,3.0,3.0,4.0,10.0,3.0,2.0,4.0,0.0,0.0,0.0,0.0,0.0,0.0,0.0,8.0,0.0,0.0,8.0,5.0,0,2.0,2,1,1,1.1428571428571428,0,2.0,1,1,3.333333333333333,1,2,1,0,0,3,0,0,0,2,0,1,0,0,0,1,0,0
20417,20417,Países Bajos,7.0,5.0,6.0,8.0,2.0,5.0,6.0,5.0,5.0,4.0,6.0,4.0,2.0,4.0,7.0,5.0,8.0,8.0,0.0,0,3.0,2,0,1,4.571428571428571,2,5.333333333333333,2,1,6.0,2,2,1,1,1,3,2,2,1,2,2,2,0,0,0,1,1,0
59352,59352,Eslovaquia,8.0,8.0,8.0,2.0,2.0,7.0,0.0,4.0,5.0,5.0,5.0,5.0,5.0,5.0,7.0,0.0,0.0,8.0,8.0,2,1.0,8,2,1,5.285714285714286,2,3.6666666666666665,1,1,8.0,3,0,0,1,1,0,1,2,2,2,2,0,2,0,1,1,1,2
18963,18963,Países Bajos,5.0,4.0,5.0,5.0,2.0,6.0,6.0,4.0,5.0,8.0,9.0,4.0,9.0,4.0,7.0,8.0,7.0,9.0,9.0,0,2.0,2,2,2,6.571428571428571,3,5.333333333333333,2,1,4.666666666666667,1,2,0,2,2,2,3,1,2,0,2,2,2,0,2,0,1,2
42238,42238,Croacia,6.0,6.0,6.0,4.0,3.0,4.0,5.0,3.0,5.0,3.0,3.0,1.0,3.0,4.0,8.0,5.0,5.0,8.0,5.0,1,3.0,6,1,1,3.857142857142857,1,4.0,2,1,6.0,2,2,1,2,2,1,0,2,1,2,0,1,2,0,0,1,1,2
5813,5813,Bélgica,7.0,5.0,5.0,8.0,2.0,8.0,7.0,6.0,6.0,7.0,8.0,6.0,7.0,4.0,6.0,7.0,5.0,9.0,2.0,0,2.0,0,0,2,6.285714285714286,3,7.0,3,1,5.666666666666667,2,2,1,2,3,3,3,2,0,2,2,2,1,2,2,1,1,2
540,540,Bélgica,4.0,2.0,3.0,5.0,3.0,5.0,6.0,6.0,4.0,0.0,4.0,2.0,5.0,2.0,6.0,5.0,5.0,9.0,6.0,0,2.0,0,1,2,3.2857142857142856,1,5.666666666666667,2,1,3.0,1,2,1,2,1,2,0,2,0,1,2,2,0,2,0,1,1,1
35424,35424,Portugal,7.0,4.0,5.0,5.0,2.0,7.0,4.0,8.0,5.0,4.0,8.0,4.0,8.0,4.0,10.0,8.0,5.0,9.0,0.0,1,3.0,5,0,2,6.142857142857143,3,6.333333333333333,3,1,5.333333333333333,2,0,1,2,3,2,3,2,0,1,2,1,2,0,0,1,1,2
26299,26299,España,2.0,6.0,7.0,4.0,2.0,7.0,6.0,7.0,7.0,6.0,7.0,6.0,6.0,6.0,5.0,4.0,5.0,8.0,4.0,1,3.0,3,1,1,6.142857142857143,3,6.666666666666667,3,1,5.0,2,2,1,2,3,1,3,0,0,1,0,2,2,2,1,1,0,1
29585,29585,Italia,5.0,4.0,5.0,4.0,3.0,3.0,4.0,3.0,5.0,6.0,7.0,4.0,5.0,4.0,8.0,7.0,5.0,7.0,5.0,1,1.0,4,1,1,5.571428571428571,2,3.333333333333333,1,1,4.666666666666667,1,2,1,2,0,2,1,1,0,2,2,1,0,1,1,1,1,2
53338,53338,Hungría,7.0,4.0,7.0,4.0,2.0,0.0,3.0,2.0,4.0,2.0,4.0,1.0,2.0,1.0,4.0,7.0,5.0,10.0,0.0,2,1.0,7,0,2,2.571428571428572,1,1.6666666666666667,0,1,6.0,2,0,1,0,0,2,0,0,1,0,0,0,0,0,0,1,1,0
16149,16149,Países Bajos,6.0,6.0,7.0,8.0,2.0,4.0,4.0,3.0,7.0,6.0,4.0,6.0,5.0,7.0,5.0,6.0,5.0,8.0,9.0,0,2.0,2,2,1,5.714285714285714,2,3.6666666666666665,1,1,6.333333333333333,2,2,1,2,2,3,1,1,1,1,1,1,2,2,1,0,1,2
11791,11791,Alemania,2.0,5.0,3.0,2.0,3.0,7.0,3.0,3.0,6.0,3.0,5.0,6.0,5.0,6.0,6.0,7.0,7.0,8.0,1.0,0,2.0,1,0,1,5.285714285714286,2,4.333333333333333,2,1,3.333333333333333,1,0,1,2,1,0,1,0,1,0,0,0,2,0,0,1,0,0
38273,38273,Portugal,5.0,9.0,0.0,0.0,3.0,7.0,2.0,9.0,1.0,9.0,10.0,5.0,2.0,2.0,7.0,0.0,1.0,9.0,10.0,1,1.0,5,2,2,5.142857142857143,2,6.0,3,1,4.666666666666667,1,0,1,0,3,0,1,2,2,0,2,0,2,0,2,0,1,0
31061,31061,Italia,5.0,6.0,8.0,9.0,3.0,5.0,5.0,6.0,7.0,8.0,9.0,6.0,9.0,7.0,8.0,6.0,4.0,8.0,0.0,1,2.0,4,0,1,7.714285714285714,3,5.333333333333333,2,1,6.333333333333333,2,2,1,0,2,3,3,0,1,2,2,1,2,2,2,0,0,2
17103,17103,Países Bajos,8.0,7.0,8.0,3.0,2.0,8.0,7.0,7.0,7.0,7.0,8.0,7.0,7.0,6.0,9.0,7.0,7.0,5.0,8.0,0,2.0,2,2,0,7.285714285714286,3,7.333333333333333,3,1,7.666666666666667,3,0,0,2,3,0,3,2,2,2,2,2,2,2,2,1,0,2
2870,2870,Bélgica,8.0,5.0,7.0,4.0,4.0,8.0,8.0,8.0,9.0,9.0,8.0,8.0,8.0,8.0,8.0,7.0,7.0,8.0,1.0,0,3.0,0,0,1,8.285714285714286,4,8.0,4,2,6.666666666666667,2,0,0,2,3,2,3,2,2,0,2,2,2,2,2,1,0,2
28627,28627,Italia,5.0,4.0,5.0,5.0,2.0,6.0,5.0,8.0,8.0,9.0,10.0,7.0,9.0,7.0,2.0,4.0,4.0,8.0,7.0,1,2.0,4,2,1,7.428571428571429,3,6.333333333333333,3,1,4.666666666666667,1,2,1,2,3,2,3,1,2,2,0,1,2,2,2,0,0,2
23901,23901,España,4.0,9.0,7.0,3.0,2.0,6.0,0.0,3.0,6.0,3.0,6.0,2.0,4.0,5.0,0.0,4.0,6.0,8.0,0.0,1,2.0,3,0,1,3.7142857142857135,1,3.0,1,1,6.666666666666667,2,0,1,1,0,0,0,0,2,0,2,0,0,0,0,1,1,0
6065,6065,Bélgica,7.0,7.0,6.0,6.0,2.0,4.0,6.0,4.0,2.0,3.0,5.0,3.0,3.0,3.0,8.0,7.0,6.0,8.0,5.0,0,2.0,0,1,1,3.857142857142857,1,4.666666666666667,2,1,6.666666666666667,2,2,1,1,2,1,0,0,2,0,2,2,0,0,0,1,1,1
24336,24336,España,7.0,5.0,5.0,2.0,3.0,4.0,2.0,4.0,5.0,5.0,3.0,3.0,5.0,3.0,8.0,7.0,5.0,7.0,1.0,1,2.0,3,0,1,4.571428571428571,2,3.333333333333333,1,1,5.666666666666667,2,0,0,0,0,0,2,0,2,1,0,0,2,1,1,0,1,2
57062,57062,Eslovaquia,5.0,5.0,5.0,5.0,4.0,0.0,0.0,0.0,5.0,5.0,7.0,0.0,0.0,0.0,7.0,5.0,5.0,5.0,5.0,2,3.0,8,1,0,3.4285714285714284,1,0.0,0,2,5.0,2,0,1,0,0,1,0,2,2,0,0,0,0,0,1,1,0,0
56956,56956,Eslovaquia,1.0,2.0,1.0,8.0,3.0,4.0,4.0,4.0,8.0,8.0,8.0,8.0,8.0,8.0,6.0,5.0,5.0,10.0,9.0,2,1.0,8,2,2,7.714285714285714,3,4.0,2,1,1.3333333333333333,0,2,1,2,2,3,3,0,0,0,2,1,2,2,2,1,0,2
548,548,Bélgica,2.0,5.0,6.0,0.0,3.0,6.0,4.0,3.0,0.0,2.0,5.0,3.0,3.0,0.0,5.0,5.0,5.0,8.0,0.0,0,5.0,0,0,1,2.571428571428572,1,4.333333333333333,2,1,4.333333333333333,1,0,1,0,1,0,0,0,2,2,0,1,2,0,0,1,1,2
2333,2333,Bélgica,9.0,6.0,7.0,3.0,4.0,5.0,3.0,3.0,5.0,3.0,7.0,2.0,5.0,5.0,9.0,5.0,0.0,9.0,5.0,0,2.0,0,1,2,5.142857142857143,2,3.6666666666666665,1,2,7.333333333333333,2,0,1,0,1,0,2,2,2,1,1,0,2,0,0,1,1,2
24946,24946,España,2.0,4.0,4.0,5.0,4.0,3.0,2.0,3.0,2.0,2.0,2.0,2.0,2.0,2.0,10.0,5.0,6.0,7.0,3.0,1,3.0,3,0,1,3.142857142857143,1,2.6666666666666665,1,2,3.333333333333333,1,1,1,0,0,2,0,0,2,2,2,0,2,0,0,1,1,0
3333,3333,Bélgica,6.0,6.0,5.0,5.0,3.0,7.0,7.0,5.0,6.0,7.0,7.0,6.0,6.0,6.0,9.0,4.0,2.0,8.0,7.0,0,2.0,0,2,1,6.714285714285714,3,6.333333333333333,3,1,5.666666666666667,2,2,1,2,3,2,3,1,2,2,2,2,2,2,2,1,0,0
4257,4257,Bélgica,7.0,5.0,5.0,5.0,4.0,4.0,5.0,3.0,5.0,5.0,8.0,7.0,5.0,5.0,8.0,7.0,4.0,9.0,5.0,0,1.0,0,1,2,6.142857142857143,3,4.0,2,2,5.666666666666667,2,0,1,2,1,1,3,1,1,1,1,1,0,2,1,1,1,0
18641,18641,Países Bajos,7.0,7.0,7.0,8.0,3.0,4.0,3.0,1.0,0.0,4.0,3.0,0.0,3.0,6.0,7.0,5.0,2.0,7.0,0.0,0,3.0,2,0,1,3.2857142857142856,1,2.6666666666666665,1,1,7.0,2,2,1,0,0,3,0,2,2,0,2,0,0,0,0,1,1,0
51772,51772,Hungría,6.0,4.0,3.0,3.0,4.0,1.0,4.0,3.0,6.0,5.0,8.0,5.0,5.0,5.0,5.0,7.0,5.0,7.0,10.0,2,1.0,7,2,1,5.571428571428571,2,2.6666666666666665,1,2,4.333333333333333,1,0,0,0,0,0,2,2,2,0,0,1,2,0,1,1,1,0
25477,25477,España,6.0,3.0,4.0,5.0,3.0,6.0,4.0,4.0,5.0,4.0,5.0,4.0,5.0,0.0,7.0,4.0,4.0,8.0,2.0,1,3.0,3,0,1,4.285714285714286,2,4.666666666666667,2,1,4.333333333333333,1,0,1,0,2,2,2,2,2,2,2,1,1,0,0,1,1,0
19987,19987,Países Bajos,6.0,5.0,7.0,5.0,2.0,4.0,6.0,7.0,6.0,6.0,7.0,5.0,7.0,5.0,6.0,8.0,7.0,7.0,7.0,0,4.0,2,2,1,6.0,3,5.666666666666667,2,1,6.0,2,2,1,0,1,2,3,0,0,0,2,2,2,0,1,1,1,2
61901,61901,Eslovaquia,4.0,3.0,4.0,5.0,2.0,0.0,0.0,0.0,0.0,0.0,0.0,0.0,0.0,0.0,6.0,0.0,1.0,7.0,2.0,2,2.0,8,0,1,0.8571428571428571,0,0.0,0,1,3.6666666666666665,1,0,1,0,0,1,0,0,2,1,0,0,0,0,0,1,0,0
25665,25665,España,5.0,4.0,5.0,8.0,3.0,5.0,1.0,1.0,3.0,5.0,7.0,1.0,2.0,1.0,3.0,2.0,5.0,7.0,4.0,1,2.0,3,1,1,3.142857142857143,1,2.333333333333333,1,1,4.666666666666667,1,2,1,0,0,3,0,0,2,2,2,0,0,0,1,1,1,0
47415,47415,Hungría,3.0,5.0,5.0,4.0,4.0,4.0,5.0,6.0,4.0,1.0,2.0,3.0,1.0,4.0,8.0,4.0,5.0,5.0,4.0,2,2.0,7,1,0,3.2857142857142856,1,5.0,2,2,4.333333333333333,1,1,1,2,1,1,0,0,1,2,2,1,2,2,0,0,1,0
16650,16650,Países Bajos,7.0,6.0,7.0,3.0,3.0,8.0,2.0,2.0,5.0,8.0,8.0,6.0,6.0,7.0,7.0,3.0,5.0,6.0,3.0,0,2.0,2,0,1,6.714285714285714,3,4.0,2,1,6.666666666666667,2,0,1,1,2,0,3,1,2,2,2,0,0,1,2,1,0,0
53519,53519,Eslovaquia,0.0,3.0,0.0,8.0,1.0,4.0,3.0,2.0,4.0,2.0,3.0,1.0,3.0,2.0,2.0,5.0,5.0,5.0,7.0,2,1.0,8,2,0,2.4285714285714284,1,3.0,1,0,1.0,0,2,1,0,0,3,0,0,0,0,0,0,0,2,0,1,0,1
20010,20010,Países Bajos,1.0,4.0,3.0,2.0,3.0,4.0,2.0,1.0,0.0,1.0,2.0,0.0,1.0,1.0,7.0,4.0,1.0,6.0,0.0,0,1.0,2,0,1,1.7142857142857142,0,2.333333333333333,1,1,2.6666666666666665,1,0,0,0,0,0,0,0,2,0,0,0,0,0,0,0,1,0
15122,15122,Países Bajos,7.0,8.0,5.0,5.0,2.0,3.0,3.0,3.0,5.0,4.0,5.0,4.0,3.0,4.0,8.0,6.0,5.0,7.0,7.0,0,2.0,2,2,1,4.714285714285714,2,3.0,1,1,6.666666666666667,2,2,1,2,0,1,2,0,2,2,0,0,2,2,0,1,1,1
44094,44094,Hungría,6.0,6.0,7.0,8.0,3.0,7.0,7.0,7.0,6.0,7.0,7.0,7.0,7.0,7.0,8.0,5.0,6.0,8.0,4.0,2,1.0,7,1,1,7.0,3,7.0,3,1,6.333333333333333,2,2,1,2,3,3,3,1,0,0,2,2,2,1,2,1,0,2
5388,5388,Bélgica,5.0,6.0,4.0,5.0,2.0,4.0,7.0,4.0,5.0,8.0,8.0,7.0,6.0,5.0,6.0,6.0,6.0,9.0,5.0,0,2.0,0,1,2,6.428571428571429,3,5.0,2,1,5.0,2,2,1,2,2,2,3,0,2,2,2,2,0,1,2,1,0,0
52383,52383,Hungría,6.0,4.0,6.0,6.0,4.0,3.0,4.0,2.0,7.0,5.0,7.0,5.0,4.0,5.0,7.0,8.0,8.0,9.0,8.0,2,1.0,7,2,2,5.714285714285714,2,3.0,1,2,5.333333333333333,2,2,0,0,0,2,2,2,1,0,1,1,2,2,1,1,1,0
23846,23846,España,7.0,4.0,6.0,3.0,2.0,0.0,0.0,2.0,0.0,0.0,5.0,1.0,0.0,0.0,7.0,5.0,5.0,8.0,0.0,1,4.0,3,0,1,1.8571428571428568,0,0.6666666666666666,0,1,5.666666666666667,2,0,1,0,0,0,0,2,0,2,0,0,2,0,0,1,1,0
46615,46615,Hungría,6.0,4.0,6.0,3.0,3.0,7.0,7.0,7.0,8.0,3.0,6.0,3.0,3.0,3.0,7.0,7.0,7.0,7.0,7.0,2,2.0,7,2,1,4.714285714285714,2,7.0,3,1,5.333333333333333,2,0,1,2,3,0,2,1,1,2,1,2,2,2,0,1,1,2
28522,28522,Italia,5.0,8.0,8.0,5.0,3.0,6.0,4.0,7.0,7.0,7.0,8.0,4.0,7.0,4.0,10.0,7.0,2.0,9.0,8.0,1,1.0,4,2,2,6.714285714285714,3,5.666666666666667,2,1,7.0,2,2,0,2,2,2,3,0,2,2,0,1,2,2,2,1,1,2
18477,18477,Países Bajos,6.0,7.0,7.0,3.0,2.0,7.0,6.0,6.0,6.0,5.0,7.0,7.0,6.0,6.0,6.0,7.0,8.0,7.0,6.0,0,3.0,2,1,1,6.142857142857143,3,6.333333333333333,3,1,6.666666666666667,2,0,1,2,3,0,3,0,2,2,0,2,2,0,1,1,1,2
58421,58421,Eslovaquia,8.0,4.0,7.0,3.0,1.0,9.0,8.0,9.0,9.0,9.0,7.0,7.0,9.0,8.0,7.0,5.0,5.0,7.0,1.0,2,2.0,8,0,1,8.0,4,8.666666666666666,4,0,6.333333333333333,2,0,1,2,3,0,3,2,0,1,2,2,2,2,2,1,0,2
11571,11571,Alemania,7.0,7.0,5.0,5.0,1.0,3.0,4.0,3.0,3.0,4.0,6.0,3.0,6.0,3.0,4.0,6.0,5.0,7.0,4.0,0,2.0,1,1,1,4.142857142857143,2,3.333333333333333,1,0,6.333333333333333,2,2,1,2,0,1,1,1,2,2,0,1,2,2,0,1,1,0
45285,45285,Hungría,3.0,0.0,0.0,5.0,2.0,2.0,5.0,1.0,5.0,2.0,5.0,1.0,3.0,1.0,6.0,5.0,5.0,5.0,3.0,2,2.0,7,0,0,3.2857142857142856,1,2.6666666666666665,1,1,1.0,0,1,1,0,0,1,0,0,0,0,0,1,0,1,0,1,1,0
2405,2405,Bélgica,6.0,7.0,6.0,6.0,2.0,7.0,7.0,7.0,6.0,5.0,7.0,6.0,7.0,6.0,5.0,4.0,5.0,9.0,6.0,0,1.0,0,1,2,6.0,3,7.0,3,1,6.333333333333333,2,2,1,2,3,2,3,0,2,0,2,2,2,1,1,1,0,2
56356,56356,Eslovaquia,9.0,7.0,8.0,5.0,3.0,1.0,6.0,2.0,6.0,5.0,5.0,4.0,4.0,6.0,5.0,2.0,3.0,6.0,0.0,2,1.0,8,0,1,5.0,2,3.0,1,1,8.0,3,0,1,2,0,1,2,2,2,2,0,2,0,1,1,1,1,2
29505,29505,Italia,3.0,3.0,0.0,10.0,2.0,3.0,0.0,2.0,5.0,5.0,7.0,0.0,7.0,0.0,2.0,5.0,2.0,10.0,8.0,1,2.0,4,2,2,3.7142857142857135,1,1.6666666666666667,0,1,2.0,0,2,0,0,0,3,0,0,0,0,0,0,2,0,1,1,1,2
15380,15380,Países Bajos,8.0,5.0,9.0,3.0,2.0,5.0,6.0,6.0,5.0,4.0,5.0,6.0,5.0,7.0,8.0,5.0,5.0,8.0,1.0,0,2.0,2,0,1,5.714285714285714,2,5.666666666666667,2,1,7.333333333333333,2,0,1,2,2,0,1,2,2,2,0,2,0,1,0,1,1,0
53639,53639,Eslovaquia,4.0,6.0,1.0,1.0,3.0,4.0,5.0,3.0,3.0,4.0,3.0,1.0,5.0,1.0,9.0,4.0,4.0,6.0,3.0,2,2.0,8,0,1,3.7142857142857135,1,4.0,2,1,3.6666666666666665,1,0,1,0,2,0,0,0,2,0,0,1,0,0,0,1,1,2
49757,49757,Hungría,5.0,5.0,5.0,7.0,3.0,5.0,2.0,2.0,5.0,5.0,5.0,5.0,5.0,5.0,10.0,4.0,5.0,8.0,5.0,2,1.0,7,1,1,5.714285714285714,2,3.0,1,1,5.0,2,2,1,0,0,3,2,2,0,1,1,0,2,2,1,1,1,0
11207,11207,Alemania,5.0,3.0,7.0,5.0,3.0,7.0,8.0,4.0,6.0,7.0,7.0,5.0,4.0,5.0,9.0,8.0,9.0,9.0,0.0,0,2.0,1,0,2,6.142857142857143,3,6.333333333333333,3,1,5.0,2,0,1,2,3,2,3,0,2,2,0,2,0,0,2,1,1,1
51753,51753,Hungría,6.0,7.0,6.0,4.0,2.0,3.0,2.0,3.0,8.0,8.0,8.0,3.0,5.0,2.0,5.0,3.0,5.0,2.0,5.0,2,1.0,7,1,0,5.571428571428571,2,2.6666666666666665,1,1,6.333333333333333,2,1,1,0,0,1,2,0,2,2,2,0,0,2,2,1,1,0
53450,53450,Hungría,5.0,5.0,5.0,5.0,2.0,8.0,8.0,7.0,8.0,5.0,5.0,8.0,5.0,8.0,5.0,0.0,5.0,8.0,5.0,2,1.0,7,1,1,6.285714285714286,3,7.666666666666667,3,1,5.0,2,0,1,2,3,1,3,0,0,2,2,2,2,2,1,1,0,0
49108,49108,Hungría,5.0,8.0,4.0,5.0,4.0,2.0,0.0,0.0,8.0,0.0,3.0,2.0,0.0,0.0,9.0,10.0,7.0,9.0,0.0,2,1.0,7,0,2,3.142857142857143,1,0.6666666666666666,0,2,5.666666666666667,2,1,1,0,0,1,0,2,2,2,0,0,0,2,0,1,1,0
8043,8043,Alemania,10.0,4.0,7.0,1.0,4.0,0.0,8.0,5.0,8.0,8.0,0.0,5.0,10.0,7.0,9.0,3.0,5.0,10.0,0.0,0,2.0,1,0,2,6.714285714285714,3,4.333333333333333,2,2,7.0,2,0,1,0,2,0,3,2,0,0,0,2,2,2,2,1,1,2
57513,57513,Eslovaquia,2.0,3.0,2.0,3.0,3.0,5.0,3.0,2.0,3.0,3.0,6.0,1.0,2.0,1.0,7.0,3.0,5.0,7.0,6.0,2,1.0,8,1,1,3.2857142857142856,1,3.333333333333333,1,1,2.333333333333333,0,0,1,1,0,0,0,0,2,0,2,0,2,0,0,1,1,0
27569,27569,España,1.0,3.0,1.0,8.0,2.0,2.0,6.0,5.0,5.0,0.0,7.0,2.0,5.0,2.0,10.0,8.0,8.0,10.0,8.0,1,2.0,3,2,2,4.428571428571429,2,4.333333333333333,2,1,1.6666666666666667,0,2,0,2,1,3,1,0,0,0,0,2,2,1,0,1,1,2
3263,3263,Bélgica,6.0,7.0,7.0,5.0,3.0,7.0,5.0,4.0,4.0,2.0,5.0,2.0,3.0,2.0,3.0,3.0,3.0,8.0,8.0,0,5.0,0,2,1,3.0,1,5.333333333333333,2,1,6.666666666666667,2,0,0,2,2,2,0,1,2,2,1,1,1,2,0,1,1,2
46637,46637,Hungría,7.0,6.0,7.0,2.0,3.0,8.0,2.0,2.0,10.0,10.0,10.0,6.0,8.0,2.0,3.0,1.0,2.0,8.0,0.0,2,2.0,7,0,1,7.0,3,4.0,2,1,6.666666666666667,2,0,0,1,1,0,3,2,2,0,2,0,0,2,2,0,0,2
1273,1273,Bélgica,5.0,2.0,2.0,3.0,2.0,5.0,5.0,3.0,5.0,5.0,6.0,2.0,0.0,2.0,7.0,7.0,5.0,8.0,0.0,0,1.0,0,0,1,3.857142857142857,1,4.333333333333333,2,1,3.0,1,0,1,2,1,0,0,2,0,0,0,1,2,0,1,1,1,0
5653,5653,Bélgica,7.0,5.0,6.0,4.0,3.0,7.0,7.0,7.0,6.0,6.0,6.0,6.0,6.0,5.0,7.0,2.0,1.0,9.0,6.0,0,2.0,0,1,2,6.0,3,7.0,3,1,6.0,2,2,1,2,3,1,3,2,1,1,2,2,2,2,1,1,1,0
45705,45705,Hungría,7.0,7.0,7.0,5.0,4.0,3.0,3.0,3.0,6.0,6.0,7.0,8.0,7.0,7.0,5.0,2.0,9.0,7.0,1.0,2,3.0,7,0,1,6.571428571428571,3,3.0,1,2,7.0,2,1,1,0,0,1,3,0,2,2,1,0,2,1,1,1,0,2
55288,55288,Eslovaquia,3.0,4.0,7.0,8.0,2.0,6.0,7.0,5.0,7.0,7.0,3.0,4.0,6.0,4.0,3.0,7.0,6.0,5.0,6.0,2,2.0,8,1,0,4.857142857142857,2,6.0,3,1,4.666666666666667,1,2,1,0,3,3,2,0,1,2,0,2,2,2,2,1,1,1
42817,42817,Croacia,4.0,3.0,4.0,5.0,4.0,5.0,2.0,2.0,6.0,3.0,3.0,2.0,1.0,1.0,8.0,4.0,4.0,9.0,5.0,1,2.0,6,1,2,3.4285714285714284,1,3.0,1,2,3.6666666666666665,1,2,1,2,0,2,0,0,1,2,1,0,0,2,0,1,1,0
8079,8079,Alemania,7.0,6.0,7.0,3.0,2.0,7.0,6.0,2.0,7.0,7.0,7.0,6.0,8.0,7.0,6.0,9.0,7.0,5.0,0.0,0,4.0,1,0,0,6.857142857142857,3,5.0,2,1,6.666666666666667,2,0,1,2,1,0,3,1,2,1,0,2,2,2,2,1,0,2
59398,59398,Eslovaquia,7.0,3.0,7.0,0.0,3.0,4.0,3.0,5.0,4.0,2.0,3.0,3.0,8.0,3.0,7.0,6.0,5.0,6.0,3.0,2,1.0,8,0,1,4.285714285714286,2,4.0,2,1,5.666666666666667,2,0,1,1,2,0,2,2,0,2,1,0,0,0,0,1,1,2
27804,27804,España,10.0,5.0,6.0,7.0,2.0,5.0,10.0,10.0,10.0,6.0,10.0,4.0,8.0,4.0,10.0,6.0,10.0,10.0,7.0,1,3.0,3,2,2,7.428571428571429,3,8.333333333333334,4,1,7.0,2,2,1,2,3,3,3,2,1,0,2,2,2,2,1,0,1,2
13098,13098,Alemania,6.0,7.0,5.0,2.0,4.0,8.0,9.0,8.0,8.0,9.0,9.0,7.0,8.0,7.0,3.0,4.0,9.0,9.0,3.0,0,3.0,1,0,2,7.285714285714286,3,8.333333333333334,4,2,6.0,2,0,1,2,3,0,3,2,2,0,2,2,2,2,2,0,0,2
39034,39034,Portugal,5.0,3.0,3.0,7.0,2.0,2.0,1.0,2.0,2.0,4.0,5.0,2.0,3.0,2.0,8.0,3.0,3.0,7.0,2.0,1,2.0,5,0,1,3.7142857142857135,1,1.6666666666666667,0,1,3.6666666666666665,1,2,1,0,0,3,0,0,2,2,0,0,2,0,0,1,1,2
27720,27720,España,7.0,2.0,5.0,5.0,4.0,4.0,7.0,5.0,3.0,5.0,3.0,0.0,0.0,0.0,8.0,5.0,7.0,9.0,0.0,1,3.0,3,0,2,2.7142857142857144,1,5.333333333333333,2,2,4.666666666666667,1,0,1,0,1,2,0,0,0,0,0,2,2,0,1,1,1,0
7622,7622,Alemania,9.0,7.0,8.0,6.0,2.0,8.0,7.0,7.0,9.0,9.0,8.0,7.0,8.0,8.0,8.0,6.0,6.0,9.0,4.0,0,2.0,1,1,2,8.142857142857142,4,7.333333333333333,3,1,8.0,3,2,1,2,3,2,3,2,2,2,2,2,2,2,2,1,1,2
22422,22422,España,8.0,8.0,8.0,4.0,4.0,7.0,6.0,7.0,3.0,7.0,5.0,7.0,4.0,0.0,7.0,7.0,7.0,7.0,4.0,1,2.0,3,1,1,4.714285714285714,2,6.666666666666667,3,2,8.0,3,2,1,2,3,2,2,2,2,2,0,2,2,0,2,1,1,2
15680,15680,Países Bajos,5.0,3.0,3.0,4.0,3.0,5.0,5.0,5.0,3.0,4.0,4.0,4.0,3.0,4.0,7.0,6.0,6.0,7.0,3.0,0,2.0,2,0,1,4.142857142857143,2,5.0,2,1,3.6666666666666665,1,1,1,1,2,1,1,2,1,2,0,1,0,2,0,1,1,1
56608,56608,Eslovaquia,4.0,3.0,3.0,5.0,4.0,1.0,0.0,0.0,2.0,1.0,1.0,0.0,1.0,1.0,10.0,8.0,3.0,8.0,3.0,2,1.0,8,0,1,2.2857142857142856,1,0.3333333333333333,0,2,3.333333333333333,1,0,1,0,0,2,0,0,0,2,0,0,0,0,0,1,1,0
26877,26877,España,7.0,9.0,8.0,6.0,3.0,6.0,0.0,0.0,10.0,10.0,10.0,0.0,0.0,0.0,10.0,10.0,10.0,10.0,5.0,1,3.0,3,1,2,5.714285714285714,2,2.0,1,1,8.0,3,1,1,0,0,1,2,1,2,2,0,0,0,2,2,0,1,0
36858,36858,Portugal,8.0,5.0,8.0,7.0,3.0,6.0,4.0,3.0,9.0,8.0,6.0,8.0,5.0,6.0,8.0,6.0,5.0,8.0,4.0,1,4.0,5,1,1,7.142857142857143,3,4.333333333333333,2,1,7.0,2,2,1,2,2,3,3,2,0,2,2,1,2,2,2,1,0,0
3739,3739,Bélgica,7.0,7.0,7.0,5.0,3.0,3.0,6.0,3.0,5.0,6.0,7.0,3.0,5.0,3.0,7.0,7.0,6.0,9.0,7.0,0,3.0,0,2,2,5.142857142857143,2,4.0,2,1,7.0,2,0,1,2,1,2,2,0,2,1,2,2,0,0,1,1,1,2
61263,61263,Eslovaquia,6.0,5.0,6.0,4.0,3.0,4.0,6.0,6.0,5.0,4.0,6.0,4.0,5.0,5.0,6.0,2.0,4.0,8.0,6.0,2,2.0,8,1,1,5.0,2,5.333333333333333,2,1,5.666666666666667,2,0,1,0,1,2,1,0,2,0,2,2,2,0,0,1,1,0
61973,61973,Eslovaquia,6.0,3.0,6.0,5.0,3.0,7.0,3.0,3.0,7.0,5.0,8.0,4.0,2.0,3.0,3.0,5.0,4.0,6.0,6.0,2,1.0,8,1,1,4.571428571428571,2,4.333333333333333,2,1,5.0,2,1,1,0,2,1,2,0,2,0,2,0,2,2,1,1,1,0
16950,16950,Países Bajos,6.0,2.0,7.0,5.0,2.0,7.0,6.0,2.0,0.0,6.0,4.0,1.0,2.0,2.0,6.0,7.0,8.0,8.0,8.0,0,2.0,2,2,1,3.0,1,5.0,2,1,5.0,2,1,1,2,2,1,0,2,0,2,2,2,0,0,1,1,1,0
46524,46524,Hungría,7.0,8.0,8.0,1.0,2.0,1.0,5.0,2.0,10.0,8.0,9.0,8.0,1.0,6.0,10.0,3.0,1.0,10.0,10.0,2,2.0,7,2,2,7.428571428571429,3,2.6666666666666665,1,1,7.666666666666667,3,0,0,0,0,0,3,2,2,2,0,1,0,2,2,1,0,0
28862,28862,Italia,5.0,0.0,2.0,5.0,4.0,3.0,5.0,3.0,4.0,5.0,6.0,3.0,4.0,0.0,8.0,1.0,10.0,9.0,7.0,1,1.0,4,2,2,4.285714285714286,2,3.6666666666666665,1,2,2.333333333333333,0,1,1,2,1,2,2,2,0,0,0,1,2,0,1,1,1,0
42831,42831,Croacia,0.0,8.0,10.0,0.0,3.0,0.0,0.0,3.0,2.0,5.0,7.0,0.0,5.0,0.0,10.0,6.0,4.0,9.0,3.0,1,2.0,6,0,2,4.142857142857143,2,1.0,0,1,6.0,2,0,1,0,0,0,2,0,2,2,0,0,0,0,1,1,1,2
58732,58732,Eslovaquia,3.0,4.0,8.0,5.0,3.0,8.0,0.0,0.0,0.0,1.0,2.0,1.0,1.0,1.0,5.0,0.0,0.0,8.0,5.0,2,2.0,8,1,1,1.5714285714285714,0,2.6666666666666665,1,1,5.0,2,2,1,0,0,2,0,0,2,2,2,0,0,0,0,1,1,0
42221,42221,Croacia,5.0,3.0,5.0,7.0,3.0,5.0,3.0,5.0,3.0,3.0,5.0,2.0,3.0,1.0,5.0,4.0,6.0,8.0,8.0,1,2.0,6,2,1,3.142857142857143,1,4.333333333333333,2,1,4.333333333333333,1,2,0,1,2,3,0,2,2,2,0,0,2,0,0,1,1,1
22894,22894,España,8.0,2.0,8.0,8.0,3.0,7.0,6.0,2.0,5.0,2.0,5.0,2.0,5.0,0.0,7.0,7.0,5.0,7.0,5.0,1,2.0,3,1,1,3.7142857142857135,1,5.0,2,1,6.0,2,2,1,2,2,3,0,2,0,2,0,2,2,1,0,1,1,0
10284,10284,Alemania,6.0,6.0,4.0,5.0,3.0,4.0,4.0,4.0,3.0,5.0,5.0,6.0,4.0,5.0,6.0,3.0,2.0,8.0,0.0,0,2.0,1,0,1,4.857142857142857,2,4.0,2,1,5.333333333333333,2,1,1,2,1,1,1,2,1,2,0,1,0,1,1,1,0,1
23110,23110,España,5.0,1.0,5.0,0.0,3.0,2.0,2.0,1.0,0.0,3.0,0.0,0.0,1.0,0.0,6.0,5.0,5.0,5.0,0.0,1,2.0,3,0,0,1.4285714285714286,0,1.6666666666666667,0,1,3.6666666666666665,1,0,1,0,0,0,0,0,0,1,0,0,0,0,0,1,1,0
5975,5975,Bélgica,6.0,5.0,5.0,7.0,4.0,8.0,9.0,8.0,8.0,9.0,8.0,6.0,7.0,6.0,7.0,5.0,3.0,9.0,0.0,0,1.0,0,0,2,7.285714285714286,3,8.333333333333334,4,2,5.333333333333333,2,2,0,2,3,3,3,2,0,2,2,2,2,2,2,1,0,2
58514,58514,Eslovaquia,2.0,9.0,4.0,8.0,3.0,6.0,1.0,10.0,5.0,9.0,6.0,5.0,6.0,3.0,10.0,7.0,6.0,5.0,7.0,2,2.0,8,2,0,6.285714285714286,3,5.666666666666667,2,1,5.0,2,2,1,0,2,3,3,0,2,1,1,0,2,0,2,1,1,1
14780,14780,Países Bajos,8.0,7.0,8.0,2.0,2.0,6.0,7.0,5.0,8.0,8.0,7.0,6.0,7.0,7.0,7.0,8.0,7.0,8.0,0.0,0,2.0,2,0,1,7.142857142857143,3,6.0,3,1,7.666666666666667,3,0,1,2,3,0,3,2,2,2,0,2,2,2,2,1,0,2
58719,58719,Eslovaquia,1.0,1.0,1.0,8.0,3.0,3.0,2.0,3.0,3.0,2.0,1.0,2.0,2.0,3.0,8.0,2.0,2.0,5.0,2.0,2,3.0,8,0,0,3.0,1,2.6666666666666665,1,1,1.0,0,2,1,0,0,3,0,0,0,0,0,0,2,2,0,1,1,0
6301,6301,Bélgica,6.0,4.0,3.0,5.0,2.0,6.0,3.0,4.0,7.0,7.0,7.0,6.0,3.0,6.0,9.0,5.0,8.0,9.0,5.0,0,1.0,0,1,2,6.428571428571429,3,4.333333333333333,2,1,4.333333333333333,1,1,1,0,1,2,3,1,0,1,0,0,2,2,2,1,0,2
37716,37716,Portugal,5.0,5.0,2.0,10.0,2.0,2.0,2.0,2.0,2.0,5.0,5.0,0.0,5.0,5.0,7.0,9.0,3.0,9.0,8.0,1,2.0,5,2,2,4.142857142857143,2,2.0,1,1,4.0,1,2,0,0,0,3,1,0,1,0,0,0,0,0,1,1,0,1
37623,37623,Portugal,6.0,5.0,6.0,8.0,4.0,8.0,7.0,7.0,8.0,5.0,9.0,2.0,6.0,1.0,8.0,8.0,8.0,10.0,5.0,1,4.0,5,1,2,5.571428571428571,2,7.333333333333333,3,2,5.666666666666667,2,2,1,2,3,3,2,0,2,0,2,2,2,2,1,0,1,0
25290,25290,España,7.0,4.0,7.0,5.0,2.0,7.0,8.0,8.0,6.0,5.0,10.0,8.0,8.0,5.0,9.0,5.0,4.0,8.0,8.0,1,2.0,3,2,1,7.285714285714286,3,7.666666666666667,3,1,6.0,2,1,1,2,3,1,3,2,0,1,2,2,2,1,1,0,0,2
39599,39599,Portugal,5.0,6.0,6.0,5.0,3.0,5.0,4.0,4.0,6.0,6.0,8.0,4.0,5.0,3.0,10.0,5.0,4.0,8.0,8.0,1,3.0,5,2,1,6.0,3,4.333333333333333,2,1,5.666666666666667,2,2,0,2,1,1,3,2,0,0,2,1,0,1,1,1,1,2
58912,58912,Eslovaquia,6.0,7.0,5.0,6.0,3.0,2.0,1.0,4.0,2.0,4.0,3.0,1.0,4.0,1.0,10.0,6.0,5.0,4.0,6.0,2,1.0,8,1,0,3.571428571428572,1,2.333333333333333,1,1,6.0,2,1,1,0,0,1,0,2,2,0,0,0,0,0,0,1,1,0
20523,20523,Países Bajos,7.0,8.0,7.0,5.0,1.0,8.0,5.0,8.0,7.0,9.0,9.0,9.0,9.0,9.0,7.0,8.0,7.0,8.0,0.0,0,4.0,2,0,1,8.428571428571429,4,7.0,3,0,7.333333333333333,2,1,1,2,3,2,3,0,2,0,2,1,2,2,2,0,0,2
30909,30909,Italia,6.0,6.0,8.0,8.0,3.0,7.0,4.0,10.0,7.0,5.0,6.0,0.0,6.0,2.0,9.0,8.0,8.0,8.0,9.0,1,2.0,4,2,1,5.0,2,7.0,3,1,6.666666666666667,2,2,0,2,3,3,2,1,1,2,0,1,2,2,1,1,1,2
57496,57496,Eslovaquia,5.0,5.0,4.0,5.0,2.0,3.0,2.0,3.0,9.0,6.0,4.0,3.0,7.0,3.0,6.0,5.0,6.0,9.0,10.0,2,1.0,8,2,2,5.428571428571429,2,2.6666666666666665,1,1,4.666666666666667,1,2,0,0,0,1,2,0,2,0,0,0,2,2,1,1,1,2
19849,19849,Países Bajos,6.0,6.0,5.0,5.0,2.0,7.0,5.0,6.0,5.0,5.0,6.0,6.0,7.0,6.0,8.0,7.0,7.0,5.0,6.0,0,2.0,2,1,0,6.142857142857143,3,6.0,3,1,5.666666666666667,2,2,1,2,3,1,3,2,2,2,2,1,0,1,1,1,0,2
46106,46106,Hungría,3.0,3.0,3.0,5.0,4.0,3.0,2.0,2.0,2.0,3.0,3.0,1.0,2.0,1.0,6.0,1.0,2.0,5.0,0.0,2,1.0,7,0,0,2.571428571428572,1,2.333333333333333,1,2,3.0,1,0,1,0,0,2,0,0,0,0,2,0,2,0,0,1,1,0
37545,37545,Portugal,8.0,1.0,5.0,3.0,2.0,7.0,1.0,1.0,7.0,1.0,5.0,1.0,0.0,0.0,8.0,5.0,1.0,9.0,8.0,1,3.0,5,2,2,3.142857142857143,1,3.0,1,1,4.666666666666667,1,0,0,2,0,0,0,2,0,2,2,0,0,2,0,1,1,0
40071,40071,Portugal,6.0,2.0,4.0,0.0,2.0,5.0,3.0,6.0,4.0,4.0,6.0,4.0,4.0,4.0,6.0,9.0,5.0,7.0,3.0,1,2.0,5,0,1,4.571428571428571,2,4.666666666666667,2,1,4.0,1,0,1,2,1,0,2,0,0,0,0,0,2,1,0,1,1,2
34369,34369,Portugal,3.0,8.0,5.0,2.0,3.0,3.0,4.0,3.0,6.0,7.0,5.0,2.0,6.0,5.0,6.0,8.0,6.0,8.0,2.0,1,3.0,5,0,1,5.285714285714286,2,3.333333333333333,1,1,5.333333333333333,2,0,1,0,0,0,1,0,2,0,2,1,2,0,2,1,1,0
24849,24849,España,5.0,5.0,5.0,7.0,2.0,7.0,6.0,1.0,2.0,3.0,5.0,1.0,2.0,2.0,10.0,1.0,0.0,10.0,3.0,1,3.0,3,0,2,3.571428571428572,1,4.666666666666667,2,1,5.0,2,2,1,0,2,3,0,0,2,2,2,2,0,0,0,1,1,0
18171,18171,Países Bajos,7.0,5.0,7.0,7.0,2.0,7.0,7.0,8.0,3.0,6.0,7.0,6.0,7.0,5.0,9.0,6.0,8.0,8.0,6.0,0,2.0,2,1,1,6.142857142857143,3,7.333333333333333,3,1,6.333333333333333,2,2,1,2,3,3,3,0,0,1,2,2,2,2,1,1,1,2
45523,45523,Hungría,3.0,5.0,0.0,5.0,3.0,7.0,7.0,7.0,9.0,9.0,10.0,8.0,7.0,9.0,8.0,0.0,1.0,10.0,0.0,2,2.0,7,0,2,8.571428571428571,4,7.0,3,1,2.6666666666666665,1,2,1,2,3,1,3,0,2,0,0,2,2,2,2,0,0,2
56224,56224,Eslovaquia,5.0,5.0,1.0,5.0,3.0,5.0,5.0,7.0,5.0,5.0,7.0,5.0,5.0,5.0,9.0,5.0,5.0,5.0,5.0,2,1.0,8,1,0,5.857142857142857,2,5.666666666666667,2,1,3.6666666666666665,1,1,1,1,1,2,3,2,2,0,0,1,2,2,1,1,1,0
32700,32700,Italia,5.0,5.0,6.0,6.0,2.0,2.0,2.0,5.0,6.0,6.0,7.0,4.0,3.0,5.0,6.0,7.0,7.0,7.0,0.0,1,1.0,4,0,1,5.285714285714286,2,3.0,1,1,5.333333333333333,2,2,0,0,0,1,1,0,1,2,0,0,0,0,1,1,1,0
40026,40026,Portugal,5.0,5.0,3.0,7.0,4.0,0.0,0.0,0.0,2.0,0.0,0.0,0.0,0.0,0.0,4.0,5.0,5.0,9.0,3.0,1,2.0,5,0,2,0.8571428571428571,0,0.0,0,2,4.333333333333333,1,2,1,0,0,3,0,2,0,0,0,0,0,0,0,1,0,0
14947,14947,Países Bajos,7.0,5.0,5.0,5.0,2.0,5.0,6.0,5.0,6.0,7.0,6.0,5.0,6.0,5.0,7.0,5.0,3.0,5.0,5.0,0,2.0,2,1,0,6.0,3,5.333333333333333,2,1,5.666666666666667,2,0,1,0,1,1,3,1,0,2,1,2,2,0,2,1,1,0
33399,33399,Italia,6.0,2.0,1.0,6.0,2.0,5.0,3.0,6.0,5.0,5.0,8.0,2.0,5.0,2.0,2.0,7.0,3.0,8.0,6.0,1,1.0,4,1,1,4.142857142857143,2,4.666666666666667,2,1,3.0,1,2,1,0,2,2,2,2,0,0,2,0,1,2,1,1,1,2
9776,9776,Alemania,6.0,8.0,7.0,2.0,3.0,8.0,7.0,7.0,7.0,7.0,9.0,8.0,9.0,7.0,8.0,8.0,5.0,9.0,1.0,0,2.0,1,0,2,7.857142857142857,3,7.333333333333333,3,1,7.0,2,0,0,2,3,0,3,0,2,0,2,2,2,2,2,0,1,2
10885,10885,Alemania,3.0,5.0,6.0,3.0,1.0,7.0,5.0,3.0,5.0,7.0,7.0,4.0,6.0,5.0,6.0,7.0,5.0,8.0,5.0,0,1.0,1,1,1,5.714285714285714,2,5.0,2,0,4.666666666666667,1,0,1,0,2,0,2,0,2,1,1,1,2,2,2,1,1,1
5023,5023,Bélgica,7.0,4.0,7.0,5.0,3.0,7.0,7.0,7.0,7.0,6.0,6.0,6.0,7.0,7.0,9.0,5.0,4.0,8.0,5.0,0,2.0,0,1,1,6.857142857142857,3,7.0,3,1,6.0,2,2,1,2,3,1,3,0,2,1,2,2,2,2,1,1,1,2
11011,11011,Alemania,3.0,3.0,5.0,6.0,2.0,1.0,7.0,4.0,2.0,8.0,8.0,1.0,7.0,0.0,8.0,7.0,7.0,10.0,5.0,0,2.0,1,1,2,4.857142857142857,2,4.0,2,1,3.6666666666666665,1,2,1,0,1,2,1,0,0,1,0,2,1,0,2,1,1,2
849,849,Bélgica,0.0,10.0,3.0,0.0,3.0,5.0,10.0,3.0,4.0,0.0,0.0,0.0,0.0,0.0,5.0,0.0,10.0,10.0,10.0,0,1.0,0,2,2,1.2857142857142858,0,6.0,3,1,4.333333333333333,1,0,1,1,3,0,0,0,2,1,0,2,2,2,0,1,1,0
7508,7508,Alemania,3.0,3.0,6.0,4.0,3.0,7.0,8.0,5.0,7.0,9.0,10.0,6.0,7.0,6.0,4.0,5.0,3.0,8.0,6.0,0,3.0,1,1,1,7.0,3,6.666666666666667,3,1,4.0,1,2,1,2,3,1,3,0,0,2,0,2,2,2,2,0,0,2
16249,16249,Países Bajos,6.0,4.0,7.0,3.0,2.0,7.0,6.0,7.0,6.0,7.0,6.0,6.0,7.0,5.0,8.0,3.0,6.0,7.0,0.0,0,1.0,2,0,1,6.428571428571429,3,6.666666666666667,3,1,5.666666666666667,2,0,0,2,3,0,3,2,2,0,1,2,2,1,2,1,0,2
18823,18823,Países Bajos,6.0,3.0,3.0,5.0,3.0,5.0,6.0,5.0,7.0,7.0,9.0,5.0,5.0,6.0,9.0,3.0,4.0,7.0,0.0,0,2.0,2,0,1,6.857142857142857,3,5.333333333333333,2,1,4.0,1,1,1,1,2,1,3,2,2,0,2,2,1,2,2,0,1,0
37148,37148,Portugal,7.0,8.0,7.0,5.0,3.0,7.0,8.0,3.0,7.0,4.0,7.0,3.0,7.0,3.0,8.0,8.0,8.0,10.0,7.0,1,3.0,5,2,2,5.571428571428571,2,6.0,3,1,7.333333333333333,2,0,1,2,3,2,1,0,2,2,2,2,2,2,0,1,1,2
50634,50634,Hungría,7.0,7.0,2.0,0.0,1.0,1.0,1.0,1.0,9.0,10.0,10.0,6.0,2.0,6.0,6.0,1.0,2.0,10.0,4.0,2,1.0,7,1,2,7.0,3,1.0,0,0,5.333333333333333,2,0,1,0,0,0,3,2,2,0,0,0,0,2,2,0,0,0
53055,53055,Hungría,4.0,3.0,3.0,8.0,2.0,6.0,7.0,6.0,2.0,7.0,8.0,7.0,7.0,7.0,10.0,0.0,0.0,8.0,1.0,2,1.0,7,0,1,6.857142857142857,3,6.333333333333333,3,1,3.333333333333333,1,2,1,2,3,3,3,1,1,0,2,2,2,0,2,1,0,2
651,651,Bélgica,5.0,4.0,5.0,0.0,2.0,6.0,6.0,5.0,8.0,5.0,7.0,6.0,7.0,6.0,7.0,4.0,8.0,8.0,8.0,0,2.0,0,2,1,6.571428571428571,3,5.666666666666667,2,1,4.666666666666667,1,0,0,2,2,0,3,0,1,0,1,2,0,2,1,1,0,2
9823,9823,Alemania,8.0,7.0,8.0,0.0,3.0,5.0,7.0,5.0,6.0,3.0,3.0,5.0,5.0,4.0,7.0,7.0,6.0,8.0,6.0,0,2.0,1,1,1,4.714285714285714,2,5.666666666666667,2,1,7.666666666666667,3,0,1,1,2,0,1,2,2,2,2,2,2,2,0,1,1,0
28591,28591,Italia,8.0,8.0,8.0,3.0,2.0,7.0,8.0,7.0,7.0,8.0,9.0,7.0,8.0,7.0,2.0,8.0,8.0,8.0,1.0,1,2.0,4,0,1,6.857142857142857,3,7.333333333333333,3,1,8.0,3,0,0,2,3,0,3,2,2,2,2,2,2,2,2,0,0,2
62174,62174,Eslovaquia,10.0,0.0,0.0,5.0,3.0,3.0,3.0,3.0,1.0,0.0,3.0,0.0,0.0,1.0,4.0,4.0,3.0,4.0,10.0,2,2.0,8,2,0,1.2857142857142858,0,3.0,1,1,3.333333333333333,1,1,0,2,0,2,0,2,0,0,0,0,2,0,0,1,0,0
31146,31146,Italia,4.0,4.0,6.0,5.0,3.0,5.0,5.0,7.0,5.0,5.0,9.0,3.0,6.0,3.0,7.0,4.0,5.0,7.0,2.0,1,2.0,4,0,1,5.428571428571429,2,5.666666666666667,2,1,4.666666666666667,1,2,1,2,1,2,2,2,1,2,2,1,2,1,1,0,1,2
27513,27513,España,5.0,6.0,2.0,1.0,3.0,4.0,3.0,4.0,5.0,1.0,5.0,0.0,0.0,0.0,7.0,7.0,5.0,9.0,0.0,1,2.0,3,0,2,2.571428571428572,1,3.6666666666666665,1,1,4.333333333333333,1,0,0,0,2,0,0,2,0,0,0,0,2,1,0,1,1,0
28479,28479,Italia,6.0,6.0,5.0,5.0,4.0,5.0,5.0,5.0,5.0,5.0,5.0,5.0,5.0,5.0,7.0,5.0,5.0,6.0,4.0,1,2.0,4,1,1,5.285714285714286,2,5.0,2,2,5.666666666666667,2,1,1,2,2,2,2,1,2,2,2,1,2,1,1,1,1,2
19107,19107,Países Bajos,8.0,8.0,3.0,7.0,3.0,5.0,4.0,5.0,5.0,8.0,8.0,6.0,7.0,4.0,8.0,0.0,4.0,6.0,0.0,0,4.0,2,0,1,6.571428571428571,3,4.666666666666667,2,1,6.333333333333333,2,2,0,0,2,3,3,2,2,0,0,1,0,2,2,1,0,2
19447,19447,Países Bajos,7.0,6.0,6.0,5.0,4.0,5.0,7.0,5.0,6.0,6.0,4.0,6.0,7.0,6.0,2.0,8.0,6.0,6.0,3.0,0,5.0,2,0,1,5.285714285714286,2,5.666666666666667,2,2,6.333333333333333,2,2,1,1,2,1,2,1,0,2,0,2,2,2,1,1,0,2
5970,5970,Bélgica,1.0,3.0,4.0,6.0,3.0,7.0,3.0,6.0,5.0,7.0,9.0,4.0,5.0,4.0,9.0,3.0,4.0,7.0,7.0,0,2.0,0,2,1,6.142857142857143,3,5.333333333333333,2,1,2.6666666666666665,1,0,1,1,1,1,3,0,0,1,2,0,0,1,2,0,1,2
4142,4142,Bélgica,6.0,7.0,6.0,5.0,4.0,5.0,6.0,5.0,2.0,4.0,6.0,3.0,5.0,3.0,8.0,5.0,5.0,8.0,5.0,0,3.0,0,1,1,4.428571428571429,2,5.333333333333333,2,2,6.333333333333333,2,0,1,2,2,2,2,2,2,2,0,2,1,0,0,1,1,0
19570,19570,Países Bajos,6.0,6.0,5.0,5.0,2.0,5.0,6.0,5.0,6.0,8.0,6.0,4.0,6.0,5.0,7.0,4.0,4.0,7.0,8.0,0,2.0,2,2,1,6.0,3,5.333333333333333,2,1,5.666666666666667,2,2,1,2,1,1,3,0,2,0,2,2,2,0,2,1,1,0
14583,14583,Países Bajos,7.0,4.0,9.0,5.0,2.0,5.0,4.0,4.0,5.0,5.0,7.0,5.0,6.0,5.0,9.0,8.0,7.0,5.0,7.0,0,1.0,2,2,0,6.0,3,4.333333333333333,2,1,6.666666666666667,2,0,1,0,2,1,3,0,1,2,0,1,1,0,1,1,1,2
52180,52180,Hungría,7.0,6.0,7.0,4.0,3.0,8.0,3.0,5.0,7.0,7.0,7.0,6.0,6.0,4.0,9.0,3.0,4.0,6.0,4.0,2,2.0,7,1,1,6.571428571428571,3,5.333333333333333,2,1,6.666666666666667,2,2,1,2,2,2,3,2,1,0,2,0,2,2,2,1,0,0
37466,37466,Portugal,8.0,5.0,5.0,5.0,2.0,3.0,5.0,5.0,5.0,1.0,5.0,1.0,6.0,1.0,8.0,7.0,4.0,8.0,7.0,1,2.0,5,2,1,3.857142857142857,1,4.333333333333333,2,1,6.0,2,0,1,2,2,2,0,2,0,2,2,1,2,2,0,1,1,0
10524,10524,Alemania,5.0,3.0,3.0,7.0,2.0,5.0,5.0,5.0,2.0,3.0,9.0,0.0,3.0,0.0,7.0,5.0,5.0,10.0,5.0,0,1.0,1,1,2,3.4285714285714284,1,5.0,2,1,3.6666666666666665,1,2,1,0,1,3,0,0,0,2,0,1,0,0,0,0,1,2
35228,35228,Portugal,8.0,5.0,7.0,7.0,2.0,6.0,2.0,3.0,5.0,5.0,7.0,3.0,3.0,3.0,8.0,5.0,5.0,7.0,7.0,1,2.0,5,2,1,4.857142857142857,2,3.6666666666666665,1,1,6.666666666666667,2,2,1,0,2,3,2,2,0,2,0,0,0,2,1,1,1,2
60496,60496,Eslovaquia,4.0,4.0,5.0,10.0,2.0,7.0,7.0,7.0,6.0,7.0,7.0,5.0,6.0,5.0,8.0,7.0,5.0,10.0,10.0,2,1.0,8,2,2,6.285714285714286,3,7.0,3,1,4.333333333333333,1,2,0,2,3,3,3,1,0,2,2,2,2,1,2,1,1,1
9477,9477,Alemania,7.0,7.0,8.0,5.0,3.0,5.0,7.0,5.0,4.0,8.0,7.0,4.0,6.0,4.0,5.0,5.0,5.0,6.0,2.0,0,4.0,1,0,1,5.428571428571429,2,5.666666666666667,2,1,7.333333333333333,2,1,1,0,2,1,2,1,2,2,1,2,0,2,2,1,1,1
15038,15038,Países Bajos,9.0,7.0,9.0,7.0,2.0,10.0,9.0,8.0,8.0,7.0,5.0,9.0,8.0,6.0,5.0,2.0,5.0,8.0,1.0,0,1.0,2,0,1,6.857142857142857,3,9.0,4,1,8.333333333333334,3,2,1,2,3,3,3,2,2,2,2,2,2,2,2,1,0,2
47015,47015,Hungría,5.0,2.0,2.0,7.0,3.0,2.0,2.0,2.0,2.0,7.0,3.0,1.0,0.0,1.0,7.0,2.0,2.0,8.0,10.0,2,1.0,7,2,1,3.0,1,2.0,1,1,3.0,1,2,0,0,0,3,0,1,0,0,0,0,2,0,2,0,0,0
54155,54155,Eslovaquia,0.0,0.0,0.0,0.0,3.0,0.0,0.0,0.0,5.0,0.0,0.0,0.0,0.0,0.0,5.0,5.0,5.0,3.0,5.0,2,3.0,8,1,0,1.4285714285714286,0,0.0,0,1,0.0,0,0,1,0,0,0,0,0,0,0,0,0,0,0,0,1,1,0
22141,22141,España,4.0,4.0,3.0,7.0,2.0,5.0,5.0,5.0,5.0,6.0,5.0,6.0,7.0,0.0,8.0,5.0,2.0,7.0,6.0,1,4.0,3,1,1,5.285714285714286,2,5.0,2,1,3.6666666666666665,1,2,1,1,1,3,2,1,0,2,0,1,2,1,1,1,0,2
43730,43730,Hungría,5.0,5.0,1.0,5.0,4.0,0.0,3.0,1.0,2.0,2.0,2.0,0.0,0.0,0.0,2.0,2.0,5.0,4.0,0.0,2,1.0,7,0,0,1.1428571428571428,0,1.3333333333333333,0,2,3.6666666666666665,1,0,1,0,0,2,0,0,0,0,0,0,0,0,0,1,1,0
48032,48032,Hungría,10.0,2.0,2.0,5.0,4.0,2.0,2.0,2.0,0.0,1.0,0.0,0.0,1.0,0.0,9.0,4.0,4.0,4.0,4.0,2,2.0,7,1,0,1.5714285714285714,0,2.0,1,2,4.666666666666667,1,1,1,0,0,1,0,2,0,0,0,0,0,0,0,0,0,0
27256,27256,España,4.0,5.0,6.0,5.0,4.0,7.0,6.0,7.0,8.0,6.0,6.0,5.0,8.0,5.0,8.0,6.0,6.0,7.0,5.0,1,2.0,3,1,1,6.571428571428571,3,6.666666666666667,3,2,5.0,2,1,1,2,3,1,3,0,1,0,2,2,2,2,1,1,1,2
19599,19599,Países Bajos,8.0,8.0,8.0,3.0,2.0,7.0,6.0,6.0,6.0,7.0,8.0,7.0,7.0,7.0,8.0,4.0,5.0,8.0,7.0,0,3.0,2,2,1,7.142857142857143,3,6.333333333333333,3,1,8.0,3,0,1,2,3,0,3,2,2,2,1,2,0,1,2,1,0,2
60090,60090,Eslovaquia,8.0,7.0,8.0,5.0,2.0,5.0,3.0,5.0,5.0,6.0,6.0,6.0,6.0,6.0,0.0,2.0,5.0,7.0,10.0,2,1.0,8,2,1,5.0,2,4.333333333333333,2,1,7.666666666666667,3,0,0,0,2,1,2,2,2,2,0,0,2,1,1,1,0,1
53782,53782,Eslovaquia,8.0,8.0,8.0,2.0,2.0,7.0,6.0,7.0,8.0,5.0,8.0,9.0,8.0,8.0,10.0,6.0,7.0,8.0,5.0,2,3.0,8,1,1,8.0,4,6.666666666666667,3,1,8.0,3,0,1,2,3,0,3,2,2,2,2,2,2,2,1,1,1,2
7987,7987,Alemania,7.0,7.0,6.0,4.0,2.0,5.0,6.0,6.0,0.0,8.0,8.0,5.0,7.0,5.0,4.0,5.0,5.0,9.0,8.0,0,2.0,1,2,2,5.285714285714286,2,5.666666666666667,2,1,6.666666666666667,2,2,1,0,2,1,2,2,2,2,0,2,2,0,2,1,1,2
19609,19609,Países Bajos,7.0,5.0,6.0,7.0,2.0,8.0,2.0,2.0,4.0,6.0,7.0,3.0,4.0,6.0,8.0,7.0,5.0,10.0,0.0,0,4.0,2,0,2,5.428571428571429,2,4.0,2,1,6.0,2,2,1,0,2,3,1,2,2,0,2,0,2,0,1,1,1,0
23634,23634,España,5.0,5.0,5.0,3.0,2.0,5.0,5.0,5.0,6.0,5.0,5.0,5.0,5.0,0.0,6.0,4.0,5.0,5.0,6.0,1,4.0,3,1,0,4.571428571428571,2,5.0,2,1,5.0,2,0,1,0,2,0,2,1,0,0,0,1,0,0,1,1,1,0
32598,32598,Italia,5.0,5.0,2.0,7.0,3.0,7.0,2.0,7.0,6.0,8.0,10.0,0.0,8.0,5.0,8.0,1.0,4.0,8.0,5.0,1,2.0,4,1,1,6.428571428571429,3,5.333333333333333,2,1,4.0,1,2,1,0,2,3,3,1,0,0,0,0,2,2,2,0,1,2
49163,49163,Hungría,2.0,7.0,8.0,5.0,4.0,2.0,4.0,1.0,6.0,0.0,8.0,1.0,0.0,1.0,9.0,3.0,7.0,9.0,6.0,2,1.0,7,1,2,3.571428571428572,1,2.333333333333333,1,2,5.666666666666667,2,1,1,0,0,2,0,0,2,2,0,1,0,2,0,1,1,0
15942,15942,Países Bajos,7.0,3.0,7.0,4.0,2.0,2.0,2.0,2.0,1.0,8.0,6.0,5.0,2.0,8.0,7.0,5.0,3.0,8.0,6.0,0,3.0,2,1,1,5.285714285714286,2,2.0,1,1,5.666666666666667,2,2,1,0,0,1,2,2,0,2,0,0,2,0,2,1,1,0
13791,13791,Alemania,8.0,7.0,2.0,7.0,3.0,6.0,7.0,5.0,6.0,6.0,8.0,7.0,6.0,4.0,6.0,4.0,5.0,9.0,0.0,0,2.0,1,0,2,6.142857142857143,3,6.0,3,1,5.666666666666667,2,2,0,1,3,3,3,2,2,0,2,2,0,0,1,1,0,2
35823,35823,Portugal,3.0,3.0,2.0,5.0,3.0,8.0,3.0,7.0,3.0,1.0,2.0,1.0,1.0,2.0,7.0,7.0,7.0,6.0,0.0,1,1.0,5,0,1,2.4285714285714284,1,6.0,3,1,2.6666666666666665,1,2,1,2,3,1,0,0,2,0,2,0,2,0,0,1,1,0
62612,62612,Eslovaquia,4.0,6.0,3.0,4.0,4.0,6.0,4.0,5.0,6.0,5.0,7.0,4.0,8.0,5.0,6.0,2.0,2.0,6.0,6.0,2,1.0,8,1,1,5.857142857142857,2,5.0,2,2,4.333333333333333,1,1,1,2,1,2,3,2,1,2,0,1,2,1,1,1,1,2
18859,18859,Países Bajos,4.0,3.0,4.0,7.0,3.0,4.0,5.0,4.0,3.0,2.0,4.0,2.0,2.0,6.0,6.0,2.0,2.0,6.0,6.0,0,2.0,2,1,1,3.571428571428572,1,4.333333333333333,2,1,3.6666666666666665,1,2,1,0,1,3,0,1,2,0,2,1,2,0,0,1,1,0
25153,25153,España,7.0,8.0,5.0,1.0,2.0,8.0,5.0,4.0,5.0,3.0,7.0,5.0,4.0,4.0,7.0,5.0,5.0,10.0,5.0,1,3.0,3,1,2,5.0,2,5.666666666666667,2,1,6.666666666666667,2,0,1,0,1,0,2,1,2,2,2,1,2,2,0,1,1,0
23532,23532,España,8.0,5.0,9.0,4.0,1.0,3.0,2.0,0.0,1.0,3.0,5.0,4.0,2.0,4.0,7.0,9.0,10.0,9.0,0.0,1,3.0,3,0,2,3.7142857142857135,1,1.6666666666666667,0,0,7.333333333333333,2,0,1,0,0,2,0,2,2,2,0,0,0,0,0,1,1,0
38474,38474,Portugal,1.0,7.0,6.0,5.0,2.0,8.0,5.0,4.0,7.0,6.0,8.0,3.0,5.0,4.0,7.0,5.0,5.0,8.0,2.0,1,2.0,5,0,1,5.714285714285714,2,5.666666666666667,2,1,4.666666666666667,1,2,1,0,1,2,2,0,2,0,2,1,1,2,1,1,1,0
59389,59389,Eslovaquia,2.0,2.0,2.0,10.0,3.0,8.0,4.0,4.0,6.0,4.0,5.0,4.0,4.0,4.0,6.0,10.0,7.0,5.0,1.0,2,1.0,8,0,0,4.714285714285714,2,5.333333333333333,2,1,2.0,0,2,1,0,2,3,2,0,0,0,2,1,0,0,0,1,1,2
21476,21476,España,8.0,8.0,7.0,7.0,2.0,7.0,3.0,6.0,6.0,8.0,9.0,3.0,6.0,2.0,9.0,6.0,7.0,9.0,9.0,1,2.0,3,2,2,6.142857142857143,3,5.333333333333333,2,1,7.666666666666667,3,2,0,0,1,3,3,2,2,0,2,0,0,0,2,0,1,2
50420,50420,Hungría,6.0,5.0,6.0,2.0,3.0,4.0,2.0,1.0,7.0,5.0,7.0,4.0,3.0,4.0,7.0,4.0,5.0,7.0,2.0,2,4.0,7,0,1,5.285714285714286,2,2.333333333333333,1,1,5.666666666666667,2,0,1,0,0,0,2,0,0,2,2,0,0,2,1,1,1,0
55984,55984,Eslovaquia,6.0,4.0,4.0,5.0,4.0,5.0,4.0,6.0,6.0,6.0,6.0,5.0,4.0,4.0,10.0,4.0,4.0,7.0,0.0,2,1.0,8,0,1,5.857142857142857,2,5.0,2,2,4.666666666666667,1,1,1,2,2,2,3,2,0,0,1,1,0,2,1,1,1,0
36722,36722,Portugal,3.0,1.0,2.0,6.0,4.0,2.0,0.0,0.0,0.0,1.0,4.0,0.0,0.0,0.0,7.0,2.0,2.0,2.0,2.0,1,1.0,5,0,0,1.7142857142857142,0,0.6666666666666666,0,2,2.0,0,0,1,0,0,1,0,0,0,0,0,0,0,0,0,0,1,0
4923,4923,Bélgica,6.0,7.0,6.0,5.0,2.0,4.0,7.0,4.0,3.0,3.0,6.0,3.0,6.0,3.0,5.0,4.0,4.0,8.0,2.0,0,1.0,0,0,1,4.142857142857143,2,5.0,2,1,6.333333333333333,2,2,1,1,2,1,2,0,2,2,0,2,0,0,0,1,1,0
20801,20801,Países Bajos,3.0,5.0,3.0,6.0,2.0,7.0,5.0,5.0,8.0,7.0,7.0,6.0,5.0,6.0,8.0,6.0,5.0,8.0,6.0,0,2.0,2,1,1,6.714285714285714,3,5.666666666666667,2,1,3.6666666666666665,1,2,1,0,1,2,3,0,1,2,0,1,0,2,2,1,0,0
52453,52453,Hungría,7.0,7.0,7.0,9.0,2.0,7.0,6.0,7.0,7.0,7.0,5.0,6.0,8.0,7.0,7.0,4.0,3.0,8.0,8.0,2,1.0,7,2,1,6.714285714285714,3,6.666666666666667,3,1,7.0,2,2,1,2,3,3,3,0,2,2,2,2,2,2,2,1,0,2
55173,55173,Eslovaquia,5.0,2.0,5.0,5.0,3.0,5.0,5.0,5.0,10.0,10.0,10.0,10.0,10.0,10.0,9.0,5.0,5.0,5.0,5.0,2,1.0,8,1,0,9.857142857142858,4,5.0,2,1,4.0,1,2,1,1,1,2,3,1,0,2,0,1,0,2,2,0,1,2
26725,26725,España,7.0,5.0,7.0,5.0,4.0,6.0,5.0,5.0,3.0,5.0,7.0,5.0,8.0,5.0,9.0,6.0,6.0,8.0,3.0,1,2.0,3,0,1,6.0,3,5.333333333333333,2,2,6.333333333333333,2,0,1,0,1,1,3,2,2,0,0,1,2,2,1,1,1,2
58366,58366,Eslovaquia,7.0,4.0,5.0,1.0,2.0,7.0,7.0,5.0,0.0,6.0,10.0,0.0,10.0,0.0,5.0,10.0,10.0,10.0,6.0,2,4.0,8,1,2,4.428571428571429,2,6.333333333333333,3,1,5.333333333333333,2,0,1,2,3,0,1,0,1,2,2,2,0,0,1,0,1,2
25286,25286,España,6.0,5.0,8.0,3.0,3.0,6.0,4.0,5.0,5.0,3.0,6.0,4.0,6.0,4.0,6.0,4.0,3.0,9.0,7.0,1,5.0,3,2,2,4.857142857142857,2,5.0,2,1,6.333333333333333,2,0,1,2,2,0,2,0,0,2,0,1,2,2,0,1,1,2
44090,44090,Hungría,7.0,7.0,7.0,7.0,3.0,5.0,5.0,5.0,5.0,5.0,5.0,5.0,5.0,5.0,10.0,5.0,5.0,8.0,5.0,2,1.0,7,1,1,5.714285714285714,2,5.0,2,1,7.0,2,2,1,2,1,3,2,1,2,0,2,1,2,1,1,1,1,0
57613,57613,Eslovaquia,6.0,7.0,5.0,5.0,4.0,5.0,4.0,6.0,6.0,6.0,7.0,3.0,4.0,3.0,9.0,1.0,0.0,8.0,7.0,2,4.0,8,2,1,5.428571428571429,2,5.0,2,2,6.0,2,1,1,0,2,2,2,2,2,0,2,1,2,2,1,1,1,2
27026,27026,España,6.0,7.0,8.0,6.0,4.0,7.0,6.0,8.0,5.0,6.0,8.0,5.0,7.0,6.0,7.0,4.0,8.0,10.0,8.0,1,2.0,3,2,2,6.285714285714286,3,7.0,3,2,7.0,2,0,0,2,3,2,3,2,2,2,2,2,2,1,1,1,1,2
48665,48665,Hungría,8.0,4.0,7.0,2.0,2.0,5.0,2.0,5.0,9.0,7.0,6.0,6.0,8.0,6.0,7.0,7.0,9.0,8.0,1.0,2,2.0,7,0,1,7.0,3,4.0,2,1,6.333333333333333,2,0,1,2,1,0,3,2,0,0,1,0,0,2,2,1,0,2
41119,41119,Croacia,7.0,7.0,8.0,5.0,4.0,0.0,2.0,0.0,5.0,0.0,5.0,0.0,0.0,5.0,5.0,5.0,2.0,9.0,3.0,1,1.0,6,0,2,2.857142857142857,1,0.6666666666666666,0,2,7.333333333333333,2,1,1,0,0,1,0,2,2,2,0,0,0,0,0,1,1,0
15229,15229,Países Bajos,8.0,5.0,8.0,3.0,3.0,8.0,6.0,7.0,6.0,5.0,7.0,6.0,6.0,6.0,6.0,5.0,5.0,9.0,7.0,0,2.0,2,2,2,6.0,3,7.0,3,1,7.0,2,0,1,2,3,0,3,2,0,2,2,2,2,0,1,1,0,0
32379,32379,Italia,3.0,4.0,2.0,7.0,2.0,7.0,6.0,7.0,2.0,6.0,9.0,6.0,7.0,6.0,10.0,0.0,0.0,8.0,7.0,1,2.0,4,2,1,6.571428571428571,3,6.666666666666667,3,1,3.0,1,2,1,2,3,3,3,0,0,0,2,2,2,0,1,0,1,2
32461,32461,Italia,9.0,8.0,9.0,7.0,3.0,4.0,3.0,3.0,1.0,1.0,1.0,1.0,1.0,1.0,5.0,3.0,4.0,7.0,4.0,1,2.0,4,1,1,1.5714285714285714,0,3.333333333333333,1,1,8.666666666666666,3,2,1,2,0,3,0,2,2,2,2,0,0,0,0,1,0,0
7331,7331,Alemania,5.0,5.0,7.0,4.0,1.0,8.0,6.0,4.0,3.0,9.0,8.0,4.0,7.0,2.0,5.0,7.0,7.0,8.0,5.0,0,2.0,1,1,1,5.428571428571429,2,6.0,3,0,5.666666666666667,2,1,1,1,3,2,2,2,0,2,2,2,2,1,2,1,1,2
5170,5170,Bélgica,5.0,3.0,5.0,5.0,3.0,3.0,5.0,3.0,4.0,5.0,7.0,2.0,3.0,2.0,8.0,6.0,5.0,7.0,5.0,0,4.0,0,1,1,4.428571428571429,2,3.6666666666666665,1,1,4.333333333333333,1,0,1,2,2,1,2,1,2,0,1,1,2,2,1,1,1,1
12719,12719,Alemania,9.0,7.0,6.0,6.0,2.0,7.0,8.0,7.0,3.0,9.0,8.0,6.0,8.0,5.0,7.0,10.0,7.0,9.0,7.0,0,4.0,1,2,2,6.571428571428571,3,7.333333333333333,3,1,7.333333333333333,2,2,1,2,3,2,3,2,2,2,1,2,2,1,2,1,0,2
15538,15538,Países Bajos,8.0,7.0,8.0,1.0,2.0,7.0,8.0,8.0,7.0,8.0,8.0,7.0,7.0,6.0,9.0,7.0,8.0,8.0,0.0,0,2.0,2,0,1,7.428571428571429,3,7.666666666666667,3,1,7.666666666666667,3,0,1,2,3,0,3,2,2,2,2,2,2,2,2,1,1,2
61573,61573,Eslovaquia,7.0,7.0,7.0,7.0,2.0,7.0,8.0,8.0,2.0,5.0,5.0,2.0,2.0,1.0,8.0,5.0,5.0,8.0,10.0,2,2.0,8,2,1,3.571428571428572,1,7.666666666666667,3,1,7.0,2,2,0,2,3,3,0,2,2,2,0,2,2,0,1,1,1,0
20037,20037,Países Bajos,7.0,7.0,6.0,4.0,2.0,7.0,8.0,9.0,7.0,8.0,8.0,6.0,7.0,7.0,8.0,7.0,5.0,8.0,2.0,0,2.0,2,0,1,7.285714285714286,3,8.0,4,1,6.666666666666667,2,2,1,2,3,1,3,0,2,2,2,2,2,2,2,1,0,2
56593,56593,Eslovaquia,6.0,3.0,6.0,1.0,1.0,3.0,4.0,4.0,1.0,1.0,1.0,1.0,5.0,3.0,1.0,7.0,6.0,7.0,4.0,2,1.0,8,1,1,1.8571428571428568,0,3.6666666666666665,1,0,5.0,2,0,1,0,2,0,0,1,2,2,2,1,2,0,0,0,0,0
31622,31622,Italia,7.0,6.0,6.0,3.0,3.0,5.0,5.0,5.0,5.0,5.0,6.0,4.0,5.0,4.0,7.0,0.0,0.0,7.0,6.0,1,1.0,4,1,1,5.142857142857143,2,5.0,2,1,6.333333333333333,2,0,1,1,2,0,2,2,1,1,2,1,2,1,1,1,1,2
43479,43479,Croacia,5.0,3.0,3.0,5.0,2.0,7.0,2.0,1.0,2.0,1.0,2.0,1.0,1.0,1.0,8.0,7.0,3.0,8.0,10.0,1,2.0,6,2,1,2.2857142857142856,1,3.333333333333333,1,1,3.6666666666666665,1,0,0,1,0,2,0,2,1,0,1,0,0,0,0,1,1,0
16865,16865,Países Bajos,5.0,0.0,3.0,5.0,2.0,7.0,4.0,6.0,5.0,6.0,7.0,6.0,6.0,6.0,9.0,4.0,8.0,8.0,3.0,0,1.0,2,0,1,6.428571428571429,3,5.666666666666667,2,1,2.6666666666666665,1,0,1,0,2,2,3,1,0,0,2,1,0,2,1,1,0,0
25964,25964,España,8.0,5.0,8.0,4.0,3.0,6.0,5.0,5.0,7.0,6.0,8.0,6.0,7.0,5.0,8.0,6.0,7.0,9.0,4.0,1,3.0,3,1,2,6.714285714285714,3,5.333333333333333,2,1,7.0,2,1,1,2,2,1,3,2,2,2,2,1,0,2,1,1,1,2
38505,38505,Portugal,4.0,4.0,3.0,4.0,3.0,4.0,4.0,4.0,4.0,4.0,2.0,2.0,4.0,0.0,5.0,5.0,5.0,8.0,4.0,1,4.0,5,1,1,3.0,1,4.0,2,1,3.6666666666666665,1,1,1,2,2,2,0,1,0,2,0,1,2,1,0,1,1,2
16690,16690,Países Bajos,3.0,3.0,3.0,0.0,1.0,5.0,4.0,1.0,4.0,7.0,6.0,4.0,7.0,6.0,8.0,7.0,8.0,7.0,7.0,0,2.0,2,2,1,6.0,3,3.333333333333333,1,0,3.0,1,0,1,2,0,0,3,0,0,2,2,1,0,2,2,1,1,2
5067,5067,Bélgica,5.0,2.0,5.0,3.0,3.0,5.0,6.0,5.0,6.0,7.0,7.0,5.0,6.0,5.0,8.0,6.0,5.0,9.0,7.0,0,2.0,0,2,2,6.285714285714286,3,5.333333333333333,2,1,4.0,1,0,1,0,2,0,3,2,0,2,0,2,0,2,2,1,1,1
2685,2685,Bélgica,7.0,7.0,5.0,5.0,3.0,3.0,4.0,2.0,0.0,4.0,4.0,0.0,0.0,0.0,8.0,4.0,4.0,8.0,7.0,0,2.0,0,2,1,2.2857142857142856,1,3.0,1,1,6.333333333333333,2,2,1,2,0,2,0,2,2,2,0,1,1,0,0,1,1,0
1152,1152,Bélgica,6.0,4.0,3.0,8.0,2.0,5.0,4.0,4.0,2.0,3.0,3.0,3.0,5.0,3.0,6.0,2.0,3.0,9.0,1.0,0,4.0,0,0,2,3.571428571428572,1,4.333333333333333,2,1,4.333333333333333,1,2,1,2,2,3,0,2,0,2,2,1,2,0,0,1,1,2
2690,2690,Bélgica,5.0,0.0,5.0,5.0,3.0,4.0,5.0,5.0,0.0,2.0,2.0,0.0,2.0,0.0,8.0,7.0,7.0,10.0,6.0,0,3.0,0,1,2,2.0,1,4.666666666666667,2,1,3.333333333333333,1,0,1,0,2,2,0,2,0,2,2,1,0,0,0,1,0,0
29140,29140,Italia,0.0,0.0,0.0,10.0,4.0,0.0,0.0,0.0,0.0,0.0,0.0,0.0,0.0,0.0,7.0,0.0,0.0,10.0,10.0,1,2.0,4,2,2,1.0,0,0.0,0,2,0.0,0,2,0,0,0,3,0,0,0,0,0,0,0,0,0,0,1,0
13848,13848,Alemania,8.0,6.0,8.0,9.0,2.0,7.0,5.0,5.0,8.0,6.0,9.0,8.0,7.0,5.0,6.0,7.0,8.0,9.0,7.0,0,2.0,1,2,2,7.0,3,5.666666666666667,2,1,7.333333333333333,2,2,1,0,1,3,3,2,0,2,2,1,2,2,1,0,0,2
6114,6114,Bélgica,2.0,6.0,7.0,6.0,2.0,7.0,8.0,6.0,3.0,7.0,9.0,5.0,7.0,5.0,8.0,6.0,6.0,9.0,3.0,0,2.0,0,0,2,6.285714285714286,3,7.0,3,1,5.0,2,1,1,2,3,1,3,0,1,0,2,2,0,0,2,0,1,2
22012,22012,España,6.0,5.0,7.0,3.0,4.0,1.0,1.0,0.0,2.0,2.0,8.0,0.0,2.0,0.0,7.0,8.0,5.0,7.0,3.0,1,4.0,3,0,1,3.0,1,0.6666666666666666,0,2,6.0,2,0,1,0,0,0,0,2,0,1,0,0,0,0,0,1,0,0
7017,7017,Alemania,7.0,4.0,5.0,3.0,2.0,2.0,7.0,2.0,3.0,3.0,6.0,0.0,4.0,0.0,6.0,8.0,7.0,8.0,0.0,0,3.0,1,0,1,3.142857142857143,1,3.6666666666666665,1,1,5.333333333333333,2,0,0,2,2,0,0,0,2,1,0,2,1,0,0,1,1,2
30585,30585,Italia,5.0,6.0,4.0,5.0,3.0,4.0,2.0,2.0,4.0,5.0,6.0,4.0,6.0,3.0,9.0,10.0,5.0,6.0,7.0,1,1.0,4,2,1,5.285714285714286,2,2.6666666666666665,1,1,5.0,2,2,1,0,0,1,1,0,2,2,2,0,0,0,1,1,1,0
81,81,Bélgica,6.0,3.0,3.0,4.0,1.0,9.0,6.0,6.0,8.0,8.0,8.0,6.0,6.0,6.0,1.0,8.0,7.0,8.0,7.0,0,1.0,0,2,1,6.142857142857143,3,7.0,3,0,4.0,1,0,1,2,3,2,3,0,0,0,2,2,0,2,2,1,0,2
17400,17400,Países Bajos,7.0,5.0,6.0,7.0,1.0,7.0,6.0,6.0,4.0,4.0,5.0,5.0,4.0,6.0,7.0,7.0,4.0,8.0,6.0,0,2.0,2,1,1,5.0,2,6.333333333333333,3,0,6.0,2,2,1,2,3,3,2,2,0,2,0,2,2,0,0,1,1,2
54368,54368,Eslovaquia,3.0,3.0,3.0,2.0,2.0,8.0,8.0,9.0,7.0,7.0,8.0,8.0,8.0,7.0,5.0,3.0,3.0,9.0,9.0,2,1.0,8,2,2,7.142857142857143,3,8.333333333333334,4,1,3.0,1,0,1,2,3,0,3,0,2,1,2,2,2,2,2,1,0,2
1116,1116,Bélgica,7.0,6.0,7.0,6.0,3.0,7.0,8.0,6.0,6.0,8.0,7.0,6.0,7.0,6.0,8.0,7.0,8.0,8.0,0.0,0,2.0,0,0,1,6.857142857142857,3,7.0,3,1,6.666666666666667,2,2,1,2,3,1,3,1,0,2,1,2,2,2,2,1,0,2
55397,55397,Eslovaquia,5.0,8.0,5.0,5.0,3.0,0.0,3.0,0.0,5.0,6.0,6.0,2.0,4.0,3.0,10.0,5.0,5.0,7.0,6.0,2,2.0,8,1,1,5.142857142857143,2,1.0,0,1,6.0,2,1,1,0,0,1,2,0,2,0,0,0,0,2,1,1,1,0
54916,54916,Eslovaquia,3.0,6.0,3.0,3.0,4.0,8.0,6.0,6.0,4.0,3.0,8.0,4.0,3.0,4.0,6.0,5.0,5.0,6.0,10.0,2,1.0,8,2,1,4.571428571428571,2,6.666666666666667,3,2,4.0,1,0,0,2,3,0,1,0,2,0,2,2,0,1,0,1,1,2
30408,30408,Italia,4.0,5.0,4.0,0.0,3.0,6.0,6.0,6.0,8.0,6.0,6.0,6.0,6.0,6.0,8.0,0.0,0.0,6.0,9.0,1,2.0,4,2,1,6.571428571428571,3,6.0,3,1,4.333333333333333,1,0,1,0,3,0,3,2,0,0,1,2,0,2,1,1,0,2
17694,17694,Países Bajos,5.0,4.0,4.0,5.0,2.0,6.0,6.0,5.0,3.0,7.0,7.0,5.0,5.0,3.0,6.0,6.0,3.0,9.0,5.0,0,2.0,2,1,2,5.142857142857143,2,5.666666666666667,2,1,4.333333333333333,1,2,1,2,2,1,2,0,2,0,0,2,2,0,2,1,1,2
21236,21236,España,6.0,7.0,7.0,3.0,2.0,6.0,4.0,2.0,7.0,7.0,9.0,6.0,7.0,5.0,9.0,2.0,8.0,9.0,6.0,1,2.0,3,1,2,7.142857142857143,3,4.0,2,1,6.666666666666667,2,0,1,2,2,0,3,1,2,0,2,1,0,2,2,0,0,2
61747,61747,Eslovaquia,7.0,0.0,0.0,6.0,2.0,7.0,6.0,6.0,10.0,9.0,3.0,0.0,9.0,0.0,5.0,2.0,9.0,7.0,7.0,2,2.0,8,2,1,5.142857142857143,2,6.333333333333333,3,1,2.333333333333333,0,0,1,2,3,1,2,2,0,0,2,2,2,2,2,0,0,2
39136,39136,Portugal,3.0,3.0,3.0,5.0,3.0,3.0,3.0,3.0,4.0,5.0,7.0,1.0,2.0,1.0,9.0,4.0,6.0,7.0,8.0,1,3.0,5,2,1,4.142857142857143,2,3.0,1,1,3.0,1,2,0,2,0,1,2,0,0,0,2,0,2,2,1,1,1,0
8978,8978,Alemania,4.0,5.0,3.0,0.0,4.0,3.0,5.0,2.0,1.0,1.0,3.0,0.0,1.0,0.0,3.0,5.0,6.0,10.0,0.0,0,5.0,1,0,2,1.2857142857142858,0,3.333333333333333,1,2,4.0,1,0,1,0,0,0,0,0,0,2,1,1,2,0,0,1,1,0
9269,9269,Alemania,5.0,4.0,5.0,4.0,2.0,7.0,6.0,5.0,1.0,4.0,6.0,3.0,4.0,2.0,7.0,8.0,8.0,8.0,0.0,0,2.0,1,0,1,3.857142857142857,1,6.0,3,1,4.666666666666667,1,1,1,0,3,1,0,1,2,2,1,2,0,0,0,1,1,2
6296,6296,Bélgica,5.0,0.0,5.0,5.0,3.0,0.0,5.0,0.0,3.0,2.0,5.0,3.0,0.0,2.0,5.0,0.0,0.0,5.0,5.0,0,1.0,0,1,0,2.857142857142857,1,1.6666666666666667,0,1,3.333333333333333,1,1,1,0,0,2,0,2,0,2,0,1,0,2,0,1,1,0
31815,31815,Italia,3.0,6.0,7.0,0.0,2.0,6.0,4.0,1.0,8.0,8.0,7.0,1.0,6.0,1.0,9.0,9.0,7.0,7.0,0.0,1,1.0,4,0,1,5.714285714285714,2,3.6666666666666665,1,1,5.333333333333333,2,0,1,2,2,0,1,0,0,2,2,1,0,2,2,1,1,0
54108,54108,Eslovaquia,4.0,4.0,4.0,3.0,3.0,6.0,4.0,4.0,5.0,5.0,3.0,4.0,5.0,4.0,2.0,4.0,4.0,6.0,2.0,2,3.0,8,0,1,4.0,2,4.666666666666667,2,1,4.0,1,0,1,2,2,0,2,1,1,1,1,1,2,1,1,0,1,1
27874,27874,España,3.0,5.0,8.0,9.0,2.0,7.0,6.0,0.0,8.0,8.0,3.0,5.0,6.0,5.0,9.0,3.0,5.0,8.0,10.0,1,1.0,3,2,1,6.285714285714286,3,4.333333333333333,2,1,5.333333333333333,2,2,0,2,2,3,3,0,0,2,2,2,0,2,2,0,1,0
39999,39999,Portugal,5.0,8.0,1.0,7.0,2.0,2.0,0.0,0.0,0.0,4.0,5.0,4.0,0.0,1.0,8.0,5.0,6.0,5.0,10.0,1,3.0,5,2,0,3.142857142857143,1,0.6666666666666666,0,1,4.666666666666667,1,2,0,0,0,3,0,2,2,0,0,0,0,0,0,1,1,0
5480,5480,Bélgica,6.0,5.0,6.0,5.0,3.0,5.0,4.0,5.0,4.0,5.0,3.0,0.0,0.0,0.0,7.0,5.0,4.0,8.0,1.0,0,1.0,0,0,1,2.7142857142857144,1,4.666666666666667,2,1,5.666666666666667,2,1,0,0,2,2,0,1,0,2,0,1,2,0,1,1,1,0
6075,6075,Bélgica,3.0,3.0,3.0,3.0,4.0,0.0,7.0,5.0,3.0,0.0,4.0,5.0,6.0,5.0,3.0,7.0,7.0,10.0,10.0,0,1.0,0,2,2,3.7142857142857135,1,4.0,2,2,3.0,1,0,0,2,1,0,0,0,0,2,0,2,2,0,0,1,1,2
19976,19976,Países Bajos,8.0,7.0,1.0,7.0,2.0,6.0,7.0,7.0,7.0,6.0,5.0,5.0,7.0,6.0,8.0,5.0,4.0,8.0,1.0,0,4.0,2,0,1,6.285714285714286,3,6.666666666666667,3,1,5.333333333333333,2,2,1,2,3,3,3,2,2,0,2,2,2,2,1,1,1,2
42426,42426,Croacia,7.0,3.0,7.0,8.0,1.0,6.0,1.0,1.0,9.0,4.0,4.0,4.0,4.0,0.0,9.0,10.0,10.0,6.0,9.0,1,3.0,6,2,1,4.857142857142857,2,2.6666666666666665,1,0,5.666666666666667,2,2,0,0,0,3,1,0,2,2,1,0,0,2,0,0,1,0
27542,27542,España,6.0,5.0,6.0,5.0,2.0,4.0,6.0,6.0,5.0,3.0,7.0,3.0,5.0,4.0,7.0,8.0,8.0,7.0,6.0,1,2.0,3,1,1,4.857142857142857,2,5.333333333333333,2,1,5.666666666666667,2,2,1,0,1,1,1,2,0,2,0,2,0,1,0,1,1,1
16013,16013,Países Bajos,7.0,4.0,7.0,3.0,2.0,7.0,1.0,4.0,5.0,5.0,6.0,4.0,6.0,4.0,8.0,4.0,4.0,8.0,7.0,0,3.0,2,2,1,5.428571428571429,2,4.0,2,1,6.0,2,0,1,1,2,0,2,2,0,2,1,0,0,2,1,1,1,0
41197,41197,Croacia,6.0,5.0,6.0,3.0,2.0,2.0,3.0,2.0,5.0,3.0,4.0,2.0,3.0,2.0,8.0,5.0,4.0,5.0,4.0,1,3.0,6,1,0,3.857142857142857,1,2.333333333333333,1,1,5.666666666666667,2,0,1,0,0,0,0,2,0,2,0,0,2,2,0,0,1,2
2509,2509,Bélgica,5.0,7.0,5.0,5.0,4.0,2.0,5.0,0.0,2.0,2.0,5.0,0.0,0.0,2.0,9.0,3.0,8.0,10.0,5.0,0,3.0,0,1,2,2.857142857142857,1,2.333333333333333,1,2,5.666666666666667,2,2,1,0,0,1,0,1,2,1,0,1,0,0,0,1,0,0
42267,42267,Croacia,4.0,0.0,0.0,5.0,4.0,2.0,4.0,2.0,2.0,5.0,7.0,3.0,5.0,2.0,6.0,3.0,3.0,5.0,3.0,1,1.0,6,0,0,4.285714285714286,2,2.6666666666666665,1,2,1.3333333333333333,0,2,1,0,0,1,1,0,0,0,0,1,0,0,1,1,1,0
24941,24941,España,5.0,3.0,4.0,0.0,4.0,3.0,0.0,3.0,2.0,2.0,6.0,0.0,5.0,0.0,8.0,1.0,1.0,10.0,0.0,1,4.0,3,0,2,3.2857142857142856,1,2.0,1,2,4.0,1,0,1,0,0,0,0,0,1,2,2,0,0,0,0,1,1,2
29116,29116,Italia,4.0,3.0,3.0,8.0,2.0,5.0,4.0,6.0,4.0,6.0,7.0,2.0,4.0,3.0,7.0,6.0,5.0,6.0,6.0,1,2.0,4,1,1,4.714285714285714,2,5.0,2,1,3.333333333333333,1,2,1,0,2,3,1,2,1,0,0,1,0,0,1,1,1,0
14148,14148,Países Bajos,7.0,7.0,8.0,4.0,2.0,7.0,7.0,7.0,5.0,8.0,9.0,5.0,6.0,6.0,8.0,6.0,5.0,10.0,0.0,0,1.0,2,0,2,6.714285714285714,3,7.0,3,1,7.333333333333333,2,2,1,2,3,2,3,0,2,2,1,2,2,1,2,0,1,2
46659,46659,Hungría,2.0,2.0,2.0,8.0,2.0,5.0,5.0,5.0,7.0,5.0,5.0,5.0,5.0,4.0,7.0,5.0,6.0,6.0,0.0,2,2.0,7,0,1,5.428571428571429,2,5.0,2,1,2.0,0,2,0,2,2,3,2,0,0,0,2,1,0,2,1,1,1,2
57521,57521,Eslovaquia,3.0,2.0,2.0,3.0,3.0,5.0,3.0,1.0,3.0,5.0,3.0,2.0,4.0,2.0,8.0,4.0,5.0,5.0,6.0,2,1.0,8,1,0,3.857142857142857,1,3.0,1,1,2.333333333333333,0,0,1,0,0,0,0,0,0,0,2,0,0,0,1,1,1,2
23537,23537,España,6.0,5.0,4.0,3.0,3.0,6.0,6.0,4.0,3.0,0.0,5.0,3.0,4.0,2.0,7.0,8.0,7.0,6.0,8.0,1,4.0,3,2,1,3.4285714285714284,1,5.333333333333333,2,1,5.0,2,0,0,2,2,0,0,2,2,1,0,2,0,2,0,1,1,2
55632,55632,Eslovaquia,2.0,2.0,2.0,6.0,4.0,5.0,7.0,5.0,3.0,3.0,3.0,3.0,3.0,3.0,10.0,5.0,5.0,7.0,6.0,2,1.0,8,1,1,4.0,2,5.666666666666667,2,2,2.0,0,2,1,0,2,1,1,0,0,0,1,2,2,0,0,1,1,0
21506,21506,España,9.0,10.0,8.0,0.0,3.0,2.0,5.0,6.0,5.0,0.0,5.0,0.0,0.0,0.0,10.0,9.0,8.0,10.0,1.0,1,3.0,3,0,2,2.857142857142857,1,4.333333333333333,2,1,9.0,3,0,0,2,1,0,0,2,2,2,0,1,2,2,0,1,1,0
3575,3575,Bélgica,3.0,0.0,5.0,8.0,4.0,9.0,8.0,9.0,8.0,8.0,6.0,8.0,5.0,10.0,8.0,2.0,5.0,7.0,8.0,0,4.0,0,2,1,7.571428571428571,3,8.666666666666666,4,2,2.6666666666666665,1,2,0,2,3,3,3,0,0,0,2,2,2,2,2,1,0,2
35296,35296,Portugal,6.0,3.0,2.0,5.0,4.0,2.0,4.0,3.0,6.0,3.0,8.0,1.0,3.0,1.0,7.0,5.0,5.0,8.0,5.0,1,1.0,5,1,1,4.142857142857143,2,3.0,1,2,3.6666666666666665,1,2,1,1,0,1,2,0,2,0,0,1,1,1,0,1,1,1
46570,46570,Hungría,5.0,5.0,5.0,5.0,3.0,3.0,3.0,5.0,7.0,5.0,5.0,4.0,5.0,4.0,5.0,8.0,6.0,8.0,9.0,2,1.0,7,2,1,5.0,2,3.6666666666666665,1,1,5.0,2,1,0,1,1,2,2,2,1,0,2,0,0,2,1,1,1,0
33576,33576,Italia,7.0,6.0,8.0,6.0,4.0,6.0,1.0,4.0,6.0,6.0,6.0,3.0,6.0,3.0,9.0,5.0,5.0,6.0,6.0,1,1.0,4,1,1,5.571428571428571,2,3.6666666666666665,1,2,7.0,2,0,1,0,1,2,2,0,0,2,2,0,0,0,1,1,1,0
31137,31137,Italia,4.0,4.0,4.0,6.0,4.0,4.0,1.0,1.0,4.0,5.0,6.0,1.0,2.0,0.0,8.0,5.0,5.0,5.0,7.0,1,2.0,4,2,0,3.7142857142857135,1,2.0,1,2,4.0,1,1,1,0,0,2,0,2,0,0,2,0,0,1,1,1,1,0
22233,22233,España,2.0,2.0,4.0,6.0,2.0,7.0,4.0,4.0,9.0,9.0,6.0,6.0,8.0,6.0,10.0,5.0,5.0,9.0,7.0,1,3.0,3,2,2,7.714285714285714,3,5.0,2,1,2.6666666666666665,1,2,1,0,1,2,3,0,0,2,2,1,0,2,2,1,0,2
28664,28664,Italia,4.0,6.0,6.0,7.0,4.0,3.0,2.0,4.0,3.0,1.0,6.0,1.0,1.0,1.0,4.0,4.0,2.0,7.0,4.0,1,2.0,4,1,1,2.4285714285714284,1,3.0,1,2,5.333333333333333,2,2,1,0,0,3,0,2,2,0,0,0,0,0,0,1,1,0
43792,43792,Hungría,3.0,3.0,2.0,10.0,4.0,5.0,1.0,1.0,1.0,5.0,7.0,5.0,6.0,1.0,4.0,6.0,3.0,2.0,10.0,2,3.0,7,2,0,4.142857142857143,2,2.333333333333333,1,2,2.6666666666666665,1,2,1,0,0,3,2,0,2,0,2,0,0,0,1,1,1,0
50155,50155,Hungría,7.0,7.0,7.0,5.0,3.0,2.0,3.0,2.0,8.0,4.0,5.0,0.0,5.0,0.0,0.0,5.0,4.0,8.0,7.0,2,1.0,7,2,1,3.142857142857143,1,2.333333333333333,1,1,7.0,2,0,1,0,0,1,0,2,2,0,0,0,2,2,0,1,1,0
50177,50177,Hungría,5.0,5.0,3.0,0.0,2.0,4.0,10.0,10.0,5.0,9.0,10.0,8.0,8.0,6.0,7.0,0.0,2.0,9.0,0.0,2,3.0,7,0,2,7.571428571428571,3,8.0,4,1,4.333333333333333,1,0,1,2,3,0,3,0,0,1,0,2,2,2,2,0,0,2
22283,22283,España,7.0,4.0,6.0,8.0,3.0,3.0,4.0,3.0,3.0,5.0,8.0,0.0,3.0,0.0,5.0,7.0,8.0,10.0,0.0,1,2.0,3,0,2,3.4285714285714284,1,3.333333333333333,1,1,5.666666666666667,2,2,1,0,0,3,0,1,2,2,1,1,2,2,1,1,0,2
27835,27835,España,7.0,2.0,4.0,3.0,3.0,4.0,2.0,1.0,5.0,2.0,8.0,2.0,4.0,1.0,7.0,4.0,3.0,7.0,5.0,1,2.0,3,1,1,4.142857142857143,2,2.333333333333333,1,1,4.333333333333333,1,0,1,0,0,0,2,2,0,1,0,0,0,0,0,1,1,0
5516,5516,Bélgica,10.0,10.0,8.0,5.0,3.0,8.0,8.0,7.0,7.0,7.0,8.0,7.0,7.0,7.0,7.0,7.0,7.0,10.0,5.0,0,2.0,0,1,2,7.142857142857143,3,7.666666666666667,3,1,9.333333333333334,3,2,1,2,3,1,3,2,2,2,2,2,2,2,2,1,0,2
22156,22156,España,3.0,2.0,2.0,5.0,4.0,3.0,2.0,1.0,2.0,0.0,0.0,0.0,1.0,0.0,8.0,2.0,4.0,8.0,1.0,1,2.0,3,0,1,1.5714285714285714,0,2.0,1,2,2.333333333333333,0,2,1,0,0,2,0,0,0,0,2,0,0,0,0,0,1,0
12435,12435,Alemania,4.0,1.0,2.0,5.0,2.0,2.0,4.0,2.0,1.0,3.0,8.0,1.0,3.0,0.0,6.0,5.0,5.0,7.0,5.0,0,1.0,1,1,1,3.142857142857143,1,2.6666666666666665,1,1,2.333333333333333,0,0,1,0,0,1,0,2,0,0,0,1,2,0,0,1,1,0
4122,4122,Bélgica,6.0,4.0,6.0,7.0,3.0,7.0,4.0,5.0,5.0,5.0,4.0,4.0,5.0,4.0,8.0,7.0,4.0,9.0,6.0,0,1.0,0,1,2,5.0,2,5.333333333333333,2,1,5.333333333333333,2,2,1,1,2,3,1,2,2,2,2,1,1,0,1,1,1,2
16357,16357,Países Bajos,6.0,4.0,4.0,6.0,2.0,4.0,6.0,5.0,7.0,7.0,7.0,6.0,6.0,6.0,7.0,6.0,5.0,8.0,7.0,0,3.0,2,2,1,6.571428571428571,3,5.0,2,1,4.666666666666667,1,0,1,1,2,2,3,0,1,2,2,2,2,2,2,1,0,1
57599,57599,Eslovaquia,3.0,2.0,1.0,3.0,2.0,4.0,2.0,8.0,2.0,3.0,1.0,1.0,1.0,2.0,7.0,1.0,1.0,5.0,6.0,2,2.0,8,1,0,2.4285714285714284,1,4.666666666666667,2,1,2.0,0,0,1,2,1,0,0,0,0,0,2,0,2,0,0,1,0,0
45421,45421,Hungría,3.0,5.0,4.0,8.0,3.0,2.0,3.0,2.0,3.0,3.0,6.0,0.0,3.0,0.0,10.0,6.0,4.0,6.0,8.0,2,1.0,7,2,1,3.571428571428572,1,2.333333333333333,1,1,4.0,1,2,0,0,0,3,0,0,2,2,0,0,1,1,0,1,1,2
55882,55882,Eslovaquia,4.0,3.0,3.0,4.0,4.0,5.0,4.0,5.0,7.0,5.0,6.0,5.0,3.0,6.0,0.0,4.0,4.0,6.0,1.0,2,1.0,8,0,1,4.571428571428571,2,4.666666666666667,2,2,3.333333333333333,1,0,1,0,1,2,1,0,0,0,2,1,2,2,1,1,1,2
30674,30674,Italia,5.0,5.0,4.0,10.0,1.0,7.0,3.0,3.0,7.0,9.0,9.0,2.0,7.0,3.0,8.0,7.0,4.0,9.0,10.0,1,1.0,4,2,2,6.428571428571429,3,4.333333333333333,2,0,4.666666666666667,1,2,0,0,1,3,3,2,0,2,2,0,0,2,2,0,1,2
33196,33196,Italia,7.0,4.0,8.0,0.0,1.0,6.0,1.0,5.0,8.0,8.0,4.0,5.0,5.0,5.0,9.0,8.0,7.0,7.0,1.0,1,1.0,4,0,1,6.285714285714286,3,4.0,2,0,6.333333333333333,2,0,1,1,2,0,3,1,1,2,0,0,1,2,2,0,1,2
32637,32637,Italia,3.0,4.0,3.0,2.0,3.0,3.0,2.0,3.0,4.0,0.0,5.0,0.0,0.0,0.0,8.0,2.0,2.0,9.0,0.0,1,1.0,4,0,2,2.4285714285714284,1,2.6666666666666665,1,1,3.333333333333333,1,0,0,0,0,0,0,0,0,0,2,0,2,0,0,1,0,0
48853,48853,Hungría,3.0,3.0,3.0,6.0,2.0,5.0,5.0,5.0,2.0,6.0,6.0,5.0,3.0,5.0,9.0,0.0,0.0,6.0,6.0,2,2.0,7,1,1,5.142857142857143,2,5.0,2,1,3.0,1,2,1,2,2,1,2,0,2,2,2,1,0,0,1,1,1,2
60744,60744,Eslovaquia,4.0,0.0,2.0,3.0,4.0,4.0,3.0,2.0,3.0,3.0,5.0,2.0,1.0,0.0,5.0,4.0,5.0,8.0,0.0,2,2.0,8,0,1,2.7142857142857144,1,3.0,1,2,2.0,0,0,1,2,0,0,0,0,0,0,1,0,0,2,0,1,1,0
4262,4262,Bélgica,5.0,3.0,0.0,5.0,2.0,6.0,5.0,5.0,0.0,0.0,0.0,0.0,0.0,0.0,7.0,6.0,6.0,10.0,10.0,0,3.0,0,2,2,1.0,0,5.333333333333333,2,1,2.6666666666666665,1,2,1,2,2,1,0,2,2,0,2,1,2,0,0,1,1,0
54087,54087,Eslovaquia,5.0,4.0,5.0,2.0,2.0,1.0,1.0,1.0,3.0,3.0,5.0,2.0,4.0,4.0,7.0,2.0,5.0,5.0,3.0,2,3.0,8,0,0,4.0,2,1.0,0,1,4.666666666666667,1,0,1,0,0,0,2,0,0,0,0,0,0,1,0,1,1,2
43884,43884,Hungría,9.0,7.0,9.0,5.0,3.0,6.0,5.0,6.0,3.0,6.0,6.0,7.0,8.0,7.0,7.0,5.0,5.0,8.0,3.0,2,2.0,7,0,1,6.285714285714286,3,5.666666666666667,2,1,8.333333333333334,3,0,1,2,2,1,3,2,2,2,0,1,2,0,1,1,0,2
17126,17126,Países Bajos,8.0,7.0,7.0,10.0,2.0,5.0,7.0,5.0,4.0,4.0,5.0,5.0,4.0,4.0,8.0,2.0,3.0,8.0,2.0,0,4.0,2,0,1,4.857142857142857,2,5.666666666666667,2,1,7.333333333333333,2,2,1,1,2,3,2,2,2,0,0,2,2,0,0,1,1,0
6431,6431,Bélgica,6.0,7.0,7.0,4.0,2.0,5.0,5.0,4.0,6.0,6.0,8.0,5.0,7.0,6.0,8.0,6.0,6.0,9.0,7.0,0,1.0,0,2,2,6.571428571428571,3,4.666666666666667,2,1,6.666666666666667,2,0,1,0,1,2,3,2,2,0,2,1,0,0,1,1,1,2
31140,31140,Italia,4.0,4.0,8.0,4.0,2.0,6.0,6.0,4.0,5.0,2.0,10.0,0.0,7.0,3.0,10.0,4.0,6.0,6.0,8.0,1,2.0,4,2,1,5.285714285714286,2,5.333333333333333,2,1,5.333333333333333,2,0,0,1,1,2,2,0,0,2,0,2,0,2,0,0,1,2
35590,35590,Portugal,6.0,4.0,6.0,8.0,2.0,6.0,6.0,5.0,5.0,3.0,6.0,4.0,4.0,3.0,7.0,6.0,5.0,6.0,7.0,1,4.0,5,2,1,4.571428571428571,2,5.666666666666667,2,1,5.333333333333333,2,2,1,0,2,3,2,2,2,1,2,2,2,0,0,1,1,0
62225,62225,Eslovaquia,6.0,6.0,4.0,5.0,3.0,2.0,3.0,2.0,7.0,7.0,8.0,7.0,7.0,5.0,5.0,2.0,5.0,7.0,10.0,2,1.0,8,2,1,6.571428571428571,3,2.333333333333333,1,1,5.333333333333333,2,0,0,0,0,1,3,1,2,0,0,0,0,2,2,1,1,2
15891,15891,Países Bajos,6.0,7.0,8.0,5.0,1.0,7.0,6.0,6.0,6.0,8.0,8.0,7.0,7.0,5.0,8.0,5.0,5.0,9.0,6.0,0,1.0,2,1,2,7.0,3,6.333333333333333,3,0,7.0,2,2,1,2,3,2,3,2,2,2,2,2,2,0,2,1,0,2
25801,25801,España,6.0,6.0,6.0,5.0,3.0,5.0,4.0,5.0,5.0,6.0,5.0,2.0,6.0,2.0,7.0,6.0,6.0,6.0,4.0,1,4.0,3,1,1,4.714285714285714,2,4.666666666666667,2,1,6.0,2,2,1,0,2,1,1,2,1,2,2,1,0,2,1,1,1,2
34373,34373,Portugal,8.0,4.0,8.0,10.0,4.0,6.0,7.0,7.0,10.0,7.0,10.0,6.0,8.0,6.0,5.0,8.0,5.0,8.0,6.0,1,2.0,5,1,1,7.428571428571429,3,6.666666666666667,3,2,6.666666666666667,2,2,1,2,3,3,3,2,0,2,0,2,2,2,2,0,1,2
15748,15748,Países Bajos,7.0,5.0,8.0,5.0,2.0,8.0,7.0,7.0,8.0,7.0,7.0,7.0,6.0,7.0,8.0,6.0,6.0,9.0,10.0,0,2.0,2,2,2,7.142857142857143,3,7.333333333333333,3,1,6.666666666666667,2,0,1,2,3,2,3,2,0,2,2,2,2,2,2,1,0,1
30267,30267,Italia,6.0,8.0,7.0,5.0,2.0,3.0,0.0,3.0,4.0,5.0,5.0,0.0,3.0,0.0,8.0,3.0,3.0,8.0,10.0,1,2.0,4,2,1,3.571428571428572,1,2.0,1,1,7.0,2,1,0,0,0,1,0,1,2,1,0,0,0,2,1,1,1,2
37536,37536,Portugal,7.0,3.0,7.0,4.0,3.0,9.0,2.0,1.0,2.0,1.0,3.0,1.0,1.0,0.0,9.0,4.0,5.0,8.0,3.0,1,2.0,5,0,1,2.4285714285714284,1,4.0,2,1,5.666666666666667,2,1,1,2,1,2,0,1,2,0,2,0,0,0,0,1,0,0
19729,19729,Países Bajos,6.0,7.0,6.0,1.0,3.0,6.0,6.0,3.0,4.0,6.0,6.0,4.0,4.0,6.0,7.0,8.0,7.0,5.0,2.0,0,2.0,2,0,0,5.285714285714286,2,5.0,2,1,6.333333333333333,2,0,1,2,1,0,2,1,2,0,2,2,2,0,1,1,1,0
19148,19148,Países Bajos,7.0,7.0,6.0,8.0,3.0,8.0,6.0,7.0,7.0,8.0,8.0,7.0,7.0,7.0,9.0,7.0,7.0,8.0,4.0,0,4.0,2,1,1,7.571428571428571,3,7.0,3,1,6.666666666666667,2,2,1,2,3,3,3,0,2,0,2,2,2,2,2,1,0,2
3942,3942,Bélgica,0.0,0.0,4.0,3.0,3.0,0.0,0.0,0.0,0.0,0.0,0.0,0.0,0.0,0.0,5.0,5.0,5.0,5.0,0.0,0,4.0,0,0,0,0.7142857142857143,0,0.0,0,1,1.3333333333333333,0,0,1,0,0,0,0,0,0,0,0,0,0,0,0,0,1,0
37045,37045,Portugal,4.0,4.0,3.0,7.0,3.0,5.0,5.0,5.0,6.0,4.0,4.0,4.0,4.0,4.0,8.0,4.0,4.0,7.0,8.0,1,2.0,5,2,1,4.857142857142857,2,5.0,2,1,3.6666666666666665,1,2,1,0,2,3,1,0,1,0,1,1,1,0,0,1,1,0
40688,40688,Croacia,5.0,8.0,8.0,5.0,3.0,5.0,4.0,5.0,0.0,5.0,8.0,0.0,3.0,0.0,7.0,8.0,8.0,7.0,9.0,1,1.0,6,2,1,3.2857142857142856,1,4.666666666666667,2,1,7.0,2,0,0,2,2,2,0,2,2,2,2,1,2,0,1,1,1,0
40183,40183,Portugal,4.0,9.0,3.0,2.0,3.0,4.0,0.0,0.0,0.0,3.0,5.0,0.0,3.0,0.0,5.0,3.0,5.0,6.0,5.0,1,2.0,5,1,1,2.2857142857142856,1,1.3333333333333333,0,1,5.333333333333333,2,0,1,0,0,0,0,0,2,2,0,0,0,0,0,1,0,0
38490,38490,Portugal,1.0,2.0,4.0,8.0,2.0,2.0,2.0,4.0,1.0,1.0,2.0,0.0,4.0,0.0,10.0,5.0,5.0,4.0,7.0,1,2.0,5,2,0,2.571428571428572,1,2.6666666666666665,1,1,2.333333333333333,0,2,1,0,0,3,0,0,0,2,0,0,0,0,0,0,1,0
2891,2891,Bélgica,4.0,4.0,0.0,5.0,3.0,7.0,3.0,4.0,5.0,0.0,5.0,5.0,7.0,5.0,10.0,0.0,0.0,8.0,10.0,0,3.0,0,2,1,5.285714285714286,2,4.666666666666667,2,1,2.6666666666666665,1,1,0,2,2,2,2,2,0,0,1,0,0,2,0,1,1,2
5402,5402,Bélgica,5.0,3.0,2.0,5.0,2.0,3.0,4.0,3.0,4.0,2.0,6.0,4.0,5.0,5.0,7.0,5.0,5.0,9.0,6.0,0,1.0,0,1,2,4.714285714285714,2,3.333333333333333,1,1,3.333333333333333,1,0,1,1,0,2,2,1,0,0,2,1,0,2,0,1,1,1
14321,14321,Países Bajos,4.0,3.0,0.0,5.0,2.0,7.0,7.0,6.0,2.0,1.0,3.0,2.0,3.0,6.0,8.0,5.0,5.0,8.0,6.0,0,4.0,2,1,1,3.571428571428572,1,6.666666666666667,3,1,2.333333333333333,0,1,1,2,3,2,0,0,1,0,1,2,2,0,0,1,1,0
28973,28973,Italia,4.0,3.0,5.0,8.0,3.0,4.0,4.0,4.0,4.0,3.0,4.0,5.0,3.0,4.0,8.0,4.0,4.0,7.0,5.0,1,1.0,4,1,1,4.428571428571429,2,4.0,2,1,4.0,1,2,1,2,2,3,1,2,0,0,2,1,0,2,0,0,1,2
7173,7173,Alemania,7.0,6.0,5.0,6.0,2.0,8.0,8.0,4.0,4.0,8.0,9.0,5.0,4.0,5.0,7.0,8.0,7.0,9.0,0.0,0,2.0,1,0,2,6.0,3,6.666666666666667,3,1,6.0,2,1,1,2,3,1,3,2,2,0,2,2,2,2,2,0,1,1
5153,5153,Bélgica,5.0,6.0,6.0,3.0,4.0,5.0,6.0,7.0,5.0,5.0,6.0,4.0,5.0,5.0,6.0,5.0,6.0,8.0,3.0,0,1.0,0,0,1,5.142857142857143,2,6.0,3,2,5.666666666666667,2,0,1,0,3,0,2,1,0,0,0,2,2,0,1,1,1,0
24235,24235,España,4.0,7.0,5.0,4.0,4.0,3.0,2.0,2.0,3.0,2.0,8.0,2.0,3.0,3.0,8.0,3.0,4.0,7.0,5.0,1,2.0,3,1,1,4.142857142857143,2,2.333333333333333,1,2,5.333333333333333,2,2,1,0,0,2,2,2,2,0,2,0,2,2,0,1,1,2
47153,47153,Hungría,7.0,7.0,6.0,10.0,2.0,6.0,8.0,8.0,6.0,7.0,7.0,5.0,6.0,7.0,8.0,0.0,0.0,6.0,7.0,2,2.0,7,2,1,6.571428571428571,3,7.333333333333333,3,1,6.666666666666667,2,2,1,2,3,3,3,0,2,0,0,2,2,0,2,1,1,0
5741,5741,Bélgica,7.0,6.0,8.0,5.0,3.0,7.0,8.0,6.0,6.0,8.0,8.0,7.0,7.0,7.0,8.0,5.0,7.0,8.0,1.0,0,1.0,0,0,1,7.285714285714286,3,7.0,3,1,7.0,2,2,0,2,3,2,3,0,0,2,0,2,2,0,2,1,0,2
28393,28393,Italia,8.0,6.0,5.0,2.0,1.0,2.0,2.0,3.0,8.0,8.0,7.0,2.0,3.0,0.0,9.0,8.0,7.0,3.0,8.0,1,2.0,4,2,0,5.285714285714286,2,2.333333333333333,1,0,6.333333333333333,2,0,0,0,0,0,1,2,1,2,0,0,2,2,2,1,1,0
50303,50303,Hungría,5.0,5.0,5.0,10.0,2.0,10.0,3.0,8.0,5.0,7.0,2.0,5.0,10.0,10.0,6.0,8.0,5.0,5.0,10.0,2,1.0,7,2,0,6.428571428571429,3,7.0,3,1,5.0,2,2,0,2,3,3,3,2,1,2,2,0,2,0,2,0,1,2
19115,19115,Países Bajos,5.0,5.0,7.0,5.0,2.0,7.0,4.0,2.0,5.0,3.0,2.0,2.0,0.0,2.0,8.0,4.0,7.0,8.0,8.0,0,2.0,2,2,1,3.142857142857143,1,4.333333333333333,2,1,5.666666666666667,2,2,1,2,2,1,0,0,0,0,1,1,1,2,0,1,1,0
1247,1247,Bélgica,7.0,8.0,8.0,8.0,2.0,7.0,8.0,5.0,2.0,7.0,8.0,4.0,5.0,5.0,10.0,7.0,5.0,8.0,6.0,0,2.0,0,1,1,5.857142857142857,2,6.666666666666667,3,1,7.666666666666667,3,2,1,2,3,3,3,1,2,2,0,2,0,0,2,1,1,0
20167,20167,Países Bajos,5.0,5.0,0.0,10.0,2.0,9.0,6.0,7.0,4.0,8.0,8.0,6.0,6.0,6.0,8.0,5.0,5.0,10.0,5.0,0,2.0,2,1,2,6.571428571428571,3,7.333333333333333,3,1,3.333333333333333,1,2,1,2,3,3,3,2,0,0,2,2,2,2,2,1,0,0
59820,59820,Eslovaquia,4.0,2.0,2.0,6.0,3.0,2.0,5.0,2.0,0.0,0.0,5.0,0.0,1.0,0.0,5.0,5.0,3.0,9.0,9.0,2,1.0,8,2,2,1.5714285714285714,0,3.0,1,1,2.6666666666666665,1,2,0,2,0,2,0,0,0,0,0,1,0,0,0,1,1,0
22909,22909,España,7.0,2.0,9.0,0.0,3.0,4.0,2.0,3.0,3.0,8.0,10.0,1.0,2.0,1.0,5.0,8.0,10.0,8.0,5.0,1,2.0,3,1,1,4.285714285714286,2,3.0,1,1,6.0,2,0,1,0,0,0,2,2,0,2,2,0,2,1,2,0,1,0
56824,56824,Eslovaquia,9.0,8.0,9.0,2.0,1.0,9.0,8.0,8.0,7.0,7.0,8.0,6.0,8.0,8.0,4.0,4.0,5.0,8.0,10.0,2,2.0,8,2,1,6.857142857142857,3,8.333333333333334,4,0,8.666666666666666,3,0,0,2,3,0,3,2,2,2,2,2,2,2,2,1,0,2
13696,13696,Alemania,3.0,3.0,0.0,5.0,3.0,3.0,6.0,5.0,3.0,0.0,0.0,2.0,5.0,4.0,8.0,8.0,3.0,5.0,1.0,0,3.0,1,0,0,3.142857142857143,1,4.666666666666667,2,1,2.0,0,0,1,2,1,2,0,0,2,0,0,2,0,2,0,1,1,0
42061,42061,Croacia,8.0,5.0,5.0,1.0,3.0,4.0,3.0,3.0,5.0,2.0,5.0,4.0,1.0,4.0,9.0,7.0,5.0,5.0,8.0,1,1.0,6,2,0,4.285714285714286,2,3.333333333333333,1,1,6.0,2,0,1,0,0,0,2,2,1,0,2,0,2,2,0,1,1,0
28008,28008,Italia,4.0,4.0,2.0,2.0,2.0,5.0,5.0,3.0,4.0,3.0,3.0,2.0,2.0,2.0,10.0,3.0,3.0,7.0,1.0,1,2.0,4,0,1,3.7142857142857135,1,4.333333333333333,2,1,3.333333333333333,1,0,1,0,1,0,0,2,2,0,0,1,0,1,0,1,1,0
32836,32836,Italia,6.0,4.0,4.0,7.0,1.0,5.0,5.0,4.0,6.0,7.0,7.0,5.0,6.0,5.0,7.0,3.0,5.0,8.0,0.0,1,1.0,4,0,1,6.142857142857143,3,4.666666666666667,2,0,4.666666666666667,1,2,0,0,2,3,3,1,1,0,0,1,0,0,2,1,1,2
34102,34102,Portugal,8.0,6.0,8.0,7.0,3.0,3.0,4.0,3.0,5.0,1.0,8.0,3.0,4.0,0.0,8.0,4.0,5.0,8.0,8.0,1,1.0,5,2,1,4.142857142857143,2,3.333333333333333,1,1,7.333333333333333,2,2,0,2,0,3,1,2,0,2,2,1,0,2,0,1,1,0
34801,34801,Portugal,8.0,4.0,5.0,1.0,4.0,4.0,3.0,4.0,8.0,8.0,8.0,3.0,4.0,3.0,8.0,9.0,5.0,9.0,0.0,1,2.0,5,0,2,6.0,3,3.6666666666666665,1,2,5.666666666666667,2,0,1,2,2,0,3,2,1,0,0,0,2,2,2,1,1,1
43089,43089,Croacia,3.0,3.0,3.0,1.0,4.0,3.0,3.0,3.0,5.0,4.0,4.0,4.0,4.0,4.0,8.0,3.0,3.0,5.0,8.0,1,3.0,6,2,0,4.714285714285714,2,3.0,1,2,3.0,1,0,0,0,0,0,2,0,2,2,0,0,0,0,0,1,1,0
17392,17392,Países Bajos,7.0,7.0,2.0,10.0,2.0,7.0,8.0,8.0,8.0,6.0,6.0,8.0,7.0,7.0,6.0,6.0,4.0,9.0,8.0,0,4.0,2,2,2,6.857142857142857,3,7.666666666666667,3,1,5.333333333333333,2,2,0,2,3,3,3,2,2,0,0,2,2,2,1,1,0,2
37192,37192,Portugal,3.0,3.0,4.0,5.0,2.0,6.0,5.0,5.0,2.0,3.0,3.0,2.0,2.0,2.0,7.0,2.0,3.0,4.0,8.0,1,3.0,5,2,0,3.0,1,5.333333333333333,2,1,3.333333333333333,1,1,0,0,1,1,0,0,1,0,0,1,2,0,0,1,1,0
628,628,Bélgica,7.0,0.0,6.0,2.0,1.0,1.0,3.0,0.0,0.0,0.0,5.0,3.0,0.0,5.0,2.0,5.0,3.0,9.0,0.0,0,2.0,0,0,2,2.142857142857143,1,1.3333333333333333,0,0,4.333333333333333,1,0,1,0,0,0,0,0,0,0,0,0,0,0,0,1,1,0
30754,30754,Italia,6.0,5.0,6.0,6.0,1.0,9.0,5.0,5.0,2.0,3.0,7.0,3.0,3.0,0.0,4.0,8.0,5.0,9.0,7.0,1,2.0,4,2,2,3.142857142857143,1,6.333333333333333,3,0,5.666666666666667,2,2,1,2,3,2,0,0,0,1,2,1,2,0,0,1,1,2
52224,52224,Hungría,6.0,4.0,4.0,9.0,2.0,5.0,2.0,7.0,4.0,7.0,7.0,4.0,4.0,3.0,5.0,2.0,5.0,5.0,8.0,2,1.0,7,2,0,4.857142857142857,2,4.666666666666667,2,1,4.666666666666667,1,2,0,1,1,3,2,0,1,0,2,0,2,2,2,1,1,0
59905,59905,Eslovaquia,5.0,5.0,5.0,3.0,2.0,4.0,4.0,5.0,2.0,3.0,1.0,1.0,2.0,2.0,0.0,3.0,3.0,4.0,8.0,2,2.0,8,2,0,1.5714285714285714,0,4.333333333333333,2,1,5.0,2,0,1,0,2,0,0,2,2,2,2,1,1,0,0,0,1,0
47008,47008,Hungría,6.0,4.0,5.0,5.0,3.0,5.0,5.0,5.0,5.0,8.0,9.0,5.0,7.0,5.0,9.0,4.0,3.0,6.0,2.0,2,1.0,7,0,1,6.857142857142857,3,5.0,2,1,5.0,2,0,1,0,2,1,3,2,0,2,1,1,0,1,2,0,1,2
20988,20988,Países Bajos,5.0,6.0,5.0,6.0,2.0,4.0,5.0,6.0,5.0,5.0,5.0,5.0,6.0,6.0,7.0,4.0,5.0,7.0,6.0,0,3.0,2,1,1,5.571428571428571,2,5.0,2,1,5.333333333333333,2,0,1,1,1,1,1,2,2,1,1,1,2,0,1,1,1,0
43948,43948,Hungría,5.0,4.0,3.0,6.0,4.0,3.0,3.0,3.0,5.0,4.0,5.0,3.0,4.0,3.0,8.0,4.0,4.0,5.0,0.0,2,1.0,7,0,0,4.571428571428571,2,3.0,1,2,4.0,1,1,1,2,0,1,1,1,0,2,2,0,2,2,0,1,1,0
25222,25222,España,5.0,4.0,6.0,5.0,2.0,6.0,0.0,3.0,1.0,4.0,5.0,4.0,4.0,3.0,10.0,6.0,6.0,8.0,4.0,1,2.0,3,1,1,4.428571428571429,2,3.0,1,1,5.0,2,0,1,1,0,2,2,0,0,2,0,0,2,0,0,1,1,0
50494,50494,Hungría,3.0,2.0,2.0,4.0,4.0,2.0,5.0,4.0,5.0,4.0,4.0,5.0,3.0,4.0,5.0,2.0,0.0,7.0,7.0,2,1.0,7,2,1,4.285714285714286,2,3.6666666666666665,1,2,2.333333333333333,0,0,1,2,1,2,2,0,0,0,0,1,2,0,0,1,1,2
23983,23983,España,6.0,4.0,6.0,2.0,3.0,7.0,3.0,2.0,4.0,4.0,3.0,4.0,6.0,0.0,8.0,7.0,7.0,7.0,3.0,1,4.0,3,0,1,4.142857142857143,2,4.0,2,1,5.333333333333333,2,0,1,2,2,0,2,0,2,2,2,0,2,2,0,1,1,2
40035,40035,Portugal,8.0,7.0,7.0,5.0,3.0,6.0,3.0,3.0,5.0,5.0,7.0,2.0,3.0,2.0,5.0,6.0,5.0,8.0,7.0,1,1.0,5,2,1,4.142857142857143,2,4.0,2,1,7.333333333333333,2,0,1,0,2,2,1,2,2,2,1,0,2,1,1,1,1,0
41633,41633,Croacia,8.0,1.0,5.0,2.0,1.0,1.0,2.0,2.0,9.0,1.0,3.0,3.0,3.0,4.0,10.0,7.0,6.0,10.0,10.0,1,3.0,6,2,2,4.714285714285714,2,1.6666666666666667,0,0,4.666666666666667,1,0,1,0,0,0,2,2,0,1,0,0,2,2,0,1,1,2
8080,8080,Alemania,7.0,7.0,3.0,5.0,4.0,5.0,5.0,5.0,5.0,5.0,8.0,3.0,5.0,3.0,8.0,5.0,2.0,9.0,0.0,0,3.0,1,0,2,5.285714285714286,2,5.0,2,2,5.666666666666667,2,0,1,0,2,2,2,1,2,0,0,1,2,1,1,1,1,0
42893,42893,Croacia,4.0,4.0,4.0,8.0,2.0,6.0,4.0,5.0,0.0,3.0,3.0,1.0,4.0,1.0,5.0,3.0,3.0,7.0,10.0,1,1.0,6,2,1,2.4285714285714284,1,5.0,2,1,4.0,1,2,0,2,2,3,0,2,0,2,2,1,2,0,0,0,0,0
11367,11367,Alemania,8.0,7.0,6.0,6.0,3.0,7.0,7.0,8.0,7.0,9.0,7.0,6.0,8.0,7.0,10.0,4.0,4.0,9.0,8.0,0,4.0,1,2,2,7.714285714285714,3,7.333333333333333,3,1,7.0,2,0,0,2,3,1,3,2,2,0,1,2,2,2,2,1,0,2
59586,59586,Eslovaquia,2.0,4.0,2.0,10.0,3.0,2.0,5.0,0.0,2.0,4.0,6.0,2.0,2.0,2.0,10.0,0.0,0.0,8.0,0.0,2,2.0,8,0,1,4.0,2,2.333333333333333,1,1,2.6666666666666665,1,2,1,0,0,3,2,0,2,0,0,1,0,0,0,1,1,0
27276,27276,España,5.0,8.0,5.0,5.0,4.0,5.0,2.0,2.0,5.0,10.0,8.0,0.0,5.0,0.0,7.0,7.0,2.0,8.0,8.0,1,3.0,3,2,1,5.0,2,3.0,1,2,6.0,2,0,0,2,0,2,1,0,2,2,2,0,0,2,2,1,1,2
18142,18142,Países Bajos,7.0,7.0,7.0,6.0,2.0,9.0,9.0,9.0,8.0,8.0,9.0,7.0,8.0,7.0,8.0,8.0,6.0,10.0,8.0,0,3.0,2,2,2,7.857142857142857,3,9.0,4,1,7.0,2,0,0,2,3,1,3,0,2,2,2,2,2,2,2,1,1,2
41845,41845,Croacia,2.0,3.0,6.0,2.0,2.0,3.0,0.0,3.0,1.0,1.0,5.0,5.0,0.0,5.0,8.0,2.0,7.0,7.0,8.0,1,2.0,6,2,1,3.571428571428572,1,2.0,1,1,3.6666666666666665,1,0,0,0,0,0,0,0,2,0,2,0,2,0,0,1,1,0
28958,28958,Italia,3.0,1.0,4.0,3.0,3.0,6.0,5.0,7.0,2.0,5.0,5.0,0.0,0.0,0.0,7.0,7.0,5.0,5.0,7.0,1,2.0,4,2,0,2.7142857142857144,1,6.0,3,1,2.6666666666666665,1,0,1,0,3,0,0,0,0,2,2,1,2,0,1,1,1,0
23388,23388,España,3.0,2.0,5.0,5.0,2.0,2.0,5.0,1.0,4.0,5.0,6.0,0.0,3.0,0.0,8.0,6.0,3.0,7.0,0.0,1,3.0,3,0,1,3.7142857142857135,1,2.6666666666666665,1,1,3.333333333333333,1,0,1,0,0,1,0,0,0,2,0,1,0,2,1,1,0,0
44327,44327,Hungría,1.0,1.0,5.0,5.0,3.0,2.0,1.0,1.0,1.0,1.0,1.0,1.0,1.0,2.0,3.0,1.0,1.0,5.0,10.0,2,2.0,7,2,0,1.4285714285714286,0,1.3333333333333333,0,1,2.333333333333333,0,2,1,0,0,2,0,0,0,0,0,0,0,0,0,1,1,0
33178,33178,Italia,5.0,5.0,5.0,4.0,3.0,4.0,4.0,3.0,5.0,8.0,8.0,5.0,5.0,0.0,8.0,5.0,5.0,6.0,6.0,1,2.0,4,1,1,5.571428571428571,2,3.6666666666666665,1,1,5.0,2,1,1,0,2,1,2,2,0,0,2,1,2,0,2,1,1,1
38336,38336,Portugal,10.0,8.0,7.0,2.0,3.0,5.0,3.0,3.0,4.0,4.0,8.0,0.0,4.0,2.0,9.0,5.0,3.0,10.0,5.0,1,2.0,5,1,2,4.428571428571429,2,3.6666666666666665,1,1,8.333333333333334,3,0,1,1,2,0,2,2,2,1,2,0,0,2,0,1,1,2
6081,6081,Bélgica,10.0,0.0,0.0,1.0,1.0,10.0,6.0,10.0,10.0,0.0,10.0,6.0,10.0,5.0,0.0,0.0,2.0,9.0,10.0,0,1.0,0,2,2,5.857142857142857,2,8.666666666666666,4,0,3.333333333333333,1,0,1,2,3,0,3,2,0,0,2,2,2,2,0,0,0,2
35789,35789,Portugal,6.0,2.0,0.0,4.0,2.0,4.0,1.0,4.0,2.0,0.0,4.0,0.0,5.0,0.0,10.0,5.0,6.0,5.0,3.0,1,5.0,5,0,0,3.0,1,3.0,1,1,2.6666666666666665,1,2,1,1,0,2,0,1,0,0,2,0,2,0,0,1,0,1
37046,37046,Portugal,6.0,5.0,6.0,3.0,2.0,5.0,6.0,7.0,6.0,5.0,7.0,3.0,7.0,3.0,5.0,6.0,7.0,7.0,6.0,1,1.0,5,1,1,5.142857142857143,2,6.0,3,1,5.666666666666667,2,0,1,0,3,0,2,1,0,0,0,2,2,1,1,1,1,2
46933,46933,Hungría,8.0,9.0,8.0,5.0,3.0,5.0,4.0,3.0,6.0,6.0,7.0,2.0,3.0,2.0,9.0,0.0,3.0,8.0,3.0,2,1.0,7,0,1,5.0,2,4.0,2,1,8.333333333333334,3,0,1,1,2,2,2,2,2,2,0,1,2,1,1,1,1,0
17379,17379,Países Bajos,9.0,6.0,8.0,4.0,3.0,3.0,6.0,3.0,5.0,7.0,8.0,4.0,5.0,6.0,8.0,5.0,4.0,7.0,1.0,0,4.0,2,0,1,6.142857142857143,3,4.0,2,1,7.666666666666667,3,1,0,0,1,1,3,2,0,2,1,2,2,0,2,1,1,2
7744,7744,Alemania,5.0,6.0,5.0,5.0,2.0,2.0,3.0,1.0,5.0,5.0,8.0,1.0,2.0,1.0,8.0,5.0,2.0,8.0,1.0,0,3.0,1,0,1,4.285714285714286,2,2.0,1,1,5.333333333333333,2,0,1,0,0,1,2,1,0,2,0,0,0,2,1,1,0,0
37641,37641,Portugal,5.0,5.0,0.0,0.0,4.0,0.0,0.0,0.0,0.0,0.0,10.0,0.0,0.0,0.0,9.0,10.0,0.0,5.0,5.0,1,2.0,5,1,0,2.7142857142857144,1,0.0,0,2,3.333333333333333,1,0,1,0,0,0,0,0,0,0,0,0,0,0,0,0,1,0
7754,7754,Alemania,5.0,4.0,4.0,5.0,2.0,3.0,6.0,3.0,0.0,5.0,7.0,0.0,1.0,0.0,9.0,7.0,7.0,8.0,0.0,0,2.0,1,0,1,3.142857142857143,1,4.0,2,1,4.333333333333333,1,2,1,0,2,1,0,2,0,0,2,2,2,0,1,1,1,0
48114,48114,Hungría,3.0,8.0,5.0,10.0,3.0,0.0,0.0,0.0,4.0,1.0,5.0,1.0,1.0,4.0,9.0,3.0,4.0,8.0,5.0,2,3.0,7,1,1,3.571428571428572,1,0.0,0,1,5.333333333333333,2,2,1,0,0,3,0,0,2,2,0,0,0,0,0,1,0,0
6242,6242,Bélgica,4.0,3.0,3.0,1.0,4.0,5.0,0.0,0.0,0.0,4.0,4.0,0.0,2.0,0.0,5.0,5.0,5.0,4.0,0.0,0,2.0,0,0,0,2.142857142857143,1,1.6666666666666667,0,2,3.333333333333333,1,0,1,0,0,0,0,2,2,2,0,0,0,0,0,1,1,0
16161,16161,Países Bajos,8.0,3.0,5.0,8.0,2.0,6.0,6.0,6.0,3.0,6.0,7.0,5.0,6.0,5.0,4.0,5.0,7.0,8.0,0.0,0,4.0,2,0,1,5.142857142857143,2,6.0,3,1,5.333333333333333,2,2,1,2,3,3,1,2,2,2,2,2,2,0,1,1,1,0
7938,7938,Alemania,6.0,3.0,6.0,5.0,4.0,6.0,8.0,6.0,3.0,8.0,7.0,3.0,4.0,3.0,7.0,9.0,9.0,8.0,1.0,0,1.0,1,0,1,5.0,2,6.666666666666667,3,2,5.0,2,1,1,2,3,2,1,0,0,2,0,2,0,1,2,1,1,0
52684,52684,Hungría,2.0,3.0,2.0,5.0,3.0,7.0,3.0,5.0,7.0,4.0,5.0,5.0,4.0,5.0,9.0,5.0,3.0,3.0,5.0,2,2.0,7,1,0,5.571428571428571,2,5.0,2,1,2.333333333333333,0,1,1,2,1,2,1,0,1,0,1,0,2,2,0,1,1,2
686,686,Bélgica,7.0,3.0,6.0,7.0,2.0,7.0,3.0,2.0,6.0,6.0,7.0,3.0,4.0,3.0,9.0,4.0,4.0,8.0,8.0,0,2.0,0,2,1,5.428571428571429,2,4.0,2,1,5.333333333333333,2,2,0,0,1,3,2,1,2,0,0,0,2,2,1,1,1,0
6750,6750,Bélgica,5.0,5.0,5.0,5.0,3.0,1.0,8.0,0.0,2.0,4.0,5.0,2.0,0.0,2.0,8.0,2.0,5.0,8.0,5.0,0,2.0,0,1,1,3.2857142857142856,1,3.0,1,1,5.0,2,0,1,0,0,2,0,0,0,2,0,2,0,0,0,1,1,0
23760,23760,España,4.0,3.0,3.0,7.0,2.0,4.0,2.0,1.0,6.0,4.0,2.0,0.0,2.0,1.0,6.0,4.0,4.0,6.0,6.0,1,2.0,3,1,1,3.0,1,2.333333333333333,1,1,3.333333333333333,1,2,1,0,0,3,0,2,2,0,0,0,0,2,0,0,1,0
46887,46887,Hungría,4.0,6.0,4.0,5.0,3.0,4.0,6.0,6.0,7.0,8.0,9.0,6.0,6.0,5.0,9.0,7.0,6.0,6.0,0.0,2,1.0,7,0,1,7.142857142857143,3,5.333333333333333,2,1,4.666666666666667,1,0,1,2,2,2,3,2,2,0,2,2,2,2,2,0,0,1
50024,50024,Hungría,2.0,4.0,6.0,6.0,3.0,6.0,2.0,6.0,8.0,6.0,8.0,6.0,4.0,6.0,9.0,4.0,2.0,8.0,2.0,2,1.0,7,0,1,6.714285714285714,3,4.666666666666667,2,1,4.0,1,0,1,0,2,1,3,0,0,2,2,0,0,2,1,1,0,0
38808,38808,Portugal,10.0,10.0,8.0,0.0,4.0,0.0,3.0,0.0,3.0,0.0,0.0,0.0,0.0,0.0,7.0,6.0,0.0,10.0,0.0,1,3.0,5,0,2,1.4285714285714286,0,1.0,0,2,9.333333333333334,3,0,1,0,0,0,0,2,2,2,0,0,0,2,0,1,1,0
18763,18763,Países Bajos,6.0,7.0,6.0,2.0,2.0,4.0,4.0,4.0,4.0,5.0,6.0,4.0,6.0,4.0,9.0,7.0,5.0,8.0,6.0,0,4.0,2,1,1,5.428571428571429,2,4.0,2,1,6.333333333333333,2,0,1,2,2,0,2,0,2,2,2,1,0,1,1,1,1,2
57241,57241,Eslovaquia,7.0,7.0,8.0,2.0,3.0,6.0,6.0,4.0,2.0,4.0,4.0,2.0,3.0,2.0,0.0,10.0,7.0,10.0,10.0,2,2.0,8,2,2,2.4285714285714284,1,5.333333333333333,2,1,7.333333333333333,2,0,0,0,1,0,0,2,2,2,2,2,0,0,0,1,1,0
40274,40274,Portugal,3.0,5.0,3.0,8.0,2.0,3.0,3.0,3.0,5.0,7.0,7.0,7.0,5.0,4.0,8.0,4.0,4.0,7.0,7.0,1,2.0,5,2,1,6.142857142857143,3,3.0,1,1,3.6666666666666665,1,2,1,2,0,3,3,0,0,2,1,0,1,1,2,1,1,0
58817,58817,Eslovaquia,3.0,5.0,4.0,7.0,3.0,7.0,9.0,7.0,6.0,5.0,4.0,3.0,3.0,5.0,5.0,6.0,7.0,5.0,3.0,2,2.0,8,0,0,4.428571428571429,2,7.666666666666667,3,1,4.0,1,2,1,2,3,3,2,0,0,2,2,2,2,2,1,1,1,0
1552,1552,Bélgica,8.0,5.0,7.0,7.0,2.0,5.0,7.0,3.0,6.0,7.0,6.0,7.0,5.0,7.0,7.0,7.0,6.0,8.0,8.0,0,1.0,0,2,1,6.428571428571429,3,5.0,2,1,6.666666666666667,2,2,1,0,1,3,3,2,0,0,0,2,0,0,2,1,0,2
20847,20847,Países Bajos,8.0,8.0,3.0,7.0,4.0,1.0,3.0,4.0,5.0,2.0,7.0,1.0,2.0,5.0,6.0,4.0,7.0,7.0,7.0,0,3.0,2,2,1,4.0,2,2.6666666666666665,1,2,6.333333333333333,2,2,1,0,0,3,2,2,2,2,0,0,2,2,0,1,1,0
45920,45920,Hungría,10.0,10.0,10.0,5.0,2.0,8.0,4.0,5.0,6.0,10.0,7.0,8.0,10.0,6.0,8.0,5.0,5.0,6.0,5.0,2,1.0,7,1,1,7.857142857142857,3,5.666666666666667,2,1,10.0,3,1,1,1,2,1,3,2,2,2,2,1,1,2,2,1,0,2
32855,32855,Italia,8.0,7.0,8.0,9.0,1.0,9.0,6.0,7.0,6.0,6.0,8.0,7.0,8.0,7.0,9.0,7.0,5.0,8.0,7.0,1,2.0,4,2,1,7.285714285714286,3,7.333333333333333,3,0,7.666666666666667,3,2,1,2,3,3,3,2,2,2,2,2,2,1,1,1,0,2
57267,57267,Eslovaquia,8.0,3.0,8.0,6.0,4.0,7.0,4.0,4.0,6.0,2.0,5.0,3.0,4.0,2.0,9.0,6.0,6.0,7.0,0.0,2,2.0,8,0,1,4.428571428571429,2,5.0,2,2,6.333333333333333,2,0,1,0,1,2,1,2,2,2,0,1,2,0,0,1,1,0
554,554,Bélgica,7.0,1.0,5.0,2.0,2.0,7.0,6.0,6.0,6.0,2.0,5.0,4.0,7.0,5.0,7.0,7.0,4.0,9.0,7.0,0,2.0,0,2,2,5.142857142857143,2,6.333333333333333,3,1,4.333333333333333,1,0,1,2,3,0,1,0,0,2,0,2,0,0,0,1,1,2
57139,57139,Eslovaquia,0.0,0.0,0.0,5.0,3.0,0.0,0.0,0.0,5.0,3.0,4.0,4.0,3.0,3.0,4.0,2.0,2.0,5.0,5.0,2,1.0,8,1,0,3.7142857142857135,1,0.0,0,1,0.0,0,1,1,0,0,1,0,0,0,0,0,0,0,0,0,1,1,2
31727,31727,Italia,2.0,3.0,2.0,5.0,3.0,2.0,2.0,0.0,3.0,2.0,2.0,2.0,2.0,2.0,7.0,0.0,2.0,10.0,4.0,1,3.0,4,1,2,2.857142857142857,1,1.3333333333333333,0,1,2.333333333333333,0,2,1,0,0,1,0,0,0,0,0,0,0,2,0,1,1,0
33498,33498,Italia,8.0,8.0,7.0,3.0,2.0,7.0,7.0,8.0,8.0,8.0,9.0,6.0,9.0,7.0,10.0,8.0,5.0,10.0,6.0,1,1.0,4,1,2,8.142857142857142,4,7.333333333333333,3,1,7.666666666666667,3,0,1,2,3,0,3,2,2,2,0,2,2,2,2,0,0,2
56092,56092,Eslovaquia,4.0,4.0,1.0,1.0,3.0,10.0,7.0,7.0,2.0,2.0,2.0,2.0,2.0,2.0,7.0,6.0,5.0,6.0,6.0,2,1.0,8,1,1,2.7142857142857144,1,8.0,4,1,3.0,1,0,1,2,3,0,0,1,1,0,2,2,2,0,0,1,1,0
51929,51929,Hungría,7.0,4.0,2.0,6.0,2.0,6.0,5.0,6.0,4.0,5.0,6.0,5.0,7.0,4.0,8.0,5.0,9.0,8.0,7.0,2,1.0,7,2,1,5.571428571428571,2,5.666666666666667,2,1,4.333333333333333,1,0,1,0,2,1,2,1,0,0,0,1,0,2,1,1,1,2
8757,8757,Alemania,9.0,3.0,3.0,8.0,3.0,8.0,6.0,6.0,7.0,7.0,6.0,5.0,6.0,5.0,5.0,3.0,3.0,8.0,6.0,0,2.0,1,1,1,5.857142857142857,2,6.666666666666667,3,1,5.0,2,2,1,2,3,3,3,2,1,2,2,2,0,2,2,1,1,1
44551,44551,Hungría,7.0,6.0,5.0,7.0,2.0,4.0,7.0,7.0,7.0,6.0,6.0,6.0,7.0,7.0,7.0,6.0,6.0,5.0,6.0,2,1.0,7,1,0,6.571428571428571,3,6.0,3,1,6.0,2,2,1,2,3,3,3,2,2,0,2,2,2,2,1,1,0,2
48076,48076,Hungría,5.0,5.0,6.0,0.0,3.0,3.0,3.0,3.0,6.0,5.0,6.0,2.0,5.0,0.0,5.0,5.0,4.0,8.0,10.0,2,3.0,7,2,1,4.142857142857143,2,3.0,1,1,5.333333333333333,2,0,0,2,0,0,2,2,1,2,1,0,0,0,1,1,1,1
57645,57645,Eslovaquia,5.0,4.0,3.0,8.0,4.0,4.0,3.0,5.0,3.0,2.0,2.0,3.0,2.0,3.0,10.0,8.0,8.0,9.0,6.0,2,2.0,8,1,2,3.571428571428572,1,4.0,2,2,4.0,1,2,1,0,1,3,0,1,2,0,2,0,2,0,0,0,1,0
40345,40345,Portugal,5.0,2.0,3.0,10.0,1.0,3.0,4.0,2.0,1.0,1.0,6.0,1.0,1.0,1.0,10.0,5.0,5.0,8.0,5.0,1,4.0,5,1,1,3.0,1,3.0,1,0,3.333333333333333,1,2,1,1,0,3,0,1,0,2,0,1,1,0,0,1,1,0
40570,40570,Portugal,2.0,2.0,2.0,3.0,3.0,2.0,2.0,2.0,3.0,2.0,1.0,1.0,3.0,1.0,8.0,5.0,5.0,4.0,1.0,1,1.0,5,0,0,2.7142857142857144,1,2.0,1,1,2.0,0,0,1,0,0,0,0,0,0,0,0,0,0,2,0,1,1,2
38540,38540,Portugal,6.0,5.0,3.0,4.0,2.0,7.0,3.0,3.0,7.0,7.0,5.0,4.0,7.0,4.0,8.0,8.0,6.0,8.0,5.0,1,2.0,5,1,1,6.0,3,4.333333333333333,2,1,4.666666666666667,1,1,1,2,2,1,3,2,1,2,2,0,0,2,2,1,1,2
4530,4530,Bélgica,8.0,8.0,5.0,6.0,4.0,5.0,5.0,5.0,2.0,2.0,8.0,2.0,5.0,5.0,7.0,5.0,4.0,10.0,5.0,0,2.0,0,1,2,4.428571428571429,2,5.0,2,2,7.0,2,0,1,0,1,1,2,2,2,1,1,1,2,0,0,1,1,0
35376,35376,Portugal,3.0,2.0,3.0,4.0,2.0,3.0,4.0,3.0,5.0,5.0,3.0,4.0,4.0,3.0,10.0,6.0,5.0,7.0,6.0,1,1.0,5,1,1,4.857142857142857,2,3.333333333333333,1,1,2.6666666666666665,1,1,1,2,0,1,2,0,0,2,2,1,2,2,1,0,1,2
3630,3630,Bélgica,6.0,6.0,4.0,6.0,2.0,7.0,7.0,4.0,4.0,3.0,7.0,4.0,4.0,5.0,8.0,4.0,7.0,8.0,3.0,0,2.0,0,0,1,5.0,2,6.0,3,1,5.333333333333333,2,1,1,1,3,2,2,1,0,0,1,2,0,1,0,1,1,0
720,720,Bélgica,6.0,5.0,6.0,5.0,4.0,2.0,2.0,1.0,0.0,1.0,5.0,2.0,2.0,2.0,7.0,5.0,5.0,9.0,5.0,0,1.0,0,1,2,2.7142857142857144,1,1.6666666666666667,0,2,5.666666666666667,2,1,1,0,0,1,0,0,0,1,0,0,0,0,0,1,1,0
39470,39470,Portugal,6.0,5.0,5.0,2.0,4.0,5.0,6.0,5.0,5.0,7.0,4.0,5.0,6.0,6.0,4.0,4.0,6.0,4.0,3.0,1,5.0,5,0,0,5.285714285714286,2,5.333333333333333,2,2,5.333333333333333,2,0,1,1,2,0,2,0,2,2,0,2,2,1,2,1,1,0
5845,5845,Bélgica,8.0,3.0,8.0,7.0,1.0,1.0,6.0,3.0,2.0,4.0,6.0,3.0,5.0,4.0,8.0,4.0,3.0,9.0,1.0,0,3.0,0,0,2,4.571428571428571,2,3.333333333333333,1,0,6.333333333333333,2,2,0,2,0,3,2,2,0,2,0,2,0,0,0,1,1,2
54217,54217,Eslovaquia,5.0,10.0,0.0,8.0,4.0,5.0,1.0,3.0,0.0,0.0,5.0,0.0,0.0,0.0,7.0,6.0,5.0,2.0,6.0,2,2.0,8,1,0,1.7142857142857142,0,3.0,1,2,5.0,2,2,1,0,0,3,0,1,2,0,2,0,0,0,0,1,1,0
22534,22534,España,7.0,3.0,6.0,5.0,3.0,3.0,4.0,0.0,6.0,4.0,7.0,4.0,6.0,4.0,8.0,4.0,4.0,8.0,4.0,1,3.0,3,1,1,5.571428571428571,2,2.333333333333333,1,1,5.333333333333333,2,0,1,0,0,2,2,2,2,0,2,1,0,2,0,1,1,0
24606,24606,España,1.0,5.0,1.0,8.0,4.0,3.0,0.0,0.0,7.0,5.0,4.0,3.0,5.0,0.0,7.0,1.0,1.0,7.0,3.0,1,3.0,3,0,1,4.428571428571429,2,1.0,0,2,2.333333333333333,0,2,1,0,0,3,2,0,2,0,2,0,0,2,1,1,1,2
12826,12826,Alemania,9.0,7.0,7.0,2.0,2.0,7.0,8.0,7.0,5.0,10.0,8.0,7.0,9.0,5.0,10.0,7.0,3.0,8.0,6.0,0,1.0,1,1,1,7.714285714285714,3,7.333333333333333,3,1,7.666666666666667,3,0,1,2,3,0,3,2,2,2,1,2,2,1,2,1,0,2
42246,42246,Croacia,2.0,5.0,0.0,4.0,3.0,3.0,5.0,2.0,0.0,0.0,0.0,0.0,0.0,0.0,0.0,5.0,5.0,10.0,5.0,1,2.0,6,1,2,0.0,0,3.333333333333333,1,1,2.333333333333333,0,0,1,2,0,2,0,0,2,0,2,1,2,0,0,1,1,0
51046,51046,Hungría,0.0,0.0,0.0,3.0,1.0,0.0,3.0,3.0,0.0,3.0,5.0,5.0,5.0,5.0,5.0,2.0,2.0,5.0,0.0,2,1.0,7,0,0,4.0,2,2.0,1,0,0.0,0,0,0,0,0,0,1,0,0,0,0,0,0,0,0,1,1,1
29387,29387,Italia,2.0,5.0,8.0,2.0,2.0,4.0,5.0,3.0,8.0,7.0,4.0,4.0,7.0,7.0,6.0,7.0,9.0,6.0,0.0,1,1.0,4,0,1,6.142857142857143,3,4.0,2,1,5.0,2,0,1,0,2,0,3,0,0,2,0,1,0,2,2,0,1,2
50066,50066,Hungría,7.0,7.0,6.0,3.0,2.0,6.0,3.0,5.0,5.0,3.0,4.0,5.0,4.0,5.0,8.0,5.0,7.0,5.0,0.0,2,2.0,7,0,0,4.857142857142857,2,4.666666666666667,2,1,6.666666666666667,2,0,1,2,2,0,2,1,2,1,0,0,2,2,0,1,1,2
57121,57121,Eslovaquia,10.0,0.0,0.0,5.0,3.0,4.0,4.0,4.0,0.0,0.0,0.0,0.0,0.0,0.0,6.0,0.0,5.0,5.0,9.0,2,1.0,8,2,0,0.8571428571428571,0,4.0,2,1,3.333333333333333,1,0,0,0,2,1,0,2,0,0,0,1,1,0,0,1,1,0
22279,22279,España,7.0,5.0,6.0,7.0,2.0,7.0,6.0,6.0,7.0,5.0,8.0,5.0,7.0,5.0,6.0,5.0,7.0,8.0,7.0,1,3.0,3,2,1,6.142857142857143,3,6.333333333333333,3,1,6.0,2,2,1,2,3,3,3,0,1,1,0,2,0,2,1,1,1,2
28996,28996,Italia,6.0,6.0,3.0,5.0,4.0,5.0,5.0,5.0,1.0,7.0,10.0,1.0,4.0,1.0,8.0,5.0,4.0,7.0,6.0,1,2.0,4,1,1,4.571428571428571,2,5.0,2,2,5.0,2,1,1,0,2,1,1,1,1,2,1,1,2,0,2,1,1,2
47384,47384,Hungría,2.0,2.0,3.0,5.0,4.0,0.0,1.0,0.0,2.0,2.0,1.0,0.0,1.0,0.0,7.0,1.0,1.0,6.0,0.0,2,2.0,7,0,1,1.8571428571428568,0,0.3333333333333333,0,2,2.333333333333333,0,1,0,0,0,2,0,0,0,2,0,0,0,0,0,0,1,0
48037,48037,Hungría,7.0,7.0,8.0,2.0,2.0,6.0,6.0,6.0,7.0,8.0,8.0,5.0,6.0,7.0,5.0,4.0,6.0,7.0,4.0,2,1.0,7,1,1,6.571428571428571,3,6.0,3,1,7.333333333333333,2,0,1,2,3,0,3,1,2,2,2,2,2,2,2,1,1,1
38616,38616,Portugal,5.0,2.0,3.0,5.0,3.0,6.0,7.0,6.0,5.0,6.0,8.0,2.0,7.0,2.0,8.0,5.0,4.0,7.0,7.0,1,4.0,5,2,1,5.428571428571429,2,6.333333333333333,3,1,3.333333333333333,1,2,1,2,3,1,2,2,0,2,1,2,0,0,1,1,1,2
24964,24964,España,2.0,0.0,3.0,5.0,3.0,1.0,0.0,0.0,2.0,0.0,3.0,0.0,0.0,0.0,8.0,0.0,5.0,9.0,8.0,1,4.0,3,2,2,1.8571428571428568,0,0.3333333333333333,0,1,1.6666666666666667,0,2,0,0,0,2,0,0,0,2,0,0,0,0,0,1,0,0
25498,25498,España,7.0,2.0,7.0,5.0,2.0,10.0,2.0,6.0,4.0,9.0,10.0,4.0,5.0,4.0,9.0,4.0,5.0,10.0,5.0,1,4.0,3,1,2,6.428571428571429,3,6.0,3,1,5.333333333333333,2,0,1,1,3,1,3,2,0,0,2,0,2,2,2,0,1,0
21932,21932,España,4.0,7.0,7.0,6.0,2.0,7.0,1.0,1.0,5.0,4.0,4.0,5.0,5.0,5.0,8.0,8.0,6.0,9.0,5.0,1,2.0,3,1,2,5.142857142857143,2,3.0,1,1,6.0,2,1,1,0,0,2,2,2,2,0,2,0,0,1,0,1,1,0
8306,8306,Alemania,6.0,7.0,7.0,4.0,3.0,6.0,4.0,5.0,3.0,6.0,8.0,3.0,4.0,3.0,7.0,7.0,7.0,7.0,9.0,0,2.0,1,2,1,4.857142857142857,2,5.0,2,1,6.666666666666667,2,1,1,1,2,2,2,0,2,1,0,1,0,1,1,1,1,0
46179,46179,Hungría,5.0,1.0,1.0,7.0,4.0,2.0,2.0,3.0,2.0,2.0,5.0,1.0,2.0,3.0,7.0,4.0,5.0,9.0,3.0,2,1.0,7,0,2,3.142857142857143,1,2.333333333333333,1,2,2.333333333333333,0,2,1,0,0,3,0,0,0,0,0,0,2,0,0,1,1,0
11196,11196,Alemania,8.0,8.0,7.0,7.0,1.0,9.0,7.0,7.0,7.0,7.0,8.0,5.0,8.0,6.0,8.0,7.0,5.0,9.0,6.0,0,3.0,1,1,2,7.0,3,7.666666666666667,3,0,7.666666666666667,3,2,1,2,3,3,3,2,2,0,2,2,2,2,2,1,1,2
26577,26577,España,5.0,8.0,5.0,5.0,3.0,4.0,2.0,2.0,5.0,6.0,8.0,5.0,3.0,5.0,9.0,5.0,5.0,9.0,4.0,1,2.0,3,1,2,5.857142857142857,2,2.6666666666666665,1,1,6.0,2,0,1,0,0,2,3,0,2,2,1,0,2,2,1,1,1,0
17519,17519,Países Bajos,7.0,4.0,6.0,1.0,4.0,5.0,4.0,4.0,5.0,6.0,8.0,3.0,3.0,3.0,7.0,4.0,6.0,8.0,4.0,0,2.0,2,1,1,5.0,2,4.333333333333333,2,2,5.666666666666667,2,0,1,0,1,0,2,2,0,2,2,1,2,1,1,1,1,0
27674,27674,España,8.0,7.0,6.0,2.0,4.0,5.0,2.0,3.0,5.0,6.0,7.0,5.0,5.0,5.0,10.0,5.0,5.0,7.0,0.0,1,2.0,3,0,1,6.142857142857143,3,3.333333333333333,1,2,7.0,2,0,1,0,0,0,3,2,2,2,0,0,2,2,1,1,1,2
50832,50832,Hungría,6.0,3.0,0.0,0.0,2.0,2.0,1.0,1.0,8.0,5.0,7.0,5.0,2.0,5.0,9.0,5.0,5.0,8.0,4.0,2,2.0,7,1,1,5.857142857142857,2,1.3333333333333333,0,1,3.0,1,0,1,0,0,0,3,2,0,0,0,0,0,2,1,1,1,0
57525,57525,Eslovaquia,4.0,4.0,3.0,4.0,3.0,4.0,2.0,2.0,3.0,4.0,3.0,2.0,2.0,2.0,1.0,5.0,5.0,7.0,2.0,2,2.0,8,0,1,2.4285714285714284,1,2.6666666666666665,1,1,3.6666666666666665,1,1,1,0,0,2,0,0,0,2,2,0,2,1,0,1,1,0
21886,21886,España,4.0,5.0,3.0,6.0,3.0,3.0,3.0,5.0,6.0,0.0,5.0,5.0,8.0,0.0,8.0,4.0,5.0,8.0,5.0,1,5.0,3,1,1,4.571428571428571,2,3.6666666666666665,1,1,4.0,1,0,1,2,2,1,2,1,2,2,0,0,0,2,0,1,1,2
8868,8868,Alemania,2.0,0.0,0.0,0.0,1.0,0.0,5.0,0.0,3.0,0.0,0.0,0.0,0.0,0.0,7.0,6.0,0.0,5.0,3.0,0,2.0,1,0,0,1.4285714285714286,0,1.6666666666666667,0,0,0.6666666666666666,0,0,1,0,0,0,0,0,0,0,0,1,0,0,0,1,1,0
29563,29563,Italia,3.0,6.0,3.0,5.0,4.0,5.0,2.0,4.0,2.0,4.0,6.0,2.0,1.0,2.0,8.0,4.0,1.0,6.0,8.0,1,2.0,4,2,1,3.571428571428572,1,3.6666666666666665,1,2,4.0,1,0,0,1,2,1,0,0,0,0,0,0,2,0,0,1,1,0
62386,62386,Eslovaquia,4.0,4.0,3.0,8.0,2.0,5.0,3.0,6.0,3.0,6.0,7.0,5.0,6.0,6.0,8.0,2.0,2.0,7.0,8.0,2,1.0,8,2,1,5.857142857142857,2,4.666666666666667,2,1,3.6666666666666665,1,2,0,2,2,3,3,0,0,2,0,0,1,0,1,1,1,2
10385,10385,Alemania,10.0,10.0,7.0,5.0,3.0,9.0,9.0,6.0,8.0,9.0,7.0,4.0,7.0,5.0,9.0,8.0,6.0,10.0,8.0,0,2.0,1,2,2,7.0,3,8.0,4,1,9.0,3,1,0,2,3,1,3,2,2,0,2,2,2,2,2,1,1,2
55043,55043,Eslovaquia,5.0,3.0,5.0,8.0,3.0,8.0,7.0,7.0,8.0,10.0,7.0,5.0,5.0,5.0,5.0,7.0,5.0,7.0,8.0,2,1.0,8,2,1,6.428571428571429,3,7.333333333333333,3,1,4.333333333333333,1,2,0,2,3,3,3,0,1,0,2,2,2,2,2,1,1,2
6394,6394,Bélgica,5.0,5.0,5.0,5.0,3.0,7.0,7.0,5.0,6.0,5.0,7.0,5.0,5.0,5.0,8.0,6.0,5.0,7.0,6.0,0,1.0,0,1,1,5.857142857142857,2,6.333333333333333,3,1,5.0,2,2,1,2,3,1,3,0,0,1,2,2,1,1,1,1,1,2
28391,28391,Italia,4.0,3.0,4.0,4.0,2.0,6.0,6.0,6.0,6.0,6.0,6.0,5.0,6.0,5.0,7.0,7.0,5.0,9.0,4.0,1,1.0,4,1,2,5.857142857142857,2,6.0,3,1,3.6666666666666665,1,0,1,2,3,1,3,0,0,0,1,2,2,2,1,1,1,1
47208,47208,Hungría,3.0,3.0,5.0,5.0,4.0,5.0,3.0,5.0,2.0,2.0,4.0,5.0,2.0,1.0,3.0,3.0,5.0,7.0,0.0,2,1.0,7,0,1,2.7142857142857144,1,4.333333333333333,2,2,3.6666666666666665,1,1,1,0,2,2,0,0,2,1,0,0,2,0,0,1,1,0
51968,51968,Hungría,6.0,6.0,5.0,6.0,3.0,6.0,7.0,6.0,6.0,7.0,6.0,6.0,6.0,7.0,9.0,3.0,5.0,8.0,3.0,2,1.0,7,0,1,6.714285714285714,3,6.333333333333333,3,1,5.666666666666667,2,0,1,2,3,1,3,0,0,0,0,2,2,1,2,1,0,2
1539,1539,Bélgica,7.0,4.0,3.0,5.0,3.0,7.0,8.0,7.0,5.0,6.0,7.0,5.0,8.0,6.0,8.0,7.0,9.0,9.0,9.0,0,2.0,0,2,2,6.428571428571429,3,7.333333333333333,3,1,4.666666666666667,1,1,0,2,3,1,3,2,0,0,1,2,2,2,1,1,1,2
7624,7624,Alemania,3.0,2.0,3.0,6.0,3.0,4.0,1.0,4.0,4.0,6.0,8.0,2.0,5.0,4.0,7.0,0.0,0.0,8.0,0.0,0,3.0,1,0,1,5.142857142857143,2,3.0,1,1,2.6666666666666665,1,0,1,1,0,1,2,0,0,1,1,0,2,1,1,1,1,2
19712,19712,Países Bajos,6.0,6.0,5.0,7.0,2.0,7.0,4.0,4.0,2.0,4.0,4.0,5.0,5.0,6.0,7.0,7.0,5.0,7.0,2.0,0,1.0,2,0,1,4.714285714285714,2,5.0,2,1,5.666666666666667,2,2,1,0,2,3,2,2,0,2,2,1,2,0,0,0,1,0
10794,10794,Alemania,8.0,6.0,8.0,4.0,2.0,6.0,6.0,7.0,7.0,8.0,8.0,5.0,7.0,5.0,8.0,8.0,8.0,8.0,0.0,0,1.0,1,0,1,6.857142857142857,3,6.333333333333333,3,1,7.333333333333333,2,2,1,2,3,2,3,2,2,2,2,2,2,2,2,1,1,2
11354,11354,Alemania,6.0,6.0,4.0,5.0,2.0,6.0,7.0,4.0,4.0,7.0,7.0,4.0,5.0,3.0,6.0,7.0,5.0,7.0,6.0,0,2.0,1,1,1,5.142857142857143,2,5.666666666666667,2,1,5.333333333333333,2,1,1,2,2,1,1,2,2,2,2,2,0,1,2,1,1,0
52090,52090,Hungría,7.0,4.0,5.0,3.0,2.0,3.0,1.0,2.0,2.0,1.0,0.0,1.0,2.0,1.0,5.0,2.0,3.0,3.0,1.0,2,1.0,7,0,0,1.7142857142857142,0,2.0,1,1,5.333333333333333,2,0,1,0,0,0,0,0,0,2,0,0,2,0,0,0,1,0
27992,27992,España,6.0,7.0,8.0,4.0,2.0,5.0,5.0,8.0,6.0,3.0,4.0,4.0,5.0,3.0,5.0,5.0,5.0,7.0,4.0,1,2.0,3,1,1,4.285714285714286,2,6.0,3,1,7.0,2,2,1,2,3,2,2,2,2,2,0,1,2,0,0,0,1,0
53359,53359,Hungría,2.0,1.0,4.0,4.0,3.0,0.0,0.0,0.0,0.0,1.0,2.0,0.0,1.0,0.0,8.0,1.0,5.0,1.0,3.0,2,2.0,7,0,0,1.7142857142857142,0,0.0,0,1,2.333333333333333,0,2,1,0,0,2,0,0,0,0,0,0,0,0,0,1,1,0
20260,20260,Países Bajos,6.0,4.0,4.0,8.0,3.0,6.0,6.0,6.0,4.0,4.0,6.0,5.0,5.0,6.0,9.0,1.0,2.0,6.0,6.0,0,1.0,2,1,1,5.571428571428571,2,6.0,3,1,4.666666666666667,1,2,1,0,3,3,1,1,0,2,0,2,2,1,0,1,1,1
4880,4880,Bélgica,5.0,4.0,3.0,5.0,3.0,5.0,6.0,5.0,7.0,6.0,5.0,6.0,6.0,6.0,8.0,4.0,3.0,8.0,6.0,0,1.0,0,1,1,6.285714285714286,3,5.333333333333333,2,1,4.0,1,0,1,0,1,1,3,2,0,0,1,2,0,2,1,1,0,0
59777,59777,Eslovaquia,5.0,4.0,4.0,8.0,2.0,6.0,8.0,4.0,3.0,4.0,5.0,1.0,2.0,1.0,10.0,7.0,5.0,6.0,8.0,2,2.0,8,2,1,3.7142857142857135,1,6.0,3,1,4.333333333333333,1,2,1,2,3,3,0,1,2,0,2,2,2,2,0,1,1,0
34159,34159,Portugal,4.0,4.0,4.0,6.0,3.0,6.0,7.0,6.0,7.0,7.0,7.0,6.0,6.0,7.0,9.0,4.0,4.0,6.0,7.0,1,1.0,5,2,1,7.0,3,6.333333333333333,3,1,4.0,1,2,1,2,3,2,3,2,0,0,0,2,0,2,2,1,0,0
33580,33580,Italia,9.0,6.0,4.0,5.0,3.0,5.0,7.0,5.0,5.0,5.0,10.0,5.0,5.0,5.0,6.0,2.0,3.0,8.0,6.0,1,2.0,4,1,1,5.857142857142857,2,5.666666666666667,2,1,6.333333333333333,2,1,1,0,1,1,3,2,0,0,0,2,2,0,1,0,1,2
33944,33944,Portugal,5.0,5.0,3.0,4.0,1.0,5.0,3.0,0.0,5.0,2.0,8.0,0.0,4.0,0.0,5.0,4.0,1.0,5.0,5.0,1,3.0,5,1,0,3.4285714285714284,1,2.6666666666666665,1,0,4.333333333333333,1,0,1,0,0,2,0,2,0,1,1,0,0,2,0,1,0,0
23004,23004,España,8.0,6.0,5.0,5.0,3.0,6.0,3.0,5.0,5.0,6.0,8.0,4.0,5.0,3.0,6.0,8.0,7.0,8.0,0.0,1,2.0,3,0,1,5.285714285714286,2,4.666666666666667,2,1,6.333333333333333,2,1,1,2,1,1,1,2,2,2,1,0,0,2,1,1,1,1
7619,7619,Alemania,4.0,5.0,4.0,2.0,2.0,6.0,3.0,3.0,5.0,5.0,7.0,3.0,4.0,3.0,7.0,6.0,8.0,7.0,1.0,0,4.0,1,0,1,4.857142857142857,2,4.0,2,1,4.333333333333333,1,0,1,2,1,0,1,2,0,1,0,0,2,1,1,1,1,0
58092,58092,Eslovaquia,5.0,8.0,6.0,8.0,2.0,5.0,4.0,1.0,7.0,6.0,8.0,5.0,4.0,5.0,5.0,5.0,6.0,8.0,4.0,2,2.0,8,1,1,5.714285714285714,2,3.333333333333333,1,1,6.333333333333333,2,2,1,2,0,3,2,2,2,2,2,1,0,2,1,1,1,2
42419,42419,Croacia,8.0,5.0,7.0,4.0,3.0,5.0,1.0,0.0,0.0,1.0,4.0,0.0,0.0,0.0,10.0,3.0,5.0,8.0,4.0,1,2.0,6,1,1,2.142857142857143,1,2.0,1,1,6.666666666666667,2,2,1,0,0,1,0,2,0,2,0,0,0,0,0,1,1,0
8604,8604,Alemania,1.0,5.0,0.0,10.0,1.0,10.0,10.0,0.0,0.0,1.0,10.0,10.0,10.0,10.0,9.0,0.0,10.0,5.0,5.0,0,2.0,1,1,0,7.142857142857143,3,6.666666666666667,3,0,2.0,0,2,1,2,3,3,3,0,0,0,2,2,0,0,0,0,0,2
47127,47127,Hungría,8.0,6.0,6.0,2.0,1.0,5.0,3.0,4.0,8.0,5.0,5.0,2.0,3.0,2.0,0.0,5.0,7.0,8.0,3.0,2,1.0,7,0,1,3.571428571428572,1,4.0,2,0,6.666666666666667,2,0,1,0,1,0,0,2,0,0,0,0,2,2,1,1,1,0
18890,18890,Países Bajos,6.0,5.0,4.0,7.0,2.0,4.0,7.0,3.0,6.0,4.0,6.0,3.0,4.0,6.0,7.0,4.0,4.0,6.0,3.0,0,3.0,2,0,1,5.142857142857143,2,4.666666666666667,2,1,5.0,2,2,1,0,2,3,2,0,2,0,0,2,0,2,0,1,1,2
19368,19368,Países Bajos,7.0,7.0,7.0,5.0,2.0,4.0,4.0,8.0,3.0,5.0,6.0,6.0,6.0,6.0,2.0,7.0,7.0,8.0,6.0,0,2.0,2,1,1,4.857142857142857,2,5.333333333333333,2,1,7.0,2,0,1,2,1,2,2,2,2,0,0,1,2,1,1,1,0,2
4128,4128,Bélgica,8.0,5.0,7.0,0.0,2.0,6.0,6.0,4.0,4.0,6.0,8.0,5.0,7.0,5.0,8.0,8.0,6.0,9.0,0.0,0,5.0,0,0,2,6.142857142857143,3,5.333333333333333,2,1,6.666666666666667,2,0,1,0,2,0,3,2,2,2,2,2,0,2,1,1,1,2
54752,54752,Eslovaquia,2.0,9.0,4.0,1.0,2.0,5.0,6.0,6.0,5.0,7.0,2.0,2.0,2.0,8.0,10.0,0.0,0.0,3.0,8.0,2,1.0,8,2,0,5.142857142857143,2,5.666666666666667,2,1,5.0,2,0,0,2,2,0,2,0,2,0,2,2,0,0,2,1,1,0
1981,1981,Bélgica,6.0,5.0,3.0,5.0,2.0,7.0,6.0,6.0,5.0,8.0,7.0,6.0,7.0,6.0,9.0,8.0,4.0,8.0,3.0,0,3.0,0,0,1,6.857142857142857,3,6.333333333333333,3,1,4.666666666666667,1,0,1,2,3,1,3,2,2,2,2,2,2,2,2,1,0,2
53871,53871,Eslovaquia,0.0,0.0,0.0,7.0,1.0,2.0,2.0,0.0,3.0,1.0,0.0,2.0,2.0,2.0,3.0,2.0,1.0,2.0,5.0,2,1.0,8,1,0,1.8571428571428568,0,1.3333333333333333,0,0,0.0,0,2,1,0,0,3,0,0,0,0,0,0,0,0,0,0,1,0
15497,15497,Países Bajos,8.0,8.0,7.0,5.0,2.0,8.0,7.0,5.0,7.0,9.0,9.0,7.0,7.0,6.0,9.0,8.0,7.0,9.0,0.0,0,4.0,2,0,2,7.714285714285714,3,6.666666666666667,3,1,7.666666666666667,3,2,1,2,3,2,3,2,2,0,2,2,2,2,2,1,1,2
22808,22808,España,5.0,3.0,3.0,4.0,1.0,2.0,1.0,0.0,5.0,3.0,3.0,1.0,2.0,1.0,9.0,8.0,9.0,8.0,2.0,1,2.0,3,0,1,3.4285714285714284,1,1.0,0,0,3.6666666666666665,1,1,1,0,0,1,0,1,0,2,0,0,0,1,0,1,1,0
47185,47185,Hungría,3.0,2.0,3.0,2.0,3.0,7.0,3.0,5.0,4.0,5.0,4.0,6.0,4.0,4.0,9.0,4.0,3.0,7.0,4.0,2,1.0,7,1,1,5.142857142857143,2,5.0,2,1,2.6666666666666665,1,0,1,1,1,0,1,0,0,0,0,0,1,2,1,0,1,0
37615,37615,Portugal,6.0,3.0,3.0,4.0,4.0,4.0,2.0,3.0,6.0,5.0,5.0,4.0,3.0,2.0,10.0,4.0,5.0,9.0,5.0,1,2.0,5,1,2,5.0,2,3.0,1,2,4.0,1,2,1,2,0,1,2,1,2,2,1,0,2,0,1,1,1,0
3388,3388,Bélgica,7.0,4.0,6.0,5.0,3.0,6.0,4.0,4.0,7.0,5.0,4.0,4.0,5.0,4.0,9.0,6.0,6.0,7.0,4.0,0,2.0,0,1,1,5.428571428571429,2,4.666666666666667,2,1,5.666666666666667,2,0,1,0,2,2,1,0,2,0,0,1,2,2,1,0,1,2
21012,21012,España,5.0,6.0,5.0,10.0,2.0,3.0,2.0,1.0,5.0,0.0,1.0,2.0,2.0,2.0,8.0,3.0,2.0,7.0,0.0,1,2.0,3,0,1,2.857142857142857,1,2.0,1,1,5.333333333333333,2,2,1,0,0,3,0,2,2,0,0,0,0,1,0,1,1,0
15315,15315,Países Bajos,7.0,5.0,5.0,7.0,2.0,8.0,6.0,4.0,5.0,3.0,7.0,3.0,3.0,5.0,7.0,3.0,5.0,8.0,6.0,0,1.0,2,1,1,4.714285714285714,2,6.0,3,1,5.666666666666667,2,2,1,0,3,3,2,0,1,1,2,2,2,1,0,1,1,0
23741,23741,España,7.0,3.0,7.0,4.0,2.0,6.0,4.0,5.0,4.0,5.0,6.0,2.0,4.0,1.0,7.0,10.0,9.0,6.0,2.0,1,3.0,3,0,1,4.142857142857143,2,5.0,2,1,5.666666666666667,2,0,1,2,2,2,2,2,0,2,2,1,0,2,1,1,1,2
24736,24736,España,3.0,3.0,2.0,5.0,4.0,4.0,4.0,3.0,4.0,3.0,3.0,1.0,3.0,1.0,9.0,6.0,7.0,9.0,0.0,1,1.0,3,0,2,3.4285714285714284,1,3.6666666666666665,1,2,2.6666666666666665,1,0,1,0,1,1,0,0,2,0,0,1,2,2,0,1,1,0
59017,59017,Eslovaquia,8.0,2.0,8.0,8.0,2.0,4.0,3.0,5.0,8.0,8.0,8.0,8.0,8.0,8.0,8.0,4.0,6.0,8.0,10.0,2,1.0,8,2,1,8.0,4,4.0,2,1,6.0,2,2,0,2,2,3,3,2,0,2,0,0,2,2,2,1,1,2
2541,2541,Bélgica,7.0,3.0,7.0,0.0,2.0,8.0,7.0,5.0,3.0,6.0,7.0,3.0,5.0,2.0,10.0,9.0,10.0,8.0,0.0,0,2.0,0,0,1,5.142857142857143,2,6.666666666666667,3,1,5.666666666666667,2,0,1,2,3,0,1,0,1,0,2,2,2,0,1,1,1,2
55768,55768,Eslovaquia,4.0,5.0,5.0,5.0,2.0,3.0,5.0,2.0,1.0,1.0,3.0,1.0,1.0,1.0,10.0,3.0,5.0,10.0,10.0,2,1.0,8,2,2,2.571428571428572,1,3.333333333333333,1,1,4.666666666666667,1,0,0,0,0,2,0,0,2,0,1,1,0,0,0,1,1,0
22304,22304,España,6.0,4.0,6.0,3.0,2.0,5.0,4.0,4.0,3.0,5.0,5.0,2.0,7.0,0.0,6.0,8.0,7.0,6.0,1.0,1,3.0,3,0,1,4.0,2,4.333333333333333,2,1,5.333333333333333,2,0,1,0,1,0,1,2,1,0,2,1,0,0,1,1,1,2
40081,40081,Portugal,2.0,1.0,1.0,5.0,2.0,1.0,1.0,0.0,5.0,5.0,5.0,0.0,5.0,0.0,0.0,4.0,5.0,9.0,5.0,1,2.0,5,1,2,2.857142857142857,1,0.6666666666666666,0,1,1.3333333333333333,0,0,1,0,0,2,0,0,0,0,0,0,0,2,1,1,0,1
43347,43347,Croacia,8.0,5.0,4.0,5.0,3.0,3.0,4.0,3.0,5.0,3.0,1.0,3.0,6.0,2.0,8.0,2.0,5.0,8.0,10.0,1,2.0,6,2,1,4.0,2,3.333333333333333,1,1,5.666666666666667,2,0,0,0,0,2,2,2,0,2,2,1,1,0,0,1,1,1
57191,57191,Eslovaquia,4.0,2.0,7.0,5.0,2.0,9.0,6.0,4.0,8.0,6.0,5.0,7.0,4.0,7.0,10.0,4.0,6.0,7.0,9.0,2,2.0,8,2,1,6.714285714285714,3,6.333333333333333,3,1,4.333333333333333,1,0,0,2,3,2,3,2,0,1,2,2,2,2,1,1,0,0
35050,35050,Portugal,1.0,5.0,1.0,8.0,2.0,9.0,1.0,8.0,9.0,8.0,5.0,4.0,8.0,0.0,9.0,5.0,5.0,6.0,6.0,1,2.0,5,1,1,6.142857142857143,3,6.0,3,1,2.333333333333333,0,2,1,2,3,3,3,0,0,0,2,0,2,2,2,1,1,2
61464,61464,Eslovaquia,2.0,2.0,1.0,5.0,3.0,2.0,2.0,1.0,1.0,1.0,0.0,1.0,1.0,1.0,2.0,2.0,3.0,4.0,7.0,2,3.0,8,2,0,1.0,0,1.6666666666666667,0,1,1.6666666666666667,0,1,1,0,0,2,0,0,0,0,0,0,0,0,0,1,1,0
55010,55010,Eslovaquia,5.0,3.0,5.0,5.0,3.0,4.0,6.0,4.0,6.0,3.0,5.0,3.0,3.0,3.0,2.0,5.0,5.0,7.0,5.0,2,1.0,8,1,1,3.571428571428572,1,4.666666666666667,2,1,4.333333333333333,1,1,1,0,2,2,0,2,2,0,0,2,1,2,0,1,1,0
25303,25303,España,5.0,5.0,3.0,5.0,2.0,3.0,0.0,3.0,2.0,2.0,5.0,1.0,3.0,1.0,8.0,2.0,4.0,7.0,3.0,1,4.0,3,0,1,3.142857142857143,1,2.0,1,1,4.333333333333333,1,2,1,0,0,2,0,1,2,2,2,0,1,0,0,1,1,1
28358,28358,Italia,5.0,5.0,5.0,6.0,3.0,6.0,0.0,4.0,4.0,4.0,6.0,0.0,0.0,0.0,6.0,9.0,5.0,9.0,1.0,1,1.0,4,0,2,2.857142857142857,1,3.333333333333333,1,1,5.0,2,0,1,2,0,2,0,2,1,1,2,0,2,0,0,1,1,0
12845,12845,Alemania,5.0,5.0,1.0,5.0,2.0,8.0,8.0,8.0,5.0,7.0,7.0,5.0,5.0,5.0,9.0,8.0,7.0,9.0,3.0,0,1.0,1,0,2,6.142857142857143,3,8.0,4,1,3.6666666666666665,1,0,1,2,3,1,3,2,0,0,2,2,2,0,2,1,1,2
26593,26593,España,7.0,7.0,7.0,3.0,3.0,6.0,3.0,5.0,4.0,4.0,5.0,3.0,5.0,3.0,10.0,9.0,9.0,8.0,0.0,1,2.0,3,0,1,4.857142857142857,2,4.666666666666667,2,1,7.0,2,0,1,1,1,0,1,2,2,0,0,0,0,1,0,1,1,1
7520,7520,Alemania,3.0,3.0,3.0,3.0,2.0,5.0,5.0,5.0,1.0,5.0,5.0,3.0,4.0,2.0,9.0,4.0,5.0,5.0,5.0,0,2.0,1,1,0,4.142857142857143,2,5.0,2,1,3.0,1,0,1,0,2,0,1,0,0,0,0,1,1,0,1,1,1,1
53309,53309,Hungría,6.0,1.0,5.0,5.0,3.0,2.0,2.0,2.0,9.0,8.0,9.0,1.0,3.0,1.0,10.0,6.0,0.0,8.0,6.0,2,2.0,7,1,1,5.857142857142857,2,2.0,1,1,4.0,1,2,1,0,0,1,3,2,0,0,0,0,2,2,2,0,1,1
23438,23438,España,4.0,2.0,2.0,3.0,3.0,3.0,2.0,1.0,4.0,3.0,4.0,1.0,2.0,0.0,9.0,6.0,6.0,5.0,1.0,1,4.0,3,0,0,3.2857142857142856,1,2.0,1,1,2.6666666666666665,1,0,1,0,0,0,0,2,0,0,2,0,0,1,0,1,0,0
44320,44320,Hungría,3.0,3.0,3.0,5.0,4.0,4.0,3.0,2.0,5.0,7.0,8.0,2.0,3.0,2.0,10.0,0.0,3.0,7.0,8.0,2,2.0,7,2,1,5.285714285714286,2,3.0,1,2,3.0,1,1,0,2,0,2,1,0,0,2,0,0,0,2,2,1,1,0
8831,8831,Alemania,8.0,5.0,8.0,3.0,1.0,7.0,6.0,5.0,3.0,8.0,6.0,3.0,6.0,3.0,8.0,10.0,6.0,8.0,0.0,0,2.0,1,0,1,5.285714285714286,2,6.0,3,0,7.0,2,0,1,2,3,0,2,2,2,2,0,2,2,2,2,1,1,2
20103,20103,Países Bajos,8.0,7.0,8.0,7.0,2.0,8.0,6.0,7.0,4.0,8.0,8.0,5.0,7.0,5.0,8.0,7.0,4.0,8.0,5.0,0,2.0,2,1,1,6.428571428571429,3,7.0,3,1,7.666666666666667,3,2,1,2,3,3,3,2,2,2,2,2,2,0,2,1,1,2
37719,37719,Portugal,8.0,5.0,2.0,10.0,2.0,6.0,3.0,8.0,8.0,6.0,5.0,8.0,7.0,0.0,6.0,8.0,5.0,5.0,6.0,1,3.0,5,1,0,5.714285714285714,2,5.666666666666667,2,1,5.0,2,2,1,2,2,3,1,2,2,0,0,0,2,2,1,1,0,2
14473,14473,Países Bajos,5.0,4.0,3.0,1.0,3.0,3.0,2.0,3.0,4.0,4.0,6.0,3.0,3.0,4.0,9.0,4.0,5.0,8.0,0.0,0,3.0,2,0,1,4.714285714285714,2,2.6666666666666665,1,1,4.0,1,0,1,0,0,0,2,2,2,2,0,0,1,1,0,1,1,1
17270,17270,Países Bajos,7.0,5.0,7.0,7.0,2.0,8.0,8.0,6.0,6.0,8.0,8.0,6.0,7.0,6.0,9.0,7.0,5.0,7.0,7.0,0,1.0,2,2,1,7.142857142857143,3,7.333333333333333,3,1,6.333333333333333,2,2,1,2,3,3,3,0,0,2,2,2,2,0,2,1,0,2
31906,31906,Italia,5.0,5.0,6.0,0.0,2.0,3.0,1.0,5.0,5.0,6.0,7.0,4.0,6.0,5.0,8.0,10.0,6.0,5.0,0.0,1,2.0,4,0,0,5.857142857142857,2,3.0,1,1,5.333333333333333,2,0,1,1,0,0,3,2,0,0,0,0,2,0,1,1,1,2
27973,27973,España,5.0,7.0,5.0,7.0,2.0,5.0,6.0,6.0,8.0,8.0,8.0,8.0,8.0,6.0,6.0,6.0,3.0,8.0,5.0,1,2.0,3,1,1,7.428571428571429,3,5.666666666666667,2,1,5.666666666666667,2,2,1,1,1,3,3,1,2,0,2,2,2,2,2,1,0,2
44458,44458,Hungría,5.0,5.0,7.0,5.0,1.0,0.0,0.0,0.0,4.0,2.0,10.0,1.0,2.0,1.0,3.0,6.0,7.0,7.0,2.0,2,1.0,7,0,1,3.2857142857142856,1,0.0,0,0,5.666666666666667,2,2,1,0,0,1,0,0,0,2,0,0,0,1,0,0,1,0
58586,58586,Eslovaquia,7.0,2.0,7.0,2.0,2.0,6.0,1.0,6.0,8.0,8.0,6.0,2.0,9.0,8.0,5.0,2.0,3.0,5.0,9.0,2,2.0,8,2,0,6.571428571428571,3,4.333333333333333,2,1,5.333333333333333,2,0,0,2,1,0,3,0,0,0,2,0,0,2,2,1,1,2
30351,30351,Italia,3.0,1.0,3.0,0.0,1.0,1.0,0.0,0.0,2.0,2.0,0.0,1.0,4.0,1.0,10.0,8.0,7.0,5.0,0.0,1,2.0,4,0,0,2.857142857142857,1,0.3333333333333333,0,0,2.333333333333333,0,0,0,0,0,0,0,0,0,2,0,0,0,0,0,1,1,0
42315,42315,Croacia,2.0,1.0,5.0,3.0,3.0,5.0,2.0,3.0,4.0,2.0,4.0,1.0,3.0,1.0,6.0,8.0,9.0,9.0,7.0,1,4.0,6,2,2,3.0,1,3.333333333333333,1,1,2.6666666666666665,1,0,1,2,0,0,0,0,0,0,0,0,0,2,0,1,1,0
19719,19719,Países Bajos,7.0,4.0,7.0,8.0,2.0,6.0,6.0,4.0,5.0,6.0,8.0,7.0,7.0,6.0,8.0,2.0,1.0,8.0,4.0,0,3.0,2,1,1,6.714285714285714,3,5.333333333333333,2,1,6.0,2,2,1,1,2,3,3,1,0,2,2,2,2,2,1,1,1,2
16583,16583,Países Bajos,7.0,7.0,8.0,6.0,2.0,8.0,7.0,7.0,8.0,8.0,8.0,6.0,6.0,6.0,5.0,8.0,7.0,9.0,0.0,0,3.0,2,0,2,6.714285714285714,3,7.333333333333333,3,1,7.333333333333333,2,0,1,2,3,2,3,0,2,2,2,2,2,2,2,1,0,1
42607,42607,Croacia,8.0,4.0,7.0,4.0,4.0,3.0,3.0,1.0,3.0,4.0,6.0,1.0,2.0,0.0,5.0,5.0,1.0,9.0,6.0,1,1.0,6,1,2,3.0,1,2.333333333333333,1,2,6.333333333333333,2,2,1,0,0,2,0,2,0,2,1,0,0,0,0,1,1,0
34438,34438,Portugal,8.0,4.0,7.0,5.0,2.0,7.0,5.0,5.0,5.0,5.0,7.0,4.0,7.0,4.0,8.0,8.0,8.0,8.0,9.0,1,2.0,5,2,1,5.714285714285714,2,5.666666666666667,2,1,6.333333333333333,2,0,0,2,2,1,1,2,2,0,1,1,2,0,1,1,1,2
25448,25448,España,7.0,6.0,7.0,5.0,2.0,6.0,0.0,1.0,5.0,7.0,8.0,4.0,5.0,4.0,7.0,7.0,6.0,10.0,4.0,1,2.0,3,1,2,5.714285714285714,2,2.333333333333333,1,1,6.666666666666667,2,2,1,0,0,2,2,2,0,1,0,0,0,1,2,1,1,2
40908,40908,Croacia,3.0,9.0,10.0,0.0,2.0,3.0,0.0,2.0,7.0,3.0,10.0,3.0,3.0,3.0,10.0,8.0,5.0,10.0,5.0,1,1.0,6,1,2,5.571428571428571,2,1.6666666666666667,0,1,7.333333333333333,2,0,1,0,0,0,2,0,2,2,2,0,2,2,0,0,1,0
29352,29352,Italia,6.0,5.0,6.0,5.0,2.0,7.0,4.0,7.0,5.0,6.0,6.0,4.0,6.0,4.0,2.0,5.0,5.0,9.0,3.0,1,1.0,4,0,2,4.714285714285714,2,6.0,3,1,5.666666666666667,2,1,1,0,3,1,1,0,1,0,2,1,2,0,1,1,1,0
39925,39925,Portugal,3.0,3.0,3.0,7.0,3.0,4.0,2.0,2.0,0.0,0.0,2.0,0.0,0.0,0.0,10.0,0.0,2.0,5.0,4.0,1,2.0,5,1,0,1.7142857142857142,0,2.6666666666666665,1,1,3.0,1,2,1,0,0,3,0,0,0,0,2,0,0,0,0,1,1,0
12646,12646,Alemania,7.0,3.0,5.0,5.0,3.0,8.0,6.0,5.0,5.0,8.0,8.0,4.0,6.0,3.0,7.0,8.0,4.0,10.0,0.0,0,2.0,1,0,2,5.857142857142857,2,6.333333333333333,3,1,5.0,2,2,0,2,3,1,3,1,0,0,2,2,2,1,2,1,1,2
57103,57103,Eslovaquia,2.0,5.0,2.0,5.0,3.0,2.0,1.0,4.0,3.0,3.0,3.0,3.0,3.0,3.0,5.0,2.0,6.0,7.0,5.0,2,1.0,8,1,1,3.2857142857142856,1,2.333333333333333,1,1,3.0,1,0,1,0,0,2,0,0,1,0,0,0,2,2,0,1,1,0
21978,21978,España,5.0,5.0,5.0,10.0,4.0,5.0,5.0,5.0,5.0,6.0,8.0,3.0,4.0,3.0,9.0,5.0,5.0,6.0,9.0,1,4.0,3,2,1,5.428571428571429,2,5.0,2,2,5.0,2,2,1,0,1,3,2,1,2,2,2,1,2,2,1,1,1,2
38178,38178,Portugal,3.0,2.0,3.0,5.0,2.0,6.0,4.0,5.0,7.0,7.0,7.0,6.0,6.0,5.0,9.0,6.0,6.0,6.0,3.0,1,3.0,5,0,1,6.714285714285714,3,5.0,2,1,2.6666666666666665,1,0,1,2,2,2,3,0,0,2,2,1,0,2,2,1,0,0
24486,24486,España,6.0,7.0,8.0,3.0,1.0,7.0,6.0,7.0,5.0,7.0,9.0,7.0,6.0,7.0,10.0,9.0,8.0,7.0,0.0,1,4.0,3,0,1,7.285714285714286,3,6.666666666666667,3,0,7.0,2,0,1,2,3,0,3,1,2,2,2,2,2,1,2,0,0,1
44563,44563,Hungría,6.0,6.0,7.0,7.0,2.0,7.0,6.0,7.0,6.0,8.0,7.0,5.0,6.0,6.0,4.0,4.0,5.0,7.0,5.0,2,2.0,7,1,1,6.0,3,6.666666666666667,3,1,6.333333333333333,2,2,1,2,3,3,3,1,0,0,2,2,2,1,2,1,1,2
39808,39808,Portugal,5.0,7.0,2.0,7.0,2.0,3.0,3.0,3.0,5.0,3.0,4.0,3.0,3.0,3.0,6.0,3.0,4.0,9.0,5.0,1,2.0,5,1,2,3.857142857142857,1,3.0,1,1,4.666666666666667,1,2,1,0,0,3,0,1,2,0,0,0,1,0,0,1,1,1
44246,44246,Hungría,3.0,5.0,3.0,7.0,3.0,2.0,3.0,2.0,4.0,3.0,2.0,0.0,4.0,1.0,7.0,2.0,1.0,3.0,6.0,2,1.0,7,1,0,3.0,1,2.333333333333333,1,1,3.6666666666666665,1,2,1,0,0,3,0,0,0,2,0,0,2,1,0,1,1,0
5374,5374,Bélgica,4.0,1.0,1.0,9.0,3.0,3.0,1.0,1.0,5.0,5.0,5.0,5.0,4.0,5.0,8.0,1.0,1.0,6.0,1.0,0,4.0,0,0,1,5.285714285714286,2,1.6666666666666667,0,1,2.0,0,2,1,0,0,3,2,2,0,0,2,0,0,2,1,1,1,0
26079,26079,España,7.0,6.0,6.0,2.0,3.0,0.0,0.0,0.0,0.0,0.0,3.0,0.0,3.0,0.0,8.0,4.0,5.0,4.0,0.0,1,2.0,3,0,0,2.0,1,0.0,0,1,6.333333333333333,2,0,1,0,0,0,0,0,0,0,0,0,0,0,0,1,1,0
26801,26801,España,5.0,3.0,5.0,5.0,4.0,1.0,0.0,0.0,3.0,3.0,5.0,1.0,4.0,1.0,5.0,5.0,5.0,9.0,3.0,1,2.0,3,0,2,3.142857142857143,1,0.3333333333333333,0,2,4.333333333333333,1,2,1,0,0,2,0,2,2,2,0,0,0,0,0,1,0,2
40303,40303,Portugal,8.0,4.0,3.0,7.0,3.0,9.0,7.0,8.0,3.0,1.0,4.0,0.0,1.0,1.0,5.0,6.0,6.0,7.0,8.0,1,2.0,5,2,1,2.142857142857143,1,8.0,4,1,5.0,2,2,1,2,3,3,0,2,2,1,2,2,2,0,0,1,1,0
34354,34354,Portugal,5.0,3.0,5.0,1.0,3.0,6.0,6.0,6.0,4.0,3.0,6.0,2.0,5.0,3.0,4.0,3.0,4.0,5.0,5.0,1,2.0,5,1,0,3.857142857142857,1,6.0,3,1,4.333333333333333,1,0,1,1,3,0,0,2,0,0,0,2,0,2,0,1,1,2
47485,47485,Hungría,6.0,6.0,5.0,2.0,2.0,6.0,6.0,4.0,7.0,9.0,9.0,5.0,7.0,5.0,5.0,4.0,4.0,7.0,1.0,2,1.0,7,0,1,6.714285714285714,3,5.333333333333333,2,1,5.666666666666667,2,0,1,2,1,0,3,0,1,2,2,2,1,2,2,1,1,2
36355,36355,Portugal,8.0,3.0,8.0,5.0,3.0,8.0,8.0,5.0,5.0,6.0,6.0,5.0,6.0,5.0,5.0,10.0,5.0,10.0,8.0,1,3.0,5,2,2,5.428571428571429,2,7.0,3,1,6.333333333333333,2,2,0,2,3,2,2,2,1,2,2,2,2,0,1,1,1,2
9448,9448,Alemania,5.0,5.0,8.0,5.0,4.0,10.0,9.0,8.0,10.0,5.0,10.0,5.0,8.0,8.0,8.0,10.0,10.0,7.0,8.0,0,2.0,1,2,1,7.714285714285714,3,9.0,4,2,6.0,2,2,0,2,3,1,3,0,0,2,2,2,2,2,1,0,1,2
45483,45483,Hungría,4.0,7.0,5.0,3.0,3.0,0.0,2.0,0.0,5.0,0.0,3.0,0.0,2.0,0.0,2.0,4.0,3.0,4.0,8.0,2,2.0,7,2,0,1.7142857142857142,0,0.6666666666666666,0,1,5.333333333333333,2,0,0,0,0,0,0,0,2,0,0,0,0,2,0,1,1,0
24731,24731,España,7.0,5.0,7.0,5.0,3.0,3.0,0.0,1.0,4.0,3.0,4.0,1.0,3.0,0.0,8.0,8.0,8.0,7.0,0.0,1,2.0,3,0,1,3.2857142857142856,1,1.3333333333333333,0,1,6.333333333333333,2,2,1,0,0,1,0,2,2,0,1,0,0,0,0,1,1,0
12411,12411,Alemania,8.0,4.0,7.0,3.0,2.0,8.0,9.0,3.0,4.0,6.0,7.0,5.0,8.0,4.0,9.0,8.0,8.0,7.0,1.0,0,2.0,1,0,1,6.142857142857143,3,6.666666666666667,3,1,6.333333333333333,2,0,0,2,3,0,3,2,0,2,2,2,0,2,1,1,1,2
28228,28228,Italia,6.0,5.0,6.0,5.0,2.0,3.0,4.0,3.0,5.0,7.0,7.0,4.0,7.0,5.0,4.0,3.0,4.0,6.0,8.0,1,2.0,4,2,1,5.571428571428571,2,3.333333333333333,1,1,5.666666666666667,2,2,0,2,0,2,2,2,2,2,0,1,0,2,2,1,1,2
4663,4663,Bélgica,7.0,2.0,5.0,0.0,2.0,2.0,0.0,0.0,0.0,0.0,7.0,2.0,1.0,1.0,7.0,10.0,5.0,6.0,0.0,0,1.0,0,0,1,2.571428571428572,1,0.6666666666666666,0,1,4.666666666666667,1,0,1,0,0,0,0,0,0,0,0,0,0,0,0,1,1,0
31108,31108,Italia,3.0,6.0,5.0,7.0,2.0,5.0,4.0,4.0,6.0,5.0,6.0,3.0,5.0,3.0,7.0,6.0,4.0,8.0,2.0,1,1.0,4,0,1,5.0,2,4.333333333333333,2,1,4.666666666666667,1,2,1,2,2,3,2,0,2,1,2,1,0,0,1,1,1,2
57187,57187,Eslovaquia,5.0,7.0,5.0,4.0,2.0,5.0,3.0,2.0,4.0,5.0,5.0,1.0,1.0,1.0,7.0,5.0,5.0,9.0,10.0,2,1.0,8,2,2,3.4285714285714284,1,3.333333333333333,1,1,5.666666666666667,2,2,0,2,0,2,0,0,2,2,2,0,0,2,1,1,1,0
46367,46367,Hungría,8.0,8.0,9.0,5.0,4.0,2.0,3.0,1.0,1.0,2.0,2.0,1.0,3.0,1.0,8.0,3.0,4.0,5.0,0.0,2,1.0,7,0,0,2.571428571428572,1,2.0,1,2,8.333333333333334,3,1,1,0,0,2,0,2,2,2,0,0,0,0,0,0,1,0
54557,54557,Eslovaquia,3.0,1.0,1.0,5.0,3.0,5.0,5.0,4.0,2.0,1.0,0.0,0.0,1.0,0.0,8.0,0.0,5.0,5.0,3.0,2,2.0,8,0,0,1.7142857142857142,0,4.666666666666667,2,1,1.6666666666666667,0,1,1,1,1,2,0,0,0,0,0,1,2,0,0,1,0,0
12602,12602,Alemania,7.0,5.0,7.0,6.0,3.0,10.0,4.0,3.0,6.0,9.0,10.0,6.0,10.0,5.0,6.0,8.0,7.0,9.0,3.0,0,2.0,1,0,2,7.428571428571429,3,5.666666666666667,2,1,6.333333333333333,2,0,1,2,1,1,3,2,0,2,2,1,0,0,2,0,0,2
8357,8357,Alemania,6.0,7.0,7.0,5.0,3.0,8.0,8.0,6.0,6.0,7.0,9.0,3.0,5.0,6.0,2.0,9.0,8.0,10.0,7.0,0,4.0,1,2,2,5.428571428571429,2,7.333333333333333,3,1,6.666666666666667,2,1,1,2,3,2,1,2,2,2,2,2,2,2,2,0,1,0
12172,12172,Alemania,8.0,7.0,7.0,6.0,2.0,4.0,8.0,2.0,2.0,5.0,8.0,4.0,4.0,1.0,7.0,5.0,4.0,10.0,5.0,0,3.0,1,1,2,4.428571428571429,2,4.666666666666667,2,1,7.333333333333333,2,0,1,0,2,1,2,2,2,1,2,2,2,0,1,1,1,2
55875,55875,Eslovaquia,6.0,5.0,6.0,3.0,3.0,4.0,5.0,4.0,8.0,1.0,6.0,5.0,2.0,5.0,8.0,4.0,5.0,3.0,1.0,2,1.0,8,0,0,5.0,2,4.333333333333333,2,1,5.666666666666667,2,0,1,2,1,0,1,1,2,2,2,1,2,2,0,1,1,0
14219,14219,Países Bajos,7.0,7.0,7.0,3.0,2.0,5.0,5.0,2.0,2.0,5.0,6.0,2.0,3.0,2.0,8.0,3.0,3.0,7.0,5.0,0,3.0,2,1,1,4.0,2,4.0,2,1,7.0,2,0,1,1,2,0,1,0,2,2,2,1,0,0,1,1,1,0
49608,49608,Hungría,7.0,5.0,7.0,5.0,2.0,6.0,4.0,6.0,7.0,8.0,8.0,7.0,7.0,0.0,5.0,7.0,7.0,8.0,3.0,2,1.0,7,0,1,6.0,3,5.333333333333333,2,1,6.333333333333333,2,2,1,2,1,1,3,0,2,2,2,1,0,2,2,1,0,2
42084,42084,Croacia,9.0,0.0,0.0,3.0,4.0,10.0,3.0,4.0,4.0,5.0,8.0,2.0,5.0,2.0,9.0,7.0,5.0,8.0,5.0,1,1.0,6,1,1,5.0,2,5.666666666666667,2,2,3.0,1,0,1,2,2,0,2,2,0,0,2,0,2,0,1,1,1,0
39754,39754,Portugal,2.0,0.0,1.0,4.0,4.0,5.0,0.0,0.0,0.0,0.0,3.0,0.0,0.0,3.0,9.0,5.0,3.0,8.0,4.0,1,2.0,5,1,1,2.142857142857143,1,1.6666666666666667,0,2,1.0,0,2,1,0,0,2,0,0,0,0,2,0,0,0,0,0,1,0
38859,38859,Portugal,3.0,2.0,0.0,6.0,4.0,6.0,2.0,3.0,5.0,3.0,9.0,2.0,4.0,0.0,8.0,7.0,1.0,7.0,8.0,1,1.0,5,2,1,4.428571428571429,2,3.6666666666666665,1,2,1.6666666666666667,0,0,0,1,1,2,2,0,0,0,2,0,0,1,0,0,1,0
52616,52616,Hungría,0.0,10.0,0.0,10.0,3.0,10.0,10.0,10.0,10.0,10.0,10.0,10.0,10.0,10.0,6.0,0.0,10.0,10.0,10.0,2,1.0,7,2,2,9.428571428571429,4,10.0,4,1,3.333333333333333,1,2,0,2,3,3,3,0,2,0,2,2,2,2,2,0,0,2
41906,41906,Croacia,5.0,3.0,5.0,6.0,3.0,4.0,2.0,3.0,2.0,2.0,2.0,1.0,2.0,2.0,3.0,3.0,3.0,3.0,7.0,1,1.0,6,2,0,2.0,1,3.0,1,1,4.333333333333333,1,1,1,1,0,1,0,0,0,1,1,0,0,0,0,1,1,0
25454,25454,España,7.0,7.0,5.0,6.0,3.0,7.0,7.0,6.0,8.0,9.0,10.0,8.0,8.0,8.0,5.0,9.0,9.0,6.0,8.0,1,2.0,3,2,1,8.0,4,6.666666666666667,3,1,6.333333333333333,2,0,0,2,3,2,3,0,2,1,0,2,0,2,2,0,0,2
60457,60457,Eslovaquia,8.0,8.0,8.0,8.0,4.0,5.0,6.0,6.0,10.0,9.0,10.0,9.0,9.0,9.0,5.0,2.0,2.0,8.0,8.0,2,2.0,8,2,1,8.714285714285714,4,5.666666666666667,2,2,8.0,3,2,1,2,2,3,3,2,2,2,2,2,2,2,2,0,0,2
36227,36227,Portugal,4.0,3.0,3.0,5.0,3.0,1.0,1.0,1.0,1.0,1.0,1.0,1.0,1.0,1.0,8.0,5.0,5.0,6.0,0.0,1,2.0,5,0,1,2.0,1,1.0,0,1,3.333333333333333,1,0,0,0,0,2,0,2,0,2,0,0,0,0,0,0,0,0
58090,58090,Eslovaquia,5.0,5.0,5.0,5.0,2.0,7.0,8.0,5.0,4.0,3.0,3.0,3.0,3.0,3.0,5.0,7.0,5.0,8.0,5.0,2,1.0,8,1,1,3.4285714285714284,1,6.666666666666667,3,1,5.0,2,2,1,2,3,2,0,2,0,2,1,2,0,0,0,1,1,0
4303,4303,Bélgica,2.0,8.0,5.0,3.0,4.0,1.0,2.0,1.0,2.0,3.0,5.0,2.0,1.0,2.0,9.0,5.0,3.0,8.0,8.0,0,2.0,0,2,1,3.4285714285714284,1,1.3333333333333333,0,2,5.0,2,0,1,0,0,0,0,0,2,2,0,0,0,0,0,1,1,0
7305,7305,Alemania,5.0,4.0,3.0,3.0,2.0,5.0,5.0,1.0,0.0,6.0,4.0,2.0,5.0,3.0,6.0,5.0,5.0,7.0,3.0,0,2.0,1,0,1,3.7142857142857135,1,3.6666666666666665,1,1,4.0,1,0,1,2,2,0,0,1,2,0,2,1,0,0,1,1,1,0
55808,55808,Eslovaquia,5.0,1.0,1.0,9.0,4.0,6.0,6.0,6.0,7.0,7.0,7.0,7.0,7.0,7.0,6.0,2.0,3.0,7.0,1.0,2,2.0,8,0,1,6.857142857142857,3,6.0,3,2,2.333333333333333,0,2,1,2,3,3,3,0,0,0,1,2,2,2,2,1,0,2
20702,20702,Países Bajos,4.0,3.0,4.0,8.0,3.0,5.0,5.0,2.0,3.0,4.0,4.0,3.0,0.0,3.0,7.0,4.0,4.0,5.0,6.0,0,2.0,2,1,0,3.4285714285714284,1,4.0,2,1,3.6666666666666665,1,2,1,2,2,3,0,0,0,0,1,1,2,0,0,0,1,0
41570,41570,Croacia,8.0,4.0,5.0,5.0,4.0,3.0,3.0,4.0,5.0,2.0,6.0,1.0,2.0,0.0,4.0,3.0,4.0,10.0,10.0,1,1.0,6,2,2,2.857142857142857,1,3.333333333333333,1,2,5.666666666666667,2,2,1,2,0,1,0,2,0,2,2,0,0,0,0,1,1,0
44184,44184,Hungría,0.0,5.0,6.0,4.0,2.0,8.0,5.0,6.0,5.0,8.0,10.0,6.0,8.0,8.0,5.0,6.0,4.0,5.0,8.0,2,2.0,7,2,0,7.142857142857143,3,6.333333333333333,3,1,3.6666666666666665,1,2,0,2,3,1,3,0,2,0,2,1,2,2,2,1,0,2
22230,22230,España,7.0,4.0,5.0,5.0,4.0,5.0,4.0,1.0,5.0,7.0,10.0,0.0,3.0,0.0,9.0,6.0,7.0,7.0,0.0,1,2.0,3,0,1,4.857142857142857,2,3.333333333333333,1,2,5.333333333333333,2,0,1,2,0,1,2,0,1,2,2,1,0,0,2,0,1,0
51847,51847,Hungría,7.0,4.0,5.0,5.0,3.0,6.0,6.0,4.0,6.0,5.0,6.0,4.0,4.0,4.0,8.0,4.0,4.0,5.0,6.0,2,1.0,7,1,0,5.285714285714286,2,5.333333333333333,2,1,5.333333333333333,2,1,1,0,1,1,2,2,1,2,2,2,2,0,1,1,1,0
11882,11882,Alemania,7.0,7.0,5.0,2.0,2.0,3.0,5.0,4.0,3.0,3.0,7.0,0.0,3.0,5.0,7.0,4.0,7.0,9.0,0.0,0,2.0,1,0,2,4.0,2,4.0,2,1,6.333333333333333,2,0,0,0,2,0,1,0,2,2,2,1,0,0,0,1,1,1
1428,1428,Bélgica,5.0,6.0,4.0,2.0,3.0,7.0,6.0,5.0,4.0,4.0,7.0,5.0,7.0,5.0,7.0,3.0,4.0,9.0,0.0,0,2.0,0,0,2,5.571428571428571,2,6.0,3,1,5.0,2,0,1,2,3,0,1,2,1,0,0,2,1,1,0,1,1,2
61059,61059,Eslovaquia,2.0,3.0,3.0,10.0,2.0,10.0,5.0,5.0,8.0,8.0,10.0,5.0,5.0,5.0,10.0,2.0,5.0,10.0,10.0,2,2.0,8,2,2,7.285714285714286,3,6.666666666666667,3,1,2.6666666666666665,1,2,0,2,3,3,3,0,0,2,2,1,2,2,2,0,1,2
6342,6342,Bélgica,6.0,6.0,3.0,4.0,3.0,0.0,0.0,3.0,7.0,0.0,0.0,5.0,3.0,5.0,10.0,7.0,5.0,7.0,5.0,0,1.0,0,1,1,4.285714285714286,2,1.0,0,1,5.0,2,0,1,0,0,1,2,1,0,2,0,0,0,2,0,1,1,2
41126,41126,Croacia,5.0,6.0,5.0,7.0,4.0,5.0,1.0,0.0,4.0,5.0,5.0,0.0,0.0,0.0,9.0,6.0,5.0,8.0,5.0,1,2.0,6,1,1,3.2857142857142856,1,2.0,1,2,5.333333333333333,2,2,1,0,0,3,0,1,0,2,1,0,0,0,1,1,0,0
47233,47233,Hungría,5.0,8.0,7.0,7.0,4.0,7.0,8.0,3.0,2.0,5.0,5.0,2.0,4.0,2.0,8.0,1.0,3.0,3.0,1.0,2,1.0,7,0,0,4.0,2,6.0,3,2,6.666666666666667,2,2,0,2,3,3,1,2,2,0,2,2,2,0,1,1,1,0
50775,50775,Hungría,8.0,2.0,8.0,0.0,1.0,4.0,0.0,0.0,9.0,0.0,10.0,0.0,0.0,0.0,8.0,5.0,10.0,8.0,5.0,2,1.0,7,1,1,3.857142857142857,1,1.3333333333333333,0,0,6.0,2,0,1,0,0,0,0,2,0,2,0,0,0,2,0,0,1,0
58842,58842,Eslovaquia,5.0,5.0,5.0,5.0,3.0,3.0,3.0,0.0,4.0,5.0,5.0,5.0,5.0,5.0,0.0,0.0,0.0,5.0,10.0,2,2.0,8,2,0,4.142857142857143,2,2.0,1,1,5.0,2,1,0,0,0,2,1,2,2,0,1,0,0,0,1,1,1,2
49807,49807,Hungría,5.0,7.0,4.0,4.0,3.0,1.0,1.0,0.0,5.0,3.0,4.0,5.0,1.0,5.0,5.0,9.0,5.0,5.0,0.0,2,1.0,7,0,0,4.0,2,0.6666666666666666,0,1,5.333333333333333,2,1,0,0,0,2,2,2,2,2,0,0,0,0,0,1,1,0
40094,40094,Portugal,5.0,4.0,5.0,5.0,2.0,4.0,2.0,5.0,4.0,4.0,6.0,0.0,6.0,1.0,8.0,7.0,4.0,7.0,1.0,1,3.0,5,0,1,4.142857142857143,2,3.6666666666666665,1,1,4.666666666666667,1,1,1,0,2,2,1,1,0,0,0,0,1,0,0,1,1,0
42477,42477,Croacia,6.0,6.0,3.0,8.0,3.0,6.0,4.0,5.0,2.0,1.0,2.0,3.0,0.0,2.0,6.0,3.0,4.0,10.0,3.0,1,2.0,6,0,2,2.2857142857142856,1,5.0,2,1,5.0,2,2,1,2,2,3,0,2,2,1,1,1,2,0,0,1,1,0
23200,23200,España,6.0,6.0,8.0,2.0,3.0,7.0,6.0,5.0,5.0,8.0,9.0,3.0,5.0,3.0,2.0,6.0,7.0,8.0,1.0,1,2.0,3,0,1,5.0,2,6.0,3,1,6.666666666666667,2,0,0,2,3,0,2,0,1,2,2,2,2,2,2,0,1,2
42530,42530,Croacia,8.0,7.0,2.0,5.0,3.0,3.0,0.0,2.0,4.0,3.0,5.0,0.0,2.0,0.0,5.0,5.0,8.0,6.0,8.0,1,4.0,6,2,1,2.7142857142857144,1,1.6666666666666667,0,1,5.666666666666667,2,0,1,0,0,1,0,2,2,0,0,0,2,2,0,1,1,0
53483,53483,Eslovaquia,5.0,3.0,5.0,0.0,3.0,0.0,2.0,0.0,1.0,2.0,4.0,1.0,2.0,0.0,1.0,5.0,5.0,7.0,3.0,2,1.0,8,0,1,1.5714285714285714,0,0.6666666666666666,0,1,4.333333333333333,1,0,1,0,0,0,0,1,2,2,0,0,0,0,0,1,1,0
58571,58571,Eslovaquia,9.0,8.0,10.0,5.0,3.0,10.0,10.0,10.0,8.0,10.0,8.0,9.0,9.0,9.0,9.0,8.0,9.0,10.0,1.0,2,2.0,8,0,2,8.857142857142858,4,10.0,4,1,9.0,3,1,1,2,3,1,3,2,2,2,2,2,2,2,2,1,0,2
32183,32183,Italia,5.0,4.0,6.0,2.0,2.0,3.0,3.0,2.0,3.0,0.0,3.0,0.0,4.0,0.0,10.0,4.0,3.0,8.0,6.0,1,5.0,4,1,1,2.857142857142857,1,2.6666666666666665,1,1,5.0,2,0,1,0,0,0,0,0,2,2,1,0,2,2,0,1,1,0
54305,54305,Eslovaquia,5.0,5.0,4.0,5.0,2.0,5.0,2.0,3.0,3.0,3.0,5.0,3.0,3.0,3.0,7.0,3.0,5.0,5.0,5.0,2,2.0,8,1,0,3.857142857142857,1,3.333333333333333,1,1,4.666666666666667,1,1,1,0,0,2,0,2,2,0,2,0,2,2,0,1,1,0
39176,39176,Portugal,6.0,5.0,3.0,3.0,2.0,2.0,3.0,5.0,6.0,4.0,7.0,6.0,5.0,4.0,8.0,4.0,5.0,7.0,5.0,1,3.0,5,1,1,5.714285714285714,2,3.333333333333333,1,1,4.666666666666667,1,0,1,2,0,0,2,0,0,1,0,0,2,1,0,1,0,2
30891,30891,Italia,8.0,7.0,4.0,4.0,2.0,5.0,6.0,7.0,7.0,8.0,10.0,0.0,7.0,0.0,7.0,5.0,8.0,7.0,7.0,1,1.0,4,2,1,5.571428571428571,2,6.0,3,1,6.333333333333333,2,0,1,2,3,2,2,2,2,0,0,2,2,2,2,0,1,2
59931,59931,Eslovaquia,3.0,3.0,4.0,5.0,3.0,3.0,7.0,2.0,3.0,6.0,7.0,3.0,2.0,3.0,8.0,5.0,7.0,8.0,7.0,2,5.0,8,2,1,4.571428571428571,2,4.0,2,1,3.333333333333333,1,2,1,1,2,2,1,0,1,1,1,2,1,0,1,1,1,0
33962,33962,Portugal,5.0,3.0,6.0,5.0,1.0,5.0,6.0,6.0,2.0,6.0,6.0,3.0,5.0,1.0,8.0,8.0,5.0,5.0,3.0,1,2.0,5,0,0,4.428571428571429,2,5.666666666666667,2,0,4.666666666666667,1,0,1,2,1,1,2,2,0,1,2,2,1,0,1,1,1,2
9602,9602,Alemania,7.0,7.0,8.0,4.0,1.0,6.0,7.0,6.0,5.0,6.0,6.0,2.0,4.0,3.0,8.0,8.0,6.0,7.0,5.0,0,4.0,1,1,1,4.857142857142857,2,6.333333333333333,3,0,7.333333333333333,2,0,1,2,3,2,2,2,2,2,2,2,0,1,1,1,1,0
44889,44889,Hungría,5.0,3.0,3.0,7.0,3.0,2.0,3.0,3.0,3.0,3.0,3.0,3.0,3.0,0.0,5.0,5.0,5.0,5.0,4.0,2,1.0,7,1,0,2.857142857142857,1,2.6666666666666665,1,1,3.6666666666666665,1,2,1,0,0,3,0,2,2,0,0,0,2,1,0,1,1,2
26770,26770,España,8.0,6.0,4.0,6.0,4.0,5.0,4.0,3.0,5.0,7.0,5.0,0.0,8.0,0.0,8.0,7.0,7.0,10.0,8.0,1,4.0,3,2,2,4.714285714285714,2,4.0,2,2,6.0,2,2,1,0,1,1,2,2,2,1,2,1,1,0,2,1,1,2
15730,15730,Países Bajos,8.0,8.0,7.0,5.0,3.0,6.0,6.0,3.0,0.0,3.0,7.0,5.0,5.0,4.0,9.0,3.0,2.0,9.0,2.0,0,2.0,2,0,2,4.714285714285714,2,5.0,2,1,7.666666666666667,3,2,1,0,2,2,2,2,2,0,2,2,2,0,0,1,1,1
62095,62095,Eslovaquia,2.0,3.0,9.0,2.0,4.0,1.0,2.0,3.0,4.0,4.0,5.0,4.0,4.0,5.0,0.0,1.0,3.0,5.0,8.0,2,1.0,8,2,0,3.7142857142857135,1,2.0,1,2,4.666666666666667,1,0,1,0,0,0,0,0,1,2,0,0,2,0,0,1,1,2
24932,24932,España,8.0,8.0,6.0,5.0,2.0,5.0,4.0,2.0,6.0,6.0,8.0,2.0,4.0,5.0,4.0,6.0,6.0,8.0,7.0,1,3.0,3,2,1,5.0,2,3.6666666666666665,1,1,7.333333333333333,2,2,1,0,2,1,2,2,2,2,0,1,0,0,1,1,1,2
6768,6768,Bélgica,5.0,5.0,3.0,6.0,3.0,4.0,4.0,4.0,6.0,6.0,7.0,6.0,3.0,6.0,6.0,3.0,3.0,8.0,5.0,0,2.0,0,1,1,5.714285714285714,2,4.0,2,1,4.333333333333333,1,0,1,0,2,1,1,2,0,1,2,1,0,2,1,1,1,2
24944,24944,España,5.0,4.0,8.0,3.0,3.0,7.0,4.0,5.0,2.0,5.0,4.0,4.0,2.0,4.0,8.0,5.0,5.0,8.0,3.0,1,2.0,3,0,1,4.142857142857143,2,5.333333333333333,2,1,5.666666666666667,2,0,1,2,1,0,2,0,0,2,2,1,0,0,1,0,1,0
9007,9007,Alemania,7.0,7.0,7.0,6.0,3.0,5.0,4.0,3.0,3.0,6.0,8.0,3.0,3.0,1.0,6.0,7.0,5.0,8.0,9.0,0,2.0,1,2,1,4.285714285714286,2,4.0,2,1,7.0,2,1,0,0,1,2,2,1,2,2,2,1,1,0,1,1,1,2
42264,42264,Croacia,8.0,8.0,8.0,8.0,3.0,10.0,8.0,8.0,8.0,8.0,10.0,8.0,10.0,10.0,6.0,8.0,8.0,8.0,8.0,1,2.0,6,2,1,8.571428571428571,4,8.666666666666666,4,1,8.0,3,2,0,2,3,3,3,2,2,2,2,2,2,2,2,0,1,2
38253,38253,Portugal,0.0,10.0,2.0,0.0,4.0,0.0,0.0,0.0,0.0,0.0,5.0,0.0,0.0,5.0,9.0,10.0,5.0,5.0,0.0,1,3.0,5,0,0,2.7142857142857144,1,0.0,0,2,4.0,1,0,1,0,0,0,0,0,2,0,0,0,0,0,0,1,1,0
33708,33708,Portugal,8.0,5.0,8.0,2.0,2.0,8.0,5.0,6.0,1.0,1.0,5.0,0.0,3.0,0.0,9.0,5.0,5.0,6.0,4.0,1,3.0,5,1,1,2.7142857142857144,1,6.333333333333333,3,1,7.0,2,0,1,2,3,0,0,2,0,2,2,1,0,0,0,1,1,2
44447,44447,Hungría,2.0,3.0,2.0,5.0,4.0,3.0,4.0,4.0,2.0,2.0,2.0,3.0,2.0,2.0,9.0,2.0,2.0,4.0,2.0,2,3.0,7,0,0,3.142857142857143,1,3.6666666666666665,1,2,2.333333333333333,0,2,1,2,2,1,0,0,1,0,0,1,2,0,0,1,1,0
21754,21754,España,6.0,7.0,6.0,6.0,2.0,7.0,6.0,5.0,4.0,7.0,8.0,5.0,6.0,4.0,7.0,6.0,5.0,5.0,8.0,1,3.0,3,2,0,5.857142857142857,2,6.0,3,1,6.333333333333333,2,2,1,0,3,1,3,0,2,2,2,2,2,2,2,1,1,2
40675,40675,Croacia,6.0,4.0,7.0,3.0,3.0,4.0,6.0,2.0,3.0,3.0,4.0,3.0,3.0,3.0,3.0,7.0,7.0,9.0,9.0,1,2.0,6,2,2,3.142857142857143,1,4.0,2,1,5.666666666666667,2,0,0,0,2,0,0,0,0,0,0,2,2,2,0,1,1,0
17494,17494,Países Bajos,7.0,7.0,5.0,5.0,3.0,7.0,7.0,5.0,7.0,6.0,7.0,7.0,7.0,6.0,6.0,6.0,6.0,7.0,7.0,0,2.0,2,2,1,6.571428571428571,3,6.333333333333333,3,1,6.333333333333333,2,0,1,2,3,2,3,1,2,2,2,2,0,2,1,1,0,2
28949,28949,Italia,6.0,6.0,6.0,7.0,3.0,7.0,7.0,7.0,7.0,7.0,8.0,7.0,5.0,7.0,7.0,7.0,4.0,9.0,8.0,1,2.0,4,2,2,6.857142857142857,3,7.0,3,1,6.0,2,2,0,2,3,3,3,2,0,1,2,2,2,2,2,1,0,0
742,742,Bélgica,6.0,4.0,6.0,3.0,2.0,6.0,5.0,6.0,6.0,7.0,7.0,6.0,6.0,5.0,8.0,6.0,5.0,8.0,2.0,0,1.0,0,0,1,6.428571428571429,3,5.666666666666667,2,1,5.333333333333333,2,0,1,1,2,0,3,0,2,2,2,1,0,0,2,1,0,0
39314,39314,Portugal,4.0,5.0,0.0,8.0,4.0,5.0,5.0,6.0,0.0,0.0,6.0,0.0,0.0,0.0,4.0,2.0,2.0,6.0,6.0,1,3.0,5,1,1,1.4285714285714286,0,5.333333333333333,2,2,3.0,1,2,1,2,2,3,0,2,2,0,0,1,0,0,0,1,1,0
30350,30350,Italia,2.0,3.0,8.0,4.0,3.0,2.0,0.0,0.0,3.0,5.0,7.0,0.0,3.0,0.0,5.0,5.0,5.0,5.0,8.0,1,1.0,4,2,0,3.2857142857142856,1,0.6666666666666666,0,1,4.333333333333333,1,1,0,0,0,2,0,0,0,2,0,0,0,0,1,1,1,2
11704,11704,Alemania,7.0,6.0,4.0,4.0,2.0,4.0,2.0,7.0,5.0,4.0,6.0,5.0,2.0,6.0,7.0,6.0,4.0,8.0,4.0,0,2.0,1,1,1,5.0,2,4.333333333333333,2,1,5.666666666666667,2,1,1,0,2,1,2,0,1,2,0,0,2,2,0,1,1,0
25906,25906,España,4.0,5.0,5.0,5.0,4.0,4.0,4.0,4.0,4.0,4.0,6.0,1.0,4.0,0.0,8.0,5.0,4.0,7.0,3.0,1,2.0,3,0,1,3.857142857142857,1,4.0,2,2,4.666666666666667,1,0,1,2,1,2,0,0,2,2,0,1,2,2,0,1,1,1
46126,46126,Hungría,7.0,7.0,7.0,8.0,4.0,9.0,5.0,9.0,7.0,10.0,10.0,7.0,7.0,7.0,9.0,5.0,6.0,3.0,10.0,2,1.0,7,2,0,8.142857142857142,4,7.666666666666667,3,2,7.0,2,2,1,2,3,3,3,0,2,2,2,1,2,2,2,0,0,2
54697,54697,Eslovaquia,4.0,3.0,5.0,8.0,2.0,4.0,7.0,2.0,5.0,6.0,6.0,4.0,5.0,4.0,7.0,7.0,7.0,7.0,4.0,2,2.0,8,1,1,5.285714285714286,2,4.333333333333333,2,1,4.0,1,2,1,2,1,3,1,0,1,0,0,2,2,0,1,1,1,0
51107,51107,Hungría,6.0,4.0,3.0,5.0,3.0,5.0,5.0,5.0,7.0,10.0,10.0,10.0,9.0,0.0,5.0,6.0,4.0,4.0,10.0,2,2.0,7,2,0,7.285714285714286,3,5.0,2,1,4.333333333333333,1,2,0,2,2,2,3,2,2,2,2,1,0,2,2,0,0,2
45773,45773,Hungría,7.0,5.0,8.0,8.0,2.0,7.0,4.0,7.0,7.0,7.0,8.0,7.0,9.0,7.0,1.0,7.0,7.0,8.0,8.0,2,2.0,7,2,1,6.571428571428571,3,6.0,3,1,6.666666666666667,2,2,0,0,3,3,3,0,2,2,1,1,2,2,2,1,0,2
