{
    "upper_limit": 20.499999999999996,
    "lower_limit": 3.5000000000000036
}