{
    "upper_limit": 9.400000000000002,
    "lower_limit": 3.8999999999999986
}