{
    "upper_limit": 14.999999999999998,
    "lower_limit": 0.5000000000000009
}