{
    "upper_limit": 16.539491260000002,
    "lower_limit": 6.789209509999999
}