{
    "upper_limit": 128.00000000000003,
    "lower_limit": 46.49999999999997
}