{
    "upper_limit": 8.975133078,
    "lower_limit": 0.24765839174999993
}