{
    "upper_limit": 17.800000000000004,
    "lower_limit": 4.299999999999997
}