{
    "upper_limit": 18.553233524999996,
    "lower_limit": 5.125800950000002
}