{
    "upper_limit": 22.000000000000004,
    "lower_limit": 3.9999999999999964
}