{
    "upper_limit": 19.299999999999997,
    "lower_limit": 1.3000000000000007
}