{
    "upper_limit": 316.29999999999995,
    "lower_limit": 127.30000000000004
}