{
    "upper_limit": 5.699999999999999,
    "lower_limit": 1.7000000000000002
}