{
    "upper_limit": 50.574999999999996,
    "lower_limit": 22.950000000000003
}