{
    "upper_limit": 17.628839165000002,
    "lower_limit": 7.704946914999999
}