{
    "upper_limit": 15.787855670000003,
    "lower_limit": 7.283425232499999
}