{
    "upper_limit": 5.199999999999999,
    "lower_limit": 1.7000000000000006
}