{
    "upper_limit": 47.29999999999999,
    "lower_limit": 19.800000000000008
}