{
    "upper_limit": 48.00000000000001,
    "lower_limit": 13.499999999999996
}