{
    "upper_limit": 69.30000000000001,
    "lower_limit": 28.799999999999997
}