{
    "upper_limit": 17.666240950000006,
    "lower_limit": 5.880237412499994
}