{
    "upper_limit": 20.159299607499996,
    "lower_limit": 5.929186245000004
}