{
    "upper_limit": 127.32423559249997,
    "lower_limit": 47.81796474250004
}