{
    "upper_limit": 58.29999999999999,
    "lower_limit": 10.800000000000008
}