{
    "upper_limit": 14.600000000000001,
    "lower_limit": 2.5999999999999996
}