{
    "upper_limit": 14.272780197749997,
    "lower_limit": 2.205272261500002
}