{
    "upper_limit": 17.810222197499996,
    "lower_limit": 9.357453297500005
}