{
    "upper_limit": 381.20000000000005,
    "lower_limit": 125.19999999999996
}